term,total_count,document_frequency,document_percent,frequency_per_10000_tokens,mean_document_frequency_per_10000_tokens
metaverse,5450,65,100.0,217.16867829946963,230.6631519257816
user,2769,64,98.46153846153847,110.33762756169384,113.45624669734867
nft,2514,51,78.46153846153847,100.17652426511314,106.60419079622017
blockchain,2084,63,96.92307692307692,83.04211478460454,89.54191551401105
data,1862,63,96.92307692307692,74.1959777969931,67.90451662043813
transaction,1316,61,93.84615384615384,52.43926250313799,63.980582505932766
security,1144,60,92.3076923076923,45.585498710934544,52.87466769897765
model,1191,57,87.6923076923077,47.45832951461804,46.06608452616983
technology,1034,63,96.92307692307692,41.20227768103699,41.536128271685705
platform,950,62,95.38461538461539,37.85509071275159,38.65244545885051
using,977,64,98.46153846153847,38.93097223827189,38.52944077164839
digital,876,64,98.46153846153847,34.90637838354778,38.22733000679875
virtual,843,64,98.46153846153847,33.591412074578514,38.19457600914106
based,1031,62,95.38461538461539,41.08273528931251,37.4299410999548
smart_contract,767,53,81.53846153846153,30.563004817558387,35.4905064386608
network,891,55,84.61538461538461,35.50409034217017,34.80679684117261
information,736,61,93.84615384615384,29.32773343640544,31.34229112789474
research,763,60,92.3076923076923,30.403614961925747,30.27414305070101
study,821,50,76.92307692307692,32.714767868599004,29.581436870962236
application,751,61,93.84615384615384,29.925445395027833,29.071658358772822
new,659,62,95.38461538461539,26.259478715477155,29.066740190351144
value,728,60,92.3076923076923,29.008953725140163,28.94205454830138
asset,631,57,87.6923076923077,25.143749726048686,27.099079667431297
used,648,63,96.92307692307692,25.8211566124874,26.638706147959898
use,636,65,100.0,25.342987045589485,26.02438525525005
challenge,622,56,86.15384615384616,24.78512255087525,25.908188952352702
attack,591,41,63.07692307692308,23.549851169722302,25.294034418314347
avatar,604,50,76.92307692307692,24.067868200528377,25.160066677970654
result,558,63,96.92307692307692,22.234884860753038,25.06944556786149
decentralized,630,58,89.23076923076923,25.103902262140526,24.48274907910835
time,586,63,96.92307692307692,23.350613850181507,24.12680547869987
analysis,595,58,89.23076923076923,23.70924102535494,23.901014976280607
cryptocurrency,533,51,78.46153846153847,21.23869826304905,23.318548605650616
like,545,59,90.76923076923077,21.716867829946963,23.315912503446818
issue,503,61,93.84615384615384,20.04327434580426,23.243855614333295
environment,623,60,92.3076923076923,24.82497001478341,23.13395794072364
token,572,43,66.15384615384616,22.792749355467272,23.065808986082853
framework,469,51,78.46153846153847,18.688460572926836,22.768280170271794
algorithm,555,43,66.15384615384616,22.11534246902856,22.68783655534002
protocol,536,43,66.15384615384616,21.358240654773528,22.646020386642302
service,548,55,84.61538461538461,21.836410221671443,22.579887605584815
method,624,57,87.6923076923077,24.86481747869157,22.330287754511957
financial,462,49,75.38461538461539,18.40952832556972,21.763939123819707
process,563,59,90.76923076923077,22.434122180293834,21.674554770881972
work,487,59,90.76923076923077,19.40571492327371,21.02051961382343
privacy,496,49,75.38461538461539,19.764342098447145,20.136088920343813
potential,531,61,93.84615384615384,21.15900333523273,20.018429725802775
address,504,57,87.6923076923077,20.08312180971242,19.863488604252385
access,439,58,89.23076923076923,17.493036655682047,19.08884160789833
various,459,60,92.3076923076923,18.28998593384524,19.046401416340554
risk,482,52,80.0,19.20647760373291,19.01546064029927
proposed,458,46,70.76923076923077,18.25013846993708,18.882353128675923
secure,428,53,81.53846153846153,17.054714552692293,18.813158564204358
identity,500,53,81.53846153846153,19.923731954079784,18.687850162976638
business,397,49,75.38461538461539,15.819443171539348,18.65956524674427
ownership,418,50,76.92307692307692,16.656239913610698,18.594451415809115
approach,481,57,87.6923076923077,19.16663013982475,18.43351015179088
virtual_world,369,53,81.53846153846153,14.703714182110879,18.37033385508859
different,464,60,92.3076923076923,18.489223253386037,18.2832361641406
digital_asset,406,51,78.46153846153847,16.178070346712783,18.09097041713572
development,418,60,92.3076923076923,16.656239913610698,17.92420591674891
blockchain_technology,398,57,87.6923076923077,15.859290635447508,17.710917472653353
interaction,507,57,87.6923076923077,20.2026642014369,17.55059437244192
number,434,56,86.15384615384616,17.29379933614125,17.412000448170087
node,431,39,60.0,17.174256944416772,17.18335748429079
example,395,55,84.61538461538461,15.739748243723028,16.794222584429292
game,414,41,63.07692307692308,16.49685005797806,16.701270279640323
need,429,62,95.38461538461539,17.094562016600452,16.61363514617852
key,444,56,86.15384615384616,17.692273975222847,16.450948828017303
ethereum,420,40,61.53846153846154,16.735934841427017,16.423273061128
trust,493,40,61.53846153846154,19.644799706722665,16.23833479342824
market,400,47,72.3076923076923,15.938985563263826,16.000865482480148
function,384,46,70.76923076923077,15.301426140733273,15.765552091909548
solution,421,50,76.92307692307692,16.775782305335177,15.401909609250053
world,372,54,83.07692307692308,14.823256573835359,15.348686507218506
make,325,55,84.61538461538461,12.950425770151858,15.157393576256101
contract,319,43,66.15384615384616,12.7113409867029,15.151890002873376
provide,394,60,92.3076923076923,15.699900779814868,15.062146805737628
feature,370,56,86.15384615384616,14.743561646019039,14.675204975642677
experience,369,53,81.53846153846153,14.703714182110879,14.671191997149208
significant,332,60,92.3076923076923,13.229358017508975,14.137845889451757
type,341,55,84.61538461538461,13.587985192682412,13.908658267887668
activity,345,51,78.46153846153847,13.74737504831505,13.881393214987051
including,376,57,87.6923076923077,14.982646429467996,13.81098746800183
cost,339,43,66.15384615384616,13.508290264866092,13.775376627128608
vulnerability,259,41,63.07692307692308,10.320493152213327,13.768842071994747
layer,311,33,50.76923076923077,12.392561275437625,13.63999981032625
company,253,38,58.46153846153846,10.08140836876437,13.597998107766498
participant,380,40,61.53846153846154,15.142036285100636,13.511247081427223
create,289,57,87.6923076923077,11.515917069458114,13.386852230951513
related,314,52,80.0,12.512103667162103,13.333862646818364
device,305,38,58.46153846153846,12.153476491988668,13.118792030130432
threat,367,41,63.07692307692308,14.624019254294561,12.985079111220806
future,322,59,90.76923076923077,12.83088337842738,12.969006310575162
operation,325,55,84.61538461538461,12.950425770151858,12.693283625555113
mechanism,350,46,70.76923076923077,13.946612367855847,12.63826645710018
behavior,347,45,69.23076923076923,13.82706997613137,12.566296644212459
high,364,57,87.6923076923077,14.504476862570082,12.541750000646703
chain,291,36,55.38461538461539,11.595611997274434,12.449644566636298
property,239,45,69.23076923076923,9.523543874050135,12.3825337473539
player,322,30,46.15384615384615,12.83088337842738,12.277838377880505
fraud,223,44,67.6923076923077,8.885984451519583,12.215117299630453
problem,269,53,81.53846153846153,10.718967791294922,12.125046232791147
people,271,46,70.76923076923077,10.798662719111242,12.029756011709475
offer,311,53,81.53846153846153,12.392561275437625,11.986116143066313
case,238,45,69.23076923076923,9.483696410141977,11.955104891606547
management,273,53,81.53846153846153,10.878357646927562,11.77857373272184
authentication,303,29,44.61538461538461,12.073781564172348,11.443927205861288
legal,216,37,56.92307692307692,8.607052204162466,11.415264912047853
individual,340,47,72.3076923076923,13.548137728774252,11.393295667657119
form,256,55,84.61538461538461,10.20095076048885,11.379788677401766
set,294,55,84.61538461538461,11.715154388998911,11.37663442811927
real_world,279,54,83.07692307692308,11.117442430376519,11.367221649446272
space,285,55,84.61538461538461,11.356527213825476,11.33408880787485
image,291,30,46.15384615384615,11.595611997274434,11.289848378342697
present,295,55,84.61538461538461,11.755001852907071,11.239307105123068
way,260,57,87.6923076923077,10.360340616121487,11.238442820212725
existing,253,53,81.53846153846153,10.08140836876437,11.220503854762576
technique,332,49,75.38461538461539,13.229358017508975,11.215551665483288
block,230,32,49.23076923076923,9.1649166988767,11.19970028915929
consumer,169,33,50.76923076923077,6.734221400478966,11.15068775291672
current,276,52,80.0,10.99790003865204,11.048000967795609
online,278,45,69.23076923076923,11.077594966468359,10.987033204866927
physical,304,54,83.07692307692308,12.113629028080508,10.979783694291527
communication,297,44,67.6923076923077,11.834696780723391,10.949908947074894
opportunity,268,42,64.61538461538461,10.679120327386764,10.949373408597658
section,305,48,73.84615384615384,12.153476491988668,10.93284460562526
performance,297,46,70.76923076923077,11.834696780723391,10.872853396026716
project,233,39,60.0,9.284459090601178,10.434302487012722
social,274,43,66.15384615384616,10.918205110835721,10.42018836132298
paper,256,47,72.3076923076923,10.20095076048885,10.418813249519566
term,242,57,87.6923076923077,9.643086265774615,10.40062841599388
state,263,41,63.07692307692308,10.479883007845965,10.33241707989773
traditional,247,50,76.92307692307692,9.842323585315413,10.278835029387418
multiple,286,55,84.61538461538461,11.396374677733636,10.23514942456916
regulation,219,39,60.0,8.726594595886946,10.177822675208755
provides,275,57,87.6923076923077,10.958052574743881,10.152028081490545
attribute,329,32,49.23076923076923,13.109815625784497,10.13302932137261
unique,247,50,76.92307692307692,9.842323585315413,9.91626677568676
role,251,55,84.61538461538461,10.00171344094805,9.878722048406557
exchange,263,45,69.23076923076923,10.479883007845965,9.863879915379872
industry,229,42,64.61538461538461,9.12506923496854,9.823528274929034
transfer,218,40,61.53846153846154,8.686747131978786,9.821508820473225
blockchain_based,217,43,66.15384615384616,8.646899668070626,9.798283429078058
increase,221,50,76.92307692307692,8.806289523703263,9.725538407964013
specific,279,53,81.53846153846153,11.117442430376519,9.703155294311793
law,165,26,40.0,6.574831544846329,9.681095817129949
wallet,231,25,38.46153846153846,9.20476416278486,9.540038074724986
scheme,264,29,44.61538461538461,10.519730471754125,9.50350247392479
party,231,46,70.76923076923077,9.20476416278486,9.445394610920166
concept,229,53,81.53846153846153,9.12506923496854,9.308740401885464
ensure,240,50,76.92307692307692,9.563391337958295,9.186693044131015
ensuring,236,45,69.23076923076923,9.404001482325658,9.125264085460959
shown,205,47,72.3076923076923,8.168730101172711,9.086809180477712
design,230,51,78.46153846153847,9.1649166988767,8.989708106264349
concern,236,51,78.46153846153847,9.404001482325658,8.933232204203343
university,183,58,89.23076923076923,7.292085895193201,8.930665475905618
public,188,48,73.84615384615384,7.491323214733998,8.928779282993492
virtual_environment,220,41,63.07692307692308,8.766442059795104,8.896237150411112
parameter,246,37,56.92307692307692,9.802476121407253,8.732892737878444
size,153,36,55.38461538461539,6.096661977948414,8.6982137888465
according,192,47,72.3076923076923,7.650713070366637,8.695286144247934
malicious,192,25,38.46153846153846,7.650713070366637,8.689889281300978
article,220,41,63.07692307692308,8.766442059795104,8.687733176716947
relationship,224,40,61.53846153846154,8.925831915427743,8.59597807151382
resource,257,45,69.23076923076923,10.240798224397007,8.56607899940168
ecosystem,264,45,69.23076923076923,10.519730471754125,8.529969686864739
economic,231,42,64.61538461538461,9.20476416278486,8.452469758881938
message,197,31,47.69230769230769,7.849950389907434,8.448658017544796
mean,210,48,73.84615384615384,8.367967420713509,8.44593036857565
owner,190,33,50.76923076923077,7.571018142550318,8.425947855001779
community,211,41,63.07692307692308,8.407814884621668,8.364795079284155
crypto,292,18,27.692307692307693,11.635459461182593,8.308436788552756
important,177,50,76.92307692307692,7.053001111744243,8.247451696330055
addition,193,50,76.92307692307692,7.6905605342747965,8.241278484280034
bitcoin,249,31,47.69230769230769,9.922018513131732,8.23324114357305
control,210,49,75.38461538461539,8.367967420713509,8.183150772866288
innovation,199,41,63.07692307692308,7.929645317723754,8.143019295528392
impact,203,47,72.3076923076923,8.089035173356391,8.142716076653109
possible,180,51,78.46153846153847,7.172543503468722,8.132075212672047
include,211,55,84.61538461538461,8.407814884621668,8.083234970280209
following,190,51,78.46153846153847,7.571018142550318,7.994640084402565
architecture,227,39,60.0,9.04537430715222,7.971581621130598
account,161,44,67.6923076923077,6.41544168921369,7.968265059955313
strategy,202,43,66.15384615384616,8.049187709448232,7.95730804198264
pattern,187,34,52.30769230769231,7.451475750825839,7.938286321624701
given,195,50,76.92307692307692,7.770255462091115,7.920109224913732
metadata,195,18,27.692307692307693,7.770255462091115,7.9182365818308345
training,206,38,58.46153846153846,8.208577565080871,7.850841142848867
content,234,42,64.61538461538461,9.324306554509338,7.845968972883639
review,214,41,63.07692307692308,8.527357276346146,7.801019076492761
dynamic,239,42,64.61538461538461,9.523543874050135,7.780206227956089
product,139,38,58.46153846153846,5.5387974832341795,7.745573883725619
component,194,50,76.92307692307692,7.730407998182955,7.74102835172727
area,182,45,69.23076923076923,7.252238431285041,7.713998181414341
payment,138,29,44.61538461538461,5.49895001932602,7.70256835415825
allows,193,49,75.38461538461539,7.6905605342747965,7.701565907054636
input,187,35,53.84615384615385,7.451475750825839,7.654958590367423
furthermore,212,48,73.84615384615384,8.447662348529828,7.644340624522413
created,175,48,73.84615384615384,6.973306183927924,7.644074332397344
protection,134,35,53.84615384615385,5.339560163693382,7.643341682462206
group,215,51,78.46153846153847,8.567204740254306,7.638300751000581
support,212,52,80.0,8.447662348529828,7.619955277594092
associated,215,41,63.07692307692308,8.567204740254306,7.609319567158589
creating,158,53,81.53846153846153,6.295899297489211,7.604434054897341
art,175,30,46.15384615384615,6.973306183927924,7.5850351145485675
essential,182,48,73.84615384615384,7.252238431285041,7.570343941933107
internet,191,45,69.23076923076923,7.610865606458477,7.524601414364429
help,190,48,73.84615384615384,7.571018142550318,7.517837896939508
code,154,37,56.92307692307692,6.136509441856573,7.4925191049079265
integration,206,42,64.61538461538461,8.208577565080871,7.4918784372692775
immersive,223,40,61.53846153846154,8.885984451519583,7.415145580934434
encryption,191,26,40.0,7.610865606458477,7.413552822383004
verification,194,35,53.84615384615385,7.730407998182955,7.397327497001292
attacker,128,22,33.84615384615385,5.100475380244425,7.38068718172895
entity,255,42,64.61538461538461,10.16110329658069,7.364335895640278
making,170,49,75.38461538461539,6.774068864387126,7.356400091706345
tool,192,47,72.3076923076923,7.650713070366637,7.348308673906314
context,216,45,69.23076923076923,8.607052204162466,7.298568786388933
object,160,36,55.38461538461539,6.37559422530553,7.2861618871812714
prediction,127,20,30.76923076923077,5.060627916336265,7.259211626816746
finance,131,26,40.0,5.220017771968903,7.204708270610894
creation,179,48,73.84615384615384,7.132696039560562,7.197524158700895
field,172,46,70.76923076923077,6.853763792203445,7.161847201307425
request,181,28,43.07692307692308,7.212390967376881,7.144959776591456
phase,170,29,44.61538461538461,6.774068864387126,7.081029194700046
additionally,194,40,61.53846153846154,7.730407998182955,7.067690966962676
standard,175,41,63.07692307692308,6.973306183927924,7.064283058841595
considered,157,47,72.3076923076923,6.2560518335810515,6.94217711122485
level,200,45,69.23076923076923,7.969492781631913,6.9342268582866184
adversary,170,16,24.615384615384617,6.774068864387126,6.928085692570548
main,186,48,73.84615384615384,7.411628286917679,6.919801619791667
defi,165,20,30.76923076923077,6.574831544846329,6.903417730099769
identify,165,44,67.6923076923077,6.574831544846329,6.895738203606686
change,173,49,75.38461538461539,6.893611256111605,6.885214495228137
proof,154,30,46.15384615384615,6.136509441856573,6.881311886870225
lead,150,43,66.15384615384616,5.977119586223934,6.8793416567396255
infrastructure,212,43,66.15384615384616,8.447662348529828,6.874862194079613
end,172,43,66.15384615384616,6.853763792203445,6.866753835471787
similar,170,45,69.23076923076923,6.774068864387126,6.862561031083245
storage,187,36,55.38461538461539,7.451475750825839,6.79847417776898
benefit,150,41,63.07692307692308,5.977119586223934,6.783195933279847
scalability,188,30,46.15384615384615,7.491323214733998,6.772335827384552
interoperability,187,31,47.69230769230769,7.451475750825839,6.746053864795112
rule,142,37,56.92307692307692,5.658339874958658,6.722553923761619
critical,159,46,70.76923076923077,6.335746761397371,6.683332678312894
focus,197,47,72.3076923076923,7.849950389907434,6.630443615992551
point,168,46,70.76923076923077,6.694373936570807,6.626693085918123
governance,153,28,43.07692307692308,6.096661977948414,6.600374863958134
instance,179,44,67.6923076923077,7.132696039560562,6.594295191286279
regarding,165,42,64.61538461538461,6.574831544846329,6.585077917453024
human,191,39,60.0,7.610865606458477,6.583598781496079
structure,166,40,61.53846153846154,6.6146790087544876,6.567926984788954
trading,185,40,61.53846153846154,7.371780823009519,6.565676229563444
accuracy,181,23,35.38461538461539,7.212390967376881,6.560953964889855
order,150,45,69.23076923076923,5.977119586223934,6.555626856268024
economy,157,27,41.53846153846154,6.2560518335810515,6.4682438911196956
customer,123,31,47.69230769230769,4.901238060703626,6.4344833088528635
real,168,40,61.53846153846154,6.694373936570807,6.394489472033698
country,123,25,38.46153846153846,4.901238060703626,6.3886788612310275
test,136,35,53.84615384615385,5.419255091509701,6.3718058967965785
ability,168,48,73.84615384615384,6.694373936570807,6.363913042162169
crucial,166,43,66.15384615384616,6.6146790087544876,6.361949025121367
aspect,173,49,75.38461538461539,6.893611256111605,6.342218648107121
cybersecurity,206,23,35.38461538461539,8.208577565080871,6.3007695802041095
implementation,169,44,67.6923076923077,6.734221400478966,6.2966916390929635
transparency,159,41,63.07692307692308,6.335746761397371,6.24271435114119
follows,136,45,69.23076923076923,5.419255091509701,6.219205975831765
scenario,173,38,58.46153846153846,6.893611256111605,6.213604824273679
complex,151,45,69.23076923076923,6.016967050132094,6.2110321961054105
stage,141,40,61.53846153846154,5.618492411050498,6.2054233607494
factor,166,41,63.07692307692308,6.6146790087544876,6.188790367962001
enhance,160,44,67.6923076923077,6.37559422530553,6.181599580734065
element,153,46,70.76923076923077,6.096661977948414,6.168910107792924
consensus,144,36,55.38461538461539,5.738034802774977,6.130414023152798
limited,143,48,73.84615384615384,5.698187338866818,6.0868188645266486
stored,129,36,55.38461538461539,5.140322844152584,6.075969204401574
crime,177,14,21.53846153846154,7.053001111744243,6.064391804622275
global,155,45,69.23076923076923,6.176356905764733,6.055198300841723
education,135,42,64.61538461538461,5.379407627601541,6.054479084380685
efficiency,186,42,64.61538461538461,7.411628286917679,6.043847505969223
characteristic,158,39,60.0,6.295899297489211,6.023887809437072
comparison,149,35,53.84615384615385,5.937272122315775,6.020868767995401
learning,174,36,55.38461538461539,6.933458720019765,6.016740009195613
virtual_reality,99,38,58.46153846153846,3.944898926907797,6.013671846224255
providing,173,49,75.38461538461539,6.893611256111605,6.001833212940927
return,205,26,40.0,8.168730101172711,5.997132667211743
developed,166,47,72.3076923076923,6.6146790087544876,5.992333263348911
status,148,29,44.61538461538461,5.8974246584076155,5.9853875197369915
non,155,42,64.61538461538461,6.176356905764733,5.9541103179957275
private,145,35,53.84615384615385,5.777882266683137,5.938017901143593
record,137,43,66.15384615384616,5.459102555417861,5.890793284137796
jurisdiction,94,13,20.0,3.745661607366999,5.886403448166597
understanding,152,41,63.07692307692308,6.056814514040254,5.878292005498204
classification,118,26,40.0,4.702000741162829,5.851130336469655
year,123,35,53.84615384615385,4.901238060703626,5.8504587035795526
advantage,159,42,64.61538461538461,6.335746761397371,5.8430258959054795
open,147,46,70.76923076923077,5.857577194499456,5.827814582398311
step,149,42,64.61538461538461,5.937272122315775,5.798673806400145
known,148,48,73.84615384615384,5.8974246584076155,5.793909101321799
event,152,41,63.07692307692308,6.056814514040254,5.786774543558396
dataset,132,17,26.153846153846153,5.259865235877062,5.778649872033601
processing,166,39,60.0,6.6146790087544876,5.756726194251603
organization,129,32,49.23076923076923,5.140322844152584,5.734782440848005
generate,134,38,58.46153846153846,5.339560163693382,5.730452939938295
enables,161,43,66.15384615384616,6.41544168921369,5.727582767126152
interact,119,43,66.15384615384616,4.741848205070989,5.709737505485955
artificial_intelligence,112,36,55.38461538461539,4.4629159577138715,5.692354620554975
artist,144,21,32.30769230769231,5.738034802774977,5.6885294421203785
researcher,142,45,69.23076923076923,5.658339874958658,5.68830886313705
distributed,162,35,53.84615384615385,6.45528915312185,5.6877381214739255
item,135,36,55.38461538461539,5.379407627601541,5.684396332956284
dao,174,15,23.076923076923077,6.933458720019765,5.680568462528036
web3,161,31,47.69230769230769,6.41544168921369,5.678837158825504
creator,169,28,43.07692307692308,6.734221400478966,5.661070153822031
aim,156,47,72.3076923076923,6.216204369672893,5.659525162397959
detection,179,27,41.53846153846154,7.132696039560562,5.623842214044795
price,170,28,43.07692307692308,6.774068864387126,5.621931020205828
nature,141,47,72.3076923076923,5.618492411050498,5.620713857920824
especially,128,41,63.07692307692308,5.100475380244425,5.599396937118681
requires,140,40,61.53846153846154,5.578644947142339,5.590976803231748
action,183,38,58.46153846153846,7.292085895193201,5.584263071908712
represents,132,37,56.92307692307692,5.259865235877062,5.573570431527538
output,146,31,47.69230769230769,5.817729730591297,5.5619349880545546
software,124,36,55.38461538461539,4.941085524611786,5.561552430505066
specifically,137,39,60.0,5.459102555417861,5.553365212698469
store,134,42,64.61538461538461,5.339560163693382,5.498471669210676
required,164,42,64.61538461538461,6.534984080938169,5.474057525086441
score,130,20,30.76923076923077,5.1801703080607435,5.472988199891425
server,144,21,32.30769230769231,5.738034802774977,5.4690594755862945
developing,134,41,63.07692307692308,5.339560163693382,5.457011873470811
computation,159,24,36.92307692307692,6.335746761397371,5.4539073329370025
comprehensive,150,37,56.92307692307692,5.977119586223934,5.446124959120799
obtain,121,35,53.84615384615385,4.8215431328873075,5.410901122456423
generated,153,42,64.61538461538461,6.096661977948414,5.4046857480889035
swap,122,6,9.23076923076923,4.861390596795467,5.403243616142087
policy,158,25,38.46153846153846,6.295899297489211,5.39638484489318
digital_twin,141,25,38.46153846153846,5.618492411050498,5.366599900247252
require,124,39,60.0,4.941085524611786,5.365426652907493
range,144,39,60.0,5.738034802774977,5.3624373833493335
real_time,185,40,61.53846153846154,7.371780823009519,5.357409896627921
improve,138,43,66.15384615384616,5.49895001932602,5.356785518450708
particularly,163,39,60.0,6.495136617030009,5.340068117925326
computer,127,44,67.6923076923077,5.060627916336265,5.320792761323844
provided,124,43,66.15384615384616,4.941085524611786,5.307751885624573
enabling,155,44,67.6923076923077,6.176356905764733,5.257723693627559
ethical,99,23,35.38461538461539,3.944898926907797,5.243235698984475
includes,113,42,64.61538461538461,4.5027634216220305,5.233267075102617
cryptographic,157,29,44.61538461538461,6.2560518335810515,5.214055400615055
place,118,38,58.46153846153846,4.702000741162829,5.197383446181122
trend,152,37,56.92307692307692,6.056814514040254,5.195648541003534
meta,121,36,55.38461538461539,4.8215431328873075,5.186677677158886
scam,124,19,29.23076923076923,4.941085524611786,5.168124749517487
overall,142,44,67.6923076923077,5.658339874958658,5.162221521999214
second,141,39,60.0,5.618492411050498,5.161623582743078
banking,88,15,23.076923076923077,3.5065768239180417,5.147961494086622
adoption,132,29,44.61538461538461,5.259865235877062,5.141777747900523
virtual_asset,107,35,53.84615384615385,4.263678638173073,5.124753661910607
investment,115,29,44.61538461538461,4.58245834943835,5.124452221545707
finding,142,30,46.15384615384615,5.658339874958658,5.101230042387226
significantly,137,43,66.15384615384616,5.459102555417861,5.093348135887787
integrity,142,34,52.30769230769231,5.658339874958658,5.086216022371221
real_estate,69,26,40.0,2.74947500966301,5.079962275988549
public_key,116,16,24.615384615384617,4.622305813346509,5.061648378665757
task,139,38,58.46153846153846,5.5387974832341795,5.058244504515278
buyer,124,20,30.76923076923077,4.941085524611786,5.051374167786284
robust,134,37,56.92307692307692,5.339560163693382,5.0478664814391045
enable,138,44,67.6923076923077,5.49895001932602,5.041680403245637
low,132,37,56.92307692307692,5.259865235877062,5.02953834860253
corresponding,134,35,53.84615384615385,5.339560163693382,5.025232953879486
lack,128,46,70.76923076923077,5.100475380244425,5.013968971184955
compared,130,39,60.0,5.1801703080607435,5.002563271257903
protect,112,39,60.0,4.4629159577138715,4.999999762308859
principle,112,36,55.38461538461539,4.4629159577138715,4.999833852049122
source,132,38,58.46153846153846,5.259865235877062,4.998595457826903
virtual_space,120,33,50.76923076923077,4.781695668979148,4.992427432778052
international,94,26,40.0,3.745661607366999,4.969415366946293
evaluation,124,36,55.38461538461539,4.941085524611786,4.967000441235534
doe,130,43,66.15384615384616,5.1801703080607435,4.964291820686017
digital_identity,83,15,23.076923076923077,3.3073395043772438,4.9620799495669745
higher,130,37,56.92307692307692,5.1801703080607435,4.958760223302243
probability,77,18,27.692307692307693,3.0682547209282864,4.958433089766809
literature,147,31,47.69230769230769,5.857577194499456,4.954926427638671
advanced,140,36,55.38461538461539,5.578644947142339,4.954885120648685
decentralization,116,31,47.69230769230769,4.622305813346509,4.951035970919007
criminal,144,13,20.0,5.738034802774977,4.946335702951173
requirement,139,48,73.84615384615384,5.5387974832341795,4.945128196567755
ledger,101,26,40.0,4.024593854724116,4.9406504712706845
physical_world,116,28,43.07692307692308,4.622305813346509,4.933002826046038
sector,99,34,52.30769230769231,3.944898926907797,4.920909623779167
methodology,139,30,46.15384615384615,5.5387974832341795,4.91559612962239
designed,119,43,66.15384615384616,4.741848205070989,4.896477861153754
verify,115,31,47.69230769230769,4.58245834943835,4.891454896908546
expected,115,37,56.92307692307692,4.58245834943835,4.8881345382701
accounting,87,10,15.384615384615385,3.4667293600098823,4.885799195225571
better,120,51,78.46153846153847,4.781695668979148,4.86684199016333
applied,123,37,56.92307692307692,4.901238060703626,4.8608742942925875
called,111,38,58.46153846153846,4.423068493805712,4.855981760779843
conducted,112,41,63.07692307692308,4.4629159577138715,4.85362005368581
bank,82,16,24.615384615384617,3.2674920404690844,4.8230859307875615
growth,113,37,56.92307692307692,4.5027634216220305,4.8223975198355085
ensures,136,35,53.84615384615385,5.419255091509701,4.819288434698759
just,124,32,49.23076923076923,4.941085524611786,4.812735210209564
introduction,95,63,96.92307692307692,3.785509071275159,4.805529675479709
necessary,107,39,60.0,4.263678638173073,4.8016698613096045
limitation,147,35,53.84615384615385,5.857577194499456,4.801118014171154
certain,114,43,66.15384615384616,4.54261088553019,4.7972726683949265
integrated,101,35,53.84615384615385,4.024593854724116,4.763418774201166
represent,130,48,73.84615384615384,5.1801703080607435,4.745926553859647
update,146,31,47.69230769230769,5.817729730591297,4.743007120397575
successful,100,32,49.23076923076923,3.9847463908159564,4.733014701996079
original,116,34,52.30769230769231,4.622305813346509,4.729472974445121
personal,115,40,61.53846153846154,4.58245834943835,4.721280201821917
transparent,111,38,58.46153846153846,4.423068493805712,4.719914509132447
commitment,87,13,20.0,3.4667293600098823,4.719442416987268
money,111,29,44.61538461538461,4.423068493805712,4.688701615384232
generation,118,31,47.69230769230769,4.702000741162829,4.676884886410225
presented,131,40,61.53846153846154,5.220017771968903,4.664105638895902
good,111,41,63.07692307692308,4.423068493805712,4.663448681545691
hand,103,39,60.0,4.1042887825404355,4.636068777647966
purpose,119,44,67.6923076923077,4.741848205070989,4.619204063073303
hash,126,24,36.92307692307692,5.020780452428105,4.617734502054034
safe,82,35,53.84615384615385,3.2674920404690844,4.612836665421129
reputation,169,17,26.153846153846153,6.734221400478966,4.591070712841457
building,121,39,60.0,4.8215431328873075,4.58457323507277
conclusion,86,55,84.61538461538461,3.4268818961017224,4.568598274834331
measure,124,36,55.38461538461539,4.941085524611786,4.567933537021229
available,114,43,66.15384615384616,4.54261088553019,4.56223108897276
identified,132,36,55.38461538461539,5.259865235877062,4.561091344518176
effective,128,35,53.84615384615385,5.100475380244425,4.559470793802236
distribution,128,32,49.23076923076923,5.100475380244425,4.542722218770664
emerging,134,40,61.53846153846154,5.339560163693382,4.540171904763159
basic,95,34,52.30769230769231,3.785509071275159,4.532615734402527
defined,122,42,64.61538461538461,4.861390596795467,4.527566708052535
identification,111,37,56.92307692307692,4.423068493805712,4.513860620966752
cybercrime,85,13,20.0,3.387034432193563,4.508308048376115
trade,114,40,61.53846153846154,4.54261088553019,4.498533679185714
highlight,134,37,56.92307692307692,5.339560163693382,4.47888997403151
metaverse_ecosystem,98,23,35.38461538461539,3.9050514629996376,4.466029391998615
awareness,86,23,35.38461538461539,3.4268818961017224,4.461574109619353
novel,110,42,64.61538461538461,4.383221029897552,4.458505619677433
major,93,43,66.15384615384616,3.7058141434588396,4.4581611703778155
fully,96,45,69.23076923076923,3.8253565351833183,4.4454314741716425
centralized,106,28,43.07692307692308,4.223831174264914,4.424840146855964
involves,111,41,63.07692307692308,4.423068493805712,4.410183341934705
general,104,38,58.46153846153846,4.1441362464485945,4.4091401720108525
importance,111,38,58.46153846153846,4.423068493805712,4.408196672418056
difference,105,35,53.84615384615385,4.183983710356754,4.390379012447378
purchase,94,27,41.53846153846154,3.745661607366999,4.364223163599462
phishing,75,19,29.23076923076923,2.988559793111967,4.359604922331205
respondent,69,5,7.6923076923076925,2.74947500966301,4.353957572715989
theory,146,25,38.46153846153846,5.817729730591297,4.339722811456607
discussed,127,39,60.0,5.060627916336265,4.33162408342708
intellectual_property,81,18,27.692307692307693,3.227644576560925,4.316497133998207
increased,90,41,63.07692307692308,3.586271751734361,4.313238769708799
procedure,107,28,43.07692307692308,4.263678638173073,4.310485735220149
facilitate,119,38,58.46153846153846,4.741848205070989,4.3089387526804765
regulatory,96,24,36.92307692307692,3.8253565351833183,4.305428933351421
fund,84,24,36.92307692307692,3.3471869682854036,4.295808120690638
perspective,135,35,53.84615384615385,5.379407627601541,4.292387715747859
sale,92,25,38.46153846153846,3.66596667955068,4.278052629592134
variable,104,32,49.23076923076923,4.1441362464485945,4.276017879254848
build,118,35,53.84615384615385,4.702000741162829,4.27572934468966
fake,89,24,36.92307692307692,3.546424287826201,4.265028455596142
collaboration,107,29,44.61538461538461,4.263678638173073,4.247221510598903
complexity,120,38,58.46153846153846,4.781695668979148,4.246212376113107
play,97,39,60.0,3.8652039990914777,4.246011033508278
connection,94,37,56.92307692307692,3.745661607366999,4.236790043303516
discussion,111,42,64.61538461538461,4.423068493805712,4.235478568478367
security_privacy,98,32,49.23076923076923,3.9050514629996376,4.234451503487529
check,92,32,49.23076923076923,3.66596667955068,4.233473507663495
uae,68,3,4.615384615384615,2.7096275457548504,4.231472671046201
life,108,30,46.15384615384615,4.303526102081233,4.223714708965688
agreement,94,29,44.61538461538461,3.745661607366999,4.223408087050152
technical,112,38,58.46153846153846,4.4629159577138715,4.22250015109154
engage,100,44,67.6923076923077,3.9847463908159564,4.219064397342451
relevant,120,36,55.38461538461539,4.781695668979148,4.21782589059846
common,87,39,60.0,3.4667293600098823,4.215933295037438
gaming,108,38,58.46153846153846,4.303526102081233,4.206655429601067
graph,90,16,24.615384615384617,3.586271751734361,4.199605377754486
large,115,41,63.07692307692308,4.58245834943835,4.190758374802783
driven,119,33,50.76923076923077,4.741848205070989,4.179048678431259
innovative,103,34,52.30769230769231,4.1042887825404355,4.176611015730118
built,106,43,66.15384615384616,4.223831174264914,4.175192419715972
represented,83,33,50.76923076923077,3.3073395043772438,4.162524119580815
single,114,43,66.15384615384616,4.54261088553019,4.159172207658602
efficient,125,30,46.15384615384615,4.980932988519946,4.14689246510535
influence,112,37,56.92307692307692,4.4629159577138715,4.143819650836292
goal,100,37,56.92307692307692,3.9847463908159564,4.137195287849989
domain,124,29,44.61538461538461,4.941085524611786,4.128400634869719
representation,108,36,55.38461538461539,4.303526102081233,4.127283462572696
finally,106,40,61.53846153846154,4.223831174264914,4.126329583214909
reduce,101,42,64.61538461538461,4.024593854724116,4.1055814162262765
propose,101,27,41.53846153846154,4.024593854724116,4.088940756129036
bit,102,16,24.615384615384617,4.064441318632276,4.081374000623944
detect,103,24,36.92307692307692,4.1042887825404355,4.076096389357687
leading,117,39,60.0,4.662153277254669,4.074704912436521
able,88,38,58.46153846153846,3.5065768239180417,4.0490221426682576
integrating,109,37,56.92307692307692,4.343373565989393,4.043113448250461
authority,94,26,40.0,3.745661607366999,4.041373127157464
insight,120,34,52.30769230769231,4.781695668979148,4.030141870814778
balance,76,28,43.07692307692308,3.028407257020127,4.024805134375256
contribution,111,39,60.0,4.423068493805712,4.0135093941996205
prevent,85,37,56.92307692307692,3.387034432193563,4.012094561168712
simulation,110,29,44.61538461538461,4.383221029897552,3.984776772203918
act,84,36,55.38461538461539,3.3471869682854036,3.9702267478897872
utilizing,97,33,50.76923076923077,3.8652039990914777,3.9639928955904145
foundation,103,42,64.61538461538461,4.1042887825404355,3.9590798709160873
question,85,32,49.23076923076923,3.387034432193563,3.9478860712345902
location,79,34,52.30769230769231,3.1479496487446057,3.932612123117951
capability,119,39,60.0,4.741848205070989,3.923931243468296
million,96,30,46.15384615384615,3.8253565351833183,3.9231932124462574
complete,97,33,50.76923076923077,3.8652039990914777,3.9210634391138552
security_threat,75,19,29.23076923076923,2.988559793111967,3.91796640515714
social_medium,97,31,47.69230769230769,3.8652039990914777,3.9095738813609024
target,106,31,47.69230769230769,4.223831174264914,3.904493754632755
attention,94,42,64.61538461538461,3.745661607366999,3.9043909934667567
exploit,89,25,38.46153846153846,3.546424287826201,3.886450936164892
effect,103,33,50.76923076923077,4.1042887825404355,3.873733024595364
web,94,32,49.23076923076923,3.745661607366999,3.8586888078778725
come,88,35,53.84615384615385,3.5065768239180417,3.8521368648560927
analyze,94,36,55.38461538461539,3.745661607366999,3.851051795954932
knowledge,110,36,55.38461538461539,4.383221029897552,3.8501407696006735
reliable,87,30,46.15384615384615,3.4667293600098823,3.846033123616436
indicates,96,34,52.30769230769231,3.8253565351833183,3.8381740478539936
establish,95,40,61.53846153846154,3.785509071275159,3.837215618206269
allowing,106,37,56.92307692307692,4.223831174264914,3.8370840337940457
developer,94,36,55.38461538461539,3.745661607366999,3.8346494910519495
identifying,99,35,53.84615384615385,3.944898926907797,3.8333618235746014
signature,107,18,27.692307692307693,4.263678638173073,3.820446813617042
video,97,25,38.46153846153846,3.8652039990914777,3.8170999039460427
machine_learning,95,26,40.0,3.785509071275159,3.802159571120255
particular,123,34,52.30769230769231,4.901238060703626,3.79562408682095
condition,106,34,52.30769230769231,4.223831174264914,3.794388898092007
positive,94,27,41.53846153846154,3.745661607366999,3.792078562623303
highly,102,40,61.53846153846154,4.064441318632276,3.7896838265797967
industrial,83,27,41.53846153846154,3.3073395043772438,3.7849748393594367
develop,80,37,56.92307692307692,3.187797112652765,3.783136167431016
popular,90,38,58.46153846153846,3.586271751734361,3.7758239149624515
hardware,110,28,43.07692307692308,4.383221029897552,3.7663721936015713
included,93,31,47.69230769230769,3.7058141434588396,3.765383079397502
landscape,103,31,47.69230769230769,4.1042887825404355,3.7653666887660187
effectively,114,34,52.30769230769231,4.54261088553019,3.764372528079141
employ,102,33,50.76923076923077,4.064441318632276,3.756506535221157
engagement,96,30,46.15384615384615,3.8253565351833183,3.755927539290173
conduct,89,39,60.0,3.546424287826201,3.749522187007069
audit,68,16,24.615384615384617,2.7096275457548504,3.748813315095593
thing,86,22,33.84615384615385,3.4268818961017224,3.7448171919643425
increasing,83,43,66.15384615384616,3.3073395043772438,3.741811283466551
ether,68,16,24.615384615384617,2.7096275457548504,3.7401477466813726
addressing,100,31,47.69230769230769,3.9847463908159564,3.726462031701327
execution,98,26,40.0,3.9050514629996376,3.7238984226558967
strong,90,38,58.46153846153846,3.586271751734361,3.7189187502382133
peer,79,34,52.30769230769231,3.1479496487446057,3.7058163988545325
implemented,88,32,49.23076923076923,3.5065768239180417,3.7041367208243825
enhancing,99,37,56.92307692307692,3.944898926907797,3.6945420763282395
final,92,37,56.92307692307692,3.66596667955068,3.6927408557700816
average,96,27,41.53846153846154,3.8253565351833183,3.691749703382602
power,92,36,55.38461538461539,3.66596667955068,3.6861002231841358
recognition,97,26,40.0,3.8652039990914777,3.671969520456826
total,88,37,56.92307692307692,3.5065768239180417,3.6664750886829425
shared,101,36,55.38461538461539,4.024593854724116,3.666140204081678
iot,123,23,35.38461538461539,4.901238060703626,3.6561841654588374
right,66,30,46.15384615384615,2.629932617938531,3.6533551377330915
investor,90,24,36.92307692307692,3.586271751734361,3.641840277049584
equation,102,17,26.153846153846153,4.064441318632276,3.6356449116992042
access_control,94,17,26.153846153846153,3.745661607366999,3.6306308263427867
involved,85,37,56.92307692307692,3.387034432193563,3.617647336697426
testing,82,31,47.69230769230769,3.2674920404690844,3.6116297607026686
computing,111,29,44.61538461538461,4.423068493805712,3.6087200801793804
billion,68,28,43.07692307692308,2.7096275457548504,3.587553181854586
user_experience,103,37,56.92307692307692,4.1042887825404355,3.581824056985054
advancement,85,32,49.23076923076923,3.387034432193563,3.5762305348346706
committee,78,3,4.615384615384615,3.1081021848364463,3.5707152485958855
trusted,88,27,41.53846153846154,3.5065768239180417,3.566827415461211
dispute,66,11,16.923076923076923,2.629932617938531,3.5650346384055847
list,89,32,49.23076923076923,3.546424287826201,3.5637759290200175
working,72,30,46.15384615384615,2.8690174013874885,3.5572399891312263
government,87,26,40.0,3.4667293600098823,3.5564906820491773
theoretical,84,22,33.84615384615385,3.3471869682854036,3.5563906549885127
possibility,75,33,50.76923076923077,2.988559793111967,3.55062883440805
decision,106,34,52.30769230769231,4.223831174264914,3.5484183519408594
run,87,31,47.69230769230769,3.4667293600098823,3.545306145380261
practice,92,32,49.23076923076923,3.66596667955068,3.540683577081183
respectively,94,31,47.69230769230769,3.745661607366999,3.5404471958475088
attempt,79,32,49.23076923076923,3.1479496487446057,3.5255253750177777
database,86,22,33.84615384615385,3.4268818961017224,3.520545217476919
client,97,23,35.38461538461539,3.8652039990914777,3.5139423158531926
augmented_reality,53,25,38.46153846153846,2.111915587132457,3.5075429667830558
core,93,35,53.84615384615385,3.7058141434588396,3.5011453147841967
responsible,81,32,49.23076923076923,3.227644576560925,3.499961394411109
considering,113,37,56.92307692307692,4.5027634216220305,3.4979611945817006
perform,96,34,52.30769230769231,3.8253565351833183,3.494644705845093
publication,124,21,32.30769230769231,4.941085524611786,3.486762776018313
idea,78,33,50.76923076923077,3.1081021848364463,3.4815122148239004
identity_theft,66,19,29.23076923076923,2.629932617938531,3.4807009115734964
utilized,102,31,47.69230769230769,4.064441318632276,3.4761086986953256
private_key,80,22,33.84615384615385,3.187797112652765,3.463313201571716
introduced,90,37,56.92307692307692,3.586271751734361,3.4605569194238366
established,84,35,53.84615384615385,3.3471869682854036,3.4600429948661504
immersive_experience,82,30,46.15384615384615,3.2674920404690844,3.4599295729308066
computational,111,20,30.76923076923077,4.423068493805712,3.4580479696261675
response,94,31,47.69230769230769,3.745661607366999,3.4541301247107072
mentioned,80,33,50.76923076923077,3.187797112652765,3.452014549648031
share,88,35,53.84615384615385,3.5065768239180417,3.447897355296718
refers,88,31,47.69230769230769,3.5065768239180417,3.4476105652529494
want,79,30,46.15384615384615,3.1479496487446057,3.445874844271105
setting,79,32,49.23076923076923,3.1479496487446057,3.444231800004314
initial,84,38,58.46153846153846,3.3471869682854036,3.4438032209918337
brand,84,19,29.23076923076923,3.3471869682854036,3.430028577495189
learn,75,22,33.84615384615385,2.988559793111967,3.4219420962735394
interview,56,8,12.307692307692308,2.2314579788569358,3.3892106319084183
quality,98,26,40.0,3.9050514629996376,3.384437959652695
objective,102,33,50.76923076923077,4.064441318632276,3.3840217945514994
stakeholder,69,26,40.0,2.74947500966301,3.380510213200275
society,80,27,41.53846153846154,3.187797112652765,3.379454463719323
interface,99,34,52.30769230769231,3.944898926907797,3.3754301979777273
difficult,84,33,50.76923076923077,3.3471869682854036,3.371337731142868
technological,95,32,49.23076923076923,3.785509071275159,3.3681315451309644
potentially,85,35,53.84615384615385,3.387034432193563,3.365121021651312
additional,81,39,60.0,3.227644576560925,3.3647773407538204
vulnerable,73,27,41.53846153846154,2.9088648652956484,3.3632182396193837
artwork,74,20,30.76923076923077,2.9487123292038078,3.358079003746482
decryption,94,14,21.53846153846154,3.745661607366999,3.3493089346478224
send,76,24,36.92307692307692,3.028407257020127,3.348966813673738
allow,77,34,52.30769230769231,3.0682547209282864,3.3390645113511335
universe,71,26,40.0,2.829169937479329,3.338850158706383
line,74,33,50.76923076923077,2.9487123292038078,3.338108231366197
proposed_scheme,77,9,13.846153846153847,3.0682547209282864,3.3258267358378775
face,75,32,49.23076923076923,2.988559793111967,3.3257026449260185
science,74,34,52.30769230769231,2.9487123292038078,3.325370717950675
construct,72,27,41.53846153846154,2.8690174013874885,3.314286681568232
entertainment,73,31,47.69230769230769,2.9088648652956484,3.3097885968881915
actual,72,33,50.76923076923077,2.8690174013874885,3.3035526133228323
monitoring,82,26,40.0,3.2674920404690844,3.3033213441518803
understand,77,26,40.0,3.0682547209282864,3.3019388940874554
authenticity,95,27,41.53846153846154,3.785509071275159,3.3017850285886032
sample,81,20,30.76923076923077,3.227644576560925,3.3013191481272512
subject,81,31,47.69230769230769,3.227644576560925,3.297071802063325
data_collection,70,26,40.0,2.7893224735711697,3.2968993556753627
multi,94,28,43.07692307692308,3.745661607366999,3.295035867133735
cryptography,92,22,33.84615384615385,3.66596667955068,3.286547204388031
enhanced,81,36,55.38461538461539,3.227644576560925,3.2698778858286754
provider,68,25,38.46153846153846,2.7096275457548504,3.2669802716564877
word,83,26,40.0,3.3073395043772438,3.266030251189493
cyber,87,23,35.38461538461539,3.4667293600098823,3.265527283427204
offering,92,33,50.76923076923077,3.66596667955068,3.2647892483056875
free,68,28,43.07692307692308,2.7096275457548504,3.261730876017334
diverse,120,31,47.69230769230769,4.781695668979148,3.2447065506527837
validation,93,30,46.15384615384615,3.7058141434588396,3.2418997313579694
interactive,78,32,49.23076923076923,3.1081021848364463,3.2417583296713763
medium,102,32,49.23076923076923,4.064441318632276,3.2368776172675515
demand,103,37,56.92307692307692,4.1042887825404355,3.232883399785305
combine,87,37,56.92307692307692,3.4667293600098823,3.231016171158233
alice,64,5,7.6923076923076925,2.5502376901222124,3.2291341206583173
link,67,29,44.61538461538461,2.669780081846691,3.2274168916921795
seamless,100,28,43.07692307692308,3.9847463908159564,3.2270219152126973
explore,94,32,49.23076923076923,3.745661607366999,3.2169953949868453
seen,69,31,47.69230769230769,2.74947500966301,3.211335088627913
guarantee,72,34,52.30769230769231,2.8690174013874885,3.1999885592139337
numerous,79,36,55.38461538461539,3.1479496487446057,3.196150476923887
best,72,29,44.61538461538461,2.8690174013874885,3.1953254660125245
detailed,70,34,52.30769230769231,2.7893224735711697,3.187872031110225
rise,73,33,50.76923076923077,2.9088648652956484,3.181042521745496
clear,72,30,46.15384615384615,2.8690174013874885,3.166863050868957
overview,85,35,53.84615384615385,3.387034432193563,3.1598549557472375
growing,68,31,47.69230769230769,2.7096275457548504,3.1529123902695875
outcome,82,28,43.07692307692308,3.2674920404690844,3.141077101295095
did,66,22,33.84615384615385,2.629932617938531,3.1212939531995514
anonymity,86,22,33.84615384615385,3.4268818961017224,3.120316278162667
likely,76,27,41.53846153846154,3.028407257020127,3.1130474113022433
currently,70,33,50.76923076923077,2.7893224735711697,3.1106554184338555
remains,96,31,47.69230769230769,3.8253565351833183,3.109751783185467
category,83,31,47.69230769230769,3.3073395043772438,3.107129627363907
employed,101,27,41.53846153846154,4.024593854724116,3.1054737359739657
manage,78,34,52.30769230769231,3.1081021848364463,3.1053200509072245
enabled,73,28,43.07692307692308,2.9088648652956484,3.105241661795867
person,67,30,46.15384615384615,2.669780081846691,3.103794878266311
registration,72,14,21.53846153846154,2.8690174013874885,3.102593688415436
financial_service,49,14,21.53846153846154,1.9525257314998188,3.0867623207864523
claim,58,18,27.692307692307693,2.3111529066732546,3.0864181897631537
generating,59,30,46.15384615384615,2.3510003705814144,3.0812602974355783
enterprise,63,14,21.53846153846154,2.5103902262140525,3.068220471608894
true,82,30,46.15384615384615,3.2674920404690844,3.063111177666651
despite,95,32,49.23076923076923,3.785509071275159,3.0553348956163493
performed,84,34,52.30769230769231,3.3471869682854036,3.046142927491761
creates,59,35,53.84615384615385,2.3510003705814144,3.044362026126161
fraud_detection,62,8,12.307692307692308,2.470542762305893,3.0429735674203315
improvement,73,31,47.69230769230769,2.9088648652956484,3.0412491093215275
safety,68,27,41.53846153846154,2.7096275457548504,3.039779770324387
compute,68,14,21.53846153846154,2.7096275457548504,3.032533233349619
definition,82,28,43.07692307692308,3.2674920404690844,3.0305370034657044
service_provider,66,21,32.30769230769231,2.629932617938531,3.021181240063666
healthcare,76,28,43.07692307692308,3.028407257020127,3.0190743419339294
primary,83,34,52.30769230769231,3.3073395043772438,3.0173347663438386
described,74,34,52.30769230769231,2.9487123292038078,3.011334927053381
journal,63,16,24.615384615384617,2.5103902262140525,2.988540322552607
having,67,31,47.69230769230769,2.669780081846691,2.978072063296673
clone,49,8,12.307692307692308,1.9525257314998188,2.9710510155158136
weight,94,14,21.53846153846154,3.745661607366999,2.970771638139617
accessible,78,37,56.92307692307692,3.1081021848364463,2.961663992418702
sybil,51,3,4.615384615384615,2.032220659316138,2.958954544639073
case_study,69,18,27.692307692307693,2.74947500966301,2.9577415779293252
theft,92,25,38.46153846153846,3.66596667955068,2.951309229194182
know,77,29,44.61538461538461,3.0682547209282864,2.947319000463093
iii,62,32,49.23076923076923,2.470542762305893,2.946246702731277
abe,72,2,3.076923076923077,2.8690174013874885,2.9455054174999105
personal_information,62,22,33.84615384615385,2.470542762305893,2.9426562048421316
directly,83,33,50.76923076923077,3.3073395043772438,2.938672762730737
implement,63,31,47.69230769230769,2.5103902262140525,2.9372126855892557
rate,95,30,46.15384615384615,3.785509071275159,2.9355281070315646
introduces,78,31,47.69230769230769,3.1081021848364463,2.935192662728514
currency,73,24,36.92307692307692,2.9088648652956484,2.9276508258357383
meet,67,32,49.23076923076923,2.669780081846691,2.9249358915781563
volume,81,30,46.15384615384615,3.227644576560925,2.9247861208064245
trustworthy,74,25,38.46153846153846,2.9487123292038078,2.924239470759193
bob,59,5,7.6923076923076925,2.3510003705814144,2.921820286780771
focused,75,34,52.30769230769231,2.988559793111967,2.921097953598988
uniqueness,54,18,27.692307692307693,2.1517630510406165,2.9203152636544156
consider,78,34,52.30769230769231,3.1081021848364463,2.917274705347054
national,64,31,47.69230769230769,2.5502376901222124,2.9138632838234173
generally,76,29,44.61538461538461,3.028407257020127,2.9131234326088777
indonesia,34,3,4.615384615384615,1.3548137728774252,2.913093997089153
criterion,74,25,38.46153846153846,2.9487123292038078,2.912438094071159
data_privacy,69,24,36.92307692307692,2.74947500966301,2.911530568859737
edge,96,16,24.615384615384617,3.8253565351833183,2.9020789019550053
transferred,68,24,36.92307692307692,2.7096275457548504,2.901454393549232
functionality,73,26,40.0,2.9088648652956484,2.9005669581225284
participate,58,32,49.23076923076923,2.3111529066732546,2.892544488787123
leverage,83,34,52.30769230769231,3.3073395043772438,2.892297616620034
let,70,23,35.38461538461539,2.7893224735711697,2.8921278059373376
early,76,28,43.07692307692308,3.028407257020127,2.889903962486279
sends,65,19,29.23076923076923,2.5900851540303718,2.8881280301265004
relatively,67,32,49.23076923076923,2.669780081846691,2.8872805656507174
limit,64,33,50.76923076923077,2.5502376901222124,2.8859530436740255
lower,81,36,55.38461538461539,3.227644576560925,2.8830118311811526
china,78,20,30.76923076923077,3.1081021848364463,2.881397981365119
sell,54,27,41.53846153846154,2.1517630510406165,2.880128951332362
contribute,73,31,47.69230769230769,2.9088648652956484,2.877574505646176
search,76,22,33.84615384615385,3.028407257020127,2.8750400898892265
evolving,86,33,50.76923076923077,3.4268818961017224,2.8740145137678255
reality,63,35,53.84615384615385,2.5103902262140525,2.873667788012981
verified,69,29,44.61538461538461,2.74947500966301,2.8703443983901153
version,79,36,55.38461538461539,3.1479496487446057,2.8682116592836335
determine,68,26,40.0,2.7096275457548504,2.8646011374725364
greater,77,33,50.76923076923077,3.0682547209282864,2.8644489967227935
dts,77,6,9.23076923076923,3.0682547209282864,2.8590333332194544
gap,72,34,52.30769230769231,2.8690174013874885,2.8559533008181623
random,77,20,30.76923076923077,3.0682547209282864,2.8556560832666986
improved,68,29,44.61538461538461,2.7096275457548504,2.853108285791704
grant,66,29,44.61538461538461,2.629932617938531,2.849364459035132
virtual_economy,70,18,27.692307692307693,2.7893224735711697,2.8465808640880756
evolution,68,28,43.07692307692308,2.7096275457548504,2.841885371582096
setup,67,20,30.76923076923077,2.669780081846691,2.837146004857342
survey,107,20,30.76923076923077,4.263678638173073,2.8350905983337045
metric,86,22,33.84615384615385,3.4268818961017224,2.8321409334829246
variety,72,26,40.0,2.8690174013874885,2.829366356540953
rely,62,33,50.76923076923077,2.470542762305893,2.8259505605848947
class,60,23,35.38461538461539,2.390847834489574,2.825172530377967
executed,61,23,35.38461538461539,2.4306952983977337,2.821483975222702
credential,90,15,23.076923076923077,3.586271751734361,2.821164616302189
latency,86,19,29.23076923076923,3.4268818961017224,2.810674259958597
enhances,78,27,41.53846153846154,3.1081021848364463,2.809161138487736
dimension,88,22,33.84615384615385,3.5065768239180417,2.804889764382751
deployed,70,29,44.61538461538461,2.7893224735711697,2.8001283460909803
second_life,55,18,27.692307692307693,2.191610514948776,2.7991337303530393
big,49,19,29.23076923076923,1.9525257314998188,2.795456030574379
department,58,25,38.46153846153846,2.3111529066732546,2.7876971727503923
prove,62,28,43.07692307692308,2.470542762305893,2.787218308169948
handle,62,33,50.76923076923077,2.470542762305893,2.78412590298727
previous,78,31,47.69230769230769,3.1081021848364463,2.7802019905247026
recent,72,32,49.23076923076923,2.8690174013874885,2.7725766048534113
hold,76,34,52.30769230769231,3.028407257020127,2.7717377817579405
proposed_protocol,48,4,6.153846153846154,1.9126782675916592,2.7707722198012434
legitimate,63,24,36.92307692307692,2.5103902262140525,2.7686572431650256
similarly,71,36,55.38461538461539,2.829169937479329,2.7683809942530444
vector,71,23,35.38461538461539,2.829169937479329,2.7623218986750215
academic,90,25,38.46153846153846,3.586271751734361,2.7559713107091652
gas,68,16,24.615384615384617,2.7096275457548504,2.7543470273584854
mail,47,18,27.692307692307693,1.8728308036834995,2.7525362730288436
manipulation,60,26,40.0,2.390847834489574,2.744616679968137
file,76,20,30.76923076923077,3.028407257020127,2.742491014934864
gain,64,31,47.69230769230769,2.5502376901222124,2.740990265451318
fundamental,71,28,43.07692307692308,2.829169937479329,2.739769450138582
observed,81,34,52.30769230769231,3.227644576560925,2.738917756215762
decentraland,82,16,24.615384615384617,3.2674920404690844,2.736411140782208
consumer_protection,30,5,7.6923076923076925,1.195423917244787,2.7321082266726804
added,63,22,33.84615384615385,2.5103902262140525,2.7311009508944517
increasingly,61,26,40.0,2.4306952983977337,2.727261492311774
implication,76,28,43.07692307692308,3.028407257020127,2.726247564448079
evaluate,71,22,33.84615384615385,2.829169937479329,2.7148330983206628
degree,73,26,40.0,2.9088648652956484,2.711358468672296
leveraging,66,25,38.46153846153846,2.629932617938531,2.708149774007709
maintaining,68,34,52.30769230769231,2.7096275457548504,2.70759761219379
digital_currency,57,22,33.84615384615385,2.271305442765095,2.706231581754384
material,60,28,43.07692307692308,2.390847834489574,2.696522549857076
privacy_preserving,79,15,23.076923076923077,3.1479496487446057,2.695670655513334
digital_economy,53,20,30.76923076923077,2.111915587132457,2.6926800258933303
loss,64,31,47.69230769230769,2.5502376901222124,2.690415274260319
engineering,60,32,49.23076923076923,2.390847834489574,2.683174090394851
threshold,76,21,32.30769230769231,3.028407257020127,2.68121892148336
decision_making,87,25,38.46153846153846,3.4667293600098823,2.6774852726248404
bitcoin_network,108,3,4.615384615384615,4.303526102081233,2.674581544548343
usd,68,17,26.153846153846153,2.7096275457548504,2.6741885034135806
land,62,23,35.38461538461539,2.470542762305893,2.6737868486073975
usage,70,30,46.15384615384615,2.7893224735711697,2.6584672435225993
unauthorized_access,62,20,30.76923076923077,2.470542762305893,2.655709496799692
financial_sector,70,4,6.153846153846154,2.7893224735711697,2.648717250433592
choice,63,27,41.53846153846154,2.5103902262140525,2.647640046942324
marketplace,71,24,36.92307692307692,2.829169937479329,2.6422186237385747
apply,59,25,38.46153846153846,2.3510003705814144,2.64017585423103
central,71,28,43.07692307692308,2.829169937479329,2.635013826655834
cultural,58,20,30.76923076923077,2.3111529066732546,2.63314729613381
kind,67,24,36.92307692307692,2.669780081846691,2.626750438363721
reducing,74,29,44.61538461538461,2.9487123292038078,2.6250193510070297
mobile,55,20,30.76923076923077,2.191610514948776,2.6245872717003174
automated,94,26,40.0,3.745661607366999,2.6233417835426005
investigation,79,26,40.0,3.1479496487446057,2.62284325703326
quite,41,17,26.153846153846153,1.6337460202345422,2.6206957244957843
reliability,62,22,33.84615384615385,2.470542762305893,2.6206242530373327
downloaded_charles,61,5,7.6923076923076925,2.4306952983977337,2.6109591127416216
sturt_university,61,5,7.6923076923076925,2.4306952983977337,2.6109591127416216
needed,60,28,43.07692307692308,2.390847834489574,2.6103927039265518
privacy_policy,81,4,6.153846153846154,3.227644576560925,2.6103569984238932
topic,70,26,40.0,2.7893224735711697,2.601034797772867
secret_key,76,8,12.307692307692308,3.028407257020127,2.6009074828893657
sustainability,58,17,26.153846153846153,2.3111529066732546,2.5993298670941445
language,64,25,38.46153846153846,2.5502376901222124,2.598682391254555
promising,74,31,47.69230769230769,2.9487123292038078,2.587677764810756
resulting,61,32,49.23076923076923,2.4306952983977337,2.58483983963545
long_term,66,30,46.15384615384615,2.629932617938531,2.5798872526783967
program,56,28,43.07692307692308,2.2314579788569358,2.5789678296829552
taken,61,28,43.07692307692308,2.4306952983977337,2.5765534511523214
marketing,50,16,24.615384615384617,1.9923731954079782,2.5735890931746424
sent,61,22,33.84615384615385,2.4306952983977337,2.5701243195506356
managing,70,25,38.46153846153846,2.7893224735711697,2.5686563163488194
character,66,27,41.53846153846154,2.629932617938531,2.566920084991536
alternative,89,25,38.46153846153846,3.546424287826201,2.5624974827227054
period,70,25,38.46153846153846,2.7893224735711697,2.560256881951421
simple,59,32,49.23076923076923,2.3510003705814144,2.556875203988361
collected,68,24,36.92307692307692,2.7096275457548504,2.550823137631594
occur,59,29,44.61538461538461,2.3510003705814144,2.5492511483849962
energy,76,16,24.615384615384617,3.028407257020127,2.5486502863207616
combination,61,35,53.84615384615385,2.4306952983977337,2.537670805943938
description,57,29,44.61538461538461,2.271305442765095,2.5325478334083633
larger,53,25,38.46153846153846,2.111915587132457,2.5290970293791273
discus,71,25,38.46153846153846,2.829169937479329,2.5240438721190306
commerce,65,26,40.0,2.5900851540303718,2.523700317395114
wang,69,25,38.46153846153846,2.74947500966301,2.5186024737443247
identifier,62,26,40.0,2.470542762305893,2.514791880793268
utilizes,68,29,44.61538461538461,2.7096275457548504,2.4949339930446985
establishing,64,27,41.53846153846154,2.5502376901222124,2.494669289529822
successfully,66,25,38.46153846153846,2.629932617938531,2.494589799366263
securely,57,26,40.0,2.271305442765095,2.4935436008596423
atomic_swap,57,3,4.615384615384615,2.271305442765095,2.4922121987372896
report,54,31,47.69230769230769,2.1517630510406165,2.4911059363049426
hacking,43,14,21.53846153846154,1.7134409480508612,2.4874783637134232
school,50,28,43.07692307692308,1.9923731954079782,2.485984647993315
library,50,23,35.38461538461539,1.9923731954079782,2.4787065306871936
valid,49,20,30.76923076923077,1.9525257314998188,2.478392335194461
consists,59,28,43.07692307692308,2.3510003705814144,2.476453598372499
smart,72,27,41.53846153846154,2.8690174013874885,2.475554137276284
facebook,42,20,30.76923076923077,1.6735934841427018,2.46615270388529
polynomial,74,9,13.846153846153847,2.9487123292038078,2.465433072998675
intermediary,74,23,35.38461538461539,2.9487123292038078,2.463909033574773
computes,51,13,20.0,2.032220659316138,2.4599928497310715
delay,55,11,16.923076923076923,2.191610514948776,2.458132444768433
digital_medium,86,3,4.615384615384615,3.4268818961017224,2.452952579469601
verifiable,56,26,40.0,2.2314579788569358,2.4521410681199063
cloning,36,4,6.153846153846154,1.4345087006937443,2.4512542539426914
deployment,81,25,38.46153846153846,3.227644576560925,2.442932526952651
note,74,22,33.84615384615385,2.9487123292038078,2.43339006742449
future_research,74,24,36.92307692307692,2.9487123292038078,2.4329815189692376
scale,67,28,43.07692307692308,2.669780081846691,2.4324110977844104
significance,69,30,46.15384615384615,2.74947500966301,2.431671052106569
sharing,61,27,41.53846153846154,2.4306952983977337,2.430432582892598
long,66,30,46.15384615384615,2.629932617938531,2.423597807059052
analyzed,57,20,30.76923076923077,2.271305442765095,2.423178045095598
distinct,69,30,46.15384615384615,2.74947500966301,2.419993639895051
sense,61,26,40.0,2.4306952983977337,2.4087235600217984
initiative,46,20,30.76923076923077,1.83298333977534,2.408012334317636
today,49,21,32.30769230769231,1.9525257314998188,2.407781672500767
conventional,55,22,33.84615384615385,2.191610514948776,2.4030467062993406
lock,55,8,12.307692307692308,2.191610514948776,2.403017461289387
visual,66,24,36.92307692307692,2.629932617938531,2.402446511001954
arise,46,22,33.84615384615385,1.83298333977534,2.401543244692764
secret,58,15,23.076923076923077,2.3111529066732546,2.401056821275545
rapid,54,26,40.0,2.1517630510406165,2.392518577863394
deepfake,83,9,13.846153846153847,3.3073395043772438,2.390782630675037
mapping,78,16,24.615384615384617,3.1081021848364463,2.390306690543724
security_measure,47,18,27.692307692307693,1.8728308036834995,2.388347791767766
highlighting,70,25,38.46153846153846,2.7893224735711697,2.387198557579674
predict,48,20,30.76923076923077,1.9126782675916592,2.38418090917237
utilize,59,23,35.38461538461539,2.3510003705814144,2.381473753607036
sandbox,63,18,27.692307692307693,2.5103902262140525,2.372365747513161
practical,62,27,41.53846153846154,2.470542762305893,2.361686400992881
said,53,22,33.84615384615385,2.111915587132457,2.360078100653991
accountability,71,18,27.692307692307693,2.829169937479329,2.35940436702092
external,61,22,33.84615384615385,2.4306952983977337,2.3470892290216443
effectiveness,56,27,41.53846153846154,2.2314579788569358,2.3469977113196543
fact,53,31,47.69230769230769,2.111915587132457,2.3437264614451307
indicate,59,29,44.61538461538461,2.3510003705814144,2.341346660612
movement,82,22,33.84615384615385,3.2674920404690844,2.341302194450536
scientific,55,12,18.46153846153846,2.191610514948776,2.33978564569982
coin,54,21,32.30769230769231,2.1517630510406165,2.332176108899528
virtual_real_estate,51,20,30.76923076923077,2.032220659316138,2.32552515049299
carried,46,16,24.615384615384617,1.83298333977534,2.3204403307511376
powered,72,23,35.38461538461539,2.8690174013874885,2.318213854239436
cryptoasset,95,10,15.384615384615385,3.785509071275159,2.3122411725646574
session_key,47,5,7.6923076923076925,1.8728308036834995,2.311900543933268
intangible_asset,40,3,4.615384615384615,1.5938985563263826,2.3087072079125774
day,60,23,35.38461538461539,2.390847834489574,2.307735438635225
connected,62,26,40.0,2.470542762305893,2.2979664875783263
produce,51,27,41.53846153846154,2.032220659316138,2.2974183571588345
situation,49,23,35.38461538461539,1.9525257314998188,2.2933465985880743
assessment,61,27,41.53846153846154,2.4306952983977337,2.2931944920257004
empowered_metaverse,79,4,6.153846153846154,3.1479496487446057,2.292625308062433
obtained,66,31,47.69230769230769,2.629932617938531,2.2920297349810514
summary,71,31,47.69230769230769,2.829169937479329,2.2920074198073324
theme,60,17,26.153846153846153,2.390847834489574,2.2917780667910463
reach,51,28,43.07692307692308,2.032220659316138,2.2917519202654626
mainly,52,25,38.46153846153846,2.0720681232242972,2.2916582443618925
cross_chain,68,11,16.923076923076923,2.7096275457548504,2.2899452635317727
serve,68,30,46.15384615384615,2.7096275457548504,2.2867553969355816
capture,59,32,49.23076923076923,2.3510003705814144,2.284722553130734
achieve,67,31,47.69230769230769,2.669780081846691,2.2791384443898304
preventing,46,25,38.46153846153846,1.83298333977534,2.278800671823795
illegal,45,19,29.23076923076923,1.7931358758671805,2.277773520254545
channel,60,24,36.92307692307692,2.390847834489574,2.2773858467095285
improving,58,28,43.07692307692308,2.3111529066732546,2.274658927682705
personal_data,50,19,29.23076923076923,1.9923731954079782,2.273924616456849
platform_server,47,4,6.153846153846154,1.8728308036834995,2.273085574797198
local,74,23,35.38461538461539,2.9487123292038078,2.2728678697904847
social_engineering,48,11,16.923076923076923,1.9126782675916592,2.270260891305874
integrates,57,30,46.15384615384615,2.271305442765095,2.2689380376683808
headset,75,16,24.615384615384617,2.988559793111967,2.264075775616628
self,67,26,40.0,2.669780081846691,2.260751900236462
easily,56,29,44.61538461538461,2.2314579788569358,2.260097012761942
collaborative,66,20,30.76923076923077,2.629932617938531,2.2568972032896903
production,46,23,35.38461538461539,1.83298333977534,2.2564298180654987
failure,46,20,30.76923076923077,1.83298333977534,2.250508262694401
start,46,28,43.07692307692308,1.83298333977534,2.2471309595801747
oracle,73,11,16.923076923076923,2.9088648652956484,2.2466405564509278
proposed_solution,60,12,18.46153846153846,2.390847834489574,2.245134956731942
log,71,15,23.076923076923077,2.829169937479329,2.2441139164513855
random_forest,43,6,9.23076923076923,1.7134409480508612,2.2371913577446993
simulated,46,17,26.153846153846153,1.83298333977534,2.237042729459068
structured,43,27,41.53846153846154,1.7134409480508612,2.235786512983534
permission,51,29,44.61538461538461,2.032220659316138,2.233705746583347
map,55,25,38.46153846153846,2.191610514948776,2.2325282638883106
challenging,53,28,43.07692307692308,2.111915587132457,2.2322472576383645
electronic,43,14,21.53846153846154,1.7134409480508612,2.232237860050888
manner,63,27,41.53846153846154,2.5103902262140525,2.2297129527933244
bridge,85,18,27.692307692307693,3.387034432193563,2.2291348242009628
job,49,17,26.153846153846153,1.9525257314998188,2.228316790434381
effort,70,25,38.46153846153846,2.7893224735711697,2.2272396052611776
cause,57,25,38.46153846153846,2.271305442765095,2.226669592268729
difficulty,54,27,41.53846153846154,2.1517630510406165,2.2263367354100447
operate,57,27,41.53846153846154,2.271305442765095,2.220477030771044
error,69,23,35.38461538461539,2.74947500966301,2.2172116485741156
impersonation,68,15,23.076923076923077,2.7096275457548504,2.2126930620904504
anomaly,50,11,16.923076923076923,1.9923731954079782,2.207357562114922
fair,56,27,41.53846153846154,2.2314579788569358,2.2044640047294304
valuable,55,32,49.23076923076923,2.191610514948776,2.1914456816573074
presence,58,29,44.61538461538461,2.3111529066732546,2.1902415174822116
corporation,37,18,27.692307692307693,1.4743561646019039,2.1866110152504614
behavioural_pattern,38,2,3.076923076923077,1.5142036285100635,2.182207581133367
digital_payment,59,3,4.615384615384615,2.3510003705814144,2.1817147702569764
fraudulent,40,17,26.153846153846153,1.5938985563263826,2.1808203776483572
meeting,47,24,36.92307692307692,1.8728308036834995,2.180310863993828
query,51,15,23.076923076923077,2.032220659316138,2.175041768455887
supporting,72,24,36.92307692307692,2.8690174013874885,2.174191052717411
body,84,28,43.07692307692308,3.3471869682854036,2.1668807309907865
equality,70,9,13.846153846153847,2.7893224735711697,2.1662283678088974
advertising,34,13,20.0,1.3548137728774252,2.1661074932335618
prevention,45,18,27.692307692307693,1.7931358758671805,2.165331832425468
add,43,24,36.92307692307692,1.7134409480508612,2.1631117331472933
google,47,19,29.23076923076923,1.8728308036834995,2.1628205558005615
license,43,30,46.15384615384615,1.7134409480508612,2.1621884240007763
contains,46,29,44.61538461538461,1.83298333977534,2.161813080397202
agent,50,18,27.692307692307693,1.9923731954079782,2.16080470520509
virtual_entity,99,5,7.6923076923076925,3.944898926907797,2.160788699852276
recognize,40,18,27.692307692307693,1.5938985563263826,2.1586252166066435
normal,50,22,33.84615384615385,1.9923731954079782,2.158202677691292
quantum,78,11,16.923076923076923,3.1081021848364463,2.1569571374955223
validity,43,17,26.153846153846153,1.7134409480508612,2.1494843697288917
detecting,63,15,23.076923076923077,2.5103902262140525,2.148056335445765
collection,64,23,35.38461538461539,2.5502376901222124,2.137985432361592
continue,52,28,43.07692307692308,2.0720681232242972,2.130312270414342
experiment,56,18,27.692307692307693,2.2314579788569358,2.129298040453279
collect,57,17,26.153846153846153,2.271305442765095,2.1285624081698495
unit,51,25,38.46153846153846,2.032220659316138,2.127324984102336
machine,53,23,35.38461538461539,2.111915587132457,2.122748494577138
fintech,47,11,16.923076923076923,1.8728308036834995,2.118999350079055
selling,40,17,26.153846153846153,1.5938985563263826,2.1157166323874126
flow,60,26,40.0,2.390847834489574,2.114016021622987
useful,38,22,33.84615384615385,1.5142036285100635,2.1133242918519324
frequently,40,23,35.38461538461539,1.5938985563263826,2.113000286893835
equal,47,18,27.692307692307693,1.8728308036834995,2.1118458276786143
cloud,68,24,36.92307692307692,2.7096275457548504,2.1104582935153973
tracking,73,22,33.84615384615385,2.9088648652956484,2.109873685411153
mark,46,14,21.53846153846154,1.83298333977534,2.1094059637968665
pixel,53,3,4.615384615384615,2.111915587132457,2.108488039765022
concerning,60,26,40.0,2.390847834489574,2.1069481480265626
member,52,26,40.0,2.0720681232242972,2.1009980679334643
supported,57,29,44.61538461538461,2.271305442765095,2.099823684787545
noise,61,11,16.923076923076923,2.4306952983977337,2.0985851018977244
linked,54,25,38.46153846153846,2.1517630510406165,2.0977116359111414
protecting,47,20,30.76923076923077,1.8728308036834995,2.096542008597958
compliance,52,19,29.23076923076923,2.0720681232242972,2.0874694183344658
ciphertext,55,6,9.23076923076923,2.191610514948776,2.0844063122623724
maintain,52,31,47.69230769230769,2.0720681232242972,2.0840329861097984
combining,53,27,41.53846153846154,2.111915587132457,2.0826900866692344
demonstrated,56,28,43.07692307692308,2.2314579788569358,2.0821748827946274
accessibility,46,24,36.92307692307692,1.83298333977534,2.0821261951631076
student,46,13,20.0,1.83298333977534,2.0809861135364276
supply_chain,41,17,26.153846153846153,1.6337460202345422,2.080250983615216
trained,52,15,23.076923076923077,2.0720681232242972,2.0743103023848586
digital_signature,55,8,12.307692307692308,2.191610514948776,2.0732472290523476
recently,44,26,40.0,1.7532884119590209,2.065481503056495
involve,47,25,38.46153846153846,1.8728308036834995,2.064736520782046
implementing,71,25,38.46153846153846,2.829169937479329,2.0551384110769693
format,41,27,41.53846153846154,1.6337460202345422,2.0544583004448254
ongoing,53,21,32.30769230769231,2.111915587132457,2.0512876243527325
relies,47,22,33.84615384615385,1.8728308036834995,2.0471809293737744
operational,55,20,30.76923076923077,2.191610514948776,2.0450550142252353
chance,36,17,26.153846153846153,1.4345087006937443,2.042737900636522
conceptual,50,18,27.692307692307693,1.9923731954079782,2.040447531636928
false,60,17,26.153846153846153,2.390847834489574,2.0378738843931155
cluster,56,10,15.384615384615385,2.2314579788569358,2.036384332884744
verifies,48,14,21.53846153846154,1.9126782675916592,2.0360688829726064
dimensional,44,22,33.84615384615385,1.7532884119590209,2.035175194772998
fee,53,19,29.23076923076923,2.111915587132457,2.032330183037632
reason,48,23,35.38461538461539,1.9126782675916592,2.031236851292627
tech,41,23,35.38461538461539,1.6337460202345422,2.026171062259358
receive,46,27,41.53846153846154,1.83298333977534,2.0259644720405516
deep_learning,60,16,24.615384615384617,2.390847834489574,2.025038562446614
traffic,72,9,13.846153846153847,2.8690174013874885,2.0227592801450545
consequently,46,23,35.38461538461539,1.83298333977534,2.021679210378898
suitable,56,28,43.07692307692308,2.2314579788569358,2.0201188578354796
identity_verification,40,12,18.46153846153846,1.5938985563263826,2.019585111738442
statement,50,18,27.692307692307693,1.9923731954079782,2.01892317107782
access_policy,57,4,6.153846153846154,2.271305442765095,2.018556436968005
optimization,59,18,27.692307692307693,2.3510003705814144,2.017097723142867
password,44,14,21.53846153846154,1.7532884119590209,2.0145113197030446
connect,39,23,35.38461538461539,1.5540510924182231,2.012565559031992
compare,49,27,41.53846153846154,1.9525257314998188,2.0102277913271855
serf,55,26,40.0,2.191610514948776,2.0099465482799923
shard,46,4,6.153846153846154,1.83298333977534,2.006544495586165
determined,47,23,35.38461538461539,1.8728308036834995,2.001561307838796
exist,49,33,50.76923076923077,1.9525257314998188,1.9928569870737245
followed,44,29,44.61538461538461,1.7532884119590209,1.9923094673530042
participation,55,25,38.46153846153846,2.191610514948776,1.9919321497641431
unlike,45,26,40.0,1.7931358758671805,1.991502398862192
intelligent,56,18,27.692307692307693,2.2314579788569358,1.99085403224325
reward,65,21,32.30769230769231,2.5900851540303718,1.9889365224042561
focusing,58,22,33.84615384615385,2.3111529066732546,1.9871814442725204
analyzing,51,22,33.84615384615385,2.032220659316138,1.9865109641903942
music,45,19,29.23076923076923,1.7931358758671805,1.9805459889850203
addressed,55,26,40.0,2.191610514948776,1.9797153840001966
look,50,23,35.38461538461539,1.9923731954079782,1.9786618439775505
conference,36,16,24.615384615384617,1.4345087006937443,1.9777503968607995
consideration,53,28,43.07692307692308,2.111915587132457,1.9765281102513115
accessed,30,18,27.692307692307693,1.195423917244787,1.9756551157903364
manipulate,42,20,30.76923076923077,1.6735934841427018,1.9711680294618856
typically,62,27,41.53846153846154,2.470542762305893,1.9682526168191168
victim,42,12,18.46153846153846,1.6735934841427018,1.968036159849853
view,53,27,41.53846153846154,2.111915587132457,1.966195077532425
personalized,44,20,30.76923076923077,1.7532884119590209,1.9660234033439
text,59,22,33.84615384615385,2.3510003705814144,1.9644363935628801
communicate,36,21,32.30769230769231,1.4345087006937443,1.9641413838050992
mint,39,10,15.384615384615385,1.5540510924182231,1.9635477762450213
extract,44,19,29.23076923076923,1.7532884119590209,1.9626026284708844
api,41,8,12.307692307692308,1.6337460202345422,1.962034865289823
demonstrate,47,25,38.46153846153846,1.8728308036834995,1.9599045579503294
direction,53,20,30.76923076923077,2.111915587132457,1.9555969170523098
collectible,49,17,26.153846153846153,1.9525257314998188,1.9538111696907943
illustrated,54,24,36.92307692307692,2.1517630510406165,1.9516582425225242
subsequently,54,24,36.92307692307692,2.1517630510406165,1.9497317311865003
consumer_right,20,2,3.076923076923077,0.7969492781631913,1.9451579683066886
nft_marketplace,57,16,24.615384615384617,2.271305442765095,1.9439944550109198
securing,54,20,30.76923076923077,2.1517630510406165,1.9437026607549484
consistent,55,26,40.0,2.191610514948776,1.9419001354103096
professional,45,17,26.153846153846153,1.7931358758671805,1.9396607349195727
economic_activity,38,15,23.076923076923077,1.5142036285100635,1.9354558096224066
instrument,37,15,23.076923076923077,1.4743561646019039,1.9298985859704445
construction,51,26,40.0,2.032220659316138,1.9286930214744564
logic,49,19,29.23076923076923,1.9525257314998188,1.928650013417484
achieved,55,25,38.46153846153846,2.191610514948776,1.9253135954467733
rating,72,7,10.76923076923077,2.8690174013874885,1.9231405413056628
ipfs,64,9,13.846153846153847,2.5502376901222124,1.9227811735485965
consistency,55,17,26.153846153846153,2.191610514948776,1.9226344571604808
commercial,32,19,29.23076923076923,1.2751188450611062,1.9222057541232012
predicted,33,15,23.076923076923077,1.3149663089692656,1.9209828555272535
court,29,9,13.846153846153847,1.1555764533366273,1.9198461661274426
behavioral,53,19,29.23076923076923,2.111915587132457,1.9188648490537954
meaning,43,27,41.53846153846154,1.7134409480508612,1.9173188730174249
combined,53,27,41.53846153846154,2.111915587132457,1.9170234920782463
provenance,40,14,21.53846153846154,1.5938985563263826,1.9150254448774433
wallet_address,42,7,10.76923076923077,1.6735934841427018,1.91147559989308
remain,59,24,36.92307692307692,2.3510003705814144,1.9098445178339085
relation,41,22,33.84615384615385,1.6337460202345422,1.908954443913803
realistic,70,24,36.92307692307692,2.7893224735711697,1.9089218666822503
inclusion,52,16,24.615384615384617,2.0720681232242972,1.9071894497321187
use_case,67,19,29.23076923076923,2.669780081846691,1.9052970405400471
cross,50,25,38.46153846153846,1.9923731954079782,1.9041999855155156
convergence,48,20,30.76923076923077,1.9126782675916592,1.9030103894895787
involving,39,23,35.38461538461539,1.5540510924182231,1.9016358409977907
page,53,12,18.46153846153846,2.111915587132457,1.9008050132815923
unauthorized,40,15,23.076923076923077,1.5938985563263826,1.8935810796688752
execute,52,22,33.84615384615385,2.0720681232242972,1.8878931549237048
sign,42,20,30.76923076923077,1.6735934841427018,1.8862332015630188
tangible,37,16,24.615384615384617,1.4743561646019039,1.8840373462710334
extensive,48,24,36.92307692307692,1.9126782675916592,1.882408286773576
exists,43,22,33.84615384615385,1.7134409480508612,1.8809226619138923
generates,45,16,24.615384615384617,1.7931358758671805,1.880895530464128
age,48,24,36.92307692307692,1.9126782675916592,1.8734621941645582
exclusive,34,20,30.76923076923077,1.3548137728774252,1.8730511039834699
sophisticated,52,23,35.38461538461539,2.0720681232242972,1.8728225356909434
data_protection,34,15,23.076923076923077,1.3548137728774252,1.871978095793611
representing,54,25,38.46153846153846,2.1517630510406165,1.8711389501238238
indicating,57,22,33.84615384615385,2.271305442765095,1.8706144870399752
fair_exchange,41,2,3.076923076923077,1.6337460202345422,1.8692903446615945
try,41,21,32.30769230769231,1.6337460202345422,1.8590824932925243
educational,48,18,27.692307692307693,1.9126782675916592,1.856881049426719
scalable,53,22,33.84615384615385,2.111915587132457,1.856381957238804
buy,46,16,24.615384615384617,1.83298333977534,1.8561168907975465
immutable,41,18,27.692307692307693,1.6337460202345422,1.854708931585495
resistance,61,13,20.0,2.4306952983977337,1.853066178141317
adopt,37,19,29.23076923076923,1.4743561646019039,1.8526332823505733
path,41,20,30.76923076923077,1.6337460202345422,1.8524329317469437
underlying,52,24,36.92307692307692,2.0720681232242972,1.8411983140226
instead,45,27,41.53846153846154,1.7931358758671805,1.8393606311292425
changing,39,26,40.0,1.5540510924182231,1.8345215002136521
preference,50,18,27.692307692307693,1.9923731954079782,1.8344432439664242
exploitation,35,17,26.153846153846153,1.3946612367855848,1.834158426526391
started,32,14,21.53846153846154,1.2751188450611062,1.8329930108712034
quantitative,28,12,18.46153846153846,1.1157289894284679,1.8298983449560087
decentralized_nature,37,24,36.92307692307692,1.4743561646019039,1.8264676198196328
easy,41,25,38.46153846153846,1.6337460202345422,1.8235334055311572
sender,39,15,23.076923076923077,1.5540510924182231,1.8213212272068935
operating,53,28,43.07692307692308,2.111915587132457,1.8208869774561336
selected,46,24,36.92307692307692,1.83298333977534,1.8205859261238226
zero,56,20,30.76923076923077,2.2314579788569358,1.8202438650990298
targeted,56,23,35.38461538461539,2.2314579788569358,1.818127289500392
planet,50,4,6.153846153846154,1.9923731954079782,1.8166734504591318
plan,39,22,33.84615384615385,1.5540510924182231,1.815565590864292
length,35,16,24.615384615384617,1.3946612367855848,1.8151461282890275
pre,60,24,36.92307692307692,2.390847834489574,1.8148837258234647
taking,49,22,33.84615384615385,1.9525257314998188,1.814866529121544
withdraw,27,7,10.76923076923077,1.0758815255203082,1.8140285450828906
hybrid,45,17,26.153846153846153,1.7931358758671805,1.8129088788036631
virtual_land,43,15,23.076923076923077,1.7134409480508612,1.8124225329488433
emerged,48,26,40.0,1.9126782675916592,1.8076118571374533
international_conference,30,17,26.153846153846153,1.195423917244787,1.806665611050154
array,45,19,29.23076923076923,1.7931358758671805,1.8066255032070848
transfer_transaction,29,5,7.6923076923076925,1.1555764533366273,1.8049246515262436
registered,50,12,18.46153846153846,1.9923731954079782,1.8035582121194027
classify,34,17,26.153846153846153,1.3548137728774252,1.8033656840882595
exploring,51,28,43.07692307692308,2.032220659316138,1.8003299451553711
nft_dts,33,2,3.076923076923077,1.3149663089692656,1.8000678266375207
reference,46,18,27.692307692307693,1.83298333977534,1.7981784050721792
mitigate,56,23,35.38461538461539,2.2314579788569358,1.796460967627044
broader,58,26,40.0,2.3111529066732546,1.79408637677524
calculation,48,19,29.23076923076923,1.9126782675916592,1.7936363410400145
supervision,41,18,27.692307692307693,1.6337460202345422,1.793368655062869
display,49,25,38.46153846153846,1.9525257314998188,1.7922156334503607
encoded,28,10,15.384615384615385,1.1157289894284679,1.7918720262259489
promote,37,23,35.38461538461539,1.4743561646019039,1.7899739825188516
digital_object,35,18,27.692307692307693,1.3946612367855848,1.7868878189887547
primarily,52,29,44.61538461538461,2.0720681232242972,1.7868281602090779
related_work,38,26,40.0,1.5142036285100635,1.785156862729611
voting,54,18,27.692307692307693,2.1517630510406165,1.7851227519776578
active,52,20,30.76923076923077,2.0720681232242972,1.784825075475446
highlighted,56,19,29.23076923076923,2.2314579788569358,1.784420320998229
led,38,19,29.23076923076923,1.5142036285100635,1.784158264760935
proxy_signature,39,2,3.076923076923077,1.5540510924182231,1.7837098016683601
money_laundering,42,18,27.692307692307693,1.6735934841427018,1.7834346328920967
performs,46,16,24.615384615384617,1.83298333977534,1.7831478351391632
consumption,43,18,27.692307692307693,1.7134409480508612,1.7811321668796667
dispute_resolution,52,7,10.76923076923077,2.0720681232242972,1.7806108434446453
history,59,24,36.92307692307692,2.3510003705814144,1.780278227926273
adapt,45,22,33.84615384615385,1.7931358758671805,1.7796238353851972
safeguard,40,20,30.76923076923077,1.5938985563263826,1.7747058662388668
traded,47,20,30.76923076923077,1.8728308036834995,1.7726453481276963
federated_learning,42,11,16.923076923076923,1.6735934841427018,1.7709638821145266
liu,51,15,23.076923076923077,2.032220659316138,1.7705103507026256
going,29,10,15.384615384615385,1.1555764533366273,1.7703073904170172
financial_crime,31,5,7.6923076923076925,1.2352713811529465,1.7692484581003391
employee,38,8,12.307692307692308,1.5142036285100635,1.765882096607393
owned,53,16,24.615384615384617,2.111915587132457,1.765380100586514
define,40,23,35.38461538461539,1.5938985563263826,1.7618275469418536
virtual_reality_augmented_reality,35,26,40.0,1.3946612367855848,1.7614549959082333
seek,45,26,40.0,1.7931358758671805,1.758301126135042
institution,39,25,38.46153846153846,1.5540510924182231,1.757629735979365
minted,48,16,24.615384615384617,1.9126782675916592,1.7551263238897838
matrix,51,15,23.076923076923077,2.032220659316138,1.7504929542865688
encoding,32,8,12.307692307692308,1.2751188450611062,1.750416138433462
copy,31,18,27.692307692307693,1.2352713811529465,1.750178525695286
option,44,22,33.84615384615385,1.7532884119590209,1.748904661808035
raise,34,21,32.30769230769231,1.3548137728774252,1.7452916785304247
previously,39,24,36.92307692307692,1.5540510924182231,1.7396891292483865
initially,42,26,40.0,1.6735934841427018,1.7386895928591106
website,33,15,23.076923076923077,1.3149663089692656,1.7382030995013813
revealed,46,20,30.76923076923077,1.83298333977534,1.7376335919528327
credit,41,17,26.153846153846153,1.6337460202345422,1.7363942120046223
explored,47,26,40.0,1.8728308036834995,1.7361744071471732
independent,47,22,33.84615384615385,1.8728308036834995,1.734127858484298
massive,44,17,26.153846153846153,1.7532884119590209,1.7315585035398637
paradigm,50,21,32.30769230769231,1.9923731954079782,1.7309041617996215
similarity,42,13,20.0,1.6735934841427018,1.7306234205327875
post,45,23,35.38461538461539,1.7931358758671805,1.7299848469310841
regular,37,15,23.076923076923077,1.4743561646019039,1.7282279584704459
live,41,22,33.84615384615385,1.6337460202345422,1.7272412138979005
classifier,35,6,9.23076923076923,1.3946612367855848,1.7270329714814574
classified,39,23,35.38461538461539,1.5540510924182231,1.7260184002472798
protected,37,17,26.153846153846153,1.4743561646019039,1.7251738249950819
success,39,22,33.84615384615385,1.5540510924182231,1.7249416533461317
lot,40,15,23.076923076923077,1.5938985563263826,1.7226460120445914
calculated,47,17,26.153846153846153,1.8728308036834995,1.7217412692195888
contrast,53,25,38.46153846153846,2.111915587132457,1.718285313710849
consensus_mechanism,69,19,29.23076923076923,2.74947500966301,1.7164187541319909
mod,41,6,9.23076923076923,1.6337460202345422,1.716396357603428
choose,42,22,33.84615384615385,1.6735934841427018,1.7149209067705407
minting,49,11,16.923076923076923,1.9525257314998188,1.7140332001122405
finance_industry,15,2,3.076923076923077,0.5977119586223935,1.7117990495487252
microsoft,39,19,29.23076923076923,1.5540510924182231,1.7105000831973451
randomly,40,15,23.076923076923077,1.5938985563263826,1.7102039542835612
infringement,31,6,9.23076923076923,1.2352713811529465,1.7094221696444036
damage,37,14,21.53846153846154,1.4743561646019039,1.7090435859958477
foster,43,18,27.692307692307693,1.7134409480508612,1.708907407448811
avoid,56,23,35.38461538461539,2.2314579788569358,1.707859109960922
fixed,36,18,27.692307692307693,1.4345087006937443,1.70722743649193
immutability,36,19,29.23076923076923,1.4345087006937443,1.705817672948835
meta_environment,30,2,3.076923076923077,1.195423917244787,1.7054373256719928
identity_management,37,11,16.923076923076923,1.4743561646019039,1.7053090847185575
virtually,35,22,33.84615384615385,1.3946612367855848,1.7020794281651412
behavioural,29,5,7.6923076923076925,1.1555764533366273,1.7016814488052086
outline,40,19,29.23076923076923,1.5938985563263826,1.698546415073911
datasets,65,17,26.153846153846153,2.5900851540303718,1.6979493362325926
timestamp,35,13,20.0,1.3946612367855848,1.6964343469615928
receiver,36,10,15.384615384615385,1.4345087006937443,1.6941478514398574
advance,43,26,40.0,1.7134409480508612,1.69405748308144
document,48,20,30.76923076923077,1.9126782675916592,1.6931135425560226
estimate,56,13,20.0,2.2314579788569358,1.6919208558685594
base,37,21,32.30769230769231,1.4743561646019039,1.689619955524521
internal,33,16,24.615384615384617,1.3149663089692656,1.6878177841589774
virtual_currency,43,19,29.23076923076923,1.7134409480508612,1.6877107216987426
auction,34,13,20.0,1.3548137728774252,1.687385560358881
appear,33,18,27.692307692307693,1.3149663089692656,1.686772232548815
date,43,27,41.53846153846154,1.7134409480508612,1.6855057074525897
interconnected,49,20,30.76923076923077,1.9525257314998188,1.6849450132314723
svm,33,4,6.153846153846154,1.3149663089692656,1.6838924188600704
emergence,40,26,40.0,1.5938985563263826,1.6836313556855187
rapidly,38,29,44.61538461538461,1.5142036285100635,1.682293038748525
calculate,47,16,24.615384615384617,1.8728308036834995,1.681402601912822
distributed_ledger,41,17,26.153846153846153,1.6337460202345422,1.6811788073244038
highest,45,23,35.38461538461539,1.7931358758671805,1.680343619654806
entire,49,21,32.30769230769231,1.9525257314998188,1.6786247054372772
fashion,36,19,29.23076923076923,1.4345087006937443,1.673332139655118
resident,107,6,9.23076923076923,4.263678638173073,1.6716792748647489
expressed,42,18,27.692307692307693,1.6735934841427018,1.671377311543432
stolen,54,13,20.0,2.1517630510406165,1.6704901318098764
bias,43,15,23.076923076923077,1.7134409480508612,1.667987506687917
txc,27,2,3.076923076923077,1.0758815255203082,1.6666964270974451
affect,52,26,40.0,2.0720681232242972,1.6650111472766271
publicly,40,21,32.30769230769231,1.5938985563263826,1.6642730234342762
patent,26,5,7.6923076923076925,1.0360340616121486,1.6599328108924407
sybil_attack,40,9,13.846153846153847,1.5938985563263826,1.6584009563946138
perception,42,17,26.153846153846153,1.6735934841427018,1.6573431027096661
possession,32,10,15.384615384615385,1.2751188450611062,1.6561727361972545
popularity,40,27,41.53846153846154,1.5938985563263826,1.6558649208238811
assume,36,13,20.0,1.4345087006937443,1.6552381583665636
realm,48,21,32.30769230769231,1.9126782675916592,1.6523298391303156
engine,46,17,26.153846153846153,1.83298333977534,1.6514464805283084
frequency,49,18,27.692307692307693,1.9525257314998188,1.6511102977484335
hypothesis,34,12,18.46153846153846,1.3548137728774252,1.6487714776459605
uncertainty,47,17,26.153846153846153,1.8728308036834995,1.6477103684581638
applying,42,25,38.46153846153846,1.6735934841427018,1.6474209032329146
regulator,35,17,26.153846153846153,1.3946612367855848,1.6473887458968506
perceived,51,10,15.384615384615385,2.032220659316138,1.6467711573627308
forward,40,22,33.84615384615385,1.5938985563263826,1.644246406680782
decrease,41,18,27.692307692307693,1.6337460202345422,1.6423266162227894
investing,36,18,27.692307692307693,1.4345087006937443,1.641569174846477
india,27,14,21.53846153846154,1.0758815255203082,1.6415640006393735
pool,44,16,24.615384615384617,1.7532884119590209,1.6401584590782143
goodwill,28,2,3.076923076923077,1.1157289894284679,1.639970040496451
digital_art,39,16,24.615384615384617,1.5540510924182231,1.6391892669281591
exploration,52,18,27.692307692307693,2.0720681232242972,1.6377023047036825
assess,42,27,41.53846153846154,1.6735934841427018,1.6364465876229253
capacity,41,27,41.53846153846154,1.6337460202345422,1.630333660032809
data_breach,33,15,23.076923076923077,1.3149663089692656,1.6295390116442288
mining,51,21,32.30769230769231,2.032220659316138,1.6278602124829482
attribute_key,36,2,3.076923076923077,1.4345087006937443,1.6259372543048103
sustainable,49,20,30.76923076923077,1.9525257314998188,1.6247892912901338
skill,47,18,27.692307692307693,1.8728308036834995,1.6235311888219275
turn,44,22,33.84615384615385,1.7532884119590209,1.6205587525333347
miner,50,13,20.0,1.9923731954079782,1.618704386701481
edge_computing,46,10,15.384615384615385,1.83298333977534,1.617971864626791
recall,26,10,15.384615384615385,1.0360340616121486,1.61560156475132
derived,43,24,36.92307692307692,1.7134409480508612,1.6149070368533067
malware,46,10,15.384615384615385,1.83298333977534,1.61460336684529
continuous,42,17,26.153846153846153,1.6735934841427018,1.613909806871503
pose,44,25,38.46153846153846,1.7532884119590209,1.611011007001985
future_work,34,18,27.692307692307693,1.3548137728774252,1.6082819897499387
clearly,30,13,20.0,1.195423917244787,1.6066238186929755
examines,38,20,30.76923076923077,1.5142036285100635,1.6036092871164709
appropriate,42,28,43.07692307692308,1.6735934841427018,1.6031577212676267
literature_review,32,17,26.153846153846153,1.2751188450611062,1.6016565946453545
qualitative,28,12,18.46153846153846,1.1157289894284679,1.6008710846697025
measured,34,25,38.46153846153846,1.3548137728774252,1.6006900293194637
session,37,12,18.46153846153846,1.4743561646019039,1.6005416843277103
pay,33,21,32.30769230769231,1.3149663089692656,1.5984910406211614
sold,40,18,27.692307692307693,1.5938985563263826,1.5979966364204927
bridging,50,15,23.076923076923077,1.9923731954079782,1.5965742205287117
authenticate,40,15,23.076923076923077,1.5938985563263826,1.595442076993867
yes,42,9,13.846153846153847,1.6735934841427018,1.5915107866817682
direct,42,27,41.53846153846154,1.6735934841427018,1.5897777343641932
unknown,31,21,32.30769230769231,1.2352713811529465,1.5887190557989934
social_network,39,13,20.0,1.5540510924182231,1.5867393529381002
issued,33,15,23.076923076923077,1.3149663089692656,1.5867370393384803
fraudulent_activity,34,10,15.384615384615385,1.3548137728774252,1.5860266068874984
income,37,17,26.153846153846153,1.4743561646019039,1.5845743584360898
facilitating,51,19,29.23076923076923,2.032220659316138,1.5823792593209483
integrate,31,24,36.92307692307692,1.2352713811529465,1.580284286331478
institute,30,19,29.23076923076923,1.195423917244787,1.5733318329061885
zhang,46,15,23.076923076923077,1.83298333977534,1.5727513539059201
boundary,41,21,32.30769230769231,1.6337460202345422,1.5717772551944384
later,33,18,27.692307692307693,1.3149663089692656,1.5700783637869886
aggregation,43,9,13.846153846153847,1.7134409480508612,1.568047414039276
round,35,8,12.307692307692308,1.3946612367855848,1.5659420968995004
recorded,34,23,35.38461538461539,1.3548137728774252,1.5624117107927789
far,42,22,33.84615384615385,1.6735934841427018,1.5601645759875682
intelligence,55,14,21.53846153846154,2.191610514948776,1.5582505889790774
prior,42,20,30.76923076923077,1.6735934841427018,1.5578102041462225
cash,41,9,13.846153846153847,1.6337460202345422,1.5563708172690915
knn,23,2,3.076923076923077,0.91649166988767,1.5549554920380506
quickly,35,23,35.38461538461539,1.3946612367855848,1.554454353549949
firm,29,16,24.615384615384617,1.1555764533366273,1.551861033109138
earn,35,17,26.153846153846153,1.3946612367855848,1.5516506433483954
automatically,36,19,29.23076923076923,1.4345087006937443,1.551299019314006
level_digital,52,2,3.076923076923077,2.0720681232242972,1.5502383190612485
hacker,32,13,20.0,1.2751188450611062,1.550122574808285
social_interaction,50,20,30.76923076923077,1.9923731954079782,1.5497502315407725
completed,36,18,27.692307692307693,1.4345087006937443,1.5472193942607029
ssi,39,5,7.6923076923076925,1.5540510924182231,1.5453262292084724
data_flow,46,8,12.307692307692308,1.83298333977534,1.5443255468132606
track,48,24,36.92307692307692,1.9126782675916592,1.5438958879728208
health,41,19,29.23076923076923,1.6337460202345422,1.542597591357958
throughput,43,16,24.615384615384617,1.7134409480508612,1.5412965403853722
summarized,35,19,29.23076923076923,1.3946612367855848,1.5406743313608267
profit,34,19,29.23076923076923,1.3548137728774252,1.5372887304257525
promise,40,21,32.30769230769231,1.5938985563263826,1.535165195389331
shift,43,21,32.30769230769231,1.7134409480508612,1.5318998221896178
transition,43,19,29.23076923076923,1.7134409480508612,1.5309353940630173
trustworthiness,41,15,23.076923076923077,1.6337460202345422,1.5305246657711764
examined,44,22,33.84615384615385,1.7532884119590209,1.529513055428723
integer,40,10,15.384615384615385,1.5938985563263826,1.5274933163314104
managed,45,18,27.692307692307693,1.7931358758671805,1.5273228996453425
opinion,31,12,18.46153846153846,1.2352713811529465,1.5256122802964307
expectation,27,16,24.615384615384617,1.0758815255203082,1.5255839510617835
inherent,49,17,26.153846153846153,1.9525257314998188,1.525522053947966
vast,45,26,40.0,1.7931358758671805,1.5216863176472113
environmental,38,16,24.615384615384617,1.5142036285100635,1.5206218380411023
solidity,24,12,18.46153846153846,0.9563391337958296,1.5200813821929333
recommendation,35,17,26.153846153846153,1.3946612367855848,1.5192403954767113
ski,33,3,4.615384615384615,1.3149663089692656,1.5191467254629185
reduces,38,22,33.84615384615385,1.5142036285100635,1.5189077644649263
constraint,43,25,38.46153846153846,1.7134409480508612,1.5187370810622396
simultaneously,40,27,41.53846153846154,1.5938985563263826,1.5164528206112462
feel,33,14,21.53846153846154,1.3149663089692656,1.516324322994967
vote,36,13,20.0,1.4345087006937443,1.5128203054298945
negative,52,13,20.0,2.0720681232242972,1.5127503978830354
remote,38,18,27.692307692307693,1.5142036285100635,1.51146688394207
basis,44,22,33.84615384615385,1.7532884119590209,1.5101387041228356
speed,49,17,26.153846153846153,1.9525257314998188,1.5086370998453207
transformation,36,21,32.30769230769231,1.4345087006937443,1.5081378396109415
metal,33,4,6.153846153846154,1.3149663089692656,1.5079666962405915
elliptic_curve,33,7,10.76923076923077,1.3149663089692656,1.507785115264106
user_interact,35,19,29.23076923076923,1.3946612367855848,1.5045483501276125
index,41,10,15.384615384615385,1.6337460202345422,1.5036021241788227
cycle,38,16,24.615384615384617,1.5142036285100635,1.5029223866464168
applicable_creative,39,3,4.615384615384615,1.5540510924182231,1.5022203268968173
article_governed,39,3,4.615384615384615,1.5540510924182231,1.5022203268968173
common_license,39,3,4.615384615384615,1.5540510924182231,1.5022203268968173
condition_wiley,39,3,4.615384615384615,1.5540510924182231,1.5022203268968173
library_term,39,3,4.615384615384615,1.5540510924182231,1.5022203268968173
online_library,39,3,4.615384615384615,1.5540510924182231,1.5022203268968173
rule_use,39,3,4.615384615384615,1.5540510924182231,1.5022203268968173
wiley_online,39,3,4.615384615384615,1.5540510924182231,1.5022203268968173
old,31,15,23.076923076923077,1.2352713811529465,1.4989262174225677
small,52,19,29.23076923076923,2.0720681232242972,1.496860532471105
ecc,30,5,7.6923076923076925,1.195423917244787,1.4968013041134434
introduce,44,25,38.46153846153846,1.7532884119590209,1.4962320647615481
stand,40,22,33.84615384615385,1.5938985563263826,1.4959064057346594
module,44,12,18.46153846153846,1.7532884119590209,1.4954935827304947
denoted,33,16,24.615384615384617,1.3149663089692656,1.4916612327134235
illustrates,37,17,26.153846153846153,1.4743561646019039,1.4906171228343752
stealing,25,11,16.923076923076923,0.9961865977039891,1.4882794204356447
improves,37,17,26.153846153846153,1.4743561646019039,1.486267977223074
correlation,50,15,23.076923076923077,1.9923731954079782,1.4835964404774555
conflict,38,17,26.153846153846153,1.5142036285100635,1.4832821562953746
estimated,40,14,21.53846153846154,1.5938985563263826,1.4810475145945459
inclusive,36,18,27.692307692307693,1.4345087006937443,1.4799671208867013
usually,34,21,32.30769230769231,1.3548137728774252,1.4799103178781863
ideal,41,22,33.84615384615385,1.6337460202345422,1.477730998475685
majority,33,20,30.76923076923077,1.3149663089692656,1.476700926489349
fall,37,20,30.76923076923077,1.4743561646019039,1.4733827156500714
extended_reality,31,16,24.615384615384617,1.2352713811529465,1.4731226560860953
correct,40,17,26.153846153846153,1.5938985563263826,1.472813235478182
scope,41,23,35.38461538461539,1.6337460202345422,1.472365797852672
entry,35,19,29.23076923076923,1.3946612367855848,1.4698990561151264
fast,36,19,29.23076923076923,1.4345087006937443,1.4698586530520545
exchanged,36,21,32.30769230769231,1.4345087006937443,1.4698563539998468
efficiently,48,21,32.30769230769231,1.9126782675916592,1.467478289821773
development_attribute,60,2,3.076923076923077,2.390847834489574,1.4646674578676744
reentrancy,17,5,7.6923076923076925,0.6774068864387126,1.46332306134057
regulatory_framework,36,18,27.692307692307693,1.4345087006937443,1.462412873992703
transmission,46,17,26.153846153846153,1.83298333977534,1.4609059994688445
handling,34,18,27.692307692307693,1.3548137728774252,1.4608274138131716
modelling,56,6,9.23076923076923,2.2314579788569358,1.459668648149424
offline,39,14,21.53846153846154,1.5540510924182231,1.4577330545086737
emerging_technology,40,18,27.692307692307693,1.5938985563263826,1.4567934878401245
data_integrity,35,16,24.615384615384617,1.3946612367855848,1.4544076707162377
vital,38,25,38.46153846153846,1.5142036285100635,1.453455756536924
computed,47,18,27.692307692307693,1.8728308036834995,1.4530047118819702
deal,32,24,36.92307692307692,1.2751188450611062,1.452168469756614
determining,32,14,21.53846153846154,1.2751188450611062,1.4509133861639987
chen,47,19,29.23076923076923,1.8728308036834995,1.4507672801961053
decrypt,39,12,18.46153846153846,1.5540510924182231,1.4504962026867527
promoting,32,18,27.692307692307693,1.2751188450611062,1.4500524504566403
suggests,40,17,26.153846153846153,1.5938985563263826,1.4493565168121572
misuse,31,16,24.615384615384617,1.2352713811529465,1.4485119166038045
confidence,27,13,20.0,1.0758815255203082,1.4444961300610966
invest,28,18,27.692307692307693,1.1157289894284679,1.4433902152308662
purchasing,29,18,27.692307692307693,1.1555764533366273,1.4406994138722484
artificial_neural,26,5,7.6923076923076925,1.0360340616121486,1.440355332750573
transactional,37,13,20.0,1.4743561646019039,1.4395558372423602
satisfaction,29,10,15.384615384615385,1.1555764533366273,1.4383724587222555
expand,36,20,30.76923076923077,1.4345087006937443,1.4381327725671087
usa,28,18,27.692307692307693,1.1157289894284679,1.4375154930358174
thematic,40,7,10.76923076923077,1.5938985563263826,1.4369704005723383
extracted,39,11,16.923076923076923,1.5540510924182231,1.4368505851877842
expanding,34,21,32.30769230769231,1.3548137728774252,1.4348438950070799
suggested,46,15,23.076923076923077,1.83298333977534,1.4344201062975952
separate,35,17,26.153846153846153,1.3946612367855848,1.4343408345226312
ttp,33,2,3.076923076923077,1.3149663089692656,1.4338584371127112
chapter,36,12,18.46153846153846,1.4345087006937443,1.433850381510666
reduced,38,22,33.84615384615385,1.5142036285100635,1.433146205850596
lie,39,19,29.23076923076923,1.5540510924182231,1.4322030347983918
confirmation,34,17,26.153846153846153,1.3548137728774252,1.431013390360149
box,44,11,16.923076923076923,1.7532884119590209,1.4309994574324272
profile,39,19,29.23076923076923,1.5540510924182231,1.4304377182402233
requiring,46,18,27.692307692307693,1.83298333977534,1.428236299155171
examine,41,22,33.84615384615385,1.6337460202345422,1.4277722675012021
steal,32,15,23.076923076923077,1.2751188450611062,1.4246784868457771
evaluated,36,18,27.692307692307693,1.4345087006937443,1.423450622024947
updated,38,16,24.615384615384617,1.5142036285100635,1.4187826107300272
outside,36,22,33.84615384615385,1.4345087006937443,1.4148383342078437
existence,34,22,33.84615384615385,1.3548137728774252,1.4146296682575912
encrypted,47,14,21.53846153846154,1.8728308036834995,1.4145473110293656
feeling,35,12,18.46153846153846,1.3946612367855848,1.4124399831021246
belief,36,10,15.384615384615385,1.4345087006937443,1.4097141353970426
utilization,42,20,30.76923076923077,1.6735934841427018,1.4086719602488345
operator,48,14,21.53846153846154,1.9126782675916592,1.407384150799775
achieving,45,19,29.23076923076923,1.7931358758671805,1.4059673171752605
verifying,37,19,29.23076923076923,1.4743561646019039,1.4051198445094837
revenue,28,13,20.0,1.1157289894284679,1.4040446510856073
begin,34,20,30.76923076923077,1.3548137728774252,1.4023017614527267
variance,48,10,15.384615384615385,1.9126782675916592,1.401116742764037
dollar,35,20,30.76923076923077,1.3946612367855848,1.3990303824239185
january,37,14,21.53846153846154,1.4743561646019039,1.3976618484670797
count,34,14,21.53846153846154,1.3548137728774252,1.3951019223143146
bot,35,10,15.384615384615385,1.3946612367855848,1.3935406735123372
depth,37,21,32.30769230769231,1.4743561646019039,1.393441394485085
investigate,39,19,29.23076923076923,1.5540510924182231,1.3922457371443164
affordances,45,2,3.076923076923077,1.7931358758671805,1.392052167082869
denotes,36,15,23.076923076923077,1.4345087006937443,1.3912261524857046
facilitates,37,19,29.23076923076923,1.4743561646019039,1.390995641962788
suppose,28,12,18.46153846153846,1.1157289894284679,1.39024767782362
big_data,42,13,20.0,1.6735934841427018,1.3886231204427657
receiving,33,13,20.0,1.3149663089692656,1.3885799760058017
precision_recall,25,5,7.6923076923076925,0.9961865977039891,1.385667012830168
experienced,30,18,27.692307692307693,1.195423917244787,1.3839739971529406
shape,34,19,29.23076923076923,1.3548137728774252,1.382306671637522
encryption_decryption,37,7,10.76923076923077,1.4743561646019039,1.3812821332234069
progress,33,23,35.38461538461539,1.3149663089692656,1.3801169320418183
barrier,36,18,27.692307692307693,1.4345087006937443,1.3794686135275456
past,47,15,23.076923076923077,1.8728308036834995,1.375398235608056
occurs,32,22,33.84615384615385,1.2751188450611062,1.375143673998362
memory,37,17,26.153846153846153,1.4743561646019039,1.374493981681718
msg_sender,19,2,3.076923076923077,0.7571018142550318,1.3736109522711524
surrounding,29,18,27.692307692307693,1.1555764533366273,1.3733027817139634
stated,27,19,29.23076923076923,1.0758815255203082,1.3729640670756675
reveals,34,17,26.153846153846153,1.3548137728774252,1.3722860687027414
approximately,38,18,27.692307692307693,1.5142036285100635,1.3718921602360052
robustness,46,14,21.53846153846154,1.83298333977534,1.37168300944718
position,42,19,29.23076923076923,1.6735934841427018,1.371309755311458
precision,26,10,15.384615384615385,1.0360340616121486,1.3701656229709258
center,38,21,32.30769230769231,1.5142036285100635,1.3696699813448565
identical,27,14,21.53846153846154,1.0758815255203082,1.3696619717111458
experimental,37,13,20.0,1.4743561646019039,1.368835107068437
expansion,30,22,33.84615384615385,1.195423917244787,1.3687150969476949
trademark,21,5,7.6923076923076925,0.8367967420713509,1.3683756963181628
honest,45,13,20.0,1.7931358758671805,1.367264954173046
manufacturing,36,12,18.46153846153846,1.4345087006937443,1.366829440248251
liquidity,37,16,24.615384615384617,1.4743561646019039,1.3663345935767974
statistic,44,10,15.384615384615385,1.7532884119590209,1.365684396065521
pop,23,4,6.153846153846154,0.91649166988767,1.365552836804537
avatar_authentication,28,5,7.6923076923076925,1.1157289894284679,1.3648005009791238
digital_content,39,19,29.23076923076923,1.5540510924182231,1.3646750550024083
great,29,18,27.692307692307693,1.1555764533366273,1.364120454895637
psychological,32,10,15.384615384615385,1.2751188450611062,1.3637703053815264
shopping,30,16,24.615384615384617,1.195423917244787,1.3629801947857474
divided,34,23,35.38461538461539,1.3548137728774252,1.3619162105006364
anonymous,31,20,30.76923076923077,1.2352713811529465,1.361739730888833
financial_supervision,22,2,3.076923076923077,0.8766442059795104,1.361612676597386
financial_fraud,21,6,9.23076923076923,0.8367967420713509,1.3612404320999014
forecast,25,12,18.46153846153846,0.9961865977039891,1.3612047512741394
forum,26,10,15.384615384615385,1.0360340616121486,1.361090373903996
sensitive,43,17,26.153846153846153,1.7134409480508612,1.3605774164359214
collective,39,21,32.30769230769231,1.5540510924182231,1.3605461945969946
biometric_authentication,32,8,12.307692307692308,1.2751188450611062,1.3598936018067191
considerable,26,15,23.076923076923077,1.0360340616121486,1.3580625444613035
abac,43,2,3.076923076923077,1.7134409480508612,1.3577636667619692
optimal,38,18,27.692307692307693,1.5142036285100635,1.3529662768297883
encompasses,36,19,29.23076923076923,1.4345087006937443,1.3529215360002829
worth,39,22,33.84615384615385,1.5540510924182231,1.3499386271444753
compromise,40,19,29.23076923076923,1.5938985563263826,1.3490472171562458
transferring,35,16,24.615384615384617,1.3946612367855848,1.3481089833113549
closely,34,20,30.76923076923077,1.3548137728774252,1.346723515967684
generative_ai,25,5,7.6923076923076925,0.9961865977039891,1.3443364267667959
travel,28,13,20.0,1.1157289894284679,1.3435929670867626
expression,38,18,27.692307692307693,1.5142036285100635,1.3412335594644795
remedy,19,7,10.76923076923077,0.7571018142550318,1.3385826046160767
background,35,16,24.615384615384617,1.3946612367855848,1.3376437733151432
susceptible,37,18,27.692307692307693,1.4743561646019039,1.337589983263124
collaborate,26,15,23.076923076923077,1.0360340616121486,1.3375847187758403
large_scale,38,16,24.615384615384617,1.5142036285100635,1.3375643276596456
cyberspace,66,13,20.0,2.629932617938531,1.3364873960293693
empowered,38,10,15.384615384615385,1.5142036285100635,1.3360625983129069
llm,18,2,3.076923076923077,0.7172543503468721,1.3357014849054827
persistent,26,16,24.615384615384617,1.0360340616121486,1.33513163076448
interested,35,20,30.76923076923077,1.3946612367855848,1.3349088775489133
anti,28,10,15.384615384615385,1.1157289894284679,1.3324745865435292
grow,31,22,33.84615384615385,1.2352713811529465,1.3323749566310708
region,30,15,23.076923076923077,1.195423917244787,1.3266566449947863
consequence,34,19,29.23076923076923,1.3548137728774252,1.3259156881288572
anomaly_detection,23,5,7.6923076923076925,0.91649166988767,1.3256968694393503
controlled,41,18,27.692307692307693,1.6337460202345422,1.3239691262357878
absence,29,17,26.153846153846153,1.1555764533366273,1.3206317142121018
correctly,35,15,23.076923076923077,1.3946612367855848,1.320268894327931
inside,38,18,27.692307692307693,1.5142036285100635,1.3191066452473756
allowed,38,17,26.153846153846153,1.5142036285100635,1.3190167503828938
population,26,15,23.076923076923077,1.0360340616121486,1.3165600378983353
kim,39,15,23.076923076923077,1.5540510924182231,1.3163414147950145
reveal,36,19,29.23076923076923,1.4345087006937443,1.314407252654733
short,36,24,36.92307692307692,1.4345087006937443,1.313827989662467
mitigating,36,23,35.38461538461539,1.4345087006937443,1.3129945188312901
genuine,33,11,16.923076923076923,1.3149663089692656,1.310925330996391
validate,34,21,32.30769230769231,1.3548137728774252,1.3104977278059113
engaging,40,21,32.30769230769231,1.5938985563263826,1.3079887121614218
actually,23,14,21.53846153846154,0.91649166988767,1.3075745721626983
quantum_computing,34,11,16.923076923076923,1.3548137728774252,1.3058521299585786
simply,31,17,26.153846153846153,1.2352713811529465,1.3057843136964178
sufficient,30,17,26.153846153846153,1.195423917244787,1.3046765279776449
initiate,31,14,21.53846153846154,1.2352713811529465,1.3036789655917471
showed,32,14,21.53846153846154,1.2751188450611062,1.3019765040212268
trader,34,9,13.846153846153847,1.3548137728774252,1.2996904133790173
exchange_protocol,28,2,3.076923076923077,1.1157289894284679,1.2994014632768802
financial_innovation,40,4,6.153846153846154,1.5938985563263826,1.299273147301229
expert,34,19,29.23076923076923,1.3548137728774252,1.299169594574148
partially,35,18,27.692307692307693,1.3946612367855848,1.298163888668343
redeem,29,3,4.615384615384615,1.1555764533366273,1.2975058469817276
specialized,31,15,23.076923076923077,1.2352713811529465,1.2974289655093978
opensea,28,11,16.923076923076923,1.1157289894284679,1.2974283020670152
defense,31,14,21.53846153846154,1.2352713811529465,1.296856597129593
fraudulent_transaction,26,10,15.384615384615385,1.0360340616121486,1.2967887827366975
book,30,17,26.153846153846153,1.195423917244787,1.2965235017318353
storing,31,21,32.30769230769231,1.2352713811529465,1.294618727384133
sensitive_information,40,16,24.615384615384617,1.5938985563263826,1.294508251585823
brings,31,22,33.84615384615385,1.2352713811529465,1.2942945495642886
city,59,12,18.46153846153846,2.3510003705814144,1.2939777032163502
investigated,37,19,29.23076923076923,1.4743561646019039,1.292844739867538
bound,31,14,21.53846153846154,1.2352713811529465,1.290150042873974
chosen,35,17,26.153846153846153,1.3946612367855848,1.2862227182396813
refer,35,19,29.23076923076923,1.3946612367855848,1.2858772625635664
faster,31,14,21.53846153846154,1.2352713811529465,1.2854389563887256
lee,38,13,20.0,1.5142036285100635,1.2853779566549366
secure_communication,34,7,10.76923076923077,1.3548137728774252,1.284761444869464
embedded,30,22,33.84615384615385,1.195423917244787,1.2843286464704355
digital_real_estate,26,3,4.615384615384615,1.0360340616121486,1.2836319995942347
pot,21,2,3.076923076923077,0.8367967420713509,1.2835675026722178
indicator,29,17,26.153846153846153,1.1555764533366273,1.281920063716611
upgrade,34,9,13.846153846153847,1.3548137728774252,1.2815788838766753
carry,34,21,32.30769230769231,1.3548137728774252,1.2814653185650855
certificate,26,12,18.46153846153846,1.0360340616121486,1.280921260457987
software_update,18,2,3.076923076923077,0.7172543503468721,1.2799837828478278
capable,42,20,30.76923076923077,1.6735934841427018,1.2794710804541325
jurisdictional,19,5,7.6923076923076925,0.7571018142550318,1.2779664436374498
enforcement,27,13,20.0,1.0758815255203082,1.276935860137011
vii,27,17,26.153846153846153,1.0758815255203082,1.276918512416252
ratio,41,11,16.923076923076923,1.6337460202345422,1.276080718484234
thorough,30,17,26.153846153846153,1.195423917244787,1.2748264824028026
deposit,20,9,13.846153846153847,0.7969492781631913,1.2745786855081631
applicable,26,19,29.23076923076923,1.0360340616121486,1.273374173661449
neural_network,42,11,16.923076923076923,1.6735934841427018,1.272823291400286
evidence,36,23,35.38461538461539,1.4345087006937443,1.2725652003708678
ultimately,31,17,26.153846153846153,1.2352713811529465,1.272564811856308
recent_year,24,20,30.76923076923077,0.9563391337958296,1.2715750688800633
mixed_reality,28,20,30.76923076923077,1.1157289894284679,1.2693943477419642
oriented,40,18,27.692307692307693,1.5938985563263826,1.269138132791352
sending,25,14,21.53846153846154,0.9961865977039891,1.2683626514593087
clustering,41,12,18.46153846153846,1.6337460202345422,1.268183847727977
alpha,33,4,6.153846153846154,1.3149663089692656,1.2671837754363235
conducting,27,22,33.84615384615385,1.0758815255203082,1.2664125781782474
imperative,36,15,23.076923076923077,1.4345087006937443,1.265912737413242
single_point,31,14,21.53846153846154,1.2352713811529465,1.2638149660862665
special,29,24,36.92307692307692,1.1555764533366273,1.2630952455159081
functioning,28,14,21.53846153846154,1.1157289894284679,1.2626203043651547
incident,29,14,21.53846153846154,1.1555764533366273,1.2615970506758996
pow,54,10,15.384615384615385,2.1517630510406165,1.2605986005609375
operates,34,20,30.76923076923077,1.3548137728774252,1.2601828100925603
national_university,21,5,7.6923076923076925,0.8367967420713509,1.2600081361372413
legal_framework,22,11,16.923076923076923,0.8766442059795104,1.2591499348207018
machine_learning_model,25,8,12.307692307692308,0.9961865977039891,1.257284850209824
hash_function,31,16,24.615384615384617,1.2352713811529465,1.255623486648029
outlined,33,17,26.153846153846153,1.3149663089692656,1.2537138794006288
neal_stephenson,22,20,30.76923076923077,0.8766442059795104,1.2530915308475892
medical,37,17,26.153846153846153,1.4743561646019039,1.2526350303462126
attracted,20,16,24.615384615384617,0.7969492781631913,1.250566984194691
privacy_concern,45,14,21.53846153846154,1.7931358758671805,1.2498859365043575
apps,26,17,26.153846153846153,1.0360340616121486,1.249335376433002
restriction,33,16,24.615384615384617,1.3149663089692656,1.2493024484510673
completely,29,21,32.30769230769231,1.1555764533366273,1.2491003146235886
cronbach_alpha,34,3,4.615384615384615,1.3548137728774252,1.247365843212472
largest,27,12,18.46153846153846,1.0758815255203082,1.2472924039030737
written,30,20,30.76923076923077,1.195423917244787,1.2452911026610214
demonstrates,33,22,33.84615384615385,1.3149663089692656,1.2451116859042708
solve,25,20,30.76923076923077,0.9961865977039891,1.2434577549394366
id,70,10,15.384615384615385,2.7893224735711697,1.2428372350026833
depicted,31,17,26.153846153846153,1.2352713811529465,1.2423601355581277
stablecoins,40,6,9.23076923076923,1.5938985563263826,1.2420590354181256
beginning,30,15,23.076923076923077,1.195423917244787,1.2416375322926145
sbom,18,2,3.076923076923077,0.7172543503468721,1.2410634832691732
lease,29,4,6.153846153846154,1.1555764533366273,1.2410241387457215
resilience,40,17,26.153846153846153,1.5938985563263826,1.2385487391429488
recording,32,18,27.692307692307693,1.2751188450611062,1.236530162069783
high_level,37,20,30.76923076923077,1.4743561646019039,1.2354724321908845
linear_regression,21,5,7.6923076923076925,0.8367967420713509,1.2348623394521698
modeling,32,16,24.615384615384617,1.2751188450611062,1.2346562055723138
trusted_party,34,11,16.923076923076923,1.3548137728774252,1.2338165427981724
series,30,17,26.153846153846153,1.195423917244787,1.2331798331626336
hack,26,11,16.923076923076923,1.0360340616121486,1.2323340871403217
wider,31,12,18.46153846153846,1.2352713811529465,1.2322934919698474
duration,31,13,20.0,1.2352713811529465,1.229726963207212
reviewed,39,18,27.692307692307693,1.5540510924182231,1.2296909492681651
widely,30,24,36.92307692307692,1.195423917244787,1.2282297866223146
launched,32,17,26.153846153846153,1.2751188450611062,1.2265420214573042
constant,33,15,23.076923076923077,1.3149663089692656,1.2258832840062737
offered,31,26,40.0,1.2352713811529465,1.2257793192159276
regulated,34,16,24.615384615384617,1.3548137728774252,1.2249973496806152
selection,32,20,30.76923076923077,1.2751188450611062,1.2237152745012922
incorporates,31,20,30.76923076923077,1.2352713811529465,1.2232265139312157
proper,25,18,27.692307692307693,0.9961865977039891,1.222045103005296
real_life,22,14,21.53846153846154,0.8766442059795104,1.2205863802085186
modern,25,14,21.53846153846154,0.9961865977039891,1.2199348719124485
variation,35,16,24.615384615384617,1.3946612367855848,1.2191999566066647
representative,28,14,21.53846153846154,1.1157289894284679,1.2190543338087627
don,44,6,9.23076923076923,1.7532884119590209,1.2187588054652034
moving,33,20,30.76923076923077,1.3149663089692656,1.2184221686777588
evaluating,34,19,29.23076923076923,1.3548137728774252,1.2180793288292004
think,32,13,20.0,1.2751188450611062,1.214667986569843
analytics,33,13,20.0,1.3149663089692656,1.214166878698688
guideline,29,17,26.153846153846153,1.1555764533366273,1.2134831429338828
custom,24,10,15.384615384615385,0.9563391337958296,1.2117564593169623
confusion_matrix,25,6,9.23076923076923,0.9961865977039891,1.2116988484553561
backbone,23,10,15.384615384615385,0.91649166988767,1.2113515987728665
respective,34,17,26.153846153846153,1.3548137728774252,1.2110648688578662
nonce,27,10,15.384615384615385,1.0758815255203082,1.2097185490998494
leakage,31,17,26.153846153846153,1.2352713811529465,1.2093429139976786
cooperation,22,13,20.0,0.8766442059795104,1.2088837661521221
scarcity,26,12,18.46153846153846,1.0360340616121486,1.2086460045800123
explanation,32,17,26.153846153846153,1.2751188450611062,1.2085543773410916
chain_smart_contract,35,5,7.6923076923076925,1.3946612367855848,1.2079063137762438
modification,21,18,27.692307692307693,0.8367967420713509,1.207337506238226
privacy_protection,30,14,21.53846153846154,1.195423917244787,1.206820482894645
comparative,21,8,12.307692307692308,0.8367967420713509,1.205592347138754
augmented,26,17,26.153846153846153,1.0360340616121486,1.204588059860731
answer,27,13,20.0,1.0758815255203082,1.2038444163153132
confidentiality,32,17,26.153846153846153,1.2751188450611062,1.2029289335668534
formal,26,13,20.0,1.0360340616121486,1.2019134630605786
took,23,17,26.153846153846153,0.91649166988767,1.2014612133622522
gained,34,20,30.76923076923077,1.3548137728774252,1.2013856221300883
overhead,34,15,23.076923076923077,1.3548137728774252,1.2009814880167795
artifact,33,8,12.307692307692308,1.3149663089692656,1.2007752681902197
explores,30,21,32.30769230769231,1.195423917244787,1.1985371878805977
smaller,32,22,33.84615384615385,1.2751188450611062,1.1980205454204411
originality,32,5,7.6923076923076925,1.2751188450611062,1.1979248762152608
specified,29,19,29.23076923076923,1.1555764533366273,1.1978021706455177
ransomware,40,8,12.307692307692308,1.5938985563263826,1.1976164535491907
defining,26,15,23.076923076923077,1.0360340616121486,1.1970823928689986
heavily,24,13,20.0,0.9563391337958296,1.1956834067429438
counterparty,27,4,6.153846153846154,1.0758815255203082,1.1951038367626352
team,30,17,26.153846153846153,1.195423917244787,1.1945141880763315
seamlessly,37,18,27.692307692307693,1.4743561646019039,1.192492426909155
programming,24,18,27.692307692307693,0.9563391337958296,1.1909865388467498
underscore,38,12,18.46153846153846,1.5142036285100635,1.190337927147346
adopted,30,21,32.30769230769231,1.195423917244787,1.190253084248473
digital_creator,41,3,4.615384615384615,1.6337460202345422,1.187660829521106
virtual_good,29,16,24.615384615384617,1.1555764533366273,1.1874629809669908
biometric,67,10,15.384615384615385,2.669780081846691,1.186957445043067
brought,23,16,24.615384615384617,0.91649166988767,1.1849936300070103
execution_time,30,8,12.307692307692308,1.195423917244787,1.183002709649287
loyalty,33,7,10.76923076923077,1.3149663089692656,1.1824720469614782
satisfy,29,18,27.692307692307693,1.1555764533366273,1.1823912215687378
urban,90,6,9.23076923076923,3.586271751734361,1.1815080185332745
acceptance,32,15,23.076923076923077,1.2751188450611062,1.1810715803770544
row,33,7,10.76923076923077,1.3149663089692656,1.180419727630183
mode,30,16,24.615384615384617,1.195423917244787,1.1789216904988362
running,23,16,24.615384615384617,0.91649166988767,1.17713344999074
respect,31,16,24.615384615384617,1.2352713811529465,1.1771043366290475
picture,25,16,24.615384615384617,0.9961865977039891,1.1764638108521377
resistant,26,13,20.0,1.0360340616121486,1.1747530765278986
explained,29,16,24.615384615384617,1.1555764533366273,1.1743038774656667
accurately,32,17,26.153846153846153,1.2751188450611062,1.1737947845977434
fusion,34,12,18.46153846153846,1.3548137728774252,1.1735601289810116
contain,23,19,29.23076923076923,0.91649166988767,1.1725956991385387
measurement,34,13,20.0,1.3548137728774252,1.1723101615237395
online_available,14,4,6.153846153846154,0.5578644947142339,1.171196047534695
initialization,27,9,13.846153846153847,1.0758815255203082,1.1690294763619704
hard,26,17,26.153846153846153,1.0360340616121486,1.167812761632254
trading_volume,49,7,10.76923076923077,1.9525257314998188,1.167457082340844
encourage,29,20,30.76923076923077,1.1555764533366273,1.166741720794793
sampling,31,12,18.46153846153846,1.2352713811529465,1.1665347325442612
activation,23,8,12.307692307692308,0.91649166988767,1.1664038065244717
logistic_regression,25,4,6.153846153846154,0.9961865977039891,1.1659531349326229
machine_learning_algorithm,22,10,15.384615384615385,0.8766442059795104,1.1657856023915356
easier,33,18,27.692307692307693,1.3149663089692656,1.1653094984934664
multiplication,31,8,12.307692307692308,1.2352713811529465,1.1651768863346215
assigned,33,14,21.53846153846154,1.3149663089692656,1.1651322512650322
confirmed,28,16,24.615384615384617,1.1157289894284679,1.1642205254650733
alice_bob,28,4,6.153846153846154,1.1157289894284679,1.1632182211689601
interoperable,38,12,18.46153846153846,1.5142036285100635,1.1625314452509836
extent,32,12,18.46153846153846,1.2751188450611062,1.162014572249107
receives,26,19,29.23076923076923,1.0360340616121486,1.1616306177389637
reflect,34,21,32.30769230769231,1.3548137728774252,1.161470731641156
stream,34,12,18.46153846153846,1.3548137728774252,1.1610859414148784
fairness,31,16,24.615384615384617,1.2352713811529465,1.1609830947778716
novelty,27,11,16.923076923076923,1.0758815255203082,1.1607017652133649
app,24,13,20.0,0.9563391337958296,1.1602648844951484
entirely,24,16,24.615384615384617,0.9563391337958296,1.1601147446085671
availability,38,20,30.76923076923077,1.5142036285100635,1.1593555690138007
evolve,37,17,26.153846153846153,1.4743561646019039,1.1588075021631552
sensitive_data,36,17,26.153846153846153,1.4345087006937443,1.1582568452114133
harassment,32,9,13.846153846153847,1.2751188450611062,1.1575607840437119
counterpart,43,11,16.923076923076923,1.7134409480508612,1.1572151524993328
broad,28,20,30.76923076923077,1.1157289894284679,1.1561715245252193
assist,29,18,27.692307692307693,1.1555764533366273,1.1553197693973607
script,17,5,7.6923076923076925,0.6774068864387126,1.1550845679196777
historical,33,15,23.076923076923077,1.3149663089692656,1.1548858206483141
extended,24,17,26.153846153846153,0.9563391337958296,1.153169218433232
widely_used,27,20,30.76923076923077,1.0758815255203082,1.152517714687421
transform,28,19,29.23076923076923,1.1157289894284679,1.1519946841209212
rich,38,18,27.692307692307693,1.5142036285100635,1.1512815854817404
biometrics,55,10,15.384615384615385,2.191610514948776,1.1512097436799524
register,27,15,23.076923076923077,1.0758815255203082,1.151150810448381
matter,20,15,23.076923076923077,0.7969492781631913,1.1507453173197397
tested,34,17,26.153846153846153,1.3548137728774252,1.1507383272651959
internet_thing,33,22,33.84615384615385,1.3149663089692656,1.1505668977273602
accurate,43,21,32.30769230769231,1.7134409480508612,1.1492336671692347
deploy,22,15,23.076923076923077,0.8766442059795104,1.1481144221624215
train,29,15,23.076923076923077,1.1555764533366273,1.1474804032188477
parallel,37,19,29.23076923076923,1.4743561646019039,1.1462206627126463
kumar,23,10,15.384615384615385,0.91649166988767,1.1458523797301474
obtaining,22,14,21.53846153846154,0.8766442059795104,1.1430394125210275
subsequent,34,22,33.84615384615385,1.3548137728774252,1.1425274763245208
utility,39,19,29.23076923076923,1.5540510924182231,1.1423840823396483
launch,24,18,27.692307692307693,0.9563391337958296,1.1420963023842932
agreed,30,10,15.384615384615385,1.195423917244787,1.1418931420094318
flaw,23,13,20.0,0.91649166988767,1.14184917418637
traceability,36,14,21.53846153846154,1.4345087006937443,1.1409461609685974
proposes,35,16,24.615384615384617,1.3946612367855848,1.1378206173476961
employing,35,18,27.692307692307693,1.3946612367855848,1.136979748051783
decentralized_storage,25,8,12.307692307692308,0.9961865977039891,1.1367613780634145
depending,32,20,30.76923076923077,1.2751188450611062,1.1361052175113904
intended,30,20,30.76923076923077,1.195423917244787,1.134701534563172
navigate,30,14,21.53846153846154,1.195423917244787,1.1337568870472106
latest,30,17,26.153846153846153,1.195423917244787,1.13285441797279
firstly,30,18,27.692307692307693,1.195423917244787,1.131733550308782
fingerprint,31,10,15.384615384615385,1.2352713811529465,1.1316463766496834
continued,25,16,24.615384615384617,0.9961865977039891,1.1315845575932224
open_source,25,13,20.0,0.9961865977039891,1.131387723428809
referred,27,18,27.692307692307693,1.0758815255203082,1.1308875950804491
pandemic,24,14,21.53846153846154,0.9563391337958296,1.129718587239155
nation,27,13,20.0,1.0758815255203082,1.1291791772258304
noted,30,16,24.615384615384617,1.195423917244787,1.128515713366691
regulate,24,14,21.53846153846154,0.9563391337958296,1.128419306412976
breach,32,13,20.0,1.2751188450611062,1.1282299491410008
linear,34,15,23.076923076923077,1.3548137728774252,1.1278955035924438
actively,29,21,32.30769230769231,1.1555764533366273,1.1275600128918153
centralised,37,6,9.23076923076923,1.4743561646019039,1.1270013299442039
silver,29,6,9.23076923076923,1.1555764533366273,1.1269342514775544
insufficient,25,18,27.692307692307693,0.9961865977039891,1.1252529952039962
daily,41,14,21.53846153846154,1.6337460202345422,1.1252466131301615
temporal,28,17,26.153846153846153,1.1157289894284679,1.1231389965442538
enter,24,16,24.615384615384617,0.9563391337958296,1.1224626327442708
reported,33,19,29.23076923076923,1.3149663089692656,1.121038789026727
enablers,48,7,10.76923076923077,1.9126782675916592,1.1187276778583546
stronger,31,13,20.0,1.2352713811529465,1.1182610844353083
crash,23,18,27.692307692307693,0.91649166988767,1.117786942023076
freely,19,14,21.53846153846154,0.7571018142550318,1.117301447983493
accordingly,28,20,30.76923076923077,1.1157289894284679,1.1167672703387599
static,33,13,20.0,1.3149663089692656,1.1163570637330316
trust_value,48,2,3.076923076923077,1.9126782675916592,1.1156407979460887
autonomous,33,14,21.53846153846154,1.3149663089692656,1.114862513869183
identifies,31,19,29.23076923076923,1.2352713811529465,1.1136791386515577
examining,35,18,27.692307692307693,1.3946612367855848,1.1135466019867755
weakness,27,14,21.53846153846154,1.0758815255203082,1.1134090796608314
hot,18,12,18.46153846153846,0.7172543503468721,1.1118678161946456
expensive,24,14,21.53846153846154,0.9563391337958296,1.1117406230003999
wide,29,20,30.76923076923077,1.1555764533366273,1.110586016053497
hidden,28,15,23.076923076923077,1.1157289894284679,1.1091694662180118
explain,31,14,21.53846153846154,1.2352713811529465,1.108377148094355
prototype,20,8,12.307692307692308,0.7969492781631913,1.1083271426102732
october,31,18,27.692307692307693,1.2352713811529465,1.1080643954853557
edge_server,33,3,4.615384615384615,1.3149663089692656,1.1070533666669686
digital_transformation,28,10,15.384615384615385,1.1157289894284679,1.1060425005805605
subsection,34,14,21.53846153846154,1.3548137728774252,1.1046889202771408
prominent,28,17,26.153846153846153,1.1157289894284679,1.1030753593978337
cover,21,17,26.153846153846153,0.8367967420713509,1.1027056406721754
regardless,28,18,27.692307692307693,1.1157289894284679,1.1023251067429847
monetization,30,10,15.384615384615385,1.195423917244787,1.1023030713656765
augmented_reality_virtual_reality,17,14,21.53846153846154,0.6774068864387126,1.1022590204632352
zkps,40,3,4.615384615384615,1.5938985563263826,1.1017897139323456
unified,31,13,20.0,1.2352713811529465,1.1006758861467936
decade,27,20,30.76923076923077,1.0758815255203082,1.1001125340064402
assumption,28,14,21.53846153846154,1.1157289894284679,1.099874039628348
implies,25,16,24.615384615384617,0.9961865977039891,1.0991437026070277
cyber_threat,33,13,20.0,1.3149663089692656,1.0966856649228247
gaining,20,12,18.46153846153846,0.7969492781631913,1.0964177007290947
random_number,25,7,10.76923076923077,0.9961865977039891,1.0961183064299105
byte,28,8,12.307692307692308,1.1157289894284679,1.0955385122405086
claim_transaction,17,2,3.076923076923077,0.6774068864387126,1.0942854245426525
overcome,29,22,33.84615384615385,1.1555764533366273,1.0916300083216641
robust_security,29,16,24.615384615384617,1.1555764533366273,1.091006514390829
social_economic,20,11,16.923076923076923,0.7969492781631913,1.0895523564189022
theorem,32,8,12.307692307692308,1.2751188450611062,1.089472834814009
fault_tolerance,23,3,4.615384615384615,0.91649166988767,1.0887498723342965
safeguarding,28,16,24.615384615384617,1.1157289894284679,1.087817368025851
month,25,16,24.615384615384617,0.9961865977039891,1.0871618499152456
formed,26,14,21.53846153846154,1.0360340616121486,1.0870350167757818
time_series,36,5,7.6923076923076925,1.4345087006937443,1.085528581449711
really,34,6,9.23076923076923,1.3548137728774252,1.0846324806599061
international_law,13,2,3.076923076923077,0.5180170308060743,1.0837203978339098
subset,25,12,18.46153846153846,0.9961865977039891,1.0825466112550006
card,28,13,20.0,1.1157289894284679,1.081542301790811
label,19,9,13.846153846153847,0.7571018142550318,1.0812791411562364
culture,27,13,20.0,1.0758815255203082,1.0810161409559527
strategic,35,17,26.153846153846153,1.3946612367855848,1.0808138043800248
transformative,32,16,24.615384615384617,1.2751188450611062,1.0806955380404166
giving,29,18,27.692307692307693,1.1555764533366273,1.079669530877661
piece,30,15,23.076923076923077,1.195423917244787,1.0781328170124704
substantial,37,16,24.615384615384617,1.4743561646019039,1.0780062054987454
entail,23,18,27.692307692307693,0.91649166988767,1.0765369898429529
certificate_authority,22,4,6.153846153846154,0.8766442059795104,1.0764754636138607
intangible,20,8,12.307692307692308,0.7969492781631913,1.076072090972338
follow,30,18,27.692307692307693,1.195423917244787,1.0759846049526898
suggest,34,17,26.153846153846153,1.3548137728774252,1.0753484442455263
exhibit,41,12,18.46153846153846,1.6337460202345422,1.0744526164682988
semantic,25,10,15.384615384615385,0.9961865977039891,1.0741760299807719
impossible,23,17,26.153846153846153,0.91649166988767,1.0741102365676947
intensive,37,17,26.153846153846153,1.4743561646019039,1.0736673413977176
centre,24,11,16.923076923076923,0.9563391337958296,1.0736496217863798
incorporating,33,20,30.76923076923077,1.3149663089692656,1.0730717770699159
volatility,40,7,10.76923076923077,1.5938985563263826,1.0726711049316309
wearable,44,12,18.46153846153846,1.7532884119590209,1.0724906824592122
consensus_algorithm,25,10,15.384615384615385,0.9961865977039891,1.072430194855913
held,22,18,27.692307692307693,0.8766442059795104,1.0715101102496023
worldwide,25,15,23.076923076923077,0.9961865977039891,1.0703803347074352
islamic_finance,14,2,3.076923076923077,0.5578644947142339,1.0699789246380516
caller,35,4,6.153846153846154,1.3946612367855848,1.0690358414828127
fine,21,10,15.384615384615385,0.8367967420713509,1.0681531128253612
current_state,27,14,21.53846153846154,1.0758815255203082,1.0678787143665418
avenue,38,17,26.153846153846153,1.5142036285100635,1.0676956713013563
globally,21,12,18.46153846153846,0.8367967420713509,1.0669936291994055
resilient,26,15,23.076923076923077,1.0360340616121486,1.0667000477133433
destination,34,9,13.846153846153847,1.3548137728774252,1.0664502068274444
covid,23,14,21.53846153846154,0.91649166988767,1.066270490067506
visualization,28,18,27.692307692307693,1.1157289894284679,1.0651506703014595
enabler,52,4,6.153846153846154,2.0720681232242972,1.0651034756871658
creative,30,13,20.0,1.195423917244787,1.0644895758034731
tailored,36,18,27.692307692307693,1.4345087006937443,1.0633690755123872
indicated,33,18,27.692307692307693,1.3149663089692656,1.0611907417299473
obstacle,25,16,24.615384615384617,0.9961865977039891,1.0610229212089204
office,22,15,23.076923076923077,0.8766442059795104,1.0593004991661659
sta,19,3,4.615384615384615,0.7571018142550318,1.058712929234761
expense,21,12,18.46153846153846,0.8367967420713509,1.057705339368843
revolution,22,19,29.23076923076923,0.8766442059795104,1.0558279918545128
smart_device,26,6,9.23076923076923,1.0360340616121486,1.0537723776718022
disruptive,22,10,15.384615384615385,0.8766442059795104,1.053693377539492
changed,20,16,24.615384615384617,0.7969492781631913,1.0531787502054406
flexible,29,17,26.153846153846153,1.1555764533366273,1.0521854930385375
test_network,19,6,9.23076923076923,0.7571018142550318,1.0521432890736282
roblox,26,13,20.0,1.0360340616121486,1.0513941560551363
describes,25,17,26.153846153846153,0.9961865977039891,1.0505742554921043
tamper_proof,24,13,20.0,0.9563391337958296,1.0504101459921769
capital,31,14,21.53846153846154,1.2352713811529465,1.049412271003474
classifying,21,9,13.846153846153847,0.8367967420713509,1.0480549570221047
danger,22,9,13.846153846153847,0.8766442059795104,1.046820853119453
raised,23,14,21.53846153846154,0.91649166988767,1.0459236604802522
issuance,20,7,10.76923076923077,0.7969492781631913,1.0457673580536282
compromised,35,15,23.076923076923077,1.3946612367855848,1.0451675345873672
grows,15,9,13.846153846153847,0.5977119586223935,1.0451642595235318
doing,30,18,27.692307692307693,1.195423917244787,1.0434290841313627
gan,37,4,6.153846153846154,1.4743561646019039,1.0430476616030366
south_korea,16,8,12.307692307692308,0.6375594225305531,1.042599664618818
processed,28,17,26.153846153846153,1.1157289894284679,1.0414824389646469
accessing,24,14,21.53846153846154,0.9563391337958296,1.0411739100366806
comparing,34,15,23.076923076923077,1.3548137728774252,1.0407068534822033
intricate,30,15,23.076923076923077,1.195423917244787,1.039484046200794
comprises,25,16,24.615384615384617,0.9961865977039891,1.0385797718426517
host,27,17,26.153846153846153,1.0758815255203082,1.0382373872803592
defending,16,4,6.153846153846154,0.6375594225305531,1.0378595901480934
cybercriminals,43,8,12.307692307692308,1.7134409480508612,1.037202164013149
proposed_approach,48,6,9.23076923076923,1.9126782675916592,1.037191856962106
trillion,19,13,20.0,0.7571018142550318,1.035592005666224
involvement,25,18,27.692307692307693,0.9961865977039891,1.0355701060410454
paramount,32,13,20.0,1.2751188450611062,1.0353429273218244
political,29,11,16.923076923076923,1.1555764533366273,1.0349287357363992
era,27,17,26.153846153846153,1.0758815255203082,1.0342171523677623
looking,26,18,27.692307692307693,1.0360340616121486,1.034115247221418
intention,28,15,23.076923076923077,1.1157289894284679,1.0336662963906376
retrieve,25,13,20.0,0.9961865977039891,1.0319109509949633
encompassing,26,16,24.615384615384617,1.0360340616121486,1.0279872711884224
trigger,24,14,21.53846153846154,0.9563391337958296,1.0277859638736666
enhance_security,30,12,18.46153846153846,1.195423917244787,1.0273465020817074
derive,27,11,16.923076923076923,1.0758815255203082,1.0272326911219636
url,22,6,9.23076923076923,0.8766442059795104,1.0265770456314245
aiming,33,17,26.153846153846153,1.3149663089692656,1.0261611515830142
work_supported,22,21,32.30769230769231,0.8766442059795104,1.0259557181257304
proceeding,22,9,13.846153846153847,0.8766442059795104,1.0251733571143857
faced,21,17,26.153846153846153,0.8367967420713509,1.0248581656657267
multimedia,21,10,15.384615384615385,0.8367967420713509,1.02455561435397
monetary,27,15,23.076923076923077,1.0758815255203082,1.0230589679718314
showing,24,15,23.076923076923077,0.9563391337958296,1.022934437043984
advertisement,23,9,13.846153846153847,0.91649166988767,1.0225303312141538
deep,39,15,23.076923076923077,1.5540510924182231,1.0199311839792409
offchain,20,6,9.23076923076923,0.7969492781631913,1.0197768242013745
foundational,33,11,16.923076923076923,1.3149663089692656,1.0196586096270452
avispa,18,2,3.076923076923077,0.7172543503468721,1.018200165299594
pki,23,4,6.153846153846154,0.91649166988767,1.0181478414975864
ciphertexts,33,5,7.6923076923076925,1.3149663089692656,1.0169218019761588
getting,23,11,16.923076923076923,0.91649166988767,1.0153037133252074
wide_range,27,16,24.615384615384617,1.0758815255203082,1.0152648520343257
smart_contract_function,22,8,12.307692307692308,0.8766442059795104,1.0152273055693664
grey,27,4,6.153846153846154,1.0758815255203082,1.0144358906899646
gas_cost,29,8,12.307692307692308,1.1555764533366273,1.0138866681907892
dealing,18,11,16.923076923076923,0.7172543503468721,1.0134129832020478
buying,20,12,18.46153846153846,0.7969492781631913,1.0127186790690186
varying,36,16,24.615384615384617,1.4345087006937443,1.012683017624095
maximum,28,17,26.153846153846153,1.1157289894284679,1.0114064528243654
notably,26,17,26.153846153846153,1.0360340616121486,1.0104194837731553
versus,14,9,13.846153846153847,0.5578644947142339,1.0099218795735538
expect,18,11,16.923076923076923,0.7172543503468721,1.0049264296689242
agency,19,12,18.46153846153846,0.7571018142550318,1.0041895061735648
accountant,17,2,3.076923076923077,0.6774068864387126,1.0033361954278015
adversarial,29,11,16.923076923076923,1.1555764533366273,1.0026612581555707
belk,18,4,6.153846153846154,0.7172543503468721,1.0024874602107454
reduction,28,16,24.615384615384617,1.1157289894284679,1.0021811594437833
directed,20,13,20.0,0.7969492781631913,1.0015975899034433
validated,21,17,26.153846153846153,0.8367967420713509,1.0012590824299412
lost,26,14,21.53846153846154,1.0360340616121486,1.0012149758232471
potential_risk,29,17,26.153846153846153,1.1555764533366273,1.0011588708996535
zero_trust,17,5,7.6923076923076925,0.6774068864387126,1.0009196905074274
realize,21,13,20.0,0.8367967420713509,1.000910415872951
infer,21,9,13.846153846153847,0.8367967420713509,1.0003809466391393
science_fiction,18,16,24.615384615384617,0.7172543503468721,0.9990698270998876
distinguish,24,19,29.23076923076923,0.9563391337958296,0.9987930664806312
automate,26,14,21.53846153846154,1.0360340616121486,0.9984160997225355
quantity,20,16,24.615384615384617,0.7969492781631913,0.9980321789444423
assessing,29,15,23.076923076923077,1.1555764533366273,0.9966391870175626
longer,24,16,24.615384615384617,0.9563391337958296,0.9964875329575199
extend,27,18,27.692307692307693,1.0758815255203082,0.9954972769472327
play_crucial,29,16,24.615384615384617,1.1555764533366273,0.9953900714971459
caused,25,15,23.076923076923077,0.9961865977039891,0.9944994448094359
ease,25,18,27.692307692307693,0.9961865977039891,0.9938555374101665
writing_review,33,13,20.0,1.3149663089692656,0.9938385076100094
sum,25,14,21.53846153846154,0.9961865977039891,0.9938210283667918
multidisciplinary,16,6,9.23076923076923,0.6375594225305531,0.9934919286591725
erc,36,8,12.307692307692308,1.4345087006937443,0.993447477075826
prevents,23,19,29.23076923076923,0.91649166988767,0.9921688405767329
compromising,28,15,23.076923076923077,1.1157289894284679,0.9912988899584217
boost,28,16,24.615384615384617,1.1157289894284679,0.9911134464480611
data_provenance,17,2,3.076923076923077,0.6774068864387126,0.9895879103036798
phone,19,13,20.0,0.7571018142550318,0.988929105854348
appears,23,13,20.0,0.91649166988767,0.9881511284193967
product_service,23,13,20.0,0.91649166988767,0.9873957298890496
equivalent,24,18,27.692307692307693,0.9563391337958296,0.9868666762779945
gradually,22,11,16.923076923076923,0.8766442059795104,0.9863356240466367
feedback,34,13,20.0,1.3548137728774252,0.9860633958810182
path_coefficient,15,3,4.615384615384615,0.5977119586223935,0.9846735664171316
proof_work,24,16,24.615384615384617,0.9563391337958296,0.984543039384958
read,25,13,20.0,0.9961865977039891,0.9837061973631513
partial,29,13,20.0,1.1555764533366273,0.9834330622384452
resource_provider,14,2,3.076923076923077,0.5578644947142339,0.9815431352316224
release,22,15,23.076923076923077,0.8766442059795104,0.9813678297112703
digital_artifact,32,4,6.153846153846154,1.2751188450611062,0.9809314917204941
weak,24,16,24.615384615384617,0.9563391337958296,0.9802943243916039
reporting,22,11,16.923076923076923,0.8766442059795104,0.9802047731890169
raw,27,15,23.076923076923077,1.0758815255203082,0.9798840937966621
cnn,30,5,7.6923076923076925,1.195423917244787,0.976911251413539
socio_economic,22,5,7.6923076923076925,0.8766442059795104,0.9768268727696314
zkp,20,3,4.615384615384615,0.7969492781631913,0.9757992507398769
select,29,16,24.615384615384617,1.1555764533366273,0.975458682436182
offensive,26,4,6.153846153846154,1.0360340616121486,0.9750614970437589
recognized,18,15,23.076923076923077,0.7172543503468721,0.9745739075304815
strength,26,15,23.076923076923077,1.0360340616121486,0.9737777314532894
moderate,18,9,13.846153846153847,0.7172543503468721,0.9725329927819023
pseudo_identity,20,2,3.076923076923077,0.7969492781631913,0.9715860442701877
decentralized_ledger,17,13,20.0,0.6774068864387126,0.9715167638691123
prospect,22,12,18.46153846153846,0.8766442059795104,0.9710273075966636
bring,28,14,21.53846153846154,1.1157289894284679,0.9706762609939328
responsibility,22,14,21.53846153846154,0.8766442059795104,0.9703588704039632
light,36,19,29.23076923076923,1.4345087006937443,0.9702430685916338
regard,24,14,21.53846153846154,0.9563391337958296,0.9677642592132838
transact,15,12,18.46153846153846,0.5977119586223935,0.9674960179083223
emerge,24,16,24.615384615384617,0.9563391337958296,0.9673412315107308
fuzzy,37,5,7.6923076923076925,1.4743561646019039,0.9671607557494553
february,24,15,23.076923076923077,0.9563391337958296,0.965782725859736
authorized,21,11,16.923076923076923,0.8367967420713509,0.9645331769885226
widespread,23,17,26.153846153846153,0.91649166988767,0.9635411382311999
section_present,22,15,23.076923076923077,0.8766442059795104,0.9633595343690607
shall,19,7,10.76923076923077,0.7571018142550318,0.9628287317959063
square,23,9,13.846153846153847,0.91649166988767,0.9628096831688855
fiat_currency,20,9,13.846153846153847,0.7969492781631913,0.9627212161488735
solely,19,14,21.53846153846154,0.7571018142550318,0.9626250711611472
released,25,14,21.53846153846154,0.9961865977039891,0.9625040325671728
preprocessing,22,6,9.23076923076923,0.8766442059795104,0.9622989241753456
relevance,31,15,23.076923076923077,1.2352713811529465,0.9608762584564129
arising,13,7,10.76923076923077,0.5180170308060743,0.9601458797014281
financial_institution,16,8,12.307692307692308,0.6375594225305531,0.9599429799186644
dex,20,5,7.6923076923076925,0.7969492781631913,0.9586958362673091
defines,20,11,16.923076923076923,0.7969492781631913,0.9586321463510841
likelihood,16,11,16.923076923076923,0.6375594225305531,0.958546544853451
exploiting,22,14,21.53846153846154,0.8766442059795104,0.9584241888531453
mathematical,27,11,16.923076923076923,1.0758815255203082,0.9565729874562888
plot,36,10,15.384615384615385,1.4345087006937443,0.9557644748666002
left,23,11,16.923076923076923,0.91649166988767,0.9552717562450437
holding,29,16,24.615384615384617,1.1555764533366273,0.9552193532105455
enhancing_security,27,14,21.53846153846154,1.0758815255203082,0.953884083586577
thought,19,15,23.076923076923077,0.7571018142550318,0.9538297005196534
join,21,13,20.0,0.8367967420713509,0.9537895865136435
produced,20,17,26.153846153846153,0.7969492781631913,0.9528368060961915
paid,23,14,21.53846153846154,0.91649166988767,0.9523763535498473
axie_infinity,23,8,12.307692307692308,0.91649166988767,0.9523243265469369
aware,24,17,26.153846153846153,0.9563391337958296,0.9518921234869421
audience,25,14,21.53846153846154,0.9961865977039891,0.9512383597784941
user_centric,27,14,21.53846153846154,1.0758815255203082,0.9496073596025002
suggesting,27,12,18.46153846153846,1.0758815255203082,0.9495327168265513
contributes,22,15,23.076923076923077,0.8766442059795104,0.9490297882907529
security_breach,17,12,18.46153846153846,0.6774068864387126,0.9472878761014254
purchased,19,10,15.384615384615385,0.7571018142550318,0.9470055228642087
harm,29,11,16.923076923076923,1.1555764533366273,0.9459653973379534
resolve,22,15,23.076923076923077,0.8766442059795104,0.9453709644471472
fan,27,11,16.923076923076923,1.0758815255203082,0.943872404447869
adopting,23,17,26.153846153846153,0.91649166988767,0.9434601183806764
containing,25,15,23.076923076923077,0.9961865977039891,0.9433931957484656
announced,20,10,15.384615384615385,0.7969492781631913,0.9429382042477588
image_processing,23,3,4.615384615384615,0.91649166988767,0.9422407343462631
dependent,27,16,24.615384615384617,1.0758815255203082,0.9421145739331636
homomorphic_encryption,35,7,10.76923076923077,1.3946612367855848,0.9411683746652346
justice,17,8,12.307692307692308,0.6774068864387126,0.9403461831810833
viewed,23,19,29.23076923076923,0.91649166988767,0.9403127759299977
decision_tree,21,4,6.153846153846154,0.8367967420713509,0.9399898407593666
incentive,29,19,29.23076923076923,1.1555764533366273,0.9397418178126364
authentication_method,29,4,6.153846153846154,1.1555764533366273,0.9390271212367136
account_takeover,12,2,3.076923076923077,0.4781695668979148,0.9386944615758516
discovered,19,13,20.0,0.7571018142550318,0.9365192934447872
incorporate,25,15,23.076923076923077,0.9961865977039891,0.9359310314010224
citizen,24,9,13.846153846153847,0.9563391337958296,0.9358016482015648
perfect,16,10,15.384615384615385,0.6375594225305531,0.9353909397151264
merkle_tree,15,2,3.076923076923077,0.5977119586223935,0.934339876647569
sequence,28,15,23.076923076923077,1.1157289894284679,0.9339888169677238
studied,22,17,26.153846153846153,0.8766442059795104,0.9334140149797252
acquisition,22,15,23.076923076923077,0.8766442059795104,0.9308050696013694
mutual_authentication,22,4,6.153846153846154,0.8766442059795104,0.9298416065338709
taxonomy,31,9,13.846153846153847,1.2352713811529465,0.9290821530465875
resolution,32,11,16.923076923076923,1.2751188450611062,0.928336648420558
worker,19,8,12.307692307692308,0.7571018142550318,0.9281740815295428
acknowledgment,18,18,27.692307692307693,0.7172543503468721,0.9265834573731019
branch,16,9,13.846153846153847,0.6375594225305531,0.9265683888444938
owns,20,12,18.46153846153846,0.7969492781631913,0.925287081789981
emphasizing,24,13,20.0,0.9563391337958296,0.9248209921121358
cutting_edge,18,10,15.384615384615385,0.7172543503468721,0.9243671422582923
illicit,36,4,6.153846153846154,1.4345087006937443,0.9241587084727297
humanity,17,6,9.23076923076923,0.6774068864387126,0.9233599194630903
charge,16,7,10.76923076923077,0.6375594225305531,0.9232487029619562
lstm,32,8,12.307692307692308,1.2751188450611062,0.9230130956535004
compatibility,29,14,21.53846153846154,1.1555764533366273,0.9228372408807648
corporate,19,10,15.384615384615385,0.7571018142550318,0.922185492085168
lightweight,29,13,20.0,1.1555764533366273,0.9221055543247653
sim,17,7,10.76923076923077,0.6774068864387126,0.9220158593978621
login,18,8,12.307692307692308,0.7172543503468721,0.9208817790361593
enhancement,23,16,24.615384615384617,0.91649166988767,0.9199707312844441
audio,30,12,18.46153846153846,1.195423917244787,0.919409766631514
fostering,32,14,21.53846153846154,1.2751188450611062,0.9189983766805347
promotion,15,11,16.923076923076923,0.5977119586223935,0.9187688238664854
curve,26,14,21.53846153846154,1.0360340616121486,0.9186247611088667
little,28,13,20.0,1.1157289894284679,0.9177085713817767
signal,42,11,16.923076923076923,1.6735934841427018,0.9176777178767973
native,30,12,18.46153846153846,1.195423917244787,0.9173988431314776
lending,23,11,16.923076923076923,0.91649166988767,0.9172685880234365
formula,16,11,16.923076923076923,0.6375594225305531,0.9166887039073099
secret_sharing,26,5,7.6923076923076925,1.0360340616121486,0.9165996700211662
tokenid,33,4,6.153846153846154,1.3149663089692656,0.9154824382550373
state_art,28,10,15.384615384615385,1.1157289894284679,0.9146644186997991
outsourcing,26,4,6.153846153846154,1.0360340616121486,0.9146273077642948
establishment,26,18,27.692307692307693,1.0360340616121486,0.9137206412932055
convert,22,13,20.0,0.8766442059795104,0.912549518204115
attract,23,14,21.53846153846154,0.91649166988767,0.9123080304945177
face_challenge,18,17,26.153846153846153,0.7172543503468721,0.9119164203786957
legitimacy,26,13,20.0,1.0360340616121486,0.9114511172596907
fresh,16,12,18.46153846153846,0.6375594225305531,0.9109999382607746
key_generation,21,4,6.153846153846154,0.8367967420713509,0.9109931513858841
layered,19,12,18.46153846153846,0.7571018142550318,0.9105325405882361
actor,26,13,20.0,1.0360340616121486,0.9092739449422492
department_computer,16,14,21.53846153846154,0.6375594225305531,0.9089233304952712
updating,24,12,18.46153846153846,0.9563391337958296,0.9088997899648474
named,21,13,20.0,0.8367967420713509,0.9087042444162234
suspicious,20,12,18.46153846153846,0.7969492781631913,0.9080475180779574
transforming,17,14,21.53846153846154,0.6774068864387126,0.9074504423051805
uri,24,4,6.153846153846154,0.9563391337958296,0.9068414212259305
digital_realm,25,14,21.53846153846154,0.9961865977039891,0.9066198565328771
optimize,26,13,20.0,1.0360340616121486,0.9064668632755816
sensor,44,11,16.923076923076923,1.7532884119590209,0.9050606845967514
writing,27,18,27.692307692307693,1.0758815255203082,0.9050086373362167
tree,27,10,15.384615384615385,1.0758815255203082,0.9049951431403379
hash_value,21,13,20.0,0.8367967420713509,0.9049606352467273
eventually,22,12,18.46153846153846,0.8766442059795104,0.9048758798484449
discourse,24,11,16.923076923076923,0.9563391337958296,0.9045585905468944
proposing,15,10,15.384615384615385,0.5977119586223935,0.9044914452222687
print,20,11,16.923076923076923,0.7969492781631913,0.904109743182588
confidential,21,8,12.307692307692308,0.8367967420713509,0.903440326232503
automation,28,17,26.153846153846153,1.1157289894284679,0.9025198622539963
catch,8,3,4.615384615384615,0.31877971126527654,0.9016410281408314
cpu,28,9,13.846153846153847,1.1157289894284679,0.8994625751179106
motivation,24,17,26.153846153846153,0.9563391337958296,0.8985383630678642
believe,25,15,23.076923076923077,0.9961865977039891,0.8985260845237706
empirical,22,11,16.923076923076923,0.8766442059795104,0.898397798952464
allowing_user,31,12,18.46153846153846,1.2352713811529465,0.8983198139978716
central_authority,20,12,18.46153846153846,0.7969492781631913,0.8978769037048434
proof_ownership,18,9,13.846153846153847,0.7172543503468721,0.8977506656382218
pair,26,11,16.923076923076923,1.0360340616121486,0.8973138697158123
functional,25,12,18.46153846153846,0.9961865977039891,0.8973058621635194
official,22,14,21.53846153846154,0.8766442059795104,0.8967026454987854
leader,17,10,15.384615384615385,0.6774068864387126,0.8961163159865341
organized,17,13,20.0,0.6774068864387126,0.8958687318502254
binding,16,7,10.76923076923077,0.6375594225305531,0.8957465956645064
tourism,27,10,15.384615384615385,1.0758815255203082,0.8956246477298363
acquire,24,19,29.23076923076923,0.9563391337958296,0.895207278683568
random_nonce,18,2,3.076923076923077,0.7172543503468721,0.8950472517545689
calling,15,9,13.846153846153847,0.5977119586223935,0.8936646800403535
august,26,15,23.076923076923077,1.0360340616121486,0.8921468383366696
enforce,22,14,21.53846153846154,0.8766442059795104,0.892120335795741
collecting,24,8,12.307692307692308,0.9563391337958296,0.8912595183644146
recall_score,14,3,4.615384615384615,0.5578644947142339,0.8895301287151973
self_sovereign_identity,14,4,6.153846153846154,0.5578644947142339,0.8892314842024851
afterward,18,5,7.6923076923076925,0.7172543503468721,0.8891333223042579
avatar_generation,18,6,9.23076923076923,0.7172543503468721,0.88798597656552
sect,7,2,3.076923076923077,0.27893224735711697,0.8878917496615588
november,27,12,18.46153846153846,1.0758815255203082,0.8872007581866004
cybersecurity_measure,22,8,12.307692307692308,0.8766442059795104,0.8853145552417778
cloud_computing,28,11,16.923076923076923,1.1157289894284679,0.8850532229476061
ground,18,15,23.076923076923077,0.7172543503468721,0.8850317837149505
engaged,21,16,24.615384615384617,0.8367967420713509,0.8826344409722949
nvidia,21,11,16.923076923076923,0.8367967420713509,0.8826201786480555
powerful,21,14,21.53846153846154,0.8367967420713509,0.8809317504113792
optimistic,17,5,7.6923076923076925,0.6774068864387126,0.8800579324518975
calculating,22,11,16.923076923076923,0.8766442059795104,0.8795230554240546
proof_stake,18,10,15.384615384615385,0.7172543503468721,0.8794787209836885
earlier,25,14,21.53846153846154,0.9961865977039891,0.8781165546868094
leaf,23,8,12.307692307692308,0.91649166988767,0.8777773695239695
commit,17,10,15.384615384615385,0.6774068864387126,0.877338959647816
unable,17,12,18.46153846153846,0.6774068864387126,0.8768371731344982
paper_proposes,14,11,16.923076923076923,0.5578644947142339,0.8762707013016864
competition,13,8,12.307692307692308,0.5180170308060743,0.8762617650230468
pas,20,14,21.53846153846154,0.7969492781631913,0.8760298596970015
endpoint,11,5,7.6923076923076925,0.4383221029897552,0.8749807832802279
revealing,29,17,26.153846153846153,1.1555764533366273,0.8749385166001192
performance_evaluation,19,9,13.846153846153847,0.7571018142550318,0.8749102937616844
proxy,17,5,7.6923076923076925,0.6774068864387126,0.8747170102797905
observation,26,16,24.615384615384617,1.0360340616121486,0.8740760453516121
different_type,24,17,26.153846153846153,0.9563391337958296,0.8737205268393358
characterized,22,15,23.076923076923077,0.8766442059795104,0.8736982915625919
captured,23,14,21.53846153846154,0.91649166988767,0.8726230110791182
reliance,28,14,21.53846153846154,1.1157289894284679,0.8723067030640742
novel_snow,17,15,23.076923076923077,0.6774068864387126,0.871778901234205
discusses,21,12,18.46153846153846,0.8367967420713509,0.8716476254191928
sand,35,6,9.23076923076923,1.3946612367855848,0.8716339901484609
modified,22,17,26.153846153846153,0.8766442059795104,0.8711826465478695
match,20,14,21.53846153846154,0.7969492781631913,0.8704965405698655
shaping,27,15,23.076923076923077,1.0758815255203082,0.8694565049252063
park,23,14,21.53846153846154,0.91649166988767,0.8688984784130028
expanded,21,13,20.0,0.8367967420713509,0.8684243979622104
insider,24,5,7.6923076923076925,0.9563391337958296,0.8683898475656942
multi_factor,13,8,12.307692307692308,0.5180170308060743,0.8681915099143116
conceptualization,28,16,24.615384615384617,1.1157289894284679,0.8674196456445313
mini,11,5,7.6923076923076925,0.4383221029897552,0.8669574420468334
illustrate,20,17,26.153846153846153,0.7969492781631913,0.8666755073353567
artificial_intelligence_blockchain,17,14,21.53846153846154,0.6774068864387126,0.866380775484894
key_pair,18,6,9.23076923076923,0.7172543503468721,0.8662839943628755
paper_organized,17,17,26.153846153846153,0.6774068864387126,0.8661731966249582
gradient_boosting,12,4,6.153846153846154,0.4781695668979148,0.8651049326987136
data_collected,27,14,21.53846153846154,1.0758815255203082,0.8646693165097954
dubai,15,3,4.615384615384615,0.5977119586223935,0.8638228719344192
workplace,23,9,13.846153846153847,0.91649166988767,0.8629642791900151
encrypt,22,6,9.23076923076923,0.8766442059795104,0.8629447835521196
yield,25,14,21.53846153846154,0.9961865977039891,0.8628147547901851
stable,24,14,21.53846153846154,0.9563391337958296,0.8619359822596484
science_technology,22,13,20.0,0.8766442059795104,0.8615926229745283
citation,21,2,3.076923076923077,0.8367967420713509,0.8614249804033186
introducing,24,17,26.153846153846153,0.9563391337958296,0.8604082564099397
index_term,17,17,26.153846153846153,0.6774068864387126,0.8601952190633683
fail,21,16,24.615384615384617,0.8367967420713509,0.859550440931175
backed,18,10,15.384615384615385,0.7172543503468721,0.8590013456930407
rising,15,10,15.384615384615385,0.5977119586223935,0.8589622102475011
journal_article,25,4,6.153846153846154,0.9961865977039891,0.8588585393565094
evolves,16,12,18.46153846153846,0.6375594225305531,0.8582997790027567
buyer_seller,15,5,7.6923076923076925,0.5977119586223935,0.8582693053531241
informed,27,17,26.153846153846153,1.0758815255203082,0.8580143875297761
relative,27,16,24.615384615384617,1.0758815255203082,0.8573422627380242
complicated,17,13,20.0,0.6774068864387126,0.8573033356446113
abe_scheme,26,2,3.076923076923077,1.0360340616121486,0.8562526554891534
say,22,12,18.46153846153846,0.8766442059795104,0.8559792622648865
guangzhou,20,6,9.23076923076923,0.7969492781631913,0.8554513838459888
properly,20,13,20.0,0.7969492781631913,0.8535085115751666
gambling,30,9,13.846153846153847,1.195423917244787,0.853483256419273
tampering,17,11,16.923076923076923,0.6774068864387126,0.8533400126079405
fourth,19,15,23.076923076923077,0.7571018142550318,0.8533176532929561
evident,27,15,23.076923076923077,1.0758815255203082,0.8528853701773721
standardization,31,7,10.76923076923077,1.2352713811529465,0.8520862755312122
data_sharing,29,13,20.0,1.1555764533366273,0.8518005513138942
sort,22,9,13.846153846153847,0.8766442059795104,0.8511929990759147
prevalent,21,15,23.076923076923077,0.8367967420713509,0.8511661094726588
met,24,14,21.53846153846154,0.9563391337958296,0.8510824182795644
contributing,23,17,26.153846153846153,0.91649166988767,0.8507549553249866
displayed,17,11,16.923076923076923,0.6774068864387126,0.8506063916658445
frame,24,14,21.53846153846154,0.9563391337958296,0.8493122063201185
public_channel,16,3,4.615384615384615,0.6375594225305531,0.8489477742400834
emphasis,22,14,21.53846153846154,0.8766442059795104,0.8488534485826237
matching,26,7,10.76923076923077,1.0360340616121486,0.8478645778639708
sovereignty,24,6,9.23076923076923,0.9563391337958296,0.8477304383913151
near_future,17,9,13.846153846153847,0.6774068864387126,0.8476225278922261
sport,22,11,16.923076923076923,0.8766442059795104,0.8458309452235746
comply,16,8,12.307692307692308,0.6375594225305531,0.8456673411477332
mfa,16,7,10.76923076923077,0.6375594225305531,0.844725249383031
rest,18,15,23.076923076923077,0.7172543503468721,0.8444764672725055
adaptive,27,13,20.0,1.0758815255203082,0.8444665073758599
categorized,30,16,24.615384615384617,1.195423917244787,0.8441055494774891
risk_associated,25,13,20.0,0.9961865977039891,0.8437028507733952
permissioned_blockchain,14,3,4.615384615384615,0.5578644947142339,0.84262338247392
respond,23,15,23.076923076923077,0.91649166988767,0.8419835461541042
guaranteeing,21,14,21.53846153846154,0.8367967420713509,0.8414530263600954
examination,23,15,23.076923076923077,0.91649166988767,0.8414308921984308
protects,16,11,16.923076923076923,0.6375594225305531,0.8406021849330038
predictive,18,12,18.46153846153846,0.7172543503468721,0.8404091514194473
locally,24,8,12.307692307692308,0.9563391337958296,0.8401052130665462
neighbor,15,7,10.76923076923077,0.5977119586223935,0.8398287766807963
monitor,28,12,18.46153846153846,1.1157289894284679,0.8390761801389875
provision,16,11,16.923076923076923,0.6375594225305531,0.8388577593311177
anonymity_privacy,33,2,3.076923076923077,1.3149663089692656,0.8381198688598489
famous,18,11,16.923076923076923,0.7172543503468721,0.838059114359194
investigates,26,9,13.846153846153847,1.0360340616121486,0.8376626012909966
secondly,19,12,18.46153846153846,0.7571018142550318,0.8372513398194948
abnormal,21,5,7.6923076923076925,0.8367967420713509,0.8370438809362732
proactive,21,11,16.923076923076923,0.8367967420713509,0.836682589917177
backend,11,4,6.153846153846154,0.4383221029897552,0.8363791694161565
po,30,9,13.846153846153847,1.195423917244787,0.8362344153600386
driving,22,17,26.153846153846153,0.8766442059795104,0.8360822327353936
spread,26,14,21.53846153846154,1.0360340616121486,0.8358656323063733
attribute_set,25,4,6.153846153846154,0.9961865977039891,0.834662118507871
voice,42,9,13.846153846153847,1.6735934841427018,0.8344595576433748
flexibility,26,15,23.076923076923077,1.0360340616121486,0.8341741550650914
efficacy,25,11,16.923076923076923,0.9961865977039891,0.8340967365730251
break,20,14,21.53846153846154,0.7969492781631913,0.8328634271733476
frequent,23,15,23.076923076923077,0.91649166988767,0.8324179143838785
hashing,27,11,16.923076923076923,1.0758815255203082,0.831914293136352
fully_decentralized,21,5,7.6923076923076925,0.8367967420713509,0.831750908437463
patient,23,9,13.846153846153847,0.91649166988767,0.8306445221444633
physical_reality,19,11,16.923076923076923,0.7571018142550318,0.8298117872377427
vision,28,19,29.23076923076923,1.1157289894284679,0.8292375795089826
understood,12,8,12.307692307692308,0.4781695668979148,0.828140987876091
composed,25,13,20.0,0.9961865977039891,0.8279790058514812
gans,25,4,6.153846153846154,0.9961865977039891,0.8278178277623974
distinction,19,11,16.923076923076923,0.7571018142550318,0.8275526263158721
denote,23,12,18.46153846153846,0.91649166988767,0.8275057512825382
buying_selling,16,12,18.46153846153846,0.6375594225305531,0.8271917358842148
specification,18,12,18.46153846153846,0.7172543503468721,0.8268985204632344
room,19,13,20.0,0.7571018142550318,0.8268210929149291
biggest,11,8,12.307692307692308,0.4383221029897552,0.8257063134941993
appearance,19,13,20.0,0.7571018142550318,0.825425173008205
root,19,10,15.384615384615385,0.7571018142550318,0.8243461345422523
trace,22,10,15.384615384615385,0.8766442059795104,0.8243007036207243
gas_price,20,7,10.76923076923077,0.7969492781631913,0.8241501921339053
interpretation,26,11,16.923076923076923,1.0360340616121486,0.8241167737917823
editing,23,10,15.384615384615385,0.91649166988767,0.8235008151985278
ann,20,2,3.076923076923077,0.7969492781631913,0.8229582693592905
appendix,60,4,6.153846153846154,2.390847834489574,0.822522325632883
technological_innovation,26,11,16.923076923076923,1.0360340616121486,0.8223248505408512
malicious_actor,22,10,15.384615384615385,0.8766442059795104,0.8221470828691627
mobile_device,14,8,12.307692307692308,0.5578644947142339,0.8212620156883772
minting_nft,24,8,12.307692307692308,0.9563391337958296,0.8209312218472512
continuously,22,16,24.615384615384617,0.8766442059795104,0.8206624214402051
alter,24,18,27.692307692307693,0.9563391337958296,0.8200796261344634
expands,18,11,16.923076923076923,0.7172543503468721,0.8194913863441814
mitigation,19,11,16.923076923076923,0.7571018142550318,0.8191553421084231
style,22,14,21.53846153846154,0.8766442059795104,0.8191297379106254
illustration,20,12,18.46153846153846,0.7969492781631913,0.8180941504519432
point_view,19,11,16.923076923076923,0.7571018142550318,0.8175772750512151
footprint,17,7,10.76923076923077,0.6774068864387126,0.8169669866991321
best_practice,15,7,10.76923076923077,0.5977119586223935,0.8160653331056059
loan,19,7,10.76923076923077,0.7571018142550318,0.8155230996249905
economics,22,13,20.0,0.8766442059795104,0.8145608627143373
countermeasure,21,11,16.923076923076923,0.8367967420713509,0.8143277522393926
natural,22,17,26.153846153846153,0.8766442059795104,0.8133610455613298
declare,21,19,29.23076923076923,0.8367967420713509,0.813349916046978
near,24,10,15.384615384615385,0.9563391337958296,0.8131394685914446
misinformation,25,9,13.846153846153847,0.9961865977039891,0.8123118216358669
united_state,20,10,15.384615384615385,0.7969492781631913,0.8120507877005948
end_function,21,3,4.615384615384615,0.8367967420713509,0.8117732141635419
circumstance,21,14,21.53846153846154,0.8367967420713509,0.8115449196145957
geographical,14,8,12.307692307692308,0.5578644947142339,0.8111577188824399
retail,19,15,23.076923076923077,0.7571018142550318,0.8109564235881226
workflow,20,10,15.384615384615385,0.7969492781631913,0.8106758646855867
regulatory_compliance,21,8,12.307692307692308,0.8367967420713509,0.8106550665780723
concert,27,10,15.384615384615385,1.0758815255203082,0.8095840903087833
pull,12,3,4.615384615384615,0.4781695668979148,0.8089207317425248
rendering,33,13,20.0,1.3149663089692656,0.8084944317436304
validating,18,13,20.0,0.7172543503468721,0.8082599255859563
holder,18,11,16.923076923076923,0.7172543503468721,0.8082288035568912
adding,24,14,21.53846153846154,0.9563391337958296,0.8080006384196495
middle,17,9,13.846153846153847,0.6774068864387126,0.8072608805680728
december,16,16,24.615384615384617,0.6375594225305531,0.8071202348302239
biometric_data,29,9,13.846153846153847,1.1555764533366273,0.8070056426084481
phenomenon,26,12,18.46153846153846,1.0360340616121486,0.8069337239674622
horizon,20,12,18.46153846153846,0.7969492781631913,0.8067303734144873
eliminating,17,12,18.46153846153846,0.6774068864387126,0.8056046627091881
equipment,21,15,23.076923076923077,0.8367967420713509,0.8055447496316157
norm,20,14,21.53846153846154,0.7969492781631913,0.804499055028842
assault,24,7,10.76923076923077,0.9563391337958296,0.8038612252947692
transformed,17,15,23.076923076923077,0.6774068864387126,0.8037113146443066
preliminary,22,14,21.53846153846154,0.8766442059795104,0.8033848121236502
force,24,15,23.076923076923077,0.9563391337958296,0.8032166323072387
solving,21,17,26.153846153846153,0.8367967420713509,0.8026835787542183
centralization,27,10,15.384615384615385,1.0758815255203082,0.8022026313786645
loading,13,5,7.6923076923076925,0.5180170308060743,0.8020561503188791
sure,16,7,10.76923076923077,0.6375594225305531,0.80198112422222
close,28,13,20.0,1.1157289894284679,0.8016889202607682
research_gap,22,9,13.846153846153847,0.8766442059795104,0.8011138871916526
generator,20,5,7.6923076923076925,0.7969492781631913,0.801047437095356
secure_transparent,21,13,20.0,0.8367967420713509,0.8002229223355362
web2,32,5,7.6923076923076925,1.2751188450611062,0.7997817310205717
win,19,5,7.6923076923076925,0.7571018142550318,0.7996588795302545
bed,10,2,3.076923076923077,0.39847463908159564,0.7995384806591891
autonomously,22,14,21.53846153846154,0.8766442059795104,0.799261582683166
preserve,21,16,24.615384615384617,0.8367967420713509,0.7986887360986609
bft,21,4,6.153846153846154,0.8367967420713509,0.7968114473030904
python,15,8,12.307692307692308,0.5977119586223935,0.796380724525076
arises,15,10,15.384615384615385,0.5977119586223935,0.7955187271505391
questionnaire,11,3,4.615384615384615,0.4383221029897552,0.7954485222261647
maintenance,15,11,16.923076923076923,0.5977119586223935,0.7944894122028031
scammer,20,3,4.615384615384615,0.7969492781631913,0.7944027996368523
essentially,20,13,20.0,0.7969492781631913,0.7937330051435991
thousand,15,13,20.0,0.5977119586223935,0.79369245948902
surveyed_work,25,2,3.076923076923077,0.9961865977039891,0.7935227759075328
distance,22,12,18.46153846153846,0.8766442059795104,0.7932295555239807
emphasizes,25,13,20.0,0.9961865977039891,0.7925106525289229
depends,23,13,20.0,0.91649166988767,0.7924379843367911
auditing,32,5,7.6923076923076925,1.2751188450611062,0.7906930834502068
gen,16,7,10.76923076923077,0.6375594225305531,0.7905949064497523
contained,18,11,16.923076923076923,0.7172543503468721,0.7897025401769963
quick,15,7,10.76923076923077,0.5977119586223935,0.7894837459299444
tied,14,9,13.846153846153847,0.5578644947142339,0.7892708667585148
constructed,18,16,24.615384615384617,0.7172543503468721,0.7889503555572512
statistical,24,12,18.46153846153846,0.9563391337958296,0.7886602046771277
transmitted,18,9,13.846153846153847,0.7172543503468721,0.7880199428347054
invention,12,2,3.076923076923077,0.4781695668979148,0.7880170644273304
reflected,21,12,18.46153846153846,0.8367967420713509,0.7878948147131102
spoofing,21,7,10.76923076923077,0.8367967420713509,0.7862411980505285
aml,23,6,9.23076923076923,0.91649166988767,0.7858690411100553
adapted,25,11,16.923076923076923,0.9961865977039891,0.7858356418402022
guide,17,17,26.153846153846153,0.6774068864387126,0.7855645064789428
deploying,19,17,26.153846153846153,0.7571018142550318,0.7853311105929828
verification_process,15,11,16.923076923076923,0.5977119586223935,0.7852788045932501
emotional,32,13,20.0,1.2751188450611062,0.785011748694881
prefer,17,11,16.923076923076923,0.6774068864387126,0.7846662149895796
institutional,15,9,13.846153846153847,0.5977119586223935,0.783441342929096
authorization,14,8,12.307692307692308,0.5578644947142339,0.783227489174179
optimized,29,10,15.384615384615385,1.1555764533366273,0.782960066885329
monetize,21,11,16.923076923076923,0.8367967420713509,0.7828246483284363
asynchronous,19,6,9.23076923076923,0.7571018142550318,0.7818171700503337
independently,18,13,20.0,0.7172543503468721,0.7815764571794362
mental_health,23,9,13.846153846153847,0.91649166988767,0.7804287192747266
informal,17,8,12.307692307692308,0.6774068864387126,0.7798873455901311
demonstrating,21,16,24.615384615384617,0.8367967420713509,0.7793242742621271
fit,24,16,24.615384615384617,0.9563391337958296,0.7791783000449394
owning,16,10,15.384615384615385,0.6375594225305531,0.7791466737207748
exclusion,23,8,12.307692307692308,0.91649166988767,0.7783889259618035
legally,13,9,13.846153846153847,0.5180170308060743,0.7770845680425374
twitter,22,9,13.846153846153847,0.8766442059795104,0.7763678775600843
contemporary,18,13,20.0,0.7172543503468721,0.7762041310863326
copyrighted,12,2,3.076923076923077,0.4781695668979148,0.776014570315142
speech,25,6,9.23076923076923,0.9961865977039891,0.7756906325989661
impersonation_attack,17,5,7.6923076923076925,0.6774068864387126,0.7753222298096855
addiction,15,8,12.307692307692308,0.5977119586223935,0.7750920611567909
cyber_physical,32,8,12.307692307692308,1.2751188450611062,0.7749624288815509
dapp,18,11,16.923076923076923,0.7172543503468721,0.7744760552130293
emirate,18,7,10.76923076923077,0.7172543503468721,0.7741790715395649
settlement,15,7,10.76923076923077,0.5977119586223935,0.7740825009844012
regression,21,8,12.307692307692308,0.8367967420713509,0.7740392120147169
networking,25,15,23.076923076923077,0.9961865977039891,0.7738998239517038
news,24,11,16.923076923076923,0.9563391337958296,0.7737297033729522
load,22,11,16.923076923076923,0.8766442059795104,0.7722271962344178
virtual_workplace,26,2,3.076923076923077,1.0360340616121486,0.7721634118920702
clothes,14,9,13.846153846153847,0.5578644947142339,0.77199822712751
confirm,20,13,20.0,0.7969492781631913,0.7716915781927653
pwi,16,2,3.076923076923077,0.6375594225305531,0.771460966096329
technological_advancement,20,11,16.923076923076923,0.7969492781631913,0.7705738510001551
safer,15,11,16.923076923076923,0.5977119586223935,0.7692472306622169
site,18,10,15.384615384615385,0.7172543503468721,0.7686633638511032
acceptable,22,10,15.384615384615385,0.8766442059795104,0.7677468672973542
consisting,21,16,24.615384615384617,0.8367967420713509,0.7677119665267247
depend,15,11,16.923076923076923,0.5977119586223935,0.7668177413223267
recommended,21,15,23.076923076923077,0.8367967420713509,0.7667129295406568
infinite,14,13,20.0,0.5578644947142339,0.7666185223792651
conference_paper,18,5,7.6923076923076925,0.7172543503468721,0.766478704587834
metaverse_real_estate,13,4,6.153846153846154,0.5180170308060743,0.7640663491368771
systematic,23,10,15.384615384615385,0.91649166988767,0.7633435607333017
tamper,15,14,21.53846153846154,0.5977119586223935,0.7631337249838995
proven,21,10,15.384615384615385,0.8367967420713509,0.7628771637015092
lose,17,12,18.46153846153846,0.6774068864387126,0.7627497819516765
association,21,11,16.923076923076923,0.8367967420713509,0.7625410934505018
aggregated,27,11,16.923076923076923,1.0758815255203082,0.7622738429214723
compatible,21,14,21.53846153846154,0.8367967420713509,0.762010260266526
kyc,21,8,12.307692307692308,0.8367967420713509,0.7616753011785607
giant,18,12,18.46153846153846,0.7172543503468721,0.7612529493892708
proposal,21,12,18.46153846153846,0.8367967420713509,0.760304171531708
minimal,24,17,26.153846153846153,0.9563391337958296,0.7601125562849281
keeping,21,14,21.53846153846154,0.8367967420713509,0.7600160819558288
performing,26,18,27.692307692307693,1.0360340616121486,0.7598106258755674
dfse,19,3,4.615384615384615,0.7571018142550318,0.7596244619162855
cross_platform,24,12,18.46153846153846,0.9563391337958296,0.7595518458653777
mixer,36,2,3.076923076923077,1.4345087006937443,0.7593640439789892
june,16,13,20.0,0.6375594225305531,0.7591947898656385
determination,15,10,15.384615384615385,0.5977119586223935,0.7587629723901238
multifaceted,22,12,18.46153846153846,0.8766442059795104,0.7583807586884428
spatial,28,14,21.53846153846154,1.1157289894284679,0.7570147155626402
eth,17,11,16.923076923076923,0.6774068864387126,0.7567430904827782
mass,16,11,16.923076923076923,0.6375594225305531,0.7566478552747997
metaverse_continues,23,12,18.46153846153846,0.91649166988767,0.756404838081789
causing,14,10,15.384615384615385,0.5578644947142339,0.7560714757134716
conversely,18,16,24.615384615384617,0.7172543503468721,0.755878030340847
outsourced,23,3,4.615384615384615,0.91649166988767,0.7558330332382316
accuracy_precision,12,2,3.076923076923077,0.4781695668979148,0.7541503649192339
oversight,17,12,18.46153846153846,0.6774068864387126,0.7538762228538418
forming,19,14,21.53846153846154,0.7571018142550318,0.7537694255120995
total_number,23,13,20.0,0.91649166988767,0.7535200416109678
completeness,15,5,7.6923076923076925,0.5977119586223935,0.7534053388165785
minimum,21,13,20.0,0.8367967420713509,0.7522777918246959
moral,19,9,13.846153846153847,0.7571018142550318,0.7517105817449525
began,14,9,13.846153846153847,0.5578644947142339,0.751424083054706
maintains,19,14,21.53846153846154,0.7571018142550318,0.7509772626829404
united_arab,16,7,10.76923076923077,0.6375594225305531,0.75088316695959
quadrant,22,2,3.076923076923077,0.8766442059795104,0.74955909357935
scanning,19,10,15.384615384615385,0.7571018142550318,0.7493493013820205
video_game,16,10,15.384615384615385,0.6375594225305531,0.7492513727115524
determines,16,11,16.923076923076923,0.6375594225305531,0.7488937587598039
slow,19,9,13.846153846153847,0.7571018142550318,0.7483577269099805
auditor,18,4,6.153846153846154,0.7172543503468721,0.7479667567252916
secured,13,12,18.46153846153846,0.5180170308060743,0.7479475472503403
home,18,13,20.0,0.7172543503468721,0.7477718423424397
clothing,15,12,18.46153846153846,0.5977119586223935,0.7477189391210911
calculates,16,9,13.846153846153847,0.6375594225305531,0.7475425212553235
prediction_accuracy,14,4,6.153846153846154,0.5578644947142339,0.7473066599676222
reinforcement_learning,26,7,10.76923076923077,1.0360340616121486,0.7470663950714727
gain_access,20,11,16.923076923076923,0.7969492781631913,0.7458201727292084
adaptation,21,13,20.0,0.8367967420713509,0.745271243051008
applicability,28,15,23.076923076923077,1.1157289894284679,0.7451325253427287
empower,20,12,18.46153846153846,0.7969492781631913,0.7449090494585916
hype,18,9,13.846153846153847,0.7172543503468721,0.7447214657605609
inadequate,13,9,13.846153846153847,0.5180170308060743,0.7446453504724587
administration,13,9,13.846153846153847,0.5180170308060743,0.7440998860146631
rsa,20,5,7.6923076923076925,0.7969492781631913,0.7430366255148668
slightly,15,11,16.923076923076923,0.5977119586223935,0.7430357421599029
resist,21,11,16.923076923076923,0.8367967420713509,0.7421514627484092
intrusion_detection,43,6,9.23076923076923,1.7134409480508612,0.7419768105034124
regulating,14,11,16.923076923076923,0.5578644947142339,0.7419684786050623
appeal,18,10,15.384615384615385,0.7172543503468721,0.7415357423094172
impacting,14,10,15.384615384615385,0.5578644947142339,0.741423081837784
disrupt,22,13,20.0,0.8766442059795104,0.7411669281205558
ask,16,11,16.923076923076923,0.6375594225305531,0.7407281723553056
attractive,17,10,15.384615384615385,0.6774068864387126,0.7402710416812438
multiplexing,21,3,4.615384615384615,0.8367967420713509,0.740018146060708
coming,15,13,20.0,0.5977119586223935,0.7393163717586797
societal,23,11,16.923076923076923,0.91649166988767,0.7391449759635386
penalty,22,6,9.23076923076923,0.8766442059795104,0.7390933729355801
projection,12,4,6.153846153846154,0.4781695668979148,0.7389922474969844
cross_metaverse,22,4,6.153846153846154,0.8766442059795104,0.7379664961030347
thanks,16,10,15.384615384615385,0.6375594225305531,0.7376924955366628
manager,16,12,18.46153846153846,0.6375594225305531,0.7376040672531036
nowadays,11,7,10.76923076923077,0.4383221029897552,0.737577064333619
distributing,14,12,18.46153846153846,0.5578644947142339,0.7374950992020278
devised,17,9,13.846153846153847,0.6774068864387126,0.7374409392510287
positively,22,9,13.846153846153847,0.8766442059795104,0.7371492906835688
away,17,11,16.923076923076923,0.6774068864387126,0.7365775922087062
leasing,18,6,9.23076923076923,0.7172543503468721,0.7360127386420287
course,14,9,13.846153846153847,0.5578644947142339,0.7351629060308612
finite,12,9,13.846153846153847,0.4781695668979148,0.7347293098193292
govern,23,12,18.46153846153846,0.91649166988767,0.7344442329156067
labor,18,5,7.6923076923076925,0.7172543503468721,0.7342716022003211
occurred,12,8,12.307692307692308,0.4781695668979148,0.7335345870625533
organizational,19,9,13.846153846153847,0.7571018142550318,0.7330270189898324
forgery,21,11,16.923076923076923,0.8367967420713509,0.731674790003461
incorporated,22,12,18.46153846153846,0.8766442059795104,0.7315259207573769
van,23,10,15.384615384615385,0.91649166988767,0.73143526046531
consent,22,13,20.0,0.8766442059795104,0.730883528491564
interdisciplinary,17,7,10.76923076923077,0.6774068864387126,0.7301952084002443
exceed,19,13,20.0,0.7571018142550318,0.7301000960108919
tee,21,3,4.615384615384615,0.8367967420713509,0.7299397254623328
ephemeral,15,3,4.615384615384615,0.5977119586223935,0.729576962885111
violation,19,15,23.076923076923077,0.7571018142550318,0.7282336485494246
seller,22,7,10.76923076923077,0.8766442059795104,0.7275117837552029
coding,20,8,12.307692307692308,0.7969492781631913,0.7273347051283571
privilege,16,8,12.307692307692308,0.6375594225305531,0.7271374071048703
transaction_fee,16,9,13.846153846153847,0.6375594225305531,0.7267689260258027
glass,16,9,13.846153846153847,0.6375594225305531,0.7259190848036275
duplication,14,6,9.23076923076923,0.5578644947142339,0.7255306275159585
early_stage,19,14,21.53846153846154,0.7571018142550318,0.7252680891152359
planning,18,14,21.53846153846154,0.7172543503468721,0.7251329263656322
section_iii,17,11,16.923076923076923,0.6774068864387126,0.7244248579797569
rational,25,6,9.23076923076923,0.9961865977039891,0.7241233228724313
privileged,17,7,10.76923076923077,0.6774068864387126,0.7215873899891511
facilitated,19,16,24.615384615384617,0.7571018142550318,0.7210060157402183
numerical,15,9,13.846153846153847,0.5977119586223935,0.7205151820983968
revolutionary,16,13,20.0,0.6375594225305531,0.7202613007408106
analytical,20,12,18.46153846153846,0.7969492781631913,0.7200792705010357
won,19,6,9.23076923076923,0.7571018142550318,0.7198786879707039
ready,15,13,20.0,0.5977119586223935,0.7188331490232216
manipulated,18,12,18.46153846153846,0.7172543503468721,0.7159202669338148
transmits,17,9,13.846153846153847,0.6774068864387126,0.7157597462759098
integral,24,13,20.0,0.9563391337958296,0.7157333835622769
playing,18,11,16.923076923076923,0.7172543503468721,0.7156964444606798
committed,13,6,9.23076923076923,0.5180170308060743,0.7151929002844903
exposure,18,14,21.53846153846154,0.7172543503468721,0.714776304108141
artificial,17,14,21.53846153846154,0.6774068864387126,0.7145048351227985
ave,23,3,4.615384615384615,0.91649166988767,0.7144208293421447
semi,25,12,18.46153846153846,0.9961865977039891,0.7139750307633762
gaming_industry,14,11,16.923076923076923,0.5578644947142339,0.7128511979363333
testbed,10,3,4.615384615384615,0.39847463908159564,0.712702102299523
collectively,22,11,16.923076923076923,0.8766442059795104,0.7121020774269867
user_friendly,16,10,15.384615384615385,0.6375594225305531,0.711500189127854
conversation,19,10,15.384615384615385,0.7571018142550318,0.711401851102235
aesthetic,23,5,7.6923076923076925,0.91649166988767,0.7113515823783316
comprehensively,23,13,20.0,0.91649166988767,0.7107698734890722
likewise,11,10,15.384615384615385,0.4383221029897552,0.7106738011257114
commodity,16,8,12.307692307692308,0.6375594225305531,0.7103879650164848
approved,20,12,18.46153846153846,0.7969492781631913,0.7092919177465974
blending,19,7,10.76923076923077,0.7571018142550318,0.7089902677906427
expose,15,10,15.384615384615385,0.5977119586223935,0.7082087547046916
cyberbullying,26,7,10.76923076923077,1.0360340616121486,0.707973952256603
soundness,15,4,6.153846153846154,0.5977119586223935,0.7075654556336392
packet,28,5,7.6923076923076925,1.1157289894284679,0.7072129826436715
college,14,11,16.923076923076923,0.5578644947142339,0.7071156168421571
argued,21,7,10.76923076923077,0.8367967420713509,0.7070040291903796
european_union,16,12,18.46153846153846,0.6375594225305531,0.706963585092282
achievement,17,9,13.846153846153847,0.6774068864387126,0.7068610303861083
generated_content,15,7,10.76923076923077,0.5977119586223935,0.7064883607258841
synchronization,21,8,12.307692307692308,0.8367967420713509,0.7059531071055271
speculation,14,9,13.846153846153847,0.5578644947142339,0.7058298077121286
existing_solution,18,10,15.384615384615385,0.7172543503468721,0.7048779515834367
obtains,15,6,9.23076923076923,0.5977119586223935,0.7041209345883159
rq2,21,3,4.615384615384615,0.8367967420713509,0.7040824449470577
trust_management,33,3,4.615384615384615,1.3149663089692656,0.7031415436709635
decentraland_sandbox,18,10,15.384615384615385,0.7172543503468721,0.7006222226678431
drawback,14,9,13.846153846153847,0.5578644947142339,0.7004806466728285
contributed,16,11,16.923076923076923,0.6375594225305531,0.7004403391130463
formation,13,8,12.307692307692308,0.5180170308060743,0.7003353902405977
deviation,20,11,16.923076923076923,0.7969492781631913,0.6999075859161603
financing,15,7,10.76923076923077,0.5977119586223935,0.6997869476367125
inequality,17,6,9.23076923076923,0.6774068864387126,0.6995774722676797
daily_life,17,10,15.384615384615385,0.6774068864387126,0.6991266841160031
smart_contract_ethereum,13,8,12.307692307692308,0.5180170308060743,0.6987801478517564
encounter,17,11,16.923076923076923,0.6774068864387126,0.6983453005406088
collector,16,8,12.307692307692308,0.6375594225305531,0.6975320187604784
fork,11,2,3.076923076923077,0.4383221029897552,0.6972132614663894
credibility,28,11,16.923076923076923,1.1157289894284679,0.6965836446384275
eye,34,8,12.307692307692308,1.3548137728774252,0.695727534537427
retrieves,15,7,10.76923076923077,0.5977119586223935,0.6956161185759798
inter,26,11,16.923076923076923,1.0360340616121486,0.6954444548659949
gameplay,17,6,9.23076923076923,0.6774068864387126,0.6953284370704682
academia,18,12,18.46153846153846,0.7172543503468721,0.6948391768672376
criminology,17,2,3.076923076923077,0.6774068864387126,0.6947386280598126
recorded_blockchain,17,10,15.384615384615385,0.6774068864387126,0.6945091524871616
harmful,26,11,16.923076923076923,1.0360340616121486,0.6943437293398781
triggered,13,9,13.846153846153847,0.5180170308060743,0.6943019498891335
japan,12,4,6.153846153846154,0.4781695668979148,0.6942736100578837
network_traffic,28,3,4.615384615384615,1.1157289894284679,0.6941333954843663
cyberattacks,40,7,10.76923076923077,1.5938985563263826,0.6939700672101557
research_question,25,8,12.307692307692308,0.9961865977039891,0.6938851360023941
continues,18,13,20.0,0.7172543503468721,0.6934913054991215
pivotal,27,11,16.923076923076923,1.0758815255203082,0.6926784645996666
training_process,21,8,12.307692307692308,0.8367967420713509,0.6925899453546498
open_challenge,24,4,6.153846153846154,0.9563391337958296,0.6924536612264861
swapping,10,6,9.23076923076923,0.39847463908159564,0.6924179584593704
pose_significant,19,13,20.0,0.7571018142550318,0.6923357024360364
kept,15,13,20.0,0.5977119586223935,0.6916526131624133
manual,16,13,20.0,0.6375594225305531,0.6909772671884228
argument,16,8,12.307692307692308,0.6375594225305531,0.6904620710353162
typical,17,13,20.0,0.6774068864387126,0.6904240084304686
lastly,19,13,20.0,0.7571018142550318,0.6900634775484944
entering,16,12,18.46153846153846,0.6375594225305531,0.689395857891044
living,13,9,13.846153846153847,0.5180170308060743,0.6893438130600763
computing_power,22,12,18.46153846153846,0.8766442059795104,0.6888155457170084
submitted,23,7,10.76923076923077,0.91649166988767,0.6886237733592647
comment,25,13,20.0,0.9961865977039891,0.6885355448818825
employment,20,9,13.846153846153847,0.7969492781631913,0.6883448751594871
connectivity,18,10,15.384615384615385,0.7172543503468721,0.6881650733465479
assumed,12,9,13.846153846153847,0.4781695668979148,0.6881478924402843
theta,33,3,4.615384615384615,1.3149663089692656,0.6873109723096612
color,22,6,9.23076923076923,0.8766442059795104,0.6870181954304159
dependency,17,11,16.923076923076923,0.6774068864387126,0.6869413753101972
apart,15,12,18.46153846153846,0.5977119586223935,0.6865642563738463
physically,19,10,15.384615384615385,0.7571018142550318,0.6854853241220425
decentralized_governance,19,8,12.307692307692308,0.7571018142550318,0.6851478307850462
mechanic,23,10,15.384615384615385,0.91649166988767,0.6850699645716771
chat,16,7,10.76923076923077,0.6375594225305531,0.6839780814063734
game_item,22,11,16.923076923076923,0.8766442059795104,0.6838138450965843
strengthen,17,12,18.46153846153846,0.6774068864387126,0.6835704015899414
showcase,18,10,15.384615384615385,0.7172543503468721,0.6834167950665453
biometric_information,18,8,12.307692307692308,0.7172543503468721,0.6834130735461231
tactic,17,8,12.307692307692308,0.6774068864387126,0.6832600829251039
replay,14,5,7.6923076923076925,0.5578644947142339,0.6822008807014069
polygon,24,5,7.6923076923076925,0.9563391337958296,0.681854704097208
reflection,14,8,12.307692307692308,0.5578644947142339,0.6818326378812672
authentic,16,12,18.46153846153846,0.6375594225305531,0.6809263096443992
progression,16,10,15.384615384615385,0.6375594225305531,0.6808816675565673
lattice,22,2,3.076923076923077,0.8766442059795104,0.6805767071681194
head,28,13,20.0,1.1157289894284679,0.6799648511955912
non_fungible,17,10,15.384615384615385,0.6774068864387126,0.6797365567409845
hour,15,9,13.846153846153847,0.5977119586223935,0.6796533972900342
extremely,21,14,21.53846153846154,0.8367967420713509,0.679499449794165
restricted,13,11,16.923076923076923,0.5180170308060743,0.679414160960873
staking,24,5,7.6923076923076925,0.9563391337958296,0.6793577543777487
governing,18,11,16.923076923076923,0.7172543503468721,0.6787893955633213
targeting,16,10,15.384615384615385,0.6375594225305531,0.6784852775934825
selects,16,8,12.307692307692308,0.6375594225305531,0.6779514633826536
creativity,17,7,10.76923076923077,0.6774068864387126,0.6776056556637999
traceable,19,10,15.384615384615385,0.7571018142550318,0.6773429717165116
verifiability,14,11,16.923076923076923,0.5578644947142339,0.6771700254289261
aligns,12,11,16.923076923076923,0.4781695668979148,0.6764945428928535
combat,17,8,12.307692307692308,0.6774068864387126,0.675827045671391
exploited,22,10,15.384615384615385,0.8766442059795104,0.6756176171056661
tokenized,19,9,13.846153846153847,0.7571018142550318,0.675236883842637
exciting,14,10,15.384615384615385,0.5578644947142339,0.6744559237146702
good_service,13,10,15.384615384615385,0.5180170308060743,0.674095084074172
liability,10,6,9.23076923076923,0.39847463908159564,0.6739615833559874
granted,15,11,16.923076923076923,0.5977119586223935,0.6737364402648472
inform,18,12,18.46153846153846,0.7172543503468721,0.6732799034012851
convention,10,4,6.153846153846154,0.39847463908159564,0.6731498856627055
compress,16,3,4.615384615384615,0.6375594225305531,0.6723226904573516
debate,15,12,18.46153846153846,0.5977119586223935,0.6722622936066859
economical,12,6,9.23076923076923,0.4781695668979148,0.6722562944729373
minimizing,14,14,21.53846153846154,0.5578644947142339,0.6721184164517247
scaling,25,11,16.923076923076923,0.9961865977039891,0.6718680542174177
converted,17,13,20.0,0.6774068864387126,0.6718131872791276
natural_language,20,11,16.923076923076923,0.7969492781631913,0.6716177032593021
performance_metric,18,7,10.76923076923077,0.7172543503468721,0.6715623421548343
extends,20,13,20.0,0.7969492781631913,0.6715470236053975
portion,13,12,18.46153846153846,0.5180170308060743,0.6715249466263916
composition,15,4,6.153846153846154,0.5977119586223935,0.6714837743701697
benchmarking,28,2,3.076923076923077,1.1157289894284679,0.6711464342273428
reasonable,16,13,20.0,0.6375594225305531,0.6710107499915543
membership,26,10,15.384615384615385,1.0360340616121486,0.6708291677861812
controlling,18,13,20.0,0.7172543503468721,0.6705874105777643
scene,23,8,12.307692307692308,0.91649166988767,0.6697414342071305
tuning,15,5,7.6923076923076925,0.5977119586223935,0.6696240695777471
social_responsibility,17,2,3.076923076923077,0.6774068864387126,0.6694295088907589
missing,16,9,13.846153846153847,0.6375594225305531,0.6670269114499463
interacting,22,16,24.615384615384617,0.8766442059795104,0.6662179890069555
encryption_algorithm,18,3,4.615384615384615,0.7172543503468721,0.665640122493396
maximize,14,12,18.46153846153846,0.5578644947142339,0.6652983038072231
diversity,21,13,20.0,0.8367967420713509,0.6652118621107297
promotes,18,12,18.46153846153846,0.7172543503468721,0.6652014621526734
supply,14,11,16.923076923076923,0.5578644947142339,0.6647799179279992
gateway,13,9,13.846153846153847,0.5180170308060743,0.6644558224559121
huge,20,10,15.384615384615385,0.7969492781631913,0.6641067369611895
screen,16,9,13.846153846153847,0.6375594225305531,0.6639297155671725
malicious_activity,18,12,18.46153846153846,0.7172543503468721,0.6638327537717333
computational_overhead,27,8,12.307692307692308,1.0758815255203082,0.6635394591159425
accountable,20,5,7.6923076923076925,0.7969492781631913,0.6632558166008548
title,16,8,12.307692307692308,0.6375594225305531,0.662968173084992
immersive_nature,20,9,13.846153846153847,0.7969492781631913,0.66243295280146
preserving,18,12,18.46153846153846,0.7172543503468721,0.6610862807153347
applies,13,10,15.384615384615385,0.5180170308060743,0.661031067159869
affected,23,14,21.53846153846154,0.91649166988767,0.6605224984779154
feasibility,18,13,20.0,0.7172543503468721,0.6596211981092462
graphic,19,12,18.46153846153846,0.7571018142550318,0.6591314403841603
exhibition,12,10,15.384615384615385,0.4781695668979148,0.6589827379805447
discord,10,2,3.076923076923077,0.39847463908159564,0.6588932689662331
camera,17,8,12.307692307692308,0.6774068864387126,0.6581724359035848
exclusively,15,11,16.923076923076923,0.5977119586223935,0.6580808741148049
british,13,5,7.6923076923076925,0.5180170308060743,0.6577506460493402
posed,21,11,16.923076923076923,0.8367967420713509,0.6559587616844099
mana,27,6,9.23076923076923,1.0758815255203082,0.6559380063918879
initiated,16,7,10.76923076923077,0.6375594225305531,0.6558244894998735
crypto_wallet,25,9,13.846153846153847,0.9961865977039891,0.6553822657715301
unlock,15,8,12.307692307692308,0.5977119586223935,0.6551647284363794
invasion,15,8,12.307692307692308,0.5977119586223935,0.6550709731389429
smart_contract_code,20,8,12.307692307692308,0.7969492781631913,0.6548329122748013
excluded,18,8,12.307692307692308,0.7172543503468721,0.6543052760156808
bought,15,10,15.384615384615385,0.5977119586223935,0.6540419987517813
ticket,16,15,23.076923076923077,0.6375594225305531,0.6537712225051744
merely,16,12,18.46153846153846,0.6375594225305531,0.6537015690359982
rpc,19,3,4.615384615384615,0.7571018142550318,0.6534321834666512
scikit,10,3,4.615384615384615,0.39847463908159564,0.6532846333107074
input_parameter,18,5,7.6923076923076925,0.7172543503468721,0.6531147494118678
source_code,13,4,6.153846153846154,0.5180170308060743,0.6527788739243139
ring,19,7,10.76923076923077,0.7571018142550318,0.6527110530505326
cryptographic_algorithm,19,5,7.6923076923076925,0.7571018142550318,0.6524559786474123
talk,14,9,13.846153846153847,0.5578644947142339,0.6522771262467196
brief,19,13,20.0,0.7571018142550318,0.6521971122576521
factor_authentication,16,11,16.923076923076923,0.6375594225305531,0.6516309889459604
open_access,19,16,24.615384615384617,0.7571018142550318,0.651066937583534
regarded,16,9,13.846153846153847,0.6375594225305531,0.650767810541647
jan,12,2,3.076923076923077,0.4781695668979148,0.6503826405352566
notation,17,8,12.307692307692308,0.6774068864387126,0.6502764268889681
secure_efficient,16,11,16.923076923076923,0.6375594225305531,0.6499955133362697
persistence,30,9,13.846153846153847,1.195423917244787,0.6498051444845827
observe,15,14,21.53846153846154,0.5977119586223935,0.6497959461082197
located,15,11,16.923076923076923,0.5977119586223935,0.6495614655027804
automatic,19,14,21.53846153846154,0.7571018142550318,0.6494879154172941
origin,16,10,15.384615384615385,0.6375594225305531,0.6484421653419972
crypto_project,25,2,3.076923076923077,0.9961865977039891,0.6467240803763434
ensured,18,15,23.076923076923077,0.7172543503468721,0.6465969336009689
browser,18,6,9.23076923076923,0.7172543503468721,0.6459832720100678
speculative,18,6,9.23076923076923,0.7172543503468721,0.6458399105249022
usability,28,7,10.76923076923077,1.1157289894284679,0.6457776942594728
smart_contract_address,14,5,7.6923076923076925,0.5578644947142339,0.6450851529553705
practical_implication,11,7,10.76923076923077,0.4383221029897552,0.6447021638105292
balanced,14,9,13.846153846153847,0.5578644947142339,0.6432770635806173
campaign,18,7,10.76923076923077,0.7172543503468721,0.6427839620413018
exposed,24,11,16.923076923076923,0.9563391337958296,0.6420883608543252
burgeoning,17,8,12.307692307692308,0.6774068864387126,0.641921262003627
trial,12,9,13.846153846153847,0.4781695668979148,0.6412234124026253
equity,16,10,15.384615384615385,0.6375594225305531,0.6408380385955758
probably,15,11,16.923076923076923,0.5977119586223935,0.6407987332472629
modify,13,9,13.846153846153847,0.5180170308060743,0.6405519794105482
divide,14,7,10.76923076923077,0.5578644947142339,0.6405517208260122
computation_cost,17,6,9.23076923076923,0.6774068864387126,0.6405086953398986
advancing,20,12,18.46153846153846,0.7969492781631913,0.6403398363813458
previous_study,19,10,15.384615384615385,0.7571018142550318,0.6400607168061336
fungible,21,12,18.46153846153846,0.8367967420713509,0.6390143686393895
generates_random,11,4,6.153846153846154,0.4383221029897552,0.638916790144341
gdpr,13,7,10.76923076923077,0.5180170308060743,0.6381258431411643
inspired,16,15,23.076923076923077,0.6375594225305531,0.638104796329765
possesses,13,8,12.307692307692308,0.5180170308060743,0.6380838761819726
seeking,17,15,23.076923076923077,0.6774068864387126,0.6379473007840091
impersonate,15,8,12.307692307692308,0.5977119586223935,0.6378520673783675
commonly,19,14,21.53846153846154,0.7571018142550318,0.6377541630040351
coefficient,20,8,12.307692307692308,0.7969492781631913,0.6376199400988025
ensuring_secure,18,12,18.46153846153846,0.7172543503468721,0.6366802329499598
necessitates,22,12,18.46153846153846,0.8766442059795104,0.6365808151806915
story,15,13,20.0,0.5977119586223935,0.6359998436875982
ax,29,4,6.153846153846154,1.1555764533366273,0.6358425442431306
explicitly,17,10,15.384615384615385,0.6774068864387126,0.6354074248690285
april,15,11,16.923076923076923,0.5977119586223935,0.6353641225418192
aforementioned,25,10,15.384615384615385,0.9961865977039891,0.6353249600669107
mohammad,22,3,4.615384615384615,0.8766442059795104,0.635211182734535
summarizes,11,8,12.307692307692308,0.4383221029897552,0.6334485732758345
rapidly_evolving,17,15,23.076923076923077,0.6774068864387126,0.6331976177847713
automating,17,13,20.0,0.6774068864387126,0.6330379403442641
jin,21,4,6.153846153846154,0.8367967420713509,0.6324883278388439
weighted,23,9,13.846153846153847,0.91649166988767,0.6323883603075695
expertise,20,13,20.0,0.7969492781631913,0.6320587798864532
contractual,10,5,7.6923076923076925,0.39847463908159564,0.6320341944607272
smooth,15,12,18.46153846153846,0.5977119586223935,0.6315421356970529
diffusion,22,3,4.615384615384615,0.8766442059795104,0.6310784698448111
scoring,15,6,9.23076923076923,0.5977119586223935,0.6307375256984349
email,15,11,16.923076923076923,0.5977119586223935,0.6305782740881054
dai,9,3,4.615384615384615,0.35862717517343606,0.6304907081967026
authenticated,18,10,15.384615384615385,0.7172543503468721,0.6300457795866646
staff,12,8,12.307692307692308,0.4781695668979148,0.629667712511665
associate,17,13,20.0,0.6774068864387126,0.6295119779272652
breaking,16,11,16.923076923076923,0.6375594225305531,0.6295071772028247
ahead,15,12,18.46153846153846,0.5977119586223935,0.6294593516699653
drawing,18,11,16.923076923076923,0.7172543503468721,0.6294426470560788
acquired,17,11,16.923076923076923,0.6774068864387126,0.6293624655740357
nonetheless,12,9,13.846153846153847,0.4781695668979148,0.6292375599312507
reached,19,15,23.076923076923077,0.7571018142550318,0.6292373325740497
participating,20,13,20.0,0.7969492781631913,0.6287604449238433
necessity,20,12,18.46153846153846,0.7969492781631913,0.6286274496349602
motion,26,8,12.307692307692308,1.0360340616121486,0.6285674244576245
licensed,16,9,13.846153846153847,0.6375594225305531,0.6281576888245191
extension,16,11,16.923076923076923,0.6375594225305531,0.6275331171311688
prompt,11,5,7.6923076923076925,0.4383221029897552,0.627237886458563
prospective,17,9,13.846153846153847,0.6774068864387126,0.6270050322228343
split,15,14,21.53846153846154,0.5977119586223935,0.6266904185564428
executing,17,10,15.384615384615385,0.6774068864387126,0.6266343012773211
clarity,17,7,10.76923076923077,0.6774068864387126,0.6261126119358426
wrong,15,9,13.846153846153847,0.5977119586223935,0.6259053276218535
stability,18,13,20.0,0.7172543503468721,0.6259009926057697
visualize,8,6,9.23076923076923,0.31877971126527654,0.6253803955686964
stock,15,7,10.76923076923077,0.5977119586223935,0.6252177213514619
misleading,10,4,6.153846153846154,0.39847463908159564,0.6250789646772811
mainstream,18,10,15.384615384615385,0.7172543503468721,0.6249611339241017
backdoor,10,4,6.153846153846154,0.39847463908159564,0.6243898947835005
completing,17,9,13.846153846153847,0.6774068864387126,0.6242947515675762
computational_task,20,2,3.076923076923077,0.7969492781631913,0.6230887404212591
navigating,17,9,13.846153846153847,0.6774068864387126,0.6229928787144504
crypto_exchange,27,3,4.615384615384615,1.0758815255203082,0.6224814588109199
ram,15,10,15.384615384615385,0.5977119586223935,0.6221724866268576
computational_resource,19,10,15.384615384615385,0.7571018142550318,0.6218855358473867
dae,13,2,3.076923076923077,0.5180170308060743,0.621471321018471
greatly,16,11,16.923076923076923,0.6375594225305531,0.6208164646418045
bandwidth,18,10,15.384615384615385,0.7172543503468721,0.6202723846464869
p2e,13,4,6.153846153846154,0.5180170308060743,0.6202095348496639
intervention,21,13,20.0,0.8367967420713509,0.6195135754926149
dump,17,8,12.307692307692308,0.6774068864387126,0.6192005659501852
delegated,19,5,7.6923076923076925,0.7571018142550318,0.6191359182759438
stating,16,5,7.6923076923076925,0.6375594225305531,0.6185871548077755
recognizing,15,11,16.923076923076923,0.5977119586223935,0.6184803570498528
referring,15,10,15.384615384615385,0.5977119586223935,0.6180225336575556
informant,7,2,3.076923076923077,0.27893224735711697,0.6177210388315162
frontier,14,11,16.923076923076923,0.5578644947142339,0.6174060111530554
roll,10,2,3.076923076923077,0.39847463908159564,0.617144475469369
entered,14,8,12.307692307692308,0.5578644947142339,0.6170839238755833
problematic,10,9,13.846153846153847,0.39847463908159564,0.616666701833788
interesting,15,11,16.923076923076923,0.5977119586223935,0.61657046208737
profiling,15,7,10.76923076923077,0.5977119586223935,0.6162671126486002
floor,6,3,4.615384615384615,0.2390847834489574,0.616186217765711
aid,17,11,16.923076923076923,0.6774068864387126,0.6161230731789111
centralized_authority,13,11,16.923076923076923,0.5180170308060743,0.6160625456558839
struggle,18,10,15.384615384615385,0.7172543503468721,0.6148321208206605
belonging,21,10,15.384615384615385,0.8367967420713509,0.6142101673637358
organisation,31,7,10.76923076923077,1.2352713811529465,0.613712902983827
extreme,21,8,12.307692307692308,0.8367967420713509,0.613711366541409
behalf,15,9,13.846153846153847,0.5977119586223935,0.6135618662447454
reaction,21,11,16.923076923076923,0.8367967420713509,0.6134624275226133
privacy_anonymity,26,3,4.615384615384615,1.0360340616121486,0.612900046626219
segment,20,4,6.153846153846154,0.7969492781631913,0.6128204642611886
bibliometric,16,3,4.615384615384615,0.6375594225305531,0.6127569503402678
drop,16,8,12.307692307692308,0.6375594225305531,0.6127457704745998
central_bank,17,4,6.153846153846154,0.6774068864387126,0.6125835306205213
facial_recognition,17,7,10.76923076923077,0.6774068864387126,0.6123779988493534
floating_point,12,3,4.615384615384615,0.4781695668979148,0.6115319800369124
maker,15,8,12.307692307692308,0.5977119586223935,0.6112110085502255
uploaded,17,8,12.307692307692308,0.6774068864387126,0.6108880007748971
professor,11,4,6.153846153846154,0.4383221029897552,0.610433499520847
verifier,14,5,7.6923076923076925,0.5578644947142339,0.6103452584810184
guaranteed,13,12,18.46153846153846,0.5180170308060743,0.6101104687317707
drive,18,14,21.53846153846154,0.7172543503468721,0.6099229534418691
gallery,13,6,9.23076923076923,0.5180170308060743,0.6098319267216723
remove,16,15,23.076923076923077,0.6375594225305531,0.6098181844408795
soft,23,5,7.6923076923076925,0.91649166988767,0.6094429420085113
content_creator,22,9,13.846153846153847,0.8766442059795104,0.609229368079589
digitalization,11,9,13.846153846153847,0.4383221029897552,0.6091362773448904
detected,18,13,20.0,0.7172543503468721,0.6083016837134114
came,12,9,13.846153846153847,0.4781695668979148,0.6079142984140737
affecting,17,14,21.53846153846154,0.6774068864387126,0.6077935660724951
reconstruction,19,8,12.307692307692308,0.7571018142550318,0.6073009031208925
establishes,15,10,15.384615384615385,0.5977119586223935,0.6071537793019732
fractional_ownership,16,6,9.23076923076923,0.6375594225305531,0.6064586606282578
dedicated,23,11,16.923076923076923,0.91649166988767,0.6063623161523982
hyperparameter,13,2,3.076923076923077,0.5180170308060743,0.6059880490837278
paving_way,14,8,12.307692307692308,0.5578644947142339,0.6054030592394493
contact,11,9,13.846153846153847,0.4383221029897552,0.6047210174033503
comparative_analysis,16,10,15.384615384615385,0.6375594225305531,0.6041432876540443
redemption,13,2,3.076923076923077,0.5180170308060743,0.6041258077860079
permitted,13,12,18.46153846153846,0.5180170308060743,0.6037710098540648
slr,18,2,3.076923076923077,0.7172543503468721,0.6035395832421967
percentage,20,7,10.76923076923077,0.7969492781631913,0.6034525448633992
wealth,14,10,15.384615384615385,0.5578644947142339,0.6034038751831129
administrator,14,5,7.6923076923076925,0.5578644947142339,0.6033184073921087
simulating,14,11,16.923076923076923,0.5578644947142339,0.6033011917917089
attribution,17,16,24.615384615384617,0.6774068864387126,0.603087730757944
relying,20,14,21.53846153846154,0.7969492781631913,0.6027855069373391
cognitive,14,7,10.76923076923077,0.5578644947142339,0.6023971750104916
photo,12,8,12.307692307692308,0.4781695668979148,0.6019752965344468
standardized,16,8,12.307692307692308,0.6375594225305531,0.6016402437348999
financial_loss,14,8,12.307692307692308,0.5578644947142339,0.6013742892556238
customer_loyalty,20,2,3.076923076923077,0.7969492781631913,0.6011783750552476
minute,13,8,12.307692307692308,0.5180170308060743,0.6010318845524296
singapore,10,8,12.307692307692308,0.39847463908159564,0.6006448902924628
legality,13,9,13.846153846153847,0.5180170308060743,0.600302191234811
zhao,18,8,12.307692307692308,0.7172543503468721,0.5999901128284311
asked,13,4,6.153846153846154,0.5180170308060743,0.5991491953038733
producing,15,12,18.46153846153846,0.5977119586223935,0.5988567690412347
expectancy,21,3,4.615384615384615,0.8367967420713509,0.5987837348874337
house,14,8,12.307692307692308,0.5578644947142339,0.5987181063556136
prepare,12,9,13.846153846153847,0.4781695668979148,0.5984188905500166
asymmetric,20,5,7.6923076923076925,0.7969492781631913,0.5984091070975379
dissemination,17,9,13.846153846153847,0.6774068864387126,0.5983649420963664
differ,18,14,21.53846153846154,0.7172543503468721,0.5973676247940471
vary,13,11,16.923076923076923,0.5180170308060743,0.5969764414276467
draw,15,12,18.46153846153846,0.5977119586223935,0.5969646268542732
attribute_based_encryption,14,2,3.076923076923077,0.5578644947142339,0.5968536852822478
remaining,20,11,16.923076923076923,0.7969492781631913,0.5968155523917293
accumulation,14,8,12.307692307692308,0.5578644947142339,0.5967139402799007
draft,14,13,20.0,0.5578644947142339,0.5964043488515857
oculus,9,6,9.23076923076923,0.35862717517343606,0.5963981178033504
investment_opportunity,12,9,13.846153846153847,0.4781695668979148,0.5961566375913023
instant,15,8,12.307692307692308,0.5977119586223935,0.5961207064399922
lowest,12,9,13.846153846153847,0.4781695668979148,0.5957351389072477
tend,15,10,15.384615384615385,0.5977119586223935,0.5950705966149967
login_authentication,12,2,3.076923076923077,0.4781695668979148,0.5948560680439954
knowing,12,8,12.307692307692308,0.4781695668979148,0.5943197924780008
aggregate,16,9,13.846153846153847,0.6375594225305531,0.5941894462512174
encrypted_data,23,9,13.846153846153847,0.91649166988767,0.5940264370575137
feasible,16,11,16.923076923076923,0.6375594225305531,0.5932713940459072
emerging_trend,12,9,13.846153846153847,0.4781695668979148,0.59275193217276
succeed,10,7,10.76923076923077,0.39847463908159564,0.5926352112103338
saudi_arabia,11,4,6.153846153846154,0.4383221029897552,0.5921055088177228
banknote,8,2,3.076923076923077,0.31877971126527654,0.5921036055330192
correctness,17,6,9.23076923076923,0.6774068864387126,0.5919850532137576
asymmetric_cryptography,18,2,3.076923076923077,0.7172543503468721,0.5919620919972373
reaching,18,9,13.846153846153847,0.7172543503468721,0.5911426782922745
concentrate,13,11,16.923076923076923,0.5180170308060743,0.5909925258757497
ape,13,6,9.23076923076923,0.5180170308060743,0.5908653375759281
mixed,15,8,12.307692307692308,0.5977119586223935,0.5903914333911938
zero_knowledge_proof,15,7,10.76923076923077,0.5977119586223935,0.5903455399992209
routine,19,6,9.23076923076923,0.7571018142550318,0.5895344143445471
structural,13,7,10.76923076923077,0.5180170308060743,0.5894936225469279
project_administration,19,11,16.923076923076923,0.7571018142550318,0.5891436437438203
covering,16,10,15.384615384615385,0.6375594225305531,0.5889976104484543
content_creation,16,9,13.846153846153847,0.6375594225305531,0.587984321942565
compared_traditional,15,12,18.46153846153846,0.5977119586223935,0.587561663001789
shortcoming,15,7,10.76923076923077,0.5977119586223935,0.5873651580998276
spending,13,11,16.923076923076923,0.5180170308060743,0.5873047317346881
delivery,15,11,16.923076923076923,0.5977119586223935,0.5868923602152408
trick,15,6,9.23076923076923,0.5977119586223935,0.5866991966619156
literacy,11,6,9.23076923076923,0.4383221029897552,0.5863610604330964
new_revenue,12,5,7.6923076923076925,0.4781695668979148,0.5862833592510873
nearly,10,9,13.846153846153847,0.39847463908159564,0.5861311333518286
funding,20,13,20.0,0.7969492781631913,0.5859994276874348
revolutionize,20,11,16.923076923076923,0.7969492781631913,0.5859198863375128
joint,14,11,16.923076923076923,0.5578644947142339,0.5858670436566724
replay_mitm,11,2,3.076923076923077,0.4383221029897552,0.5856424416152012
advent,14,10,15.384615384615385,0.5578644947142339,0.5854802138506802
preparation,13,8,12.307692307692308,0.5180170308060743,0.5852371940574812
bottleneck,18,10,15.384615384615385,0.7172543503468721,0.5851789958862791
resolve_dispute,12,4,6.153846153846154,0.4781695668979148,0.584966498243067
algorithmic,20,8,12.307692307692308,0.7969492781631913,0.5847086650937428
computer_science,11,10,15.384615384615385,0.4383221029897552,0.5844311028619495
sharma,11,5,7.6923076923076925,0.4383221029897552,0.5841206198135571
environmental_impact,12,5,7.6923076923076925,0.4781695668979148,0.5835837658743175
consortium,13,6,9.23076923076923,0.5180170308060743,0.5831122583655214
autonomy,14,10,15.384615384615385,0.5578644947142339,0.5824464069031049
lab,16,9,13.846153846153847,0.6375594225305531,0.5821343035407073
intercept,14,7,10.76923076923077,0.5578644947142339,0.5818872870585726
smart_city,17,13,20.0,0.6774068864387126,0.5817157809177239
listed,17,14,21.53846153846154,0.6774068864387126,0.5816436595579186
child,24,10,15.384615384615385,0.9563391337958296,0.5812445023449346
accordance,11,6,9.23076923076923,0.4383221029897552,0.58123521546842
confirming,14,12,18.46153846153846,0.5578644947142339,0.5809429726576091
commonly_used,12,11,16.923076923076923,0.4781695668979148,0.5808593528563669
spend,17,11,16.923076923076923,0.6774068864387126,0.5807053515121148
iot_device,21,8,12.307692307692308,0.8367967420713509,0.5789914504801066
unless,12,9,13.846153846153847,0.4781695668979148,0.5782666455619754
thoroughly,15,14,21.53846153846154,0.5977119586223935,0.5778329968772075
concludes,12,11,16.923076923076923,0.4781695668979148,0.5774340505027924
checklist,26,3,4.615384615384615,1.0360340616121486,0.5773441993750198
pump,16,7,10.76923076923077,0.6375594225305531,0.5768739984454871
notion,16,11,16.923076923076923,0.6375594225305531,0.5767920999649937
notable,23,12,18.46153846153846,0.91649166988767,0.5766322669347896
defi_protocol,16,6,9.23076923076923,0.6375594225305531,0.575753218319959
peak,16,11,16.923076923076923,0.6375594225305531,0.5756073217485633
drawn,14,12,18.46153846153846,0.5578644947142339,0.5755750620631016
meta_verse,14,4,6.153846153846154,0.5578644947142339,0.5755488695043836
encountered,15,11,16.923076923076923,0.5977119586223935,0.5753371507971576
normalized,19,7,10.76923076923077,0.7571018142550318,0.57521897166084
digitally,16,10,15.384615384615385,0.6375594225305531,0.5751696805554012
median,15,5,7.6923076923076925,0.5977119586223935,0.5750506023271151
largely,14,12,18.46153846153846,0.5578644947142339,0.5747659859397268
fear,16,9,13.846153846153847,0.6375594225305531,0.5747293219387717
computer_vision,13,7,10.76923076923077,0.5180170308060743,0.5739899145363906
visually,13,10,15.384615384615385,0.5180170308060743,0.5736777474891056
trustless,19,6,9.23076923076923,0.7571018142550318,0.5735874746230943
friend,16,11,16.923076923076923,0.6375594225305531,0.5734783433782777
computational_cost,18,5,7.6923076923076925,0.7172543503468721,0.5730942826207154
adaptability,21,10,15.384615384615385,0.8367967420713509,0.5727632244507498
battle,14,5,7.6923076923076925,0.5578644947142339,0.5720864395643364
malicious_node,24,4,6.153846153846154,0.9563391337958296,0.5705537772649234
putting,15,9,13.846153846153847,0.5977119586223935,0.5704665150239613
projected,13,9,13.846153846153847,0.5180170308060743,0.5704333004301175
acm,14,7,10.76923076923077,0.5578644947142339,0.5703936056693841
double_spending,11,5,7.6923076923076925,0.4383221029897552,0.5701685728878215
mapped,14,6,9.23076923076923,0.5578644947142339,0.5695731579692528
verse,13,9,13.846153846153847,0.5180170308060743,0.5692604552353311
gas_fee,13,6,9.23076923076923,0.5180170308060743,0.5691852114249906
trait,21,6,9.23076923076923,0.8367967420713509,0.5691178655303707
zero_knowledge,14,5,7.6923076923076925,0.5578644947142339,0.5690970932560996
reddy,6,4,6.153846153846154,0.2390847834489574,0.5690935095647736
illegally,10,4,6.153846153846154,0.39847463908159564,0.5690897997399221
high_speed,14,9,13.846153846153847,0.5578644947142339,0.5685431693176617
schema,8,2,3.076923076923077,0.31877971126527654,0.5684434484082375
inventory,12,7,10.76923076923077,0.4781695668979148,0.5682554062813009
column,12,7,10.76923076923077,0.4781695668979148,0.5682112888160801
denial_service,16,10,15.384615384615385,0.6375594225305531,0.5680199282414508
theoretically,15,10,15.384615384615385,0.5977119586223935,0.5679702189837788
tell,15,7,10.76923076923077,0.5977119586223935,0.5679196158809984
ranging,21,12,18.46153846153846,0.8367967420713509,0.5677373929959345
mitigation_strategy,9,6,9.23076923076923,0.35862717517343606,0.5675704378965175
jointly,12,11,16.923076923076923,0.4781695668979148,0.5663869456228569
decentralisation,14,3,4.615384615384615,0.5578644947142339,0.5662778849473389
self_executing,13,10,15.384615384615385,0.5180170308060743,0.5661708048910448
prepared,9,9,13.846153846153847,0.35862717517343606,0.5659808885512199
atomic,13,4,6.153846153846154,0.5180170308060743,0.5656439347794089
mec,17,2,3.076923076923077,0.6774068864387126,0.5653003278047112
anticipated,16,10,15.384615384615385,0.6375594225305531,0.5651055846140899
downloaded,14,4,6.153846153846154,0.5578644947142339,0.5647839561319744
america,7,3,4.615384615384615,0.27893224735711697,0.5645917351988725
precise,21,11,16.923076923076923,0.8367967420713509,0.5639711706722479
convolutional_neural,17,8,12.307692307692308,0.6774068864387126,0.5638718720942146
unregulated,16,9,13.846153846153847,0.6375594225305531,0.5628771320418812
customized,16,12,18.46153846153846,0.6375594225305531,0.5628244479255482
socialize,11,8,12.307692307692308,0.4383221029897552,0.5622000304240099
gender,17,8,12.307692307692308,0.6774068864387126,0.5620659210328526
volatile,18,10,15.384615384615385,0.7172543503468721,0.5617103222717514
ref,44,4,6.153846153846154,1.7532884119590209,0.5615134658742441
adaptable,13,10,15.384615384615385,0.5180170308060743,0.5614411724250636
separately,15,12,18.46153846153846,0.5977119586223935,0.5611858105687046
varied,15,12,18.46153846153846,0.5977119586223935,0.5608802927961014
unique_identifier,13,11,16.923076923076923,0.5180170308060743,0.5606452471488291
replicate,14,12,18.46153846153846,0.5578644947142339,0.5604529188681515
intersection,14,9,13.846153846153847,0.5578644947142339,0.5601880993883167
extra,15,12,18.46153846153846,0.5977119586223935,0.5596885105209807
max,14,7,10.76923076923077,0.5578644947142339,0.5596658238178895
counter,17,12,18.46153846153846,0.6774068864387126,0.559562472391488
instruction,11,8,12.307692307692308,0.4383221029897552,0.5594490616587606
onchain,9,4,6.153846153846154,0.35862717517343606,0.5592869636692218
future_direction,19,12,18.46153846153846,0.7571018142550318,0.5587471296023778
abuse,21,13,20.0,0.8367967420713509,0.5587313199420754
stake,17,10,15.384615384615385,0.6774068864387126,0.5586038622292268
resolved,18,10,15.384615384615385,0.7172543503468721,0.5579934512690277
suit,21,9,13.846153846153847,0.8367967420713509,0.5578518035482807
date_publication,13,13,20.0,0.5180170308060743,0.5574992266835814
encompass,16,12,18.46153846153846,0.6375594225305531,0.5573195371967276
priority,19,7,10.76923076923077,0.7571018142550318,0.5571552957665162
meaningful,15,8,12.307692307692308,0.5977119586223935,0.5565411159068868
narrative,17,8,12.307692307692308,0.6774068864387126,0.5565407512554896
untrustworthy,14,4,6.153846153846154,0.5578644947142339,0.5562089622316759
comparable,15,10,15.384615384615385,0.5977119586223935,0.5558099864721073
notification,9,4,6.153846153846154,0.35862717517343606,0.5555387248432948
authenticator,12,3,4.615384615384615,0.4781695668979148,0.5551325708704226
research_area,19,7,10.76923076923077,0.7571018142550318,0.5549818112513043
policymakers,14,9,13.846153846153847,0.5578644947142339,0.5544039311687001
authentication_scheme,13,6,9.23076923076923,0.5180170308060743,0.5543590402327172
ethical_consideration,13,8,12.307692307692308,0.5180170308060743,0.5539654998927387
food,12,7,10.76923076923077,0.4781695668979148,0.5538758211926504
mimic,17,10,15.384615384615385,0.6774068864387126,0.5533179105586933
yang,19,11,16.923076923076923,0.7571018142550318,0.553043461203602
cbdcs,26,2,3.076923076923077,1.0360340616121486,0.5525537820537925
revocation,12,5,7.6923076923076925,0.4781695668979148,0.5516757894099905
executes,12,8,12.307692307692308,0.4781695668979148,0.5514268008064386
existing_literature,19,12,18.46153846153846,0.7571018142550318,0.551424022009455
merging,13,12,18.46153846153846,0.5180170308060743,0.5513193960452375
compliant,17,10,15.384615384615385,0.6774068864387126,0.5511593348471442
align,15,12,18.46153846153846,0.5977119586223935,0.551047080936699
high_quality,20,11,16.923076923076923,0.7969492781631913,0.5509706654596672
simulate,15,9,13.846153846153847,0.5977119586223935,0.5507037112106683
predominantly,18,14,21.53846153846154,0.7172543503468721,0.5501026162080128
september,13,11,16.923076923076923,0.5180170308060743,0.5497209585246043
coverage,12,8,12.307692307692308,0.4781695668979148,0.5493230300978946
attempting,13,10,15.384615384615385,0.5180170308060743,0.549318676139393
computational_efficiency,17,9,13.846153846153847,0.6774068864387126,0.5488605081136442
helping,12,12,18.46153846153846,0.4781695668979148,0.5485192133172068
advocate,10,9,13.846153846153847,0.39847463908159564,0.5483006036087069
spent,13,8,12.307692307692308,0.5180170308060743,0.5482570117009956
explainable,11,6,9.23076923076923,0.4383221029897552,0.5477378842463708
costly,11,8,12.307692307692308,0.4383221029897552,0.547263839975644
copying,10,6,9.23076923076923,0.39847463908159564,0.5468491817356905
paying,10,8,12.307692307692308,0.39847463908159564,0.546275306549411
earning,10,7,10.76923076923077,0.39847463908159564,0.5462321926699453
dapps,16,9,13.846153846153847,0.6375594225305531,0.5457267156411313
shifting,10,10,15.384615384615385,0.39847463908159564,0.5455607323287944
kuwait,6,3,4.615384615384615,0.2390847834489574,0.5454057399003895
immersion,22,8,12.307692307692308,0.8766442059795104,0.5443693092677251
make_difficult,12,10,15.384615384615385,0.4781695668979148,0.5440436472402126
secrecy,13,7,10.76923076923077,0.5180170308060743,0.5437798464459513
suited,16,10,15.384615384615385,0.6375594225305531,0.543657219916368
occurrence,11,5,7.6923076923076925,0.4383221029897552,0.5435196065288654
seven,18,11,16.923076923076923,0.7172543503468721,0.5434956212736983
proceeds,19,7,10.76923076923077,0.7571018142550318,0.5434492072773419
plaintext,19,4,6.153846153846154,0.7571018142550318,0.5434220296035643
intrinsic,19,7,10.76923076923077,0.7571018142550318,0.5433113484848214
xai,8,4,6.153846153846154,0.31877971126527654,0.5430040212156824
systematic_review,15,5,7.6923076923076925,0.5977119586223935,0.5428360257252369
realized,8,7,10.76923076923077,0.31877971126527654,0.5424840338530308
json,11,4,6.153846153846154,0.4383221029897552,0.5421230964121747
facility,12,9,13.846153846153847,0.4781695668979148,0.5420124508706318
wave,13,10,15.384615384615385,0.5180170308060743,0.5419671821182235
claimed,9,7,10.76923076923077,0.35862717517343606,0.5415425452731933
function_called,13,3,4.615384615384615,0.5180170308060743,0.5412165114541423
execution_environment,15,3,4.615384615384615,0.5977119586223935,0.5409924028105775
equitable,18,10,15.384615384615385,0.7172543503468721,0.5406950326481885
corresponds,14,11,16.923076923076923,0.5578644947142339,0.5403643112162345
complaint,12,3,4.615384615384615,0.4781695668979148,0.5402350172263767
hide,12,4,6.153846153846154,0.4781695668979148,0.5402075670646878
border,13,8,12.307692307692308,0.5180170308060743,0.5398481869592321
mitm_attack,14,5,7.6923076923076925,0.5578644947142339,0.5398416150028291
trying,12,8,12.307692307692308,0.4781695668979148,0.5395523567597352
dominance,18,4,6.153846153846154,0.7172543503468721,0.5394791911674381
computationally,17,10,15.384615384615385,0.6774068864387126,0.5390940997461184
moderating,19,5,7.6923076923076925,0.7571018142550318,0.5390075160215784
refunded,11,2,3.076923076923077,0.4383221029897552,0.5389081600233337
stay,11,9,13.846153846153847,0.4383221029897552,0.5387196549209636
gold,15,8,12.307692307692308,0.5977119586223935,0.5383515624541272
obligation,13,10,15.384615384615385,0.5180170308060743,0.5379830139064894
assume_adversary,12,3,4.615384615384615,0.4781695668979148,0.5376488255591267
xplore,14,4,6.153846153846154,0.5578644947142339,0.5376197576466785
adjustment,13,11,16.923076923076923,0.5180170308060743,0.5373914971036183
accelerated,11,9,13.846153846153847,0.4383221029897552,0.5373636024439142
european,12,7,10.76923076923077,0.4781695668979148,0.5372797863327279
data_availability,19,14,21.53846153846154,0.7571018142550318,0.5371191106326695
argue,17,11,16.923076923076923,0.6774068864387126,0.5367015973129373
xgboost,14,3,4.615384615384615,0.5578644947142339,0.5364138737731183
formal_analysis,15,9,13.846153846153847,0.5977119586223935,0.5361719555436355
social_networking,11,9,13.846153846153847,0.4383221029897552,0.5357826595182558
hardhat,7,3,4.615384615384615,0.27893224735711697,0.5356253899725018
faculty,10,5,7.6923076923076925,0.39847463908159564,0.5356107141027617
rank,12,6,9.23076923076923,0.4781695668979148,0.5354796775475446
reading,17,10,15.384615384615385,0.6774068864387126,0.5348951253702307
residual,15,5,7.6923076923076925,0.5977119586223935,0.534634019836123
privacy_risk,14,6,9.23076923076923,0.5578644947142339,0.534440436986392
american,11,6,9.23076923076923,0.4383221029897552,0.5340219129226265
physical_object,20,8,12.307692307692308,0.7969492781631913,0.5337404673302595
invoke,12,7,10.76923076923077,0.4781695668979148,0.5333524717698378
fails,13,8,12.307692307692308,0.5180170308060743,0.5327371557788273
presenting,19,12,18.46153846153846,0.7571018142550318,0.5323434916854551
gas_consumption,21,4,6.153846153846154,0.8367967420713509,0.5321555044163379
relating,15,7,10.76923076923077,0.5977119586223935,0.5316358923514659
opened,13,9,13.846153846153847,0.5180170308060743,0.531198930057699
pairing,13,6,9.23076923076923,0.5180170308060743,0.5309993109459861
eliminate,16,11,16.923076923076923,0.6375594225305531,0.5309444764605531
unlimited,12,8,12.307692307692308,0.4781695668979148,0.5308977449502416
constantly,13,12,18.46153846153846,0.5180170308060743,0.5308029310187491
replace,10,9,13.846153846153847,0.39847463908159564,0.5306932873101637
optimizing,22,11,16.923076923076923,0.8766442059795104,0.5304858691781145
scholar,14,9,13.846153846153847,0.5578644947142339,0.5303705492383608
multifactor,8,5,7.6923076923076925,0.31877971126527654,0.5303479327455554
gwei,11,6,9.23076923076923,0.4383221029897552,0.5300950974795117
scientist,10,7,10.76923076923077,0.39847463908159564,0.5300801983359036
redeemed,12,3,4.615384615384615,0.4781695668979148,0.5299136305207385
patel,8,3,4.615384615384615,0.31877971126527654,0.5293596920576585
exchanging,16,13,20.0,0.6375594225305531,0.5289054492485882
truly,16,9,13.846153846153847,0.6375594225305531,0.5285880200784054
encoder,11,3,4.615384615384615,0.4383221029897552,0.528522124400105
atse,9,2,3.076923076923077,0.35862717517343606,0.5284717846857355
ofmc,9,2,3.076923076923077,0.35862717517343606,0.5284717846857355
transferable,11,5,7.6923076923076925,0.4383221029897552,0.52822323027873
phishing_attack,20,9,13.846153846153847,0.7969492781631913,0.5281566968753271
manuscript,16,13,20.0,0.6375594225305531,0.5277128371026396
brain,29,7,10.76923076923077,1.1555764533366273,0.5275318660997641
appeared,14,13,20.0,0.5578644947142339,0.5273003718657027
inherently,20,11,16.923076923076923,0.7969492781631913,0.5268660878111757
nuanced,17,10,15.384615384615385,0.6774068864387126,0.5266286784183803
quantum_resistant,17,4,6.153846153846154,0.6774068864387126,0.5265452719715744
nearest,11,7,10.76923076923077,0.4383221029897552,0.5265153743241687
territory,10,6,9.23076923076923,0.39847463908159564,0.5263658718262342
invested,13,10,15.384615384615385,0.5180170308060743,0.5263544396881817
convenience,13,11,16.923076923076923,0.5180170308060743,0.5263298350230107
double,13,9,13.846153846153847,0.5180170308060743,0.5261754590438951
decline,12,9,13.846153846153847,0.4781695668979148,0.5261049894325203
express,10,8,12.307692307692308,0.39847463908159564,0.5254662124619627
orange,20,5,7.6923076923076925,0.7969492781631913,0.5252240430525066
exception,11,9,13.846153846153847,0.4383221029897552,0.525034498426539
concurrently,14,7,10.76923076923077,0.5578644947142339,0.5248706337991017
reserve,15,8,12.307692307692308,0.5977119586223935,0.5246178107458158
reflects,18,12,18.46153846153846,0.7172543503468721,0.5245892472657508
filter,12,9,13.846153846153847,0.4781695668979148,0.5244694109673445
cheat,11,3,4.615384615384615,0.4383221029897552,0.5243586724930311
notice,11,6,9.23076923076923,0.4383221029897552,0.5240857555122651
specialist,11,7,10.76923076923077,0.4383221029897552,0.5240603655381754
dominant,12,8,12.307692307692308,0.4781695668979148,0.5234861633622304
gather,11,9,13.846153846153847,0.4383221029897552,0.523475306935389
royalty,18,8,12.307692307692308,0.7172543503468721,0.5231946743200623
attributed,18,11,16.923076923076923,0.7172543503468721,0.5227046033634145
tracked,14,11,16.923076923076923,0.5578644947142339,0.5223741613075787
violated,9,5,7.6923076923076925,0.35862717517343606,0.5222419284427965
sequence_diagram,14,5,7.6923076923076925,0.5578644947142339,0.522166858633823
final_result,14,3,4.615384615384615,0.5578644947142339,0.5219912358477475
prisma,15,4,6.153846153846154,0.5977119586223935,0.5217292103676823
upper,19,6,9.23076923076923,0.7571018142550318,0.5213380789529074
standing,13,11,16.923076923076923,0.5180170308060743,0.5212173179109278
budapest,6,3,4.615384615384615,0.2390847834489574,0.5211215642597815
connecting,11,10,15.384615384615385,0.4383221029897552,0.5210789687414925
ad,6,3,4.615384615384615,0.2390847834489574,0.5196730226112583
low_latency,19,8,12.307692307692308,0.7571018142550318,0.5196499419993076
average_time,15,5,7.6923076923076925,0.5977119586223935,0.5184281150022755
relate,14,9,13.846153846153847,0.5578644947142339,0.5184056693903761
depicts,12,10,15.384615384615385,0.4781695668979148,0.5184006043578584
march,16,8,12.307692307692308,0.6375594225305531,0.5179471972189091
prime,13,9,13.846153846153847,0.5180170308060743,0.5172575668788166
personalization,11,9,13.846153846153847,0.4383221029897552,0.5172266802987046
groundwork,13,9,13.846153846153847,0.5180170308060743,0.5171005258955047
unusual,10,6,9.23076923076923,0.39847463908159564,0.5169597044917237
assigns,14,7,10.76923076923077,0.5578644947142339,0.5164012483951572
atm,14,2,3.076923076923077,0.5578644947142339,0.51635986724945
urgent,11,7,10.76923076923077,0.4383221029897552,0.5159980465632718
senior_member,18,8,12.307692307692308,0.7172543503468721,0.5154848195338239
dlt,13,5,7.6923076923076925,0.5180170308060743,0.5153228643853581
constitute,12,10,15.384615384615385,0.4781695668979148,0.5151581107642206
acting,15,8,12.307692307692308,0.5977119586223935,0.5150252001063123
outperformed,14,7,10.76923076923077,0.5578644947142339,0.5149567546847524
socializing,12,9,13.846153846153847,0.4781695668979148,0.5148879707163184
symmetric,18,4,6.153846153846154,0.7172543503468721,0.5148549957897349
snow_crash,12,7,10.76923076923077,0.4781695668979148,0.5147361967643279
police,12,3,4.615384615384615,0.4781695668979148,0.5145235351976263
timestamps,10,7,10.76923076923077,0.39847463908159564,0.5144547221963228
engineer,9,8,12.307692307692308,0.35862717517343606,0.5139972890671747
atomicity,11,2,3.076923076923077,0.4383221029897552,0.5136850487629998
msbc_ctrust,24,2,3.076923076923077,0.9563391337958296,0.5130936748187422
trust_agreement,24,2,3.076923076923077,0.9563391337958296,0.5130936748187422
belong,11,8,12.307692307692308,0.4383221029897552,0.5129602762818605
widespread_adoption,13,9,13.846153846153847,0.5180170308060743,0.512932289522021
encouraging,13,10,15.384615384615385,0.5180170308060743,0.5129044998198726
invokes,12,6,9.23076923076923,0.4781695668979148,0.5127438826041252
raise_concern,14,10,15.384615384615385,0.5578644947142339,0.5124804982179271
delegation,16,3,4.615384615384615,0.6375594225305531,0.5122783627271529
guard,9,7,10.76923076923077,0.35862717517343606,0.5121075950902629
influenced,15,10,15.384615384615385,0.5977119586223935,0.5120505184747869
east,9,3,4.615384615384615,0.35862717517343606,0.5118997679598156
dependence,20,7,10.76923076923077,0.7969492781631913,0.5118199408890458
kingdom,11,7,10.76923076923077,0.4383221029897552,0.5116019320527122
reuse,12,8,12.307692307692308,0.4781695668979148,0.5115002915621305
hierarchical,9,7,10.76923076923077,0.35862717517343606,0.5100088872847012
authentication_phase,11,3,4.615384615384615,0.4383221029897552,0.5098864086818409
apple,15,7,10.76923076923077,0.5977119586223935,0.5098253947118576
sound,12,9,13.846153846153847,0.4781695668979148,0.5089370643913532
commission,11,5,7.6923076923076925,0.4383221029897552,0.508785170274271
carefully,11,7,10.76923076923077,0.4383221029897552,0.5087812632057386
counterfeit,13,8,12.307692307692308,0.5180170308060743,0.5083120747440028
universal,17,10,15.384615384615385,0.6774068864387126,0.5082979452791005
erc_token,41,3,4.615384615384615,1.6337460202345422,0.5080388204857604
crisis,8,6,9.23076923076923,0.31877971126527654,0.5080194722266113
write,15,6,9.23076923076923,0.5977119586223935,0.5077278368023184
selecting,18,13,20.0,0.7172543503468721,0.5073943719078238
yielded,12,8,12.307692307692308,0.4781695668979148,0.5073891255067831
ranking,16,8,12.307692307692308,0.6375594225305531,0.5070364162668317
recover,13,8,12.307692307692308,0.5180170308060743,0.506247893499943
valued,17,10,15.384615384615385,0.6774068864387126,0.5061486638451176
upgrading,14,2,3.076923076923077,0.5578644947142339,0.5061271100289441
quantization,14,2,3.076923076923077,0.5578644947142339,0.5060607033052825
intel,13,10,15.384615384615385,0.5180170308060743,0.5059984665521006
surveillance,11,9,13.846153846153847,0.4383221029897552,0.5059215012444556
consumed,15,5,7.6923076923076925,0.5977119586223935,0.5056248901105534
covered,12,8,12.307692307692308,0.4781695668979148,0.5055708447140913
ontology,19,2,3.076923076923077,0.7571018142550318,0.5053106261345832
deceive,15,9,13.846153846153847,0.5977119586223935,0.5048390983317242
beijing_china,13,6,9.23076923076923,0.5180170308060743,0.5047611027579
governed,18,10,15.384615384615385,0.7172543503468721,0.504539313078955
half,14,10,15.384615384615385,0.5578644947142339,0.504015899610862
hyper,16,9,13.846153846153847,0.6375594225305531,0.5039935546008031
spectrum,17,11,16.923076923076923,0.6774068864387126,0.5039617381908457
bitcoins,15,4,6.153846153846154,0.5977119586223935,0.5031987706000183
concerned,14,10,15.384615384615385,0.5578644947142339,0.5031534151136304
broadly,11,9,13.846153846153847,0.4383221029897552,0.5030642881794692
eliminates,14,10,15.384615384615385,0.5578644947142339,0.5029834684330049
instantly,13,9,13.846153846153847,0.5180170308060743,0.5029647747284699
pipeline,11,6,9.23076923076923,0.4383221029897552,0.5027140118827099
republic,7,4,6.153846153846154,0.27893224735711697,0.5024304731450128
overlooked,9,8,12.307692307692308,0.35862717517343606,0.5023319378314047
locked,14,4,6.153846153846154,0.5578644947142339,0.5023203710111672
enabling_technology,25,6,9.23076923076923,0.9961865977039891,0.5018235911637406
post_quantum,18,3,4.615384615384615,0.7172543503468721,0.5016387388536273
embedding,11,6,9.23076923076923,0.4383221029897552,0.5010663593653887
alongside,17,11,16.923076923076923,0.6774068864387126,0.5009260106236385
operated,12,8,12.307692307692308,0.4781695668979148,0.5007971627222031
fluctuation,19,9,13.846153846153847,0.7571018142550318,0.5004595722340206
logo,7,2,3.076923076923077,0.27893224735711697,0.500132305063118
broadcasting,8,3,4.615384615384615,0.31877971126527654,0.49949628910565924
ponzi,11,6,9.23076923076923,0.4383221029897552,0.49878940387646353
scan,10,6,9.23076923076923,0.39847463908159564,0.49862994790634935
ed,5,5,7.6923076923076925,0.19923731954079782,0.49858221966858607
immutable_record,12,8,12.307692307692308,0.4781695668979148,0.49853354560590585
holistic,16,13,20.0,0.6375594225305531,0.4984294864817603
limiting,12,10,15.384615384615385,0.4781695668979148,0.49806384150763117
inclusivity,16,9,13.846153846153847,0.6375594225305531,0.4977320972096301
happen,9,7,10.76923076923077,0.35862717517343606,0.49755637740610076
doubt,8,8,12.307692307692308,0.31877971126527654,0.49747056072290835
gaussian,15,5,7.6923076923076925,0.5977119586223935,0.4974027503608175
reflecting,13,8,12.307692307692308,0.5180170308060743,0.4973703332754191
buterin,9,5,7.6923076923076925,0.35862717517343606,0.49641579141925385
immense,15,9,13.846153846153847,0.5977119586223935,0.49618055867204586
legal_regulation,13,8,12.307692307692308,0.5180170308060743,0.4960689939489104
encrypts,11,5,7.6923076923076925,0.4383221029897552,0.4959787213035863
blend,18,11,16.923076923076923,0.7172543503468721,0.49533565897255655
strengthening,10,7,10.76923076923077,0.39847463908159564,0.4952065327787675
disclosed,14,8,12.307692307692308,0.5578644947142339,0.4951725115224563
marginal,10,4,6.153846153846154,0.39847463908159564,0.49489342425821975
iran,9,2,3.076923076923077,0.35862717517343606,0.4943737557304608
influencers,12,7,10.76923076923077,0.4781695668979148,0.4943406320479016
pricing,16,9,13.846153846153847,0.6375594225305531,0.4941161368638635
pillar,11,8,12.307692307692308,0.4383221029897552,0.4928335240644416
mesh,11,7,10.76923076923077,0.4383221029897552,0.49268131513480257
glove,21,5,7.6923076923076925,0.8367967420713509,0.4925124520343902
tackle,16,10,15.384615384615385,0.6375594225305531,0.4924958898026676
window,21,5,7.6923076923076925,0.8367967420713509,0.4923843676874665
anti_money_laundering,11,8,12.307692307692308,0.4383221029897552,0.49229843360593173
strict,11,7,10.76923076923077,0.4383221029897552,0.4920822390679067
envisioned,15,11,16.923076923076923,0.5977119586223935,0.49206140245890967
ukraine,14,3,4.615384615384615,0.5578644947142339,0.49196126649220334
blue,18,6,9.23076923076923,0.7172543503468721,0.49153768582343416
minor,10,8,12.307692307692308,0.39847463908159564,0.4910113366403981
intruder,16,4,6.153846153846154,0.6375594225305531,0.4909268744914278
mention,14,9,13.846153846153847,0.5578644947142339,0.4908597023006597
erc_standard,21,6,9.23076923076923,0.8367967420713509,0.49065549132769326
recovery,13,9,13.846153846153847,0.5180170308060743,0.4898265580373898
showcasing,15,14,21.53846153846154,0.5977119586223935,0.4893213967583189
consulting,7,2,3.076923076923077,0.27893224735711697,0.48930091358619493
impression,13,4,6.153846153846154,0.5180170308060743,0.4888142587975131
date_current,12,12,18.46153846153846,0.4781695668979148,0.4880113523176583
creative_common,14,11,16.923076923076923,0.5578644947142339,0.4880052357844399
resolving,14,7,10.76923076923077,0.5578644947142339,0.4879328912836498
scalar,10,5,7.6923076923076925,0.39847463908159564,0.48785485768157316
educating,10,7,10.76923076923077,0.39847463908159564,0.4877443572968068
extracting,14,8,12.307692307692308,0.5578644947142339,0.4876781017243564
intellectual,9,4,6.153846153846154,0.35862717517343606,0.48628001639036966
vpn,7,2,3.076923076923077,0.27893224735711697,0.48612800121854455
immersive_interactive,14,11,16.923076923076923,0.5578644947142339,0.48588190580127727
khan,10,5,7.6923076923076925,0.39847463908159564,0.4848378019514549
digital_frontier,14,8,12.307692307692308,0.5578644947142339,0.4845688481436721
flash,8,5,7.6923076923076925,0.31877971126527654,0.4837667210355266
poor,12,7,10.76923076923077,0.4781695668979148,0.4834832914559082
starting,10,9,13.846153846153847,0.39847463908159564,0.4833596701049164
horizon_world,13,9,13.846153846153847,0.5180170308060743,0.48329610994543676
attempted,10,7,10.76923076923077,0.39847463908159564,0.4831815144680195
ministry,8,8,12.307692307692308,0.31877971126527654,0.4825931122574773
market_capitalization,12,4,6.153846153846154,0.4781695668979148,0.48214982195482614
broken,12,12,18.46153846153846,0.4781695668979148,0.4821175084105469
requested,14,7,10.76923076923077,0.5578644947142339,0.4820281573900455
electrical,10,8,12.307692307692308,0.39847463908159564,0.48174299024564643
occurring,11,8,12.307692307692308,0.4383221029897552,0.48069041675380103
computation_result,15,4,6.153846153846154,0.5977119586223935,0.48036202781001835
chinese,17,5,7.6923076923076925,0.6774068864387126,0.48032042854141566
cryptographic_protocol,17,3,4.615384615384615,0.6774068864387126,0.47967999358989505
hear,7,4,6.153846153846154,0.27893224735711697,0.4795181793646974
musamih,12,4,6.153846153846154,0.4781695668979148,0.479440623592956
considerably,11,9,13.846153846153847,0.4383221029897552,0.4789596690443328
submits,12,7,10.76923076923077,0.4781695668979148,0.4784633394647093
concluded,9,8,12.307692307692308,0.35862717517343606,0.47842440556299665
war,14,3,4.615384615384615,0.5578644947142339,0.4780890204129804
energy_consumption,18,7,10.76923076923077,0.7172543503468721,0.4780178289542764
failed,8,7,10.76923076923077,0.31877971126527654,0.47790235683116994
communication_channel,13,10,15.384615384615385,0.5180170308060743,0.47784260307365933
signed,10,7,10.76923076923077,0.39847463908159564,0.477619183201913
preferred,18,11,16.923076923076923,0.7172543503468721,0.4773430215098136
painting,11,7,10.76923076923077,0.4383221029897552,0.477204070085427
unexpected,8,5,7.6923076923076925,0.31877971126527654,0.4772006144747975
diagram,14,8,12.307692307692308,0.5578644947142339,0.4770577517292602
burden,12,8,12.307692307692308,0.4781695668979148,0.4769282020111711
visibility,10,8,12.307692307692308,0.39847463908159564,0.4769241215791916
perceive,13,7,10.76923076923077,0.5180170308060743,0.4765710154450172
leaving,9,8,12.307692307692308,0.35862717517343606,0.4765261319846607
beihang_university,11,3,4.615384615384615,0.4383221029897552,0.47560603395884377
softmax,10,3,4.615384615384615,0.39847463908159564,0.475520951655776
discrepancy,11,9,13.846153846153847,0.4383221029897552,0.47543458477899025
discriminator,14,3,4.615384615384615,0.5578644947142339,0.47530710740309096
man_middle,12,8,12.307692307692308,0.4781695668979148,0.47527505158307287
symmetric_encryption,14,6,9.23076923076923,0.5578644947142339,0.4751597033670377
helpful,10,7,10.76923076923077,0.39847463908159564,0.47507516534751715
facing,10,9,13.846153846153847,0.39847463908159564,0.47492005760700423
raising,13,11,16.923076923076923,0.5180170308060743,0.4748820539267822
meticulous,9,9,13.846153846153847,0.35862717517343606,0.4748323065364299
iteration,15,9,13.846153846153847,0.5977119586223935,0.47478663169537916
prone,13,8,12.307692307692308,0.5180170308060743,0.4745742776763177
fractional,9,4,6.153846153846154,0.35862717517343606,0.47455036370150866
accelerate,9,6,9.23076923076923,0.35862717517343606,0.47435876543652883
motivated,12,7,10.76923076923077,0.4781695668979148,0.47410788168691165
logical,14,8,12.307692307692308,0.5578644947142339,0.47386455898073365
lin,15,8,12.307692307692308,0.5977119586223935,0.47380953137751386
extensively,15,10,15.384615384615385,0.5977119586223935,0.47320287342975675
natural_science,12,8,12.307692307692308,0.4781695668979148,0.47288524562570705
desired,14,9,13.846153846153847,0.5578644947142339,0.4728456529821238
cloned,8,3,4.615384615384615,0.31877971126527654,0.47255755552410683
consistently,15,11,16.923076923076923,0.5977119586223935,0.471919567014963
remarkable,11,8,12.307692307692308,0.4383221029897552,0.4718102438178303
follows_section,13,13,20.0,0.5180170308060743,0.4716313022918606
removal,10,7,10.76923076923077,0.39847463908159564,0.4715286500253912
electronics,9,6,9.23076923076923,0.35862717517343606,0.4714191670964066
sharding,13,6,9.23076923076923,0.5180170308060743,0.47121278175256814
outsourcing_computation,14,2,3.076923076923077,0.5578644947142339,0.4710854913284063
shen,15,7,10.76923076923077,0.5977119586223935,0.4707846364602693
mirror,17,12,18.46153846153846,0.6774068864387126,0.47068216183475564
contrary,8,7,10.76923076923077,0.31877971126527654,0.47056826804649504
import,7,6,9.23076923076923,0.27893224735711697,0.4705639671393707
bypass,9,6,9.23076923076923,0.35862717517343606,0.47044502149470413
threat_mitigation,12,2,3.076923076923077,0.4781695668979148,0.4703931258707445
buy_sell,12,11,16.923076923076923,0.4781695668979148,0.46978472450500836
investigating,18,11,16.923076923076923,0.7172543503468721,0.46968250045063414
qatar,8,3,4.615384615384615,0.31877971126527654,0.4696701403687858
transparency_immutability,12,7,10.76923076923077,0.4781695668979148,0.46962932253550527
tax,11,6,9.23076923076923,0.4383221029897552,0.4694407844117442
transparently,10,7,10.76923076923077,0.39847463908159564,0.46939307639539274
reader,18,9,13.846153846153847,0.7172543503468721,0.46918978069586986
demystifying,8,2,3.076923076923077,0.31877971126527654,0.46913314825015373
invariance,15,2,3.076923076923077,0.5977119586223935,0.4688023227860063
recent_study,19,9,13.846153846153847,0.7571018142550318,0.4685445296984341
returned,14,10,15.384615384615385,0.5578644947142339,0.46797501116421186
sequential,10,5,7.6923076923076925,0.39847463908159564,0.46796901975216765
generation_internet,11,10,15.384615384615385,0.4383221029897552,0.46790196396958855
multinational,5,2,3.076923076923077,0.19923731954079782,0.4677730020020306
rigorous,13,8,12.307692307692308,0.5180170308060743,0.4676353921000611
newly,18,8,12.307692307692308,0.7172543503468721,0.4673612873099156
equally,11,10,15.384615384615385,0.4383221029897552,0.46734981208551074
believed,12,10,15.384615384615385,0.4781695668979148,0.46713430931355326
celebrity,9,5,7.6923076923076925,0.35862717517343606,0.4669955856358751
dynamically,14,8,12.307692307692308,0.5578644947142339,0.4668857789255224
immediately,11,10,15.384615384615385,0.4383221029897552,0.4664526446279243
nlp,13,4,6.153846153846154,0.5180170308060743,0.4663963979574277
systematically,12,8,12.307692307692308,0.4781695668979148,0.4656890735414543
enemy,11,5,7.6923076923076925,0.4383221029897552,0.4654038532812753
middleman,7,6,9.23076923076923,0.27893224735711697,0.46507176631861435
ali,10,8,12.307692307692308,0.39847463908159564,0.464130385712686
pertinent,17,9,13.846153846153847,0.6774068864387126,0.46401345105832636
explorer,9,5,7.6923076923076925,0.35862717517343606,0.46389703694427287
shaped,10,10,15.384615384615385,0.39847463908159564,0.4637742155125857
hope,11,7,10.76923076923077,0.4383221029897552,0.4636860240068547
personalised,8,3,4.615384615384615,0.31877971126527654,0.4629879040530901
maintained,10,9,13.846153846153847,0.39847463908159564,0.46276849035009154
epoch,20,4,6.153846153846154,0.7969492781631913,0.4624757029576809
constrained,15,12,18.46153846153846,0.5977119586223935,0.4623858071520774
deeper,11,9,13.846153846153847,0.4383221029897552,0.4622786497152045
urgently,8,5,7.6923076923076925,0.31877971126527654,0.4621954600630969
lay,11,9,13.846153846153847,0.4383221029897552,0.4621371431729858
capturing,16,8,12.307692307692308,0.6375594225305531,0.46200662723399605
uniform,14,9,13.846153846153847,0.5578644947142339,0.4618159374871475
invoked,12,9,13.846153846153847,0.4781695668979148,0.46162683715754743
ibn,5,2,3.076923076923077,0.19923731954079782,0.46154129947592853
unclear,9,9,13.846153846153847,0.35862717517343606,0.4608741614599342
equipped,17,8,12.307692307692308,0.6774068864387126,0.4608282891917198
competing,13,13,20.0,0.5180170308060743,0.4604335328269652
venue,8,6,9.23076923076923,0.31877971126527654,0.46032621598128914
discussing,18,11,16.923076923076923,0.7172543503468721,0.46014959247547554
united,12,8,12.307692307692308,0.4781695668979148,0.4598681716862956
height,12,5,7.6923076923076925,0.4781695668979148,0.45974129269623704
utc,9,2,3.076923076923077,0.35862717517343606,0.4596162778182529
shop,15,8,12.307692307692308,0.5977119586223935,0.4594429834369087
permit,10,9,13.846153846153847,0.39847463908159564,0.4593495030245399
announcing,16,3,4.615384615384615,0.6375594225305531,0.45929150113438166
importantly,9,6,9.23076923076923,0.35862717517343606,0.45927468745424466
appearing,8,4,6.153846153846154,0.31877971126527654,0.4592424812206028
hosted,12,9,13.846153846153847,0.4781695668979148,0.4590834266252429
npc,22,4,6.153846153846154,0.8766442059795104,0.4585359875038782
loop,15,9,13.846153846153847,0.5977119586223935,0.45836904075722373
young,9,6,9.23076923076923,0.35862717517343606,0.45833977074407145
tampered,8,6,9.23076923076923,0.31877971126527654,0.45806226972141245
tends,11,7,10.76923076923077,0.4383221029897552,0.45795775186674037
structural_equation,16,2,3.076923076923077,0.6375594225305531,0.45743738638729886
heavy,21,5,7.6923076923076925,0.8367967420713509,0.4573391538343007
repeatedly,6,5,7.6923076923076925,0.2390847834489574,0.4571302117617604
evaluates,13,9,13.846153846153847,0.5180170308060743,0.4568539255288229
wileyonlinelibrary,12,2,3.076923076923077,0.4781695668979148,0.4565282055521604
text_mining,11,4,6.153846153846154,0.4383221029897552,0.4561798862076254
dual,17,11,16.923076923076923,0.6774068864387126,0.45592723816151404
tuned,10,4,6.153846153846154,0.39847463908159564,0.455890669134179
federal,8,4,6.153846153846154,0.31877971126527654,0.4557135517585398
cryptopunks,9,6,9.23076923076923,0.35862717517343606,0.4555462595447307
checked,6,6,9.23076923076923,0.2390847834489574,0.45545154078244154
aes,16,4,6.153846153846154,0.6375594225305531,0.455447610535402
attacked,10,5,7.6923076923076925,0.39847463908159564,0.4552684739225292
underscoring,13,6,9.23076923076923,0.5180170308060743,0.4548800162264886
consume,11,7,10.76923076923077,0.4383221029897552,0.454774788483695
aimed,14,12,18.46153846153846,0.5578644947142339,0.45472293437459765
remote_work,12,6,9.23076923076923,0.4781695668979148,0.45469026828352127
bond,9,4,6.153846153846154,0.35862717517343606,0.45410482749018294
freedom,12,11,16.923076923076923,0.4781695668979148,0.4540865766348826
persona,16,6,9.23076923076923,0.6375594225305531,0.45379677301377236
opening,12,12,18.46153846153846,0.4781695668979148,0.4536309443373124
defend,12,8,12.307692307692308,0.4781695668979148,0.453581087146372
precisely,10,8,12.307692307692308,0.39847463908159564,0.45310305351963603
transforms,10,8,12.307692307692308,0.39847463908159564,0.4523903287004492
monitored,10,8,12.307692307692308,0.39847463908159564,0.4522348217100232
disclosure,15,7,10.76923076923077,0.5977119586223935,0.4522208565896811
synthetic,16,7,10.76923076923077,0.6375594225305531,0.4521369516059355
utilises,10,6,9.23076923076923,0.39847463908159564,0.4520557228366223
apis,11,9,13.846153846153847,0.4383221029897552,0.4517179443368335
granting,13,7,10.76923076923077,0.5180170308060743,0.4516744178132265
accumulated,12,7,10.76923076923077,0.4781695668979148,0.451597293746787
descriptive,16,7,10.76923076923077,0.6375594225305531,0.45159504064417627
replaced,15,9,13.846153846153847,0.5977119586223935,0.4515310741637622
recipient,11,9,13.846153846153847,0.4383221029897552,0.45152910860412504
informatics,6,3,4.615384615384615,0.2390847834489574,0.45150784422907825
cyberthreats,32,2,3.076923076923077,1.2751188450611062,0.45112227863149196
scholarly,12,4,6.153846153846154,0.4781695668979148,0.45080708663439795
mutual,13,8,12.307692307692308,0.5180170308060743,0.450733078314702
ren,15,6,9.23076923076923,0.5977119586223935,0.45072204084959655
wise,10,7,10.76923076923077,0.39847463908159564,0.4505738237550069
indistinguishable,12,6,9.23076923076923,0.4781695668979148,0.45047551656869084
agree,10,8,12.307692307692308,0.39847463908159564,0.45045091053801667
fairly,11,9,13.846153846153847,0.4383221029897552,0.4504448449802234
redefine,13,8,12.307692307692308,0.5180170308060743,0.4502667838363367
stop,18,7,10.76923076923077,0.7172543503468721,0.4501987109688752
assistant,13,10,15.384615384615385,0.5180170308060743,0.45014940796099406
grounded,13,9,13.846153846153847,0.5180170308060743,0.4498942917153957
incentive_mechanism,14,5,7.6923076923076925,0.5578644947142339,0.44960641482635993
tencent,9,7,10.76923076923077,0.35862717517343606,0.4490324595752823
red,17,8,12.307692307692308,0.6774068864387126,0.448494515458043
partnership,12,5,7.6923076923076925,0.4781695668979148,0.4477406073381049
deposited,5,4,6.153846153846154,0.19923731954079782,0.4476679869723767
traced,9,8,12.307692307692308,0.35862717517343606,0.44746465396822477
necessitating,11,7,10.76923076923077,0.4383221029897552,0.4472891421311492
generative,17,6,9.23076923076923,0.6774068864387126,0.44685184922111065
symbol,17,9,13.846153846153847,0.6774068864387126,0.4461961252953862
influencing,11,9,13.846153846153847,0.4383221029897552,0.44618032627024534
guidance,10,10,15.384615384615385,0.39847463908159564,0.44587626794441243
binary,15,10,15.384615384615385,0.5977119586223935,0.44584821279924775
enjoy,10,9,13.846153846153847,0.39847463908159564,0.4455214572579628
revised,11,11,16.923076923076923,0.4383221029897552,0.4453551588989111
adequate,8,6,9.23076923076923,0.31877971126527654,0.44535312011054906
proportion,9,8,12.307692307692308,0.35862717517343606,0.4447835960306576
filtering,9,8,12.307692307692308,0.35862717517343606,0.4446160442029784
practically,11,9,13.846153846153847,0.4383221029897552,0.44458790640476964
rq1,14,4,6.153846153846154,0.5578644947142339,0.4444643495745902
alert,13,8,12.307692307692308,0.5180170308060743,0.4443283389420095
balancing,12,8,12.307692307692308,0.4781695668979148,0.4442385080389704
innovative_solution,13,8,12.307692307692308,0.5180170308060743,0.44418694365380496
describing,12,6,9.23076923076923,0.4781695668979148,0.4439919711132675
thinking,16,9,13.846153846153847,0.6375594225305531,0.44358284220171823
solid,11,10,15.384615384615385,0.4383221029897552,0.4434227295665218
empowers,12,6,9.23076923076923,0.4781695668979148,0.4433051792053608
systematic_literature,11,3,4.615384615384615,0.4383221029897552,0.44328931972864066
manages,14,8,12.307692307692308,0.5578644947142339,0.4431849173192461
decided,9,7,10.76923076923077,0.35862717517343606,0.4427452286847734
essence,13,7,10.76923076923077,0.5180170308060743,0.44273378509890005
moment,11,8,12.307692307692308,0.4383221029897552,0.4424791621728609
superior,14,10,15.384615384615385,0.5578644947142339,0.4423455411357405
identifiable,9,5,7.6923076923076925,0.35862717517343606,0.44224826922833305
rug,11,2,3.076923076923077,0.4383221029897552,0.44206189128743567
classic,12,8,12.307692307692308,0.4781695668979148,0.4419342538040272
weather,8,5,7.6923076923076925,0.31877971126527654,0.4419161659537877
completion,10,9,13.846153846153847,0.39847463908159564,0.44172288089791717
lag,15,5,7.6923076923076925,0.5977119586223935,0.44123071968462263
funded,10,8,12.307692307692308,0.39847463908159564,0.4410883878007535
domestic,6,5,7.6923076923076925,0.2390847834489574,0.4409347770595578
ghz,12,8,12.307692307692308,0.4781695668979148,0.4405511882243236
severe,21,10,15.384615384615385,0.8367967420713509,0.44017429134088965
designing,13,12,18.46153846153846,0.5180170308060743,0.4400783448836187
cross_border,11,8,12.307692307692308,0.4383221029897552,0.43985060886162897
fuel,6,5,7.6923076923076925,0.2390847834489574,0.4398193012859783
delineated,11,6,9.23076923076923,0.4383221029897552,0.439665344955636
state_end,14,3,4.615384615384615,0.5578644947142339,0.43956785421311606
evolved,13,11,16.923076923076923,0.5180170308060743,0.43939518732399874
gradient,22,5,7.6923076923076925,0.8766442059795104,0.4386166467928208
accept,10,9,13.846153846153847,0.39847463908159564,0.4385815914493448
convolutional,9,3,4.615384615384615,0.35862717517343606,0.43850417034272465
distinguishing,14,11,16.923076923076923,0.5578644947142339,0.4383318253949019
emphasized,14,7,10.76923076923077,0.5578644947142339,0.43791584727823407
law_enforcement,11,4,6.153846153846154,0.4383221029897552,0.43791317631875604
familiar,9,8,12.307692307692308,0.35862717517343606,0.4376512119409591
avoiding,22,10,15.384615384615385,0.8766442059795104,0.43760117442233654
chao,7,2,3.076923076923077,0.27893224735711697,0.4370801941150274
pte,4,4,6.153846153846154,0.15938985563263827,0.4369698232544275
stablecoin,16,3,4.615384615384615,0.6375594225305531,0.4369426570074397
necessarily,9,7,10.76923076923077,0.35862717517343606,0.4366690349645298
vibrant,14,9,13.846153846153847,0.5578644947142339,0.4365957914168186
gat,8,2,3.076923076923077,0.31877971126527654,0.4365472418662748
emit_event,15,3,4.615384615384615,0.5977119586223935,0.43632087813702025
upload,12,7,10.76923076923077,0.4781695668979148,0.4360999854205237
sec,8,3,4.615384615384615,0.31877971126527654,0.43563336988736995
consist,14,12,18.46153846153846,0.5578644947142339,0.43541090002752375
desktop,7,5,7.6923076923076925,0.27893224735711697,0.43523389806464474
looked,9,7,10.76923076923077,0.35862717517343606,0.43486568028671974
endless,8,6,9.23076923076923,0.31877971126527654,0.43445842535824253
huang,15,6,9.23076923076923,0.5977119586223935,0.43427728180806746
upcoming,7,6,9.23076923076923,0.27893224735711697,0.4338679427333093
guessing,8,4,6.153846153846154,0.31877971126527654,0.4337329537824357
ror,9,2,3.076923076923077,0.35862717517343606,0.43368751354883583
exceeds,8,7,10.76923076923077,0.31877971126527654,0.4336069838256702
utilising,17,3,4.615384615384615,0.6774068864387126,0.4334848648120439
signature_exchange,12,3,4.615384615384615,0.4781695668979148,0.43318521459192144
nakamoto,12,8,12.307692307692308,0.4781695668979148,0.43312828472317594
wireless,23,8,12.307692307692308,0.91649166988767,0.4328190916372383
resale,9,4,6.153846153846154,0.35862717517343606,0.43271608659964783
resource_allocation,14,10,15.384615384615385,0.5578644947142339,0.43264130540927687
batch,13,9,13.846153846153847,0.5180170308060743,0.43212759393670813
surge,14,10,15.384615384615385,0.5578644947142339,0.4320543189993679
timely,16,12,18.46153846153846,0.6375594225305531,0.43201146919906974
pls,10,2,3.076923076923077,0.39847463908159564,0.4313010850797416
sem,10,2,3.076923076923077,0.39847463908159564,0.4313010850797416
submit,11,10,15.384615384615385,0.4383221029897552,0.4310003194241917
bear,9,9,13.846153846153847,0.35862717517343606,0.43093578255708126
museum,9,7,10.76923076923077,0.35862717517343606,0.4309094122121388
publishing,11,7,10.76923076923077,0.4383221029897552,0.43090017282094784
tps,18,4,6.153846153846154,0.7172543503468721,0.43077024879175313
generalized,11,8,12.307692307692308,0.4383221029897552,0.43066802098555057
empowerment,9,7,10.76923076923077,0.35862717517343606,0.43046526419502623
master,11,6,9.23076923076923,0.4383221029897552,0.42986312633410484
adequately,13,8,12.307692307692308,0.5180170308060743,0.4297713834923316
stringent,13,10,15.384615384615385,0.5180170308060743,0.42968997318079005
universitas,5,2,3.076923076923077,0.19923731954079782,0.42951962230614643
checking,11,9,13.846153846153847,0.4383221029897552,0.4292913877009815
dubious,8,6,9.23076923076923,0.31877971126527654,0.4289758226999444
treasury,16,5,7.6923076923076925,0.6375594225305531,0.4288278113651711
prevented,11,8,12.307692307692308,0.4383221029897552,0.42878407107835004
removing,11,10,15.384615384615385,0.4383221029897552,0.4285016078559603
soon,8,8,12.307692307692308,0.31877971126527654,0.4280119676540401
hsbc,6,4,6.153846153846154,0.2390847834489574,0.4274346810977488
attachment,7,3,4.615384615384615,0.27893224735711697,0.4265001648025411
experiencing,10,10,15.384615384615385,0.39847463908159564,0.42645485177653314
ups,7,2,3.076923076923077,0.27893224735711697,0.42593065848879796
thriving,8,7,10.76923076923077,0.31877971126527654,0.42583241531140786
measuring,9,6,9.23076923076923,0.35862717517343606,0.42566044369863104
expired,9,4,6.153846153846154,0.35862717517343606,0.4256247097647649
extraction,11,7,10.76923076923077,0.4383221029897552,0.42561812248025893
guangdong,10,4,6.153846153846154,0.39847463908159564,0.4253230206123039
render,13,12,18.46153846153846,0.5180170308060743,0.42513179406415497
uniquely,10,9,13.846153846153847,0.39847463908159564,0.424767527170674
convenient,11,10,15.384615384615385,0.4383221029897552,0.42476177202764376
gathered,12,10,15.384615384615385,0.4781695668979148,0.4246092398723444
closed,15,8,12.307692307692308,0.5977119586223935,0.4246074170794263
bringing,9,7,10.76923076923077,0.35862717517343606,0.4245542450460517
incurs,11,5,7.6923076923076925,0.4383221029897552,0.42443452807427595
valuation,11,9,13.846153846153847,0.4383221029897552,0.4242582850327871
probabilistic,13,8,12.307692307692308,0.5180170308060743,0.42421244263140656
registry,10,3,4.615384615384615,0.39847463908159564,0.4241529349636643
onboarding,14,5,7.6923076923076925,0.5578644947142339,0.4234352737811015
fomo,11,3,4.615384615384615,0.4383221029897552,0.4234224688955472
hitting,5,2,3.076923076923077,0.19923731954079782,0.42320796966437413
broker,14,4,6.153846153846154,0.5578644947142339,0.42315264951666526
arrive,7,7,10.76923076923077,0.27893224735711697,0.42288821837532387
privacy_preservation,13,6,9.23076923076923,0.5180170308060743,0.42261192802800507
approval,16,9,13.846153846153847,0.6375594225305531,0.4226081328304891
ensemble,12,3,4.615384615384615,0.4781695668979148,0.42236154260198305
fiat,12,7,10.76923076923077,0.4781695668979148,0.4222455919177765
voltage,8,2,3.076923076923077,0.31877971126527654,0.42221717719394364
linden,12,6,9.23076923076923,0.4781695668979148,0.42219232845063065
bigger,10,5,7.6923076923076925,0.39847463908159564,0.4220109744475611
realtime,11,10,15.384615384615385,0.4383221029897552,0.4216969885821558
division,11,6,9.23076923076923,0.4383221029897552,0.42168607193585417
simplicity,11,9,13.846153846153847,0.4383221029897552,0.42154251741840376
exploratory,12,3,4.615384615384615,0.4781695668979148,0.42098655548488967
abu_dhabi,11,4,6.153846153846154,0.4383221029897552,0.4207120895693317
zhou,16,5,7.6923076923076925,0.6375594225305531,0.4206249301915292
wait,10,6,9.23076923076923,0.39847463908159564,0.4202278039805108
confirms,10,9,13.846153846153847,0.39847463908159564,0.42011017120628025
adjusted,13,9,13.846153846153847,0.5180170308060743,0.42005764210917756
proved,7,7,10.76923076923077,0.27893224735711697,0.41983143347458685
benchmark,15,8,12.307692307692308,0.5977119586223935,0.4196916293203489
multimodal,28,4,6.153846153846154,1.1157289894284679,0.4192410941675664
interplanetary_file,11,9,13.846153846153847,0.4383221029897552,0.41916491184862736
signifies,18,6,9.23076923076923,0.7172543503468721,0.41908775182890634
rnn,18,4,6.153846153846154,0.7172543503468721,0.4186685134219636
expansive,18,7,10.76923076923077,0.7172543503468721,0.41813476563906615
favor,6,6,9.23076923076923,0.2390847834489574,0.4180136134314666
distinctiveness,7,3,4.615384615384615,0.27893224735711697,0.4179942977014243
methodological,14,8,12.307692307692308,0.5578644947142339,0.41796483333075524
subordinate,16,2,3.076923076923077,0.6375594225305531,0.41795917035641317
doesn,9,6,9.23076923076923,0.35862717517343606,0.41793495733897695
empowering,13,11,16.923076923076923,0.5180170308060743,0.4178835805297328
attracting,11,9,13.846153846153847,0.4383221029897552,0.41760058558976504
scoping_review,15,2,3.076923076923077,0.5977119586223935,0.41741978136373253
interval,13,5,7.6923076923076925,0.5180170308060743,0.4172262824815568
inference,11,9,13.846153846153847,0.4383221029897552,0.4171701523241716
everyday,12,9,13.846153846153847,0.4781695668979148,0.4170835169079247
phrase,8,5,7.6923076923076925,0.31877971126527654,0.41654546207347287
begun,7,6,9.23076923076923,0.27893224735711697,0.4162914371026523
straightforward,8,6,9.23076923076923,0.31877971126527654,0.4160006560631824
chooses,10,7,10.76923076923077,0.39847463908159564,0.41581254969905956
concluding,12,11,16.923076923076923,0.4781695668979148,0.4157912497390913
july,13,10,15.384615384615385,0.5180170308060743,0.4156147180776438
p2p,19,6,9.23076923076923,0.7571018142550318,0.41557314554715996
dividing,10,8,12.307692307692308,0.39847463908159564,0.41548466147662094
briefly,11,9,13.846153846153847,0.4383221029897552,0.4149094018374173
pro,18,6,9.23076923076923,0.7172543503468721,0.4145732097581831
tokenization,12,8,12.307692307692308,0.4781695668979148,0.41454195506456526
disclose,8,6,9.23076923076923,0.31877971126527654,0.41337287762920866
inner,8,7,10.76923076923077,0.31877971126527654,0.4133388102916308
governance_framework,8,4,6.153846153846154,0.31877971126527654,0.4131416241748885
issuing,10,7,10.76923076923077,0.39847463908159564,0.4127788527081774
polytechnic,5,4,6.153846153846154,0.19923731954079782,0.41254350581408405
gdp,7,6,9.23076923076923,0.27893224735711697,0.412537426500285
writing_original,11,10,15.384615384615385,0.4383221029897552,0.4124839834265043
cooling,10,2,3.076923076923077,0.39847463908159564,0.41241357501624676
event_emitted,12,3,4.615384615384615,0.4781695668979148,0.41233778416698696
play_pivotal,15,10,15.384615384615385,0.5977119586223935,0.4122976899915529
nlp_model,12,2,3.076923076923077,0.4781695668979148,0.4122527742677306
normally,8,5,7.6923076923076925,0.31877971126527654,0.4121823551826377
accelerating,7,7,10.76923076923077,0.27893224735711697,0.41214221417728747
conclude,12,8,12.307692307692308,0.4781695668979148,0.41168729723614295
schematic,7,6,9.23076923076923,0.27893224735711697,0.4115488601349477
roc,10,2,3.076923076923077,0.39847463908159564,0.41147913467964525
resulted,11,9,13.846153846153847,0.4383221029897552,0.4114043117462026
retailer,12,5,7.6923076923076925,0.4781695668979148,0.4107671196140701
facial_expression,20,5,7.6923076923076925,0.7969492781631913,0.4107546269542608
monetizing,11,7,10.76923076923077,0.4383221029897552,0.41028374386514943
practical_application,16,9,13.846153846153847,0.6375594225305531,0.4100818050802707
achieves,17,10,15.384615384615385,0.6774068864387126,0.4094732420221485
king,12,7,10.76923076923077,0.4781695668979148,0.40917234591328083
happens,11,10,15.384615384615385,0.4383221029897552,0.40836649292911137
liveness,12,4,6.153846153846154,0.4781695668979148,0.40832327295050413
laying,11,8,12.307692307692308,0.4383221029897552,0.4079660012015627
hygiene,13,6,9.23076923076923,0.5180170308060743,0.4072468261532357
facial,15,6,9.23076923076923,0.5977119586223935,0.40695128777129336
cleaning,10,6,9.23076923076923,0.39847463908159564,0.40688637406361605
hub,9,8,12.307692307692308,0.35862717517343606,0.4060848526141976
dark,14,7,10.76923076923077,0.5578644947142339,0.4056992526505916
charles_sturt,10,3,4.615384615384615,0.39847463908159564,0.40562186499042185
satisfied,7,4,6.153846153846154,0.27893224735711697,0.40555892290811063
ronin,11,4,6.153846153846154,0.4383221029897552,0.4055564441864745
interpret,7,7,10.76923076923077,0.27893224735711697,0.40507108986641793
logging,12,6,9.23076923076923,0.4781695668979148,0.4049935595545164
local_model,22,3,4.615384615384615,0.8766442059795104,0.40481232921240956
short_term,14,10,15.384615384615385,0.5578644947142339,0.404153821236514
congestion,19,8,12.307692307692308,0.7571018142550318,0.40413824198028275
ponzi_scheme,13,5,7.6923076923076925,0.5180170308060743,0.40399021858332235
bilinear,11,6,9.23076923076923,0.4383221029897552,0.4039586506972939
venture,13,9,13.846153846153847,0.5180170308060743,0.40386360698302476
percent,9,4,6.153846153846154,0.35862717517343606,0.40379726989256687
tion,11,4,6.153846153846154,0.4383221029897552,0.40352308183444957
delf,15,6,9.23076923076923,0.5977119586223935,0.4034415152278117
mature,10,9,13.846153846153847,0.39847463908159564,0.40332013107562315
customize,8,6,9.23076923076923,0.31877971126527654,0.4031585916722741
legacy,11,5,7.6923076923076925,0.4383221029897552,0.4027247391438822
byzantine_fault,14,4,6.153846153846154,0.5578644947142339,0.40258644468242955
inflation,12,8,12.307692307692308,0.4781695668979148,0.4018548152915318
agricultural,8,3,4.615384615384615,0.31877971126527654,0.4016536003409028
intrusion,16,5,7.6923076923076925,0.6375594225305531,0.40161574956841534
prepares,9,7,10.76923076923077,0.35862717517343606,0.4014871040690807
virtual_replica,13,3,4.615384615384615,0.5180170308060743,0.40134413577556655
sanction,15,4,6.153846153846154,0.5977119586223935,0.4013235779210015
korea,8,5,7.6923076923076925,0.31877971126527654,0.40114124794644745
truth,12,9,13.846153846153847,0.4781695668979148,0.4011072553422436
viewpoint,14,7,10.76923076923077,0.5578644947142339,0.4008932047143462
command,9,6,9.23076923076923,0.35862717517343606,0.40082853735856294
exit,10,8,12.307692307692308,0.39847463908159564,0.40071837963232904
unique_characteristic,14,9,13.846153846153847,0.5578644947142339,0.40068400677078597
coupled,16,9,13.846153846153847,0.6375594225305531,0.40060152094631274
board,8,7,10.76923076923077,0.31877971126527654,0.4005063624238507
rq3,13,3,4.615384615384615,0.5180170308060743,0.400038662642406
centric,19,9,13.846153846153847,0.7571018142550318,0.4000205401438596
cloud_server,12,6,9.23076923076923,0.4781695668979148,0.39964646187774877
generic,8,5,7.6923076923076925,0.31877971126527654,0.3994420119103967
fortnite,10,7,10.76923076923077,0.39847463908159564,0.39935298603855157
labeled,15,6,9.23076923076923,0.5977119586223935,0.39899124562603216
sentiment,16,5,7.6923076923076925,0.6375594225305531,0.3986637882868213
assessed,10,7,10.76923076923077,0.39847463908159564,0.3980190919368241
rug_pull,8,3,4.615384615384615,0.31877971126527654,0.3978580792340001
gucci,10,8,12.307692307692308,0.39847463908159564,0.3978556646505612
niche,10,8,12.307692307692308,0.39847463908159564,0.39779648679183793
fundamentally,11,7,10.76923076923077,0.4383221029897552,0.397764914065201
parcel,12,5,7.6923076923076925,0.4781695668979148,0.3974311804946959
enthusiast,10,6,9.23076923076923,0.39847463908159564,0.39736560773021185
classical,14,6,9.23076923076923,0.5578644947142339,0.3972557643620186
relational,15,4,6.153846153846154,0.5977119586223935,0.39689135847852064
reconstruct,10,4,6.153846153846154,0.39847463908159564,0.39685224789084866
exposing,12,8,12.307692307692308,0.4781695668979148,0.39665603282012063
black,9,8,12.307692307692308,0.35862717517343606,0.39651833339515236
utilised,18,3,4.615384615384615,0.7172543503468721,0.3961153372277584
diagnosis,8,4,6.153846153846154,0.31877971126527654,0.3958249279917476
bio,6,3,4.615384615384615,0.2390847834489574,0.3953392253789258
secures,7,5,7.6923076923076925,0.27893224735711697,0.39516378884933023
trajectory,13,7,10.76923076923077,0.5180170308060743,0.3950518064982984
indication,10,7,10.76923076923077,0.39847463908159564,0.3948194796529382
deception,11,6,9.23076923076923,0.4383221029897552,0.3947448193131019
smartphones,9,6,9.23076923076923,0.35862717517343606,0.3944905708186803
hlpsl,7,2,3.076923076923077,0.27893224735711697,0.3938143196125156
cheng,12,7,10.76923076923077,0.4781695668979148,0.3936414982356018
understandable,6,6,9.23076923076923,0.2390847834489574,0.3936036032785057
discrete_logarithm,12,4,6.153846153846154,0.4781695668979148,0.39348623755450596
original_owner,13,2,3.076923076923077,0.5180170308060743,0.3931955910339766
mitigates,12,7,10.76923076923077,0.4781695668979148,0.3929173388263754
possess,11,9,13.846153846153847,0.4383221029897552,0.3928214174809712
visitor,6,4,6.153846153846154,0.2390847834489574,0.39246379278952487
islamic,8,2,3.076923076923077,0.31877971126527654,0.392273710094332
remark,10,6,9.23076923076923,0.39847463908159564,0.3922713086550467
beijing,10,6,9.23076923076923,0.39847463908159564,0.3920508574959426
genesis,7,4,6.153846153846154,0.27893224735711697,0.3919902332848194
incomplete,7,5,7.6923076923076925,0.27893224735711697,0.39198927885039453
lattice_based,13,3,4.615384615384615,0.5180170308060743,0.3918080688154968
radio,8,3,4.615384615384615,0.31877971126527654,0.39175912212331543
generative_adversarial,15,4,6.153846153846154,0.5977119586223935,0.39165500927116065
ray,10,3,4.615384615384615,0.39847463908159564,0.3908247797838932
trained_model,16,5,7.6923076923076925,0.6375594225305531,0.3902625773078004
confidence_interval,15,4,6.153846153846154,0.5977119586223935,0.3902249126278544
unlocking,12,9,13.846153846153847,0.4781695668979148,0.3901760938291456
mobile_edge,12,3,4.615384615384615,0.4781695668979148,0.38988311007216897
sandbox_decentraland,12,4,6.153846153846154,0.4781695668979148,0.3897537291818868
binance,13,8,12.307692307692308,0.5180170308060743,0.38957668245667143
processing_nlp,12,7,10.76923076923077,0.4781695668979148,0.3891977046087949
competitive,8,8,12.307692307692308,0.31877971126527654,0.38916077350485506
constructing,11,8,12.307692307692308,0.4383221029897552,0.388975315540836
density,11,7,10.76923076923077,0.4383221029897552,0.3888896882962749
mentioning,11,9,13.846153846153847,0.4383221029897552,0.3888286949937023
serving,12,9,13.846153846153847,0.4781695668979148,0.3887812005489133
variant,13,11,16.923076923076923,0.5180170308060743,0.3887362883628775
merged,10,6,9.23076923076923,0.39847463908159564,0.3884431356733951
valuable_insight,15,8,12.307692307692308,0.5977119586223935,0.3878364714567726
laboratory,10,7,10.76923076923077,0.39847463908159564,0.38771289318106233
satoshi,11,5,7.6923076923076925,0.4383221029897552,0.387519789791599
deliver,11,8,12.307692307692308,0.4383221029897552,0.3874725025151806
quest,9,8,12.307692307692308,0.35862717517343606,0.3873728328696408
tweet,9,5,7.6923076923076925,0.35862717517343606,0.3871840645217537
proving,8,6,9.23076923076923,0.31877971126527654,0.38716545762174914
infinity,4,3,4.615384615384615,0.15938985563263827,0.38696679633010905
older,9,9,13.846153846153847,0.35862717517343606,0.3868777617788583
inflate,6,4,6.153846153846154,0.2390847834489574,0.38673704536930464
assisted,10,7,10.76923076923077,0.39847463908159564,0.3864556614014271
behavioral_intention,13,2,3.076923076923077,0.5180170308060743,0.38640023594618705
decrypted,11,5,7.6923076923076925,0.4383221029897552,0.38612845784092364
attend,8,8,12.307692307692308,0.31877971126527654,0.3860395120306827
monetise,7,4,6.153846153846154,0.27893224735711697,0.38597177528260657
saving,11,5,7.6923076923076925,0.4383221029897552,0.38584454153022824
remainder,10,10,15.384615384615385,0.39847463908159564,0.38582055615306965
tolerance,15,5,7.6923076923076925,0.5977119586223935,0.38579106198328783
military,8,5,7.6923076923076925,0.31877971126527654,0.3857176002982218
accenture,5,3,4.615384615384615,0.19923731954079782,0.3855741827833729
enforcing,11,5,7.6923076923076925,0.4383221029897552,0.38556120656484516
curation,15,10,15.384615384615385,0.5977119586223935,0.38532723387103146
int,7,5,7.6923076923076925,0.27893224735711697,0.3848811060281776
writer,6,5,7.6923076923076925,0.2390847834489574,0.384865158138542
tokenize,8,4,6.153846153846154,0.31877971126527654,0.384789825092458
withdrawal,13,4,6.153846153846154,0.5180170308060743,0.3847381328825351
false_positive,12,5,7.6923076923076925,0.4781695668979148,0.3845563353564241
hardness,12,3,4.615384615384615,0.4781695668979148,0.38454476740995236
naturally,8,7,10.76923076923077,0.31877971126527654,0.38453389691719625
arbitrary,9,6,9.23076923076923,0.35862717517343606,0.3842960313548277
hostile,11,6,9.23076923076923,0.4383221029897552,0.38407622865679125
lecture,6,3,4.615384615384615,0.2390847834489574,0.3840231839658777
closer,9,6,9.23076923076923,0.35862717517343606,0.38394321507552304
twin,14,8,12.307692307692308,0.5578644947142339,0.3838412085173206
accuracy_rate,13,6,9.23076923076923,0.5180170308060743,0.38373875565561255
sub,17,8,12.307692307692308,0.6774068864387126,0.3837255410422469
embrace,11,10,15.384615384615385,0.4383221029897552,0.38359363467794155
zuckerberg,9,7,10.76923076923077,0.35862717517343606,0.38357438423512935
impacted,8,7,10.76923076923077,0.31877971126527654,0.38356809551892446
christie,6,3,4.615384615384615,0.2390847834489574,0.38335720745229895
collateral,12,5,7.6923076923076925,0.4781695668979148,0.3833297404385363
assistance,8,8,12.307692307692308,0.31877971126527654,0.3831734117773935
false_negative,11,5,7.6923076923076925,0.4383221029897552,0.3830640240086139
solved,7,7,10.76923076923077,0.27893224735711697,0.3829044531913457
north,9,4,6.153846153846154,0.35862717517343606,0.3827044787262044
hong,13,8,12.307692307692308,0.5180170308060743,0.3826004512827942
heightened,11,8,12.307692307692308,0.4383221029897552,0.38220453490613127
adhere,8,7,10.76923076923077,0.31877971126527654,0.38202711266498407
digitized,7,4,6.153846153846154,0.27893224735711697,0.3820218038422974
available_online,13,13,20.0,0.5180170308060743,0.381661688235478
content_list,13,13,20.0,0.5180170308060743,0.381661688235478
journal_homepage,13,13,20.0,0.5180170308060743,0.381661688235478
legislative,7,6,9.23076923076923,0.27893224735711697,0.3816267370332935
taylor,8,6,9.23076923076923,0.31877971126527654,0.38157106700759613
fog,14,5,7.6923076923076925,0.5578644947142339,0.3815106538035355
coined,10,8,12.307692307692308,0.39847463908159564,0.3814377896942231
sensory,12,9,13.846153846153847,0.4781695668979148,0.38119156704632606
producer,8,6,9.23076923076923,0.31877971126527654,0.38098305341992345
recommend,10,6,9.23076923076923,0.39847463908159564,0.3807854820689288
sage,7,2,3.076923076923077,0.27893224735711697,0.38058396643991077
visit,9,7,10.76923076923077,0.35862717517343606,0.3800397591672801
possibly,8,7,10.76923076923077,0.31877971126527654,0.37961067042167573
push,11,10,15.384615384615385,0.4383221029897552,0.3795882069447753
skin,10,5,7.6923076923076925,0.39847463908159564,0.3795218064908253
hacked,9,7,10.76923076923077,0.35862717517343606,0.37950891205160825
screening,13,6,9.23076923076923,0.5180170308060743,0.3793296536954748
candidate,8,5,7.6923076923076925,0.31877971126527654,0.3791875213697996
viability,14,9,13.846153846153847,0.5578644947142339,0.3791774977809459
merge,10,9,13.846153846153847,0.39847463908159564,0.3786373176617965
silo,7,6,9.23076923076923,0.27893224735711697,0.37832512336091073
myriad,12,7,10.76923076923077,0.4781695668979148,0.3783249921787249
tom,12,5,7.6923076923076925,0.4781695668979148,0.37807115741633884
intuitive,12,8,12.307692307692308,0.4781695668979148,0.37804915862751537
emphasize,11,8,12.307692307692308,0.4383221029897552,0.3777269779190574
resembles,11,10,15.384615384615385,0.4383221029897552,0.3776950015537906
feature_extraction,14,5,7.6923076923076925,0.5578644947142339,0.37718916854631934
cheaper,8,5,7.6923076923076925,0.31877971126527654,0.37708628964762814
diverse_range,17,10,15.384615384615385,0.6774068864387126,0.37682325223129254
undoubtedly,6,5,7.6923076923076925,0.2390847834489574,0.3767854901895017
temporary,7,4,6.153846153846154,0.27893224735711697,0.3764515557165184
predefined,15,6,9.23076923076923,0.5977119586223935,0.3763211088735527
illicit_activity,12,5,7.6923076923076925,0.4781695668979148,0.37577069087452336
islam,4,3,4.615384615384615,0.15938985563263827,0.375628057907609
duplicate,9,8,12.307692307692308,0.35862717517343606,0.37546110850427433
financially,10,5,7.6923076923076925,0.39847463908159564,0.37506450175102946
human_identity,12,2,3.076923076923077,0.4781695668979148,0.3745340220868961
follower,10,3,4.615384615384615,0.39847463908159564,0.3741969958887774
regional,11,6,9.23076923076923,0.4383221029897552,0.374191793431046
pseudo,11,6,9.23076923076923,0.4383221029897552,0.37356406118062085
appropriately,15,9,13.846153846153847,0.5977119586223935,0.3732504739547422
helped,6,6,9.23076923076923,0.2390847834489574,0.3730849406303735
car,8,6,9.23076923076923,0.31877971126527654,0.3730776065391078
lim,11,4,6.153846153846154,0.4383221029897552,0.37297417503895436
retrieved,12,8,12.307692307692308,0.4781695668979148,0.37243821221381107
isn,8,6,9.23076923076923,0.31877971126527654,0.372373525441243
heterogeneous,18,7,10.76923076923077,0.7172543503468721,0.3722187368263417
carbon,7,3,4.615384615384615,0.27893224735711697,0.372095799737261
bayc,6,3,4.615384615384615,0.2390847834489574,0.3717359465948086
gate,11,5,7.6923076923076925,0.4383221029897552,0.37161851600297524
emotion,23,5,7.6923076923076925,0.91649166988767,0.37126630468122274
careful,9,8,12.307692307692308,0.35862717517343606,0.37125483873952375
purposive,8,3,4.615384615384615,0.31877971126527654,0.37106526470166484
shed,14,11,16.923076923076923,0.5578644947142339,0.37101689534963234
uint256,4,2,3.076923076923077,0.15938985563263827,0.3706610849467993
micro,8,5,7.6923076923076925,0.31877971126527654,0.3705075431772898
locking,9,4,6.153846153846154,0.35862717517343606,0.37047061472604853
blurring,6,6,9.23076923076923,0.2390847834489574,0.3703854984656456
exhibited,10,7,10.76923076923077,0.39847463908159564,0.3701650367094505
saved,7,5,7.6923076923076925,0.27893224735711697,0.3701611444120793
mutually,12,10,15.384615384615385,0.4781695668979148,0.370088829263644
derivative,7,3,4.615384615384615,0.27893224735711697,0.370033464859417
specify,9,8,12.307692307692308,0.35862717517343606,0.3695961759832471
exclude,8,6,9.23076923076923,0.31877971126527654,0.3695515850385877
programmable,10,8,12.307692307692308,0.39847463908159564,0.36951883348609693
presently,7,6,9.23076923076923,0.27893224735711697,0.36938712717001543
posing,14,9,13.846153846153847,0.5578644947142339,0.369376009901353
extending,12,9,13.846153846153847,0.4781695668979148,0.3692016920128847
imagination,10,6,9.23076923076923,0.39847463908159564,0.36907507869721845
topology,13,4,6.153846153846154,0.5180170308060743,0.3689925997379645
listing,11,4,6.153846153846154,0.4383221029897552,0.3689425467967606
transport,5,5,7.6923076923076925,0.19923731954079782,0.3688333782001284
gadget,6,5,7.6923076923076925,0.2390847834489574,0.3687440912955525
worst,9,6,9.23076923076923,0.35862717517343606,0.3686669688406948
repository,12,8,12.307692307692308,0.4781695668979148,0.3686470858733286
javascript,7,6,9.23076923076923,0.27893224735711697,0.3686033704361196
absolute,12,8,12.307692307692308,0.4781695668979148,0.36842969623607885
served,8,8,12.307692307692308,0.31877971126527654,0.36828244273099753
enroll,5,2,3.076923076923077,0.19923731954079782,0.3679285219821285
endeavor,12,6,9.23076923076923,0.4781695668979148,0.36791008046806506
distinctive,11,10,15.384615384615385,0.4383221029897552,0.36788202913985313
vehicle,11,7,10.76923076923077,0.4383221029897552,0.3675712310192931
visible,9,6,9.23076923076923,0.35862717517343606,0.36749806544905506
snarks,10,2,3.076923076923077,0.39847463908159564,0.36732795273423086
somnium,10,5,7.6923076923076925,0.39847463908159564,0.3672478211694542
possessing,7,7,10.76923076923077,0.27893224735711697,0.3668387568448307
blockchainbased,11,7,10.76923076923077,0.4383221029897552,0.3667693428927544
socially,9,6,9.23076923076923,0.35862717517343606,0.36654954386676497
textual,11,4,6.153846153846154,0.4383221029897552,0.3663862480529335
roadmap,8,8,12.307692307692308,0.31877971126527654,0.3663418499930505
fewer,8,8,12.307692307692308,0.31877971126527654,0.36628470992002354
treatment,10,7,10.76923076923077,0.39847463908159564,0.3656736396938386
erc721,9,4,6.153846153846154,0.35862717517343606,0.3655038155476755
happening,10,7,10.76923076923077,0.39847463908159564,0.3654117125423457
secondary,9,8,12.307692307692308,0.35862717517343606,0.3649463070145477
unprecedented,12,9,13.846153846153847,0.4781695668979148,0.36487810497855727
broadcast,8,6,9.23076923076923,0.31877971126527654,0.3644954118220547
repeated,11,9,13.846153846153847,0.4383221029897552,0.3644164044957803
tried,9,6,9.23076923076923,0.35862717517343606,0.36431857402353307
circle,9,5,7.6923076923076925,0.35862717517343606,0.36423881771116484
uploading,9,8,12.307692307692308,0.35862717517343606,0.36414702212105976
synchronizing,9,4,6.153846153846154,0.35862717517343606,0.3641063783634159
survey_paper,15,3,4.615384615384615,0.5977119586223935,0.3640287197167619
choosing,12,7,10.76923076923077,0.4781695668979148,0.3638935576990621
guess,9,5,7.6923076923076925,0.35862717517343606,0.36368054018729107
connects,10,8,12.307692307692308,0.39847463908159564,0.3636655717531169
mitigated,9,5,7.6923076923076925,0.35862717517343606,0.3634796206800616
header,10,7,10.76923076923077,0.39847463908159564,0.3633376671531415
bandara,10,2,3.076923076923077,0.39847463908159564,0.3633122854685602
vault,11,3,4.615384615384615,0.4383221029897552,0.36324160368572617
voter,16,2,3.076923076923077,0.6375594225305531,0.3630581469837931
reject,10,8,12.307692307692308,0.39847463908159564,0.36282355938127514
advanced_cryptographic,15,3,4.615384615384615,0.5977119586223935,0.36257068115720337
unauthorised_access,12,2,3.076923076923077,0.4781695668979148,0.36251493522087486
firewall,9,5,7.6923076923076925,0.35862717517343606,0.3624949752027371
happened,9,6,9.23076923076923,0.35862717517343606,0.3623095290448869
verify_authenticity,13,7,10.76923076923077,0.5180170308060743,0.362132626570044
retention,9,6,9.23076923076923,0.35862717517343606,0.3618672703415151
embracing,10,6,9.23076923076923,0.39847463908159564,0.3617761115217684
discover,8,6,9.23076923076923,0.31877971126527654,0.3617709998088272
viii,10,6,9.23076923076923,0.39847463908159564,0.3616244363924937
trusted_execution,11,4,6.153846153846154,0.4383221029897552,0.3614659850909947
funding_acquisition,12,7,10.76923076923077,0.4781695668979148,0.36129946441185373
correlate,8,5,7.6923076923076925,0.31877971126527654,0.36127750637169115
revised_form,12,12,18.46153846153846,0.4781695668979148,0.36113244432753117
ultimate,8,6,9.23076923076923,0.31877971126527654,0.36105398799765026
macro,10,4,6.153846153846154,0.39847463908159564,0.36093317355892
formulation,8,7,10.76923076923077,0.31877971126527654,0.3607834297959716
advisable,8,4,6.153846153846154,0.31877971126527654,0.3602044660109508
invoking,8,7,10.76923076923077,0.31877971126527654,0.35988741854259293
closest,5,2,3.076923076923077,0.19923731954079782,0.3598187766563859
expenditure,9,7,10.76923076923077,0.35862717517343606,0.35963661187510837
constitutes,9,8,12.307692307692308,0.35862717517343606,0.3594036406664008
traditionally,9,8,12.307692307692308,0.35862717517343606,0.3593602864651205
demographic,11,9,13.846153846153847,0.4383221029897552,0.3587700101861906
develops,7,6,9.23076923076923,0.27893224735711697,0.3586404178069641
hurdle,11,8,12.307692307692308,0.4383221029897552,0.35863631347595376
male,11,6,9.23076923076923,0.4383221029897552,0.35857271686099057
reproduction,8,6,9.23076923076923,0.31877971126527654,0.3585091336120358
sustainable_development,12,6,9.23076923076923,0.4781695668979148,0.35814528716505656
inspection,7,4,6.153846153846154,0.27893224735711697,0.358096401774992
necessitate,12,7,10.76923076923077,0.4781695668979148,0.35793785001294254
regularization,5,2,3.076923076923077,0.19923731954079782,0.3577051583689202
complicates,9,6,9.23076923076923,0.35862717517343606,0.3576169545481407
tail,16,3,4.615384615384615,0.6375594225305531,0.35750936124367655
classroom,7,6,9.23076923076923,0.27893224735711697,0.35732694935284226
griffith,7,3,4.615384615384615,0.27893224735711697,0.3572536134924747
interpolation,10,2,3.076923076923077,0.39847463908159564,0.3571625628459839
realization,9,6,9.23076923076923,0.35862717517343606,0.3570884771030985
grained,8,3,4.615384615384615,0.31877971126527654,0.35689521345562414
hyperledger,12,6,9.23076923076923,0.4781695668979148,0.3568201304292539
sol,8,5,7.6923076923076925,0.31877971126527654,0.3565859336621563
predetermined,9,8,12.307692307692308,0.35862717517343606,0.3560799088822803
fabric,12,8,12.307692307692308,0.4781695668979148,0.3557479571583513
worse,7,6,9.23076923076923,0.27893224735711697,0.3555734542553391
nike,10,8,12.307692307692308,0.39847463908159564,0.3553302752566168
enj,17,2,3.076923076923077,0.6774068864387126,0.35523955142355473
editor,11,9,13.846153846153847,0.4383221029897552,0.3551275661639431
exact,9,8,12.307692307692308,0.35862717517343606,0.35483814047142126
interpreted,7,6,9.23076923076923,0.27893224735711697,0.35474953665970915
dilemma,6,4,6.153846153846154,0.2390847834489574,0.3547269566484696
inevitably,11,7,10.76923076923077,0.4383221029897552,0.3546949459889463
download,9,6,9.23076923076923,0.35862717517343606,0.3542909803215559
warcraft,8,5,7.6923076923076925,0.31877971126527654,0.35396305535798755
bad,12,9,13.846153846153847,0.4781695668979148,0.3538776459444825
neighboring,7,4,6.153846153846154,0.27893224735711697,0.35369959661676115
wish,10,9,13.846153846153847,0.39847463908159564,0.3536305299131153
package,6,4,6.153846153846154,0.2390847834489574,0.35349937492225864
networked,10,8,12.307692307692308,0.39847463908159564,0.3534966381030887
morgan,5,2,3.076923076923077,0.19923731954079782,0.3533494793782635
dramatically,6,6,9.23076923076923,0.2390847834489574,0.35327336191533587
compete,6,5,7.6923076923076925,0.2390847834489574,0.35319282056508816
corresponding_mail,12,12,18.46153846153846,0.4781695668979148,0.35318747875071876
primitive,13,8,12.307692307692308,0.5180170308060743,0.35305721651410343
prioritize,9,6,9.23076923076923,0.35862717517343606,0.35250504768846774
null,10,3,4.615384615384615,0.39847463908159564,0.3522024407933798
productivity,9,6,9.23076923076923,0.35862717517343606,0.3519776006061014
profound,13,10,15.384615384615385,0.5180170308060743,0.35139011214189325
ambiguity,12,8,12.307692307692308,0.4781695668979148,0.3511858043598013
subjected,10,9,13.846153846153847,0.39847463908159564,0.35113482309965466
forked,6,2,3.076923076923077,0.2390847834489574,0.3510894715693578
crafting,8,5,7.6923076923076925,0.31877971126527654,0.3509171591950662
dec,12,4,6.153846153846154,0.4781695668979148,0.350821835676148
pooling,8,4,6.153846153846154,0.31877971126527654,0.35059713947455734
iris,13,3,4.615384615384615,0.5180170308060743,0.3505104531219649
supervised,10,5,7.6923076923076925,0.39847463908159564,0.3504240074726422
illustrative,6,2,3.076923076923077,0.2390847834489574,0.3503973659554321
revert,11,3,4.615384615384615,0.4383221029897552,0.3498610320256018
categorical,5,2,3.076923076923077,0.19923731954079782,0.34912561116504354
contextual,5,3,4.615384615384615,0.19923731954079782,0.34899963033479725
poised,14,9,13.846153846153847,0.5578644947142339,0.34891757445463695
intra,10,5,7.6923076923076925,0.39847463908159564,0.34881044833005775
infancy,8,5,7.6923076923076925,0.31877971126527654,0.3487338694813248
science_engineering,6,6,9.23076923076923,0.2390847834489574,0.3485996913367976
pace,9,7,10.76923076923077,0.35862717517343606,0.34824789989390037
african,6,4,6.153846153846154,0.2390847834489574,0.3482295672143535
ethic,11,7,10.76923076923077,0.4383221029897552,0.3481619011490546
ment,10,5,7.6923076923076925,0.39847463908159564,0.34801102057244465
habit,8,5,7.6923076923076925,0.31877971126527654,0.3473815183338126
west,7,3,4.615384615384615,0.27893224735711697,0.3473066129493925
reverse,12,6,9.23076923076923,0.4781695668979148,0.3470955370374223
readily,18,8,12.307692307692308,0.7172543503468721,0.3470880210804751
gpu,11,8,12.307692307692308,0.4383221029897552,0.34687926469165065
forth,10,5,7.6923076923076925,0.39847463908159564,0.34678057458004075
prominence,10,8,12.307692307692308,0.39847463908159564,0.3467456618830253
positioning,9,8,12.307692307692308,0.35862717517343606,0.346679424870189
transit,6,4,6.153846153846154,0.2390847834489574,0.3462966741331707
initialize,9,6,9.23076923076923,0.35862717517343606,0.34628907079828913
declaration_competing,12,12,18.46153846153846,0.4781695668979148,0.34608708545679917
needing,11,7,10.76923076923077,0.4383221029897552,0.34581103155503784
forge,9,6,9.23076923076923,0.35862717517343606,0.34549976433540935
beneficial,11,8,12.307692307692308,0.4383221029897552,0.34529035045209405
favour,8,6,9.23076923076923,0.31877971126527654,0.3451897985871612
century,5,5,7.6923076923076925,0.19923731954079782,0.3447678631509601
processor,11,6,9.23076923076923,0.4383221029897552,0.3447254253194172
circulation,10,7,10.76923076923077,0.39847463908159564,0.3445567553421136
spot,8,5,7.6923076923076925,0.31877971126527654,0.34447841458131423
lens,10,8,12.307692307692308,0.39847463908159564,0.3438464961216683
hsieh,10,3,4.615384615384615,0.39847463908159564,0.34384440489167056
ago,7,5,7.6923076923076925,0.27893224735711697,0.3436781037368393
moderation,9,4,6.153846153846154,0.35862717517343606,0.3434336572947085
wood,8,6,9.23076923076923,0.31877971126527654,0.3431083062120432
adapting,11,8,12.307692307692308,0.4383221029897552,0.3430814936684619
strengthens,7,6,9.23076923076923,0.27893224735711697,0.3429588068688964
replicated,8,7,10.76923076923077,0.31877971126527654,0.3429479137376995
premium,8,7,10.76923076923077,0.31877971126527654,0.34281605381528396
intricacy,11,6,9.23076923076923,0.4383221029897552,0.342676702584864
encrypting,10,7,10.76923076923077,0.39847463908159564,0.3425985547880396
insecure,8,7,10.76923076923077,0.31877971126527654,0.3425845336458197
illustrating,11,5,7.6923076923076925,0.4383221029897552,0.34258287302840446
complement,9,6,9.23076923076923,0.35862717517343606,0.3424194685511482
losing,10,7,10.76923076923077,0.39847463908159564,0.3424093360434354
attacking,7,3,4.615384615384615,0.27893224735711697,0.3423548176547559
desirable,7,6,9.23076923076923,0.27893224735711697,0.3423421464516714
synchronous,9,3,4.615384615384615,0.35862717517343606,0.3421363401872903
rarity,8,7,10.76923076923077,0.31877971126527654,0.3417146864418153
rooted,11,8,12.307692307692308,0.4383221029897552,0.34150482401549814
attached,8,7,10.76923076923077,0.31877971126527654,0.3414957245154284
openness,8,6,9.23076923076923,0.31877971126527654,0.341050629894032
ported,11,3,4.615384615384615,0.4383221029897552,0.34093319975432246
willing,9,9,13.846153846153847,0.35862717517343606,0.3406509502039829
cumulative,9,6,9.23076923076923,0.35862717517343606,0.3404201796108888
translation,11,6,9.23076923076923,0.4383221029897552,0.34025571811764915
gradual,5,4,6.153846153846154,0.19923731954079782,0.3402117977108372
conversion,12,8,12.307692307692308,0.4781695668979148,0.3397136572251587
uphold,8,8,12.307692307692308,0.31877971126527654,0.33968342534997875
vitalik,5,3,4.615384615384615,0.19923731954079782,0.339665478019931
computational_complexity,13,8,12.307692307692308,0.5180170308060743,0.3394162882498126
pc,6,5,7.6923076923076925,0.2390847834489574,0.3394038190809092
consuming,8,6,9.23076923076923,0.31877971126527654,0.33938963566646624
specifically_designed,12,7,10.76923076923077,0.4781695668979148,0.3390436675052568
architectural,15,8,12.307692307692308,0.5977119586223935,0.3388882191042561
querying,8,4,6.153846153846154,0.31877971126527654,0.3387586113200708
dictionary,8,4,6.153846153846154,0.31877971126527654,0.33867455617144654
exactly,8,7,10.76923076923077,0.31877971126527654,0.3385187730320832
lesson_learned,19,5,7.6923076923076925,0.7571018142550318,0.3384721144030423
encapsulates,10,7,10.76923076923077,0.39847463908159564,0.3382736158933699
ambiguous,9,8,12.307692307692308,0.35862717517343606,0.338001912916218
cao,7,4,6.153846153846154,0.27893224735711697,0.3374892105205271
korean,10,6,9.23076923076923,0.39847463908159564,0.33746962859930846
advantageous,7,7,10.76923076923077,0.27893224735711697,0.337109753786292
synchronize,6,5,7.6923076923076925,0.2390847834489574,0.336999039009113
centered,10,8,12.307692307692308,0.39847463908159564,0.336981501345682
rental,9,6,9.23076923076923,0.35862717517343606,0.3369730888182371
mathematics,7,6,9.23076923076923,0.27893224735711697,0.33682428205011156
press,7,5,7.6923076923076925,0.27893224735711697,0.33668143079153684
star,12,5,7.6923076923076925,0.4781695668979148,0.3366751083648198
ahmad,11,6,9.23076923076923,0.4383221029897552,0.3364841573436924
linguistic,12,3,4.615384615384615,0.4781695668979148,0.3363756154005402
mediator,10,5,7.6923076923076925,0.39847463908159564,0.336332318719166
sidechain,8,6,9.23076923076923,0.31877971126527654,0.3361107081016162
negligible,10,4,6.153846153846154,0.39847463908159564,0.3359800087035629
guidi,12,3,4.615384615384615,0.4781695668979148,0.33596583746464465
downloading,12,3,4.615384615384615,0.4781695668979148,0.33570324500888715
darkverse,11,3,4.615384615384615,0.4383221029897552,0.33566778549202303
guest,9,4,6.153846153846154,0.35862717517343606,0.3354881504928556
dialog,7,2,3.076923076923077,0.27893224735711697,0.33544169376178723
approving,7,7,10.76923076923077,0.27893224735711697,0.3353444664718419
answering,12,4,6.153846153846154,0.4781695668979148,0.3353261563595089
regime,7,3,4.615384615384615,0.27893224735711697,0.33515766077689213
thrive,8,6,9.23076923076923,0.31877971126527654,0.3350688925413254
club,6,5,7.6923076923076925,0.2390847834489574,0.33482040332327756
propagates,7,2,3.076923076923077,0.27893224735711697,0.33479089073045826
critically,8,6,9.23076923076923,0.31877971126527654,0.3347036708309983
man,10,4,6.153846153846154,0.39847463908159564,0.33457391770924433
tailor,5,4,6.153846153846154,0.19923731954079782,0.33448984807408755
cosmos,7,4,6.153846153846154,0.27893224735711697,0.3343596031921964
auc,9,2,3.076923076923077,0.35862717517343606,0.33427571310526416
keyword,8,3,4.615384615384615,0.31877971126527654,0.3334951515296392
perpetrator,6,3,4.615384615384615,0.2390847834489574,0.33343930967800917
cited,10,4,6.153846153846154,0.39847463908159564,0.33271727421512665
altered,10,7,10.76923076923077,0.39847463908159564,0.3322802531888276
watch,6,4,6.153846153846154,0.2390847834489574,0.3322155131520266
tradable,7,6,9.23076923076923,0.27893224735711697,0.33215508118543374
transmit,5,2,3.076923076923077,0.19923731954079782,0.3313740212352913
ranked,7,5,7.6923076923076925,0.27893224735711697,0.33074885828058365
overcoming,13,8,12.307692307692308,0.5180170308060743,0.3304964855516752
union,8,6,9.23076923076923,0.31877971126527654,0.3304755908350067
tl,8,5,7.6923076923076925,0.31877971126527654,0.330447756876042
relay,8,5,7.6923076923076925,0.31877971126527654,0.3302778058539886
california,8,6,9.23076923076923,0.31877971126527654,0.33000900387667054
interviewee,5,2,3.076923076923077,0.19923731954079782,0.3299835629029593
duty,6,3,4.615384615384615,0.2390847834489574,0.32984688301390297
interactivity,12,9,13.846153846153847,0.4781695668979148,0.32966729344303325
withstand,7,4,6.153846153846154,0.27893224735711697,0.32914527430987006
poisoning,12,4,6.153846153846154,0.4781695668979148,0.32909773164709066
governmental,15,5,7.6923076923076925,0.5977119586223935,0.3290732842071983
romania,5,2,3.076923076923077,0.19923731954079782,0.32862142306996306
ceo,9,7,10.76923076923077,0.35862717517343606,0.3284002800956314
virtuality,7,6,9.23076923076923,0.27893224735711697,0.3282209086447142
designer,10,7,10.76923076923077,0.39847463908159564,0.3281489144044946
chatroom,8,2,3.076923076923077,0.31877971126527654,0.32813740199726354
deemed,8,7,10.76923076923077,0.31877971126527654,0.3279908147105758
haptic,17,5,7.6923076923076925,0.6774068864387126,0.32798709590751834
composite,12,3,4.615384615384615,0.4781695668979148,0.327851825019401
parent,5,4,6.153846153846154,0.19923731954079782,0.32782485070835415
summarize,8,8,12.307692307692308,0.31877971126527654,0.32748364516638
pressure,11,9,13.846153846153847,0.4383221029897552,0.32708492168496023
collude,8,2,3.076923076923077,0.31877971126527654,0.32696045841975235
onboarded,5,2,3.076923076923077,0.19923731954079782,0.3269148571009645
guild,13,3,4.615384615384615,0.5180170308060743,0.32674147355869504
chang,13,3,4.615384615384615,0.5180170308060743,0.32671867815311484
premise,8,7,10.76923076923077,0.31877971126527654,0.32646959371184653
publishes,6,4,6.153846153846154,0.2390847834489574,0.3262548272448758
supplied,6,4,6.153846153846154,0.2390847834489574,0.32606472578945395
influential,10,6,9.23076923076923,0.39847463908159564,0.3258364517170131
usdt,11,4,6.153846153846154,0.4383221029897552,0.3256052289577886
moved,7,6,9.23076923076923,0.27893224735711697,0.3255671297853224
founded,6,6,9.23076923076923,0.2390847834489574,0.3253755600424717
intensity,9,8,12.307692307692308,0.35862717517343606,0.3252578034758866
coinbase,11,7,10.76923076923077,0.4383221029897552,0.32520523978279475
ftx,14,2,3.076923076923077,0.5578644947142339,0.32516740921114945
predicting,9,7,10.76923076923077,0.35862717517343606,0.3251460481421083
attitude,9,5,7.6923076923076925,0.35862717517343606,0.32497998087871444
placing,8,7,10.76923076923077,0.31877971126527654,0.3246319416461845
licensing,7,5,7.6923076923076925,0.27893224735711697,0.324419816158629
mit,5,3,4.615384615384615,0.19923731954079782,0.32432207570730437
string,10,7,10.76923076923077,0.39847463908159564,0.32429884930065134
abnormally,7,2,3.076923076923077,0.27893224735711697,0.3242307560673534
purely,9,6,9.23076923076923,0.35862717517343606,0.32410813900282726
breakthrough,10,6,9.23076923076923,0.39847463908159564,0.3238460360999162
rare,9,8,12.307692307692308,0.35862717517343606,0.3232453434763813
erc20,8,2,3.076923076923077,0.31877971126527654,0.3232207170886416
auditable,5,4,6.153846153846154,0.19923731954079782,0.3230640283406512
conditional,15,3,4.615384615384615,0.5977119586223935,0.32300687079793383
inevitable,9,9,13.846153846153847,0.35862717517343606,0.32281966217719577
placed,14,6,9.23076923076923,0.5578644947142339,0.3226878777732965
arithmetic,9,5,7.6923076923076925,0.35862717517343606,0.32245137597901147
contribution_statement,11,11,16.923076923076923,0.4383221029897552,0.3224366390546233
credit_authorship,11,11,16.923076923076923,0.4383221029897552,0.3224366390546233
signing,9,5,7.6923076923076925,0.35862717517343606,0.32240759513607525
immersed,9,4,6.153846153846154,0.35862717517343606,0.3217427972149918
cap,8,5,7.6923076923076925,0.31877971126527654,0.3217033319214049
seed,9,4,6.153846153846154,0.35862717517343606,0.321606796203367
width,9,2,3.076923076923077,0.35862717517343606,0.32159803812742604
commercialization,4,4,6.153846153846154,0.15938985563263827,0.3215908209175094
accomplished,9,5,7.6923076923076925,0.35862717517343606,0.32089701395054854
mistake,8,6,9.23076923076923,0.31877971126527654,0.3208000307135817
factory,7,3,4.615384615384615,0.27893224735711697,0.3206282678060803
akin,7,7,10.76923076923077,0.27893224735711697,0.32033896388521316
distribute,8,6,9.23076923076923,0.31877971126527654,0.3199561766933527
yadav,3,2,3.076923076923077,0.1195423917244787,0.31993680260689245
canada,4,2,3.076923076923077,0.15938985563263827,0.31971353667114266
trans,8,6,9.23076923076923,0.31877971126527654,0.3195280863585856
agenda,7,6,9.23076923076923,0.27893224735711697,0.3193748337655506
advice,8,8,12.307692307692308,0.31877971126527654,0.31926908578413604
scopus,9,6,9.23076923076923,0.35862717517343606,0.31915438050105666
segmentation,5,5,7.6923076923076925,0.19923731954079782,0.31907601472780883
decrypting,8,7,10.76923076923077,0.31877971126527654,0.3188658155518665
excellence,6,6,9.23076923076923,0.2390847834489574,0.3188251655988172
normalization,7,6,9.23076923076923,0.27893224735711697,0.3187661654470331
boosting,4,2,3.076923076923077,0.15938985563263827,0.31870910521224827
interacted,9,4,6.153846153846154,0.35862717517343606,0.31835045553538965
permissionless,7,3,4.615384615384615,0.27893224735711697,0.3182500821714849
gathering,10,8,12.307692307692308,0.39847463908159564,0.31819096225489724
ide,9,4,6.153846153846154,0.35862717517343606,0.3179027405741247
burst,5,2,3.076923076923077,0.19923731954079782,0.3178189379353137
pre_trained,12,5,7.6923076923076925,0.4781695668979148,0.3178091733685946
garnered,8,7,10.76923076923077,0.31877971126527654,0.31777105202635425
analysing,13,5,7.6923076923076925,0.5180170308060743,0.3173688216663264
arbitrum,10,4,6.153846153846154,0.39847463908159564,0.31736572271690927
educated,5,5,7.6923076923076925,0.19923731954079782,0.3172348067517579
chatting,6,4,6.153846153846154,0.2390847834489574,0.3171094487915875
timeline,7,6,9.23076923076923,0.27893224735711697,0.3170782712310567
allocation,12,7,10.76923076923077,0.4781695668979148,0.31690817732006493
pursuing,8,5,7.6923076923076925,0.31877971126527654,0.31671140582698787
audited,9,4,6.153846153846154,0.35862717517343606,0.316581653785968
impersonator,5,2,3.076923076923077,0.19923731954079782,0.3164485295338068
analysed,19,4,6.153846153846154,0.7571018142550318,0.3164111012104395
posting,5,2,3.076923076923077,0.19923731954079782,0.31625150093471005
retained,8,7,10.76923076923077,0.31877971126527654,0.3161729318344452
experimenting,5,5,7.6923076923076925,0.19923731954079782,0.31604949810676175
locate,8,6,9.23076923076923,0.31877971126527654,0.3159117053201487
hierarchy,11,7,10.76923076923077,0.4383221029897552,0.31590096099366216
tough,4,4,6.153846153846154,0.15938985563263827,0.31570593840181466
telegram,8,2,3.076923076923077,0.31877971126527654,0.3156476317589609
voluntary,10,2,3.076923076923077,0.39847463908159564,0.3155994475405871
late,8,5,7.6923076923076925,0.31877971126527654,0.3155231481161452
authorship,5,2,3.076923076923077,0.19923731954079782,0.31525657841571825
offender,13,4,6.153846153846154,0.5180170308060743,0.31522415747247
combating,6,5,7.6923076923076925,0.2390847834489574,0.31513376424899203
tor,12,5,7.6923076923076925,0.4781695668979148,0.3149626771599145
streaming,9,5,7.6923076923076925,0.35862717517343606,0.31490807646031016
perfectly,6,6,9.23076923076923,0.2390847834489574,0.314849340456151
assurance,9,7,10.76923076923077,0.35862717517343606,0.3148349796494246
digitization,6,6,9.23076923076923,0.2390847834489574,0.3146429823754031
forefront,8,5,7.6923076923076925,0.31877971126527654,0.31453790390189845
singular,9,8,12.307692307692308,0.35862717517343606,0.31434232734188383
turkey,6,2,3.076923076923077,0.2390847834489574,0.3140666342669696
multiplayer,10,8,12.307692307692308,0.39847463908159564,0.31394871823889386
dynamic_nature,16,6,9.23076923076923,0.6375594225305531,0.31392035029817156
executive,5,3,4.615384615384615,0.19923731954079782,0.31388246383592233
misconduct,9,4,6.153846153846154,0.35862717517343606,0.31387534484847623
translate,10,8,12.307692307692308,0.39847463908159564,0.31377077166549217
acknowledging,11,9,13.846153846153847,0.4383221029897552,0.31373131678709987
fungibility,7,5,7.6923076923076925,0.27893224735711697,0.31364321679115276
insurance,6,4,6.153846153846154,0.2390847834489574,0.31357340287419116
invalid,7,6,9.23076923076923,0.27893224735711697,0.313497109302934
building_block,12,7,10.76923076923077,0.4781695668979148,0.31314428605163885
proceed,7,7,10.76923076923077,0.27893224735711697,0.31309367823798906
michienzi,10,2,3.076923076923077,0.39847463908159564,0.31274377650673457
branding,6,4,6.153846153846154,0.2390847834489574,0.3124819929855863
categorization,8,5,7.6923076923076925,0.31877971126527654,0.31239388575738686
forged,11,7,10.76923076923077,0.4383221029897552,0.3123536873589104
vendor,10,5,7.6923076923076925,0.39847463908159564,0.31231676750891607
removed,8,7,10.76923076923077,0.31877971126527654,0.312270687218987
timer,9,3,4.615384615384615,0.35862717517343606,0.3120785048218651
sci,7,5,7.6923076923076925,0.27893224735711697,0.3117066650649464
ting,5,3,4.615384615384615,0.19923731954079782,0.31163760500756266
prevalence,11,7,10.76923076923077,0.4383221029897552,0.31162957646125944
correlated,10,4,6.153846153846154,0.39847463908159564,0.3112338340763941
vice_versa,11,7,10.76923076923077,0.4383221029897552,0.31119863672185605
increasing_number,13,8,12.307692307692308,0.5180170308060743,0.3110969188346399
return_volume,15,2,3.076923076923077,0.5977119586223935,0.31105986111343203
headquarters,6,4,6.153846153846154,0.2390847834489574,0.31102866011453917
acknowledgement,8,8,12.307692307692308,0.31877971126527654,0.3108884583706015
finished,6,5,7.6923076923076925,0.2390847834489574,0.3108281965267161
remix,9,4,6.153846153846154,0.35862717517343606,0.3100445136326541
thirdly,7,5,7.6923076923076925,0.27893224735711697,0.31001157367137444
entropy,10,6,9.23076923076923,0.39847463908159564,0.3098006646511543
considers,11,8,12.307692307692308,0.4383221029897552,0.3097961788098881
desire,6,5,7.6923076923076925,0.2390847834489574,0.3096800643239902
immediate,9,9,13.846153846153847,0.35862717517343606,0.3096513709381949
informational,8,3,4.615384615384615,0.31877971126527654,0.3096110893191304
negotiation,6,6,9.23076923076923,0.2390847834489574,0.30954789574700015
pt1,7,2,3.076923076923077,0.27893224735711697,0.30954577623619306
inception,4,2,3.076923076923077,0.15938985563263827,0.30940041615976815
encourages,9,8,12.307692307692308,0.35862717517343606,0.3088521005677413
avail,3,2,3.076923076923077,0.1195423917244787,0.30884545756981857
launder,14,3,4.615384615384615,0.5578644947142339,0.3088163632668002
strengthened,4,4,6.153846153846154,0.15938985563263827,0.30879605176280783
mandatory,9,5,7.6923076923076925,0.35862717517343606,0.3087869976375807
eco,7,4,6.153846153846154,0.27893224735711697,0.3085904846802224
span,10,8,12.307692307692308,0.39847463908159564,0.308520892336789
resemble,9,7,10.76923076923077,0.35862717517343606,0.30842703493488194
incentivize,12,5,7.6923076923076925,0.4781695668979148,0.30823805030662493
switzerland,5,5,7.6923076923076925,0.19923731954079782,0.3080672741542023
smith,7,5,7.6923076923076925,0.27893224735711697,0.3079664720547598
explaining,9,6,9.23076923076923,0.35862717517343606,0.3075939395761799
individually,10,5,7.6923076923076925,0.39847463908159564,0.30747972143104624
usdc,8,4,6.153846153846154,0.31877971126527654,0.30746409404244257
terminate,8,3,4.615384615384615,0.31877971126527654,0.30735245204143274
msg,4,3,4.615384615384615,0.15938985563263827,0.3073518608921371
robot,10,4,6.153846153846154,0.39847463908159564,0.30733992418614414
solana,13,5,7.6923076923076925,0.5180170308060743,0.3069475733419571
fang,10,4,6.153846153846154,0.39847463908159564,0.30677305639025554
graphically,11,3,4.615384615384615,0.4383221029897552,0.30646080921513846
risky,8,6,9.23076923076923,0.31877971126527654,0.3063069888685325
wall,8,5,7.6923076923076925,0.31877971126527654,0.30601241813922364
indirect_effect,11,2,3.076923076923077,0.4383221029897552,0.30527133875553875
respecting,6,5,7.6923076923076925,0.2390847834489574,0.30489294482381823
boolean,10,5,7.6923076923076925,0.39847463908159564,0.30486579525404944
yaqoob,13,5,7.6923076923076925,0.5180170308060743,0.30474307666635436
mind,12,7,10.76923076923077,0.4781695668979148,0.30460393069836805
partner,7,6,9.23076923076923,0.27893224735711697,0.3043242669438427
envision,8,5,7.6923076923076925,0.31877971126527654,0.30430160970515513
ample,6,6,9.23076923076923,0.2390847834489574,0.30428171843451357
standard_erc,9,4,6.153846153846154,0.35862717517343606,0.3042646179337036
latent,5,3,4.615384615384615,0.19923731954079782,0.3042105020326003
deleted,7,5,7.6923076923076925,0.27893224735711697,0.3041640330440174
lesson,9,6,9.23076923076923,0.35862717517343606,0.30413251092107646
indivisible,7,5,7.6923076923076925,0.27893224735711697,0.3040200377089424
sway,7,7,10.76923076923077,0.27893224735711697,0.30398578573953394
fraction,7,6,9.23076923076923,0.27893224735711697,0.3034166568492444
conversational,6,6,9.23076923076923,0.2390847834489574,0.3031547138089059
synthesis,8,5,7.6923076923076925,0.31877971126527654,0.3028153154656396
assigning,8,6,9.23076923076923,0.31877971126527654,0.30248467919877253
overlap,7,7,10.76923076923077,0.27893224735711697,0.3021945679077032
terrorist,14,2,3.076923076923077,0.5578644947142339,0.3020241369335781
worry,4,4,6.153846153846154,0.15938985563263827,0.3019267366938441
betting,9,4,6.153846153846154,0.35862717517343606,0.3018756294744463
passive,6,5,7.6923076923076925,0.2390847834489574,0.30173745770693655
week,9,7,10.76923076923077,0.35862717517343606,0.30169609268194875
remember,5,3,4.615384615384615,0.19923731954079782,0.3014006237590888
yuan,10,4,6.153846153846154,0.39847463908159564,0.301068226424057
separation,7,6,9.23076923076923,0.27893224735711697,0.30099740194768465
synchronized,8,7,10.76923076923077,0.31877971126527654,0.3009650513520606
benevolence,11,3,4.615384615384615,0.4383221029897552,0.3008000891427379
clause,5,3,4.615384615384615,0.19923731954079782,0.30045962875252125
loaded,6,2,3.076923076923077,0.2390847834489574,0.29977332417812036
mlp,9,2,3.076923076923077,0.35862717517343606,0.29968194030057266
shi,9,3,4.615384615384615,0.35862717517343606,0.2996544837796832
overflow,5,3,4.615384615384615,0.19923731954079782,0.2995732256054748
kaggle,7,4,6.153846153846154,0.27893224735711697,0.29921721269394586
film,5,4,6.153846153846154,0.19923731954079782,0.2990243793923402
encode,8,3,4.615384615384615,0.31877971126527654,0.2989001362608293
retain,7,6,9.23076923076923,0.27893224735711697,0.2988446238459051
fractionalized,6,2,3.076923076923077,0.2390847834489574,0.2982576780639763
scrutiny,9,6,9.23076923076923,0.35862717517343606,0.2981788571729872
dealt,5,2,3.076923076923077,0.19923731954079782,0.29816314927689175
differently,8,7,10.76923076923077,0.31877971126527654,0.2981152952819361
viable,11,6,9.23076923076923,0.4383221029897552,0.29801683373975446
suffer,7,6,9.23076923076923,0.27893224735711697,0.2979934274038124
undergone,8,7,10.76923076923077,0.31877971126527654,0.29792597635178786
freshness,5,2,3.076923076923077,0.19923731954079782,0.2979002586111728
lex,4,2,3.076923076923077,0.15938985563263827,0.29763045688421574
innovator,7,4,6.153846153846154,0.27893224735711697,0.29755568063746396
affordability,6,4,6.153846153846154,0.2390847834489574,0.29740205348359466
justified,8,6,9.23076923076923,0.31877971126527654,0.2973728302116974
traffic_generated,10,2,3.076923076923077,0.39847463908159564,0.2968829581639782
xiao,7,4,6.153846153846154,0.27893224735711697,0.29682941393319157
retrieval,10,5,7.6923076923076925,0.39847463908159564,0.2967367570231555
borrowing,8,5,7.6923076923076925,0.31877971126527654,0.2966716317285122
originates,8,7,10.76923076923077,0.31877971126527654,0.2966437362485282
estate,6,4,6.153846153846154,0.2390847834489574,0.2964673119730344
proprietary,4,4,6.153846153846154,0.15938985563263827,0.2964347749170293
inconsistency,12,6,9.23076923076923,0.4781695668979148,0.296247211940281
high_throughput,12,5,7.6923076923076925,0.4781695668979148,0.2961156261130363
exclusivity,5,4,6.153846153846154,0.19923731954079782,0.29606592971081913
gesture,21,5,7.6923076923076925,0.8367967420713509,0.2960459489989214
appealing,8,7,10.76923076923077,0.31877971126527654,0.29599128774892114
kong,10,6,9.23076923076923,0.39847463908159564,0.29584013765919515
quantized,5,2,3.076923076923077,0.19923731954079782,0.29583898271480036
meticulously,9,6,9.23076923076923,0.35862717517343606,0.29534847876028875
tar,5,3,4.615384615384615,0.19923731954079782,0.2953281317443937
eligible,7,4,6.153846153846154,0.27893224735711697,0.29512189553935103
accommodate,7,6,9.23076923076923,0.27893224735711697,0.2951097996114642
turing,6,6,9.23076923076923,0.2390847834489574,0.2950117167972307
predicts,8,6,9.23076923076923,0.31877971126527654,0.29493015834617836
revoked,7,2,3.076923076923077,0.27893224735711697,0.2947996343868764
incredibly,5,5,7.6923076923076925,0.19923731954079782,0.294548131552632
relu,7,2,3.076923076923077,0.27893224735711697,0.2944475376692442
slope,10,2,3.076923076923077,0.39847463908159564,0.29427335815091415
rewarded,10,8,12.307692307692308,0.39847463908159564,0.29426001727248735
supplier,4,4,6.153846153846154,0.15938985563263827,0.2939669371499269
creatives,3,2,3.076923076923077,0.1195423917244787,0.29355597946560363
visiting,5,5,7.6923076923076925,0.19923731954079782,0.29353899418796264
chainalysis,13,3,4.615384615384615,0.5180170308060743,0.2932798210293839
varies,8,6,9.23076923076923,0.31877971126527654,0.2930380524069221
mid,8,3,4.615384615384615,0.31877971126527654,0.2927353670402129
ganache,6,3,4.615384615384615,0.2390847834489574,0.29226229404878873
facet,8,7,10.76923076923077,0.31877971126527654,0.29215219047230173
certification,8,6,9.23076923076923,0.31877971126527654,0.29208640932794716
simplifies,8,7,10.76923076923077,0.31877971126527654,0.2919946784485852
wrapped,10,2,3.076923076923077,0.39847463908159564,0.2918586370369023
digit,7,3,4.615384615384615,0.27893224735711697,0.29185705248285015
malaysia,7,4,6.153846153846154,0.27893224735711697,0.29173796162079885
campus,8,4,6.153846153846154,0.31877971126527654,0.29172971068431247
heard,6,3,4.615384615384615,0.2390847834489574,0.2914426703196304
minority,6,3,4.615384615384615,0.2390847834489574,0.291243595901512
enriching,11,8,12.307692307692308,0.4383221029897552,0.2910212255084079
evm,7,5,7.6923076923076925,0.27893224735711697,0.2909758500225478
collaborating,7,6,9.23076923076923,0.27893224735711697,0.29078430928729393
realworld,7,7,10.76923076923077,0.27893224735711697,0.2907042826907331
privacypreserving,5,5,7.6923076923076925,0.19923731954079782,0.2906543386071363
exacerbate,7,4,6.153846153846154,0.27893224735711697,0.290576767718736
licence,9,5,7.6923076923076925,0.35862717517343606,0.2905727311292512
revoke,7,4,6.153846153846154,0.27893224735711697,0.2905686685359519
certainty,6,5,7.6923076923076925,0.2390847834489574,0.29052538564786656
assure,6,5,7.6923076923076925,0.2390847834489574,0.2901213388051651
ecology,5,3,4.615384615384615,0.19923731954079782,0.2900615084825144
surpass,7,6,9.23076923076923,0.27893224735711697,0.2899244862495082
birth,7,6,9.23076923076923,0.27893224735711697,0.2896484929875887
installation,6,4,6.153846153846154,0.2390847834489574,0.2894811099290463
leave,10,8,12.307692307692308,0.39847463908159564,0.28941602111991804
arose,4,2,3.076923076923077,0.15938985563263827,0.2893753515745041
adheres,8,8,12.307692307692308,0.31877971126527654,0.28934317755167716
dense,8,2,3.076923076923077,0.31877971126527654,0.2893348204612877
handled,6,6,9.23076923076923,0.2390847834489574,0.2893110246768193
acc,9,2,3.076923076923077,0.35862717517343606,0.28888215154124663
reviewed_publication,13,3,4.615384615384615,0.5180170308060743,0.28884610392141535
iiot,11,5,7.6923076923076925,0.4383221029897552,0.2885573685497667
plagiarism,13,5,7.6923076923076925,0.5180170308060743,0.28837477938079376
somewhat,10,10,15.384615384615385,0.39847463908159564,0.2883249736720594
mental,9,6,9.23076923076923,0.35862717517343606,0.2882325898800787
sims,5,2,3.076923076923077,0.19923731954079782,0.28801017423342584
restrict,9,8,12.307692307692308,0.35862717517343606,0.28796645527731307
artistic,5,5,7.6923076923076925,0.19923731954079782,0.28776298381793386
metamask,10,7,10.76923076923077,0.39847463908159564,0.2877467319673928
senior,6,6,9.23076923076923,0.2390847834489574,0.28767042790909547
differentiate,9,7,10.76923076923077,0.35862717517343606,0.28745649595343564
intriguing,8,6,9.23076923076923,0.31877971126527654,0.28742905632668625
interactive_experience,7,6,9.23076923076923,0.27893224735711697,0.2871547190147729
diversified,6,5,7.6923076923076925,0.2390847834489574,0.2871479515954469
weighting,12,3,4.615384615384615,0.4781695668979148,0.2867485742763903
minimize,10,8,12.307692307692308,0.39847463908159564,0.28672972681558034
argues,8,4,6.153846153846154,0.31877971126527654,0.2867253010682807
innovate,7,7,10.76923076923077,0.27893224735711697,0.28670443194712475
blended,9,4,6.153846153846154,0.35862717517343606,0.2866573553609474
embodiment,6,5,7.6923076923076925,0.2390847834489574,0.2865217791942448
nuance,9,5,7.6923076923076925,0.35862717517343606,0.28645698175584206
arm,8,7,10.76923076923077,0.31877971126527654,0.28575034665055943
weight_assigned,13,2,3.076923076923077,0.5180170308060743,0.28569285363764924
token_standard,20,2,3.076923076923077,0.7969492781631913,0.2856333127629321
runtime,6,4,6.153846153846154,0.2390847834489574,0.2856161377607292
suggestion,9,7,10.76923076923077,0.35862717517343606,0.28560275770202104
polkadot,6,4,6.153846153846154,0.2390847834489574,0.2855521932854932
compensation,8,6,9.23076923076923,0.31877971126527654,0.28525246773737334
permissioned,6,4,6.153846153846154,0.2390847834489574,0.28499777835209
duplicated,7,5,7.6923076923076925,0.27893224735711697,0.28468810519256077
viewer,10,6,9.23076923076923,0.39847463908159564,0.2844371729329501
synergistic,7,4,6.153846153846154,0.27893224735711697,0.2841552356714092
captivating,5,5,7.6923076923076925,0.19923731954079782,0.2841252786146625
coingecko,6,2,3.076923076923077,0.2390847834489574,0.2840295014095879
genuinely,6,6,9.23076923076923,0.2390847834489574,0.2838571245631825
tornado_cash,13,2,3.076923076923077,0.5180170308060743,0.28370044155103663
confident,4,3,4.615384615384615,0.15938985563263827,0.2836473158525559
hijacking,6,3,4.615384615384615,0.2390847834489574,0.28357460597054585
judgement,7,4,6.153846153846154,0.27893224735711697,0.28347144639320665
zhu,8,5,7.6923076923076925,0.31877971126527654,0.28345307631880856
deeply,10,10,15.384615384615385,0.39847463908159564,0.2834434128650873
inverse,9,3,4.615384615384615,0.35862717517343606,0.28337557741037267
delivered,7,7,10.76923076923077,0.27893224735711697,0.2832431488254043
revolutionizing,7,7,10.76923076923077,0.27893224735711697,0.2831626633113532
aggregating,6,4,6.153846153846154,0.2390847834489574,0.28286902838897804
pbft,13,4,6.153846153846154,0.5180170308060743,0.28275009729117284
moderator,10,4,6.153846153846154,0.39847463908159564,0.28260030015520393
arxiv,8,2,3.076923076923077,0.31877971126527654,0.28246740841040924
milestone,6,4,6.153846153846154,0.2390847834489574,0.2824301918421384
adv,6,2,3.076923076923077,0.2390847834489574,0.282395692613835
iterative,7,3,4.615384615384615,0.27893224735711697,0.2823582736579506
accomplish,4,4,6.153846153846154,0.15938985563263827,0.2823504339163665
homomorphic,12,3,4.615384615384615,0.4781695668979148,0.28232532178147746
responding,5,5,7.6923076923076925,0.19923731954079782,0.2821721759180784
excessive,6,5,7.6923076923076925,0.2390847834489574,0.2820712910376812
hashed,8,7,10.76923076923077,0.31877971126527654,0.28191572461848907
syed,5,5,7.6923076923076925,0.19923731954079782,0.28181339068367095
chief,3,2,3.076923076923077,0.1195423917244787,0.28155348535341523
legislation,8,7,10.76923076923077,0.31877971126527654,0.2815165994993803
uniswap,9,5,7.6923076923076925,0.35862717517343606,0.28149031869123015
prof,7,4,6.153846153846154,0.27893224735711697,0.2814549576827742
impose,7,6,9.23076923076923,0.27893224735711697,0.2813276214177897
metaversal,10,3,4.615384615384615,0.39847463908159564,0.28088626532363864
asymmetry,9,3,4.615384615384615,0.35862717517343606,0.28082709394446653
excel,7,6,9.23076923076923,0.27893224735711697,0.2805590255234293
permanently,8,6,9.23076923076923,0.31877971126527654,0.280132603260965
imported,5,4,6.153846153846154,0.19923731954079782,0.28002426060807684
sai,13,2,3.076923076923077,0.5180170308060743,0.2796243319383314
shamir,8,3,4.615384615384615,0.31877971126527654,0.2795325166487138
mozumder,3,2,3.076923076923077,0.1195423917244787,0.27942127573909
dwivedi,10,5,7.6923076923076925,0.39847463908159564,0.27938515764769706
pioneering,6,6,9.23076923076923,0.2390847834489574,0.2793160733073406
summarizing,4,3,4.615384615384615,0.15938985563263827,0.27909687413013906
responsive,9,6,9.23076923076923,0.35862717517343606,0.2790744192084129
london,10,6,9.23076923076923,0.39847463908159564,0.2789769023152447
bin,8,2,3.076923076923077,0.31877971126527654,0.2789558741832596
disruption,9,7,10.76923076923077,0.35862717517343606,0.2788672936366709
johnson,10,4,6.153846153846154,0.39847463908159564,0.27864695476547197
collusion,9,3,4.615384615384615,0.35862717517343606,0.2785892751190612
noteworthy,11,6,9.23076923076923,0.4383221029897552,0.2785622818970082
vidal,9,4,6.153846153846154,0.35862717517343606,0.2785587681238719
nascent,9,7,10.76923076923077,0.35862717517343606,0.2784434295881651
globe,9,8,12.307692307692308,0.35862717517343606,0.27837514747597353
riyadh,6,3,4.615384615384615,0.2390847834489574,0.2783271906244787
anxiety,8,6,9.23076923076923,0.31877971126527654,0.27821357509760974
contributor,9,5,7.6923076923076925,0.35862717517343606,0.27817072209860183
satisfying,7,7,10.76923076923077,0.27893224735711697,0.278048004399279
immerse,9,7,10.76923076923077,0.35862717517343606,0.2779557754097268
reputational,9,5,7.6923076923076925,0.35862717517343606,0.2777885975126129
cbdc,13,2,3.076923076923077,0.5180170308060743,0.27776160113172427
pressing,9,8,12.307692307692308,0.35862717517343606,0.27774829549965224
cnns,11,3,4.615384615384615,0.4383221029897552,0.2776614778164548
alleviate,9,7,10.76923076923077,0.35862717517343606,0.2776128212013125
albeit,7,7,10.76923076923077,0.27893224735711697,0.2775171163142893
categorizes,7,7,10.76923076923077,0.27893224735711697,0.2772738037690427
anomalous,8,7,10.76923076923077,0.31877971126527654,0.27724227340014973
replication,8,8,12.307692307692308,0.31877971126527654,0.2770740000277411
tracing,12,7,10.76923076923077,0.4781695668979148,0.2770383768149594
affiliated,11,3,4.615384615384615,0.4383221029897552,0.2770007677842974
gauge,9,6,9.23076923076923,0.35862717517343606,0.2768245604770542
ally,6,3,4.615384615384615,0.2390847834489574,0.27663574346039316
remained,9,7,10.76923076923077,0.35862717517343606,0.2765287503907148
byzantine,11,3,4.615384615384615,0.4383221029897552,0.2760720346699259
infringe,4,2,3.076923076923077,0.15938985563263827,0.2760324559444555
linkage,5,4,6.153846153846154,0.19923731954079782,0.27598173396722214
neural,10,5,7.6923076923076925,0.39847463908159564,0.27553945634882615
linking,5,4,6.153846153846154,0.19923731954079782,0.2752718583602229
reshape,10,7,10.76923076923077,0.39847463908159564,0.2752168694204728
structuring,6,2,3.076923076923077,0.2390847834489574,0.27499326551511355
drain,3,2,3.076923076923077,0.1195423917244787,0.2747097476525813
aligned,7,7,10.76923076923077,0.27893224735711697,0.2745673161675972
auditability,4,3,4.615384615384615,0.15938985563263827,0.2745299740790805
surface,12,5,7.6923076923076925,0.4781695668979148,0.27442411494158186
irrelevant,8,6,9.23076923076923,0.31877971126527654,0.27386380256078063
htc,4,4,6.153846153846154,0.15938985563263827,0.2737918342413404
interplay,10,6,9.23076923076923,0.39847463908159564,0.2732866733421777
bad_mouthing,13,2,3.076923076923077,0.5180170308060743,0.27325414926493097
fraudsters,4,3,4.615384615384615,0.15938985563263827,0.2731979850466119
accounted,9,4,6.153846153846154,0.35862717517343606,0.27296364587748195
certainly,6,5,7.6923076923076925,0.2390847834489574,0.2728646625683223
strongly,6,6,9.23076923076923,0.2390847834489574,0.27279083809925236
github,8,5,7.6923076923076925,0.31877971126527654,0.272481219360709
transformer,6,4,6.153846153846154,0.2390847834489574,0.2722846274236867
neuron,5,3,4.615384615384615,0.19923731954079782,0.27208718291438405
postulate,6,3,4.615384615384615,0.2390847834489574,0.2720395185173688
unfortunately,7,6,9.23076923076923,0.27893224735711697,0.2720093203258794
surroundings,7,6,9.23076923076923,0.27893224735711697,0.2718123387002031
verbal,4,4,6.153846153846154,0.15938985563263827,0.2716878589536868
reader_referred,13,2,3.076923076923077,0.5180170308060743,0.27165524909662303
sovereign,9,3,4.615384615384615,0.35862717517343606,0.27163912206380747
resonate,7,6,9.23076923076923,0.27893224735711697,0.2715644426895011
simplified,6,6,9.23076923076923,0.2390847834489574,0.2710048616421769
excluding,6,6,9.23076923076923,0.2390847834489574,0.2709943596454009
indicative,8,5,7.6923076923076925,0.31877971126527654,0.2708968423190101
texas,6,4,6.153846153846154,0.2390847834489574,0.2706969560244742
sought,10,4,6.153846153846154,0.39847463908159564,0.270382806294624
housing,5,4,6.153846153846154,0.19923731954079782,0.2699879893247756
fulfill,6,6,9.23076923076923,0.2390847834489574,0.26989707626157017
driver,10,6,9.23076923076923,0.39847463908159564,0.26983817931738047
worth_noting,12,8,12.307692307692308,0.4781695668979148,0.26981208990303984
exponential,7,6,9.23076923076923,0.27893224735711697,0.2697875927947042
averse,8,4,6.153846153846154,0.31877971126527654,0.26958784679942394
coordinator,4,2,3.076923076923077,0.15938985563263827,0.2695635873311058
refinement,10,6,9.23076923076923,0.39847463908159564,0.2695007398257458
returning,6,5,7.6923076923076925,0.2390847834489574,0.26926259864791746
meant,6,5,7.6923076923076925,0.2390847834489574,0.2692494029389201
outfit,7,4,6.153846153846154,0.27893224735711697,0.2691279928828393
transacting,4,4,6.153846153846154,0.15938985563263827,0.2688367681535285
searching,6,4,6.153846153846154,0.2390847834489574,0.2687717834988608
reshaping,7,6,9.23076923076923,0.27893224735711697,0.2686626040567062
cse,4,2,3.076923076923077,0.15938985563263827,0.26849977507872247
friendly,5,2,3.076923076923077,0.19923731954079782,0.26842589873404943
economically,6,5,7.6923076923076925,0.2390847834489574,0.26822107887036767
variability,8,5,7.6923076923076925,0.31877971126527654,0.2681238602741254
logistics,5,4,6.153846153846154,0.19923731954079782,0.2679833443514045
subjective,9,5,7.6923076923076925,0.35862717517343606,0.2679821131716461
passing,5,4,6.153846153846154,0.19923731954079782,0.267914371894951
trustable,3,2,3.076923076923077,0.1195423917244787,0.26782679312079893
cipher,9,2,3.076923076923077,0.35862717517343606,0.267253314794767
replacing,9,6,9.23076923076923,0.35862717517343606,0.26719947055102233
fix,6,6,9.23076923076923,0.2390847834489574,0.26717642419279086
multitude,8,6,9.23076923076923,0.31877971126527654,0.2670572528846031
leak,5,4,6.153846153846154,0.19923731954079782,0.2669518629464203
injection,10,5,7.6923076923076925,0.39847463908159564,0.26681852808300405
discipline,8,6,9.23076923076923,0.31877971126527654,0.2665835520718958
communicated,9,5,7.6923076923076925,0.35862717517343606,0.2664658755603196
reportedly,4,3,4.615384615384615,0.15938985563263827,0.26635707357071
allocated,8,5,7.6923076923076925,0.31877971126527654,0.2662292653491884
got,6,5,7.6923076923076925,0.2390847834489574,0.26606362734216066
market_cap,11,2,3.076923076923077,0.4383221029897552,0.2659093099403658
io,3,3,4.615384615384615,0.1195423917244787,0.26586571915450186
renter,6,4,6.153846153846154,0.2390847834489574,0.26585972215076636
threatening,7,5,7.6923076923076925,0.27893224735711697,0.26580473100927776
teach,5,3,4.615384615384615,0.19923731954079782,0.2653535981565834
correspondence,7,6,9.23076923076923,0.27893224735711697,0.26498727385473536
substantially,8,7,10.76923076923077,0.31877971126527654,0.2649083844457832
delineates,9,5,7.6923076923076925,0.35862717517343606,0.2647635608192493
hoped,5,5,7.6923076923076925,0.19923731954079782,0.26475430686459145
bidirectional,14,4,6.153846153846154,0.5578644947142339,0.2647484006949778
unlikely,7,3,4.615384615384615,0.27893224735711697,0.26462528678665204
wearable_device,17,4,6.153846153846154,0.6774068864387126,0.2645037038086859
occasion,5,5,7.6923076923076925,0.19923731954079782,0.26445727048840717
incorporation,9,7,10.76923076923077,0.35862717517343606,0.2644001761414461
web1,7,3,4.615384615384615,0.27893224735711697,0.2643641960515049
inappropriate,10,2,3.076923076923077,0.39847463908159564,0.2642493461434781
mediated,9,4,6.153846153846154,0.35862717517343606,0.26418616345054646
optimisation,11,2,3.076923076923077,0.4383221029897552,0.26414779491890844
learned,8,5,7.6923076923076925,0.31877971126527654,0.2638874140088033
maybe,8,3,4.615384615384615,0.31877971126527654,0.26384478232794156
hedge,6,4,6.153846153846154,0.2390847834489574,0.2637935186058891
gamification,6,4,6.153846153846154,0.2390847834489574,0.26369837404974067
laundering,10,2,3.076923076923077,0.39847463908159564,0.2635166370637404
decide,10,8,12.307692307692308,0.39847463908159564,0.263429543748712
refine,8,6,9.23076923076923,0.31877971126527654,0.26332682662635676
affective,9,2,3.076923076923077,0.35862717517343606,0.26315567442560994
logins,4,3,4.615384615384615,0.15938985563263827,0.2625543261237199
spof,15,2,3.076923076923077,0.5977119586223935,0.2625349578410257
blog,10,5,7.6923076923076925,0.39847463908159564,0.2624926537388189
ryu,7,5,7.6923076923076925,0.27893224735711697,0.26238761332501104
relates,7,7,10.76923076923077,0.27893224735711697,0.26223404308171067
accessory,6,6,9.23076923076923,0.2390847834489574,0.2619241604347481
communicating,6,6,9.23076923076923,0.2390847834489574,0.26171627344214465
weapon,6,5,7.6923076923076925,0.2390847834489574,0.26158854290093464
superimposed,7,3,4.615384615384615,0.27893224735711697,0.26158571210046117
sensitivity,12,3,4.615384615384615,0.4781695668979148,0.26154711147719883
practicality,5,5,7.6923076923076925,0.19923731954079782,0.26143963318649044
ddos_attack,12,6,9.23076923076923,0.4781695668979148,0.26131266599745734
ineffective,8,6,9.23076923076923,0.31877971126527654,0.2611828443396253
fragmented,11,5,7.6923076923076925,0.4383221029897552,0.26110086700073615
wen,5,3,4.615384615384615,0.19923731954079782,0.26090573664364886
lacking,8,6,9.23076923076923,0.31877971126527654,0.260863677560029
sso,5,2,3.076923076923077,0.19923731954079782,0.2607958894470448
acquiring,7,7,10.76923076923077,0.27893224735711697,0.2606326033715176
decision_maker,11,3,4.615384615384615,0.4383221029897552,0.260581591178334
cohesive,9,6,9.23076923076923,0.35862717517343606,0.26047218374384057
photograph,6,4,6.153846153846154,0.2390847834489574,0.2603522284671707
stevenson,7,5,7.6923076923076925,0.27893224735711697,0.26031980203861427
openzeppelin,6,3,4.615384615384615,0.2390847834489574,0.2603197242849233
civilization,7,2,3.076923076923077,0.27893224735711697,0.2602721816250006
deletion,4,4,6.153846153846154,0.15938985563263827,0.2602251222884095
revise,4,4,6.153846153846154,0.15938985563263827,0.2601326655413728
tether,12,2,3.076923076923077,0.4781695668979148,0.2600499951488608
niyato,7,3,4.615384615384615,0.27893224735711697,0.2598195231891294
backends,5,2,3.076923076923077,0.19923731954079782,0.2591568545392956
annual,8,5,7.6923076923076925,0.31877971126527654,0.25912235198597067
bloomberg,12,2,3.076923076923077,0.4781695668979148,0.2589924794182379
manufacture,3,3,4.615384615384615,0.1195423917244787,0.2589856854485388
ticketing,4,4,6.153846153846154,0.15938985563263827,0.25893267685027993
thank,7,6,9.23076923076923,0.27893224735711697,0.2585798626556215
breached,5,5,7.6923076923076925,0.19923731954079782,0.2585557736679897
circulating,3,3,4.615384615384615,0.1195423917244787,0.25838430347701935
sole,6,4,6.153846153846154,0.2390847834489574,0.2582983065809238
lawyer,4,4,6.153846153846154,0.15938985563263827,0.25816254442364645
residence,4,2,3.076923076923077,0.15938985563263827,0.25806464291383235
analogy,4,2,3.076923076923077,0.15938985563263827,0.2580277211027999
mystery,3,3,4.615384615384615,0.1195423917244787,0.2579534983750226
testnet,8,3,4.615384615384615,0.31877971126527654,0.257786883847395
fifth,7,6,9.23076923076923,0.27893224735711697,0.25773430970033956
omniverse,5,4,6.153846153846154,0.19923731954079782,0.257689312793602
realizing,9,6,9.23076923076923,0.35862717517343606,0.25765716569587405
corruption,5,3,4.615384615384615,0.19923731954079782,0.2575273838412112
encodes,6,5,7.6923076923076925,0.2390847834489574,0.2574323253152283
letter,7,3,4.615384615384615,0.27893224735711697,0.2573523411985576
alliance,6,4,6.153846153846154,0.2390847834489574,0.25722573958743544
controller,10,5,7.6923076923076925,0.39847463908159564,0.25693556987778193
willingness,8,5,7.6923076923076925,0.31877971126527654,0.25692492244574194
tseng,7,3,4.615384615384615,0.27893224735711697,0.2568446284331115
filling,4,4,6.153846153846154,0.15938985563263827,0.25668499611501344
johri,9,3,4.615384615384615,0.35862717517343606,0.25667617776420165
roughly,7,6,9.23076923076923,0.27893224735711697,0.25645353545735966
excellent,6,6,9.23076923076923,0.2390847834489574,0.256265068523154
constructor,3,3,4.615384615384615,0.1195423917244787,0.2562096105180615
stem,8,4,6.153846153846154,0.31877971126527654,0.2560878559062194
delivering,6,6,9.23076923076923,0.2390847834489574,0.2560875370507641
unbiased,6,3,4.615384615384615,0.2390847834489574,0.25601628070105703
dark_web,11,3,4.615384615384615,0.4383221029897552,0.2559275249300921
pragma,4,2,3.076923076923077,0.15938985563263827,0.25579372210099977
spdx,4,2,3.076923076923077,0.15938985563263827,0.25579372210099977
endorsement,6,6,9.23076923076923,0.2390847834489574,0.25578207801058445
staying,5,5,7.6923076923076925,0.19923731954079782,0.2557427236812556
periodic,7,5,7.6923076923076925,0.27893224735711697,0.2556190145357285
safely,8,6,9.23076923076923,0.31877971126527654,0.25560764613574577
cold,7,4,6.153846153846154,0.27893224735711697,0.25542555647055437
tions,10,4,6.153846153846154,0.39847463908159564,0.25531971470170073
putri,3,2,3.076923076923077,0.1195423917244787,0.2551652951861405
altering,8,5,7.6923076923076925,0.31877971126527654,0.255160268641694
telecommunication,6,5,7.6923076923076925,0.2390847834489574,0.25506445382159704
collapse,10,2,3.076923076923077,0.39847463908159564,0.2549921041290742
meme,5,4,6.153846153846154,0.19923731954079782,0.2549744141381471
negatively,10,6,9.23076923076923,0.39847463908159564,0.25491519357001496
grade,8,3,4.615384615384615,0.31877971126527654,0.25491281951541406
turned,5,5,7.6923076923076925,0.19923731954079782,0.25460610876751566
fetch,8,7,10.76923076923077,0.31877971126527654,0.25442311295449116
predecessor,5,3,4.615384615384615,0.19923731954079782,0.25440376435211526
malfunction,6,6,9.23076923076923,0.2390847834489574,0.25435289213277423
ascertain,6,6,9.23076923076923,0.2390847834489574,0.25390609091253197
terminal,8,2,3.076923076923077,0.31877971126527654,0.25383394476664667
mask,6,5,7.6923076923076925,0.2390847834489574,0.2537859070421915
forking,5,4,6.153846153846154,0.19923731954079782,0.2537784065762753
africa,5,3,4.615384615384615,0.19923731954079782,0.2537307445002479
disadvantage,7,6,9.23076923076923,0.27893224735711697,0.2536705987591706
pegged,7,4,6.153846153846154,0.27893224735711697,0.2536435002568587
titled,6,4,6.153846153846154,0.2390847834489574,0.2532234348167544
discovery,7,7,10.76923076923077,0.27893224735711697,0.2532124800956188
documented,9,9,13.846153846153847,0.35862717517343606,0.25301379862773105
sigmoid,4,2,3.076923076923077,0.15938985563263827,0.2529865140745043
dashed,10,2,3.076923076923077,0.39847463908159564,0.25296223254034256
hang,6,4,6.153846153846154,0.2390847834489574,0.2525955469488847
acceleration,9,3,4.615384615384615,0.35862717517343606,0.252589955555999
lei,5,3,4.615384615384615,0.19923731954079782,0.25234632962028775
vertex,6,2,3.076923076923077,0.2390847834489574,0.2520746512831668
underpinning,9,7,10.76923076923077,0.35862717517343606,0.25204297401798076
adopts,6,6,9.23076923076923,0.2390847834489574,0.2519127663123168
loneliness,10,2,3.076923076923077,0.39847463908159564,0.251905603445843
omar,7,5,7.6923076923076925,0.27893224735711697,0.2517267871416097
cultivate,8,3,4.615384615384615,0.31877971126527654,0.25170591454211805
preparing,6,4,6.153846153846154,0.2390847834489574,0.25158666403720886
care,6,5,7.6923076923076925,0.2390847834489574,0.25158501719716275
assembly,4,3,4.615384615384615,0.15938985563263827,0.2515061903247721
blur,7,6,9.23076923076923,0.27893224735711697,0.25133333193471247
damaging,7,5,7.6923076923076925,0.27893224735711697,0.2511514447336397
universally,6,5,7.6923076923076925,0.2390847834489574,0.2510181876123933
democratic,10,4,6.153846153846154,0.39847463908159564,0.25092903136792405
white,6,5,7.6923076923076925,0.2390847834489574,0.2509089176304826
joined,3,3,4.615384615384615,0.1195423917244787,0.2508861465117658
sustain,7,6,9.23076923076923,0.27893224735711697,0.2504155377837608
validators,7,6,9.23076923076923,0.27893224735711697,0.2503650331546226
impractical,7,6,9.23076923076923,0.27893224735711697,0.2502764255187824
min,9,6,9.23076923076923,0.35862717517343606,0.24976333044287488
severity,10,5,7.6923076923076925,0.39847463908159564,0.24953242815748647
smallest,7,4,6.153846153846154,0.27893224735711697,0.2494853108304836
delve,10,5,7.6923076923076925,0.39847463908159564,0.24937162650716505
enforced,6,6,9.23076923076923,0.2390847834489574,0.2493381078454701
cyberattack,8,5,7.6923076923076925,0.31877971126527654,0.2492732500102794
asserted,6,4,6.153846153846154,0.2390847834489574,0.24902406893670928
felt,4,4,6.153846153846154,0.15938985563263827,0.24901622720476765
superiority,5,4,6.153846153846154,0.19923731954079782,0.24884877883478762
coordinate,7,2,3.076923076923077,0.27893224735711697,0.24883705577762216
conjunction,8,8,12.307692307692308,0.31877971126527654,0.2488301167799699
yellow,9,3,4.615384615384615,0.35862717517343606,0.2486805111292247
branded,7,4,6.153846153846154,0.27893224735711697,0.24857108198599395
ecdhp,5,2,3.076923076923077,0.19923731954079782,0.24808210867453007
dot,4,2,3.076923076923077,0.15938985563263827,0.24789586059786406
formulated,7,6,9.23076923076923,0.27893224735711697,0.2478612897044612
preserved,8,6,9.23076923076923,0.31877971126527654,0.24785432839911592
gross,5,3,4.615384615384615,0.19923731954079782,0.24748833951178995
analyzes,8,6,9.23076923076923,0.31877971126527654,0.24747782570901725
retaining,6,5,7.6923076923076925,0.2390847834489574,0.24731071749188174
ubuntu,6,4,6.153846153846154,0.2390847834489574,0.24716645337339066
integrative,9,3,4.615384615384615,0.35862717517343606,0.24701964764716336
amazon,8,5,7.6923076923076925,0.31877971126527654,0.24699259322116868
cryptographically,8,6,9.23076923076923,0.31877971126527654,0.24688012815781027
singh,5,5,7.6923076923076925,0.19923731954079782,0.24687373396074627
corrupted,5,3,4.615384615384615,0.19923731954079782,0.2467387080353118
bolster,7,6,9.23076923076923,0.27893224735711697,0.2465747412634059
ransom,8,3,4.615384615384615,0.31877971126527654,0.24623847840600693
fulfillment,7,2,3.076923076923077,0.27893224735711697,0.24588323516793403
grasp,6,5,7.6923076923076925,0.2390847834489574,0.24587051585500286
khalifa,10,3,4.615384615384615,0.39847463908159564,0.2456146631668768
deciding,6,6,9.23076923076923,0.2390847834489574,0.24560487457381952
enters,4,4,6.153846153846154,0.15938985563263827,0.24558365152682363
underscored,7,6,9.23076923076923,0.27893224735711697,0.24533556619184457
taxation,5,4,6.153846153846154,0.19923731954079782,0.2452676650797552
cyclic,6,5,7.6923076923076925,0.2390847834489574,0.24517033705077382
fidelity,11,6,9.23076923076923,0.4383221029897552,0.24494551352193691
inspiration,7,6,9.23076923076923,0.27893224735711697,0.24488742876509167
english,9,5,7.6923076923076925,0.35862717517343606,0.2447225600946109
haya,6,3,4.615384615384615,0.2390847834489574,0.24471806419936135
faisal,4,2,3.076923076923077,0.15938985563263827,0.2445792634587098
longest,5,4,6.153846153846154,0.19923731954079782,0.24457310079017835
x00,6,2,3.076923076923077,0.2390847834489574,0.24436652131208214
shin,6,2,3.076923076923077,0.2390847834489574,0.2442192560459117
climate,7,5,7.6923076923076925,0.27893224735711697,0.24396885195315998
inconvenient,4,3,4.615384615384615,0.15938985563263827,0.24393221332843656
sword,4,3,4.615384615384615,0.15938985563263827,0.2436170813894897
haven,7,6,9.23076923076923,0.27893224735711697,0.24346571488914098
monthly,6,6,9.23076923076923,0.2390847834489574,0.24298568948141044
newblock,6,2,3.076923076923077,0.2390847834489574,0.2429175391832753
token_holder,11,3,4.615384615384615,0.4383221029897552,0.24273423177619274
gamers,5,4,6.153846153846154,0.19923731954079782,0.24272025429816552
browse,6,5,7.6923076923076925,0.2390847834489574,0.2425780830536573
dependable,4,3,4.615384615384615,0.15938985563263827,0.24256426767038802
saud,6,3,4.615384615384615,0.2390847834489574,0.24242067899632908
params,6,4,6.153846153846154,0.2390847834489574,0.24218610858671075
permanent,5,4,6.153846153846154,0.19923731954079782,0.24216293402231573
hyperparameters,5,3,4.615384615384615,0.19923731954079782,0.2421611151953933
preview,8,4,6.153846153846154,0.31877971126527654,0.2420910807809479
lesser,5,4,6.153846153846154,0.19923731954079782,0.24202982895623296
str,6,2,3.076923076923077,0.2390847834489574,0.24192843429975128
imply,7,5,7.6923076923076925,0.27893224735711697,0.24184154802706895
sup,5,3,4.615384615384615,0.19923731954079782,0.24182658954872988
curious,11,4,6.153846153846154,0.4383221029897552,0.2414603241321911
registering,6,3,4.615384615384615,0.2390847834489574,0.2411299851144134
arena,5,5,7.6923076923076925,0.19923731954079782,0.24087096966391347
commences,5,5,7.6923076923076925,0.19923731954079782,0.2406145572825902
contest,6,4,6.153846153846154,0.2390847834489574,0.24060325816292155
rejected,7,6,9.23076923076923,0.27893224735711697,0.2405739188543742
renowned,6,6,9.23076923076923,0.2390847834489574,0.24050187399712242
cooperative,5,3,4.615384615384615,0.19923731954079782,0.24050076909963833
custodial,13,4,6.153846153846154,0.5180170308060743,0.24049267606916655
questioned,4,4,6.153846153846154,0.15938985563263827,0.24015085103533104
internally,4,3,4.615384615384615,0.15938985563263827,0.24001353544465143
savvy,4,2,3.076923076923077,0.15938985563263827,0.23998254882835166
adopter,7,5,7.6923076923076925,0.27893224735711697,0.2399361755013524
monero,6,3,4.615384615384615,0.2390847834489574,0.2399327945948348
desk,4,3,4.615384615384615,0.15938985563263827,0.23962599333903878
convertible,4,4,6.153846153846154,0.15938985563263827,0.23952950738910794
counterfeiting,7,5,7.6923076923076925,0.27893224735711697,0.23950532235663358
unpredictable,7,6,9.23076923076923,0.27893224735711697,0.2392091282064352
fun,4,3,4.615384615384615,0.15938985563263827,0.23911020449462148
yao,5,4,6.153846153846154,0.19923731954079782,0.23902297928308594
augmentation,8,6,9.23076923076923,0.31877971126527654,0.23894363455241258
sync,6,4,6.153846153846154,0.2390847834489574,0.23884392867356097
baseline,7,4,6.153846153846154,0.27893224735711697,0.2385660691160492
race,8,5,7.6923076923076925,0.31877971126527654,0.2385135861113888
incorrect,6,4,6.153846153846154,0.2390847834489574,0.2385038148905876
watermark,7,2,3.076923076923077,0.27893224735711697,0.23836400372503824
manipulative,3,2,3.076923076923077,0.1195423917244787,0.23824535718655196
panda,4,3,4.615384615384615,0.15938985563263827,0.2380819041254926
subtle,6,5,7.6923076923076925,0.2390847834489574,0.23807961390228102
judgment,5,5,7.6923076923076925,0.19923731954079782,0.23803992949826516
hospital,6,5,7.6923076923076925,0.2390847834489574,0.2379078878409751
modest,6,5,7.6923076923076925,0.2390847834489574,0.23781913848493996
falchuk,4,3,4.615384615384615,0.15938985563263827,0.23777076605198347
basically,6,5,7.6923076923076925,0.2390847834489574,0.23776642938055745
placement,7,6,9.23076923076923,0.27893224735711697,0.23767255126648767
manually,5,5,7.6923076923076925,0.19923731954079782,0.2375049389546122
minecraft,7,5,7.6923076923076925,0.27893224735711697,0.23749422553691332
katterbauer,4,3,4.615384615384615,0.15938985563263827,0.23735082972891025
counted,5,4,6.153846153846154,0.19923731954079782,0.2373045341771668
sustained,8,7,10.76923076923077,0.31877971126527654,0.23730340385822224
distributes,5,5,7.6923076923076925,0.19923731954079782,0.23728773507113213
positioned,5,5,7.6923076923076925,0.19923731954079782,0.23728195519149184
compensate,10,8,12.307692307692308,0.39847463908159564,0.2372364158830601
turning,8,4,6.153846153846154,0.31877971126527654,0.2371647465663768
pseudonymous,8,5,7.6923076923076925,0.31877971126527654,0.2371417354845107
cornerstone,7,7,10.76923076923077,0.27893224735711697,0.23710967757782295
animation,8,5,7.6923076923076925,0.31877971126527654,0.23673593973554333
modality,17,4,6.153846153846154,0.6774068864387126,0.23649554204565246
chohan,6,4,6.153846153846154,0.2390847834489574,0.23628553871243002
lessen,5,4,6.153846153846154,0.19923731954079782,0.23614507228654594
unresolved,6,6,9.23076923076923,0.2390847834489574,0.2358189253212367
encountering,3,3,4.615384615384615,0.1195423917244787,0.23570383005556306
revolutionized,6,6,9.23076923076923,0.2390847834489574,0.23557124414357855
tokenomics,7,2,3.076923076923077,0.27893224735711697,0.23544151619110903
harder,6,5,7.6923076923076925,0.2390847834489574,0.2354412525144409
pave,6,6,9.23076923076923,0.2390847834489574,0.23515831098478315
delete,6,6,9.23076923076923,0.2390847834489574,0.23515471386714426
homepage,4,2,3.076923076923077,0.15938985563263827,0.23498428761924897
isolated,8,8,12.307692307692308,0.31877971126527654,0.23484008716863425
obsolete,5,4,6.153846153846154,0.19923731954079782,0.23479123626012358
interruption,8,2,3.076923076923077,0.31877971126527654,0.23476056789231864
enumerates,5,2,3.076923076923077,0.19923731954079782,0.23472835164352893
went,6,5,7.6923076923076925,0.2390847834489574,0.23472144619320887
luxury,5,4,6.153846153846154,0.19923731954079782,0.23441305676528262
ugc,11,3,4.615384615384615,0.4383221029897552,0.23434534567144485
swiftly,7,6,9.23076923076923,0.27893224735711697,0.23430350462863725
declared,6,4,6.153846153846154,0.2390847834489574,0.2342387093254126
cps,9,3,4.615384615384615,0.35862717517343606,0.23419155927603863
workforce,5,2,3.076923076923077,0.19923731954079782,0.23412249249675887
comfortable,6,6,9.23076923076923,0.2390847834489574,0.23408583098376123
separated,7,6,9.23076923076923,0.27893224735711697,0.2340600041889567
marked,6,6,9.23076923076923,0.2390847834489574,0.2340249147937877
scheduling,8,4,6.153846153846154,0.31877971126527654,0.2340014751759093
lender,4,2,3.076923076923077,0.15938985563263827,0.23396620851217717
heightens,3,2,3.076923076923077,0.1195423917244787,0.23374086995449522
reused,5,4,6.153846153846154,0.19923731954079782,0.23366039421395055
bankruptcy,5,4,6.153846153846154,0.19923731954079782,0.23362477265279838
monopoly,3,3,4.615384615384615,0.1195423917244787,0.23349874733561266
conception,5,3,4.615384615384615,0.19923731954079782,0.23347140024491445
hasan,7,4,6.153846153846154,0.27893224735711697,0.2334469769280801
downtime,4,4,6.153846153846154,0.15938985563263827,0.23301233816235728
carrying,6,6,9.23076923076923,0.2390847834489574,0.2329151412431765
differentiated,5,4,6.153846153846154,0.19923731954079782,0.23271525312695243
supervised_learning,12,4,6.153846153846154,0.4781695668979148,0.23271036869895348
developmental,8,4,6.153846153846154,0.31877971126527654,0.23245140133316405
smoother,4,3,4.615384615384615,0.15938985563263827,0.23241096231541616
europe,4,4,6.153846153846154,0.15938985563263827,0.23240685919120915
hoc,4,3,4.615384615384615,0.15938985563263827,0.23225850637908013
interpreting,7,7,10.76923076923077,0.27893224735711697,0.23210902873946657
termed,7,6,9.23076923076923,0.27893224735711697,0.23177771039873424
chase,3,3,4.615384615384615,0.1195423917244787,0.2317714997285559
erroneous,7,2,3.076923076923077,0.27893224735711697,0.2316693756696947
arrange,4,3,4.615384615384615,0.15938985563263827,0.2315320884821274
paris,3,3,4.615384615384615,0.1195423917244787,0.23148421703868186
visuals,9,6,9.23076923076923,0.35862717517343606,0.23128119689584406
touch,11,7,10.76923076923077,0.4383221029897552,0.23120849800746293
dexs,8,3,4.615384615384615,0.31877971126527654,0.23119499517790731
craig,7,4,6.153846153846154,0.27893224735711697,0.2310801029376915
fashioned,4,3,4.615384615384615,0.15938985563263827,0.23088031608900356
magnitude,7,7,10.76923076923077,0.27893224735711697,0.2307650376040949
migration,4,4,6.153846153846154,0.15938985563263827,0.23075015328736265
unstructured,7,5,7.6923076923076925,0.27893224735711697,0.23069374153285827
fulfilling,6,6,9.23076923076923,0.2390847834489574,0.23061406993875427
violate,5,4,6.153846153846154,0.19923731954079782,0.23057477567198195
imitation,8,4,6.153846153846154,0.31877971126527654,0.2304985372059969
countering,8,6,9.23076923076923,0.31877971126527654,0.23038414213947275
dress,5,5,7.6923076923076925,0.19923731954079782,0.2303635795648378
disagreement,10,6,9.23076923076923,0.39847463908159564,0.230362122930838
substantiate,5,3,4.615384615384615,0.19923731954079782,0.23030520514507724
continually,7,5,7.6923076923076925,0.27893224735711697,0.2301533790801392
reinforcing,6,5,7.6923076923076925,0.2390847834489574,0.23010750106836275
promptly,11,7,10.76923076923077,0.4383221029897552,0.22999925697498388
overfitting,6,3,4.615384615384615,0.2390847834489574,0.22986682926370466
poa,9,3,4.615384615384615,0.35862717517343606,0.22983723251464197
wash_trading,6,4,6.153846153846154,0.2390847834489574,0.2297432208289314
jump,6,3,4.615384615384615,0.2390847834489574,0.22968500249171744
inactive,8,2,3.076923076923077,0.31877971126527654,0.22966586171625802
modelled,8,2,3.076923076923077,0.31877971126527654,0.22966586171625802
srmr,8,2,3.076923076923077,0.31877971126527654,0.22964371050922538
entrance,5,4,6.153846153846154,0.19923731954079782,0.22933444171372563
mix,7,6,9.23076923076923,0.27893224735711697,0.22931468355590537
aided,7,5,7.6923076923076925,0.27893224735711697,0.2292520782455969
hinder,7,7,10.76923076923077,0.27893224735711697,0.2291616005334044
citizenship,6,2,3.076923076923077,0.2390847834489574,0.22913503087629072
ecdsa,5,2,3.076923076923077,0.19923731954079782,0.22893387359892364
bounded,4,2,3.076923076923077,0.15938985563263827,0.22886498211831646
bibliographic,5,2,3.076923076923077,0.19923731954079782,0.22873084942111413
hazard,6,4,6.153846153846154,0.2390847834489574,0.22867848316583345
replacement,8,6,9.23076923076923,0.31877971126527654,0.22866576518560242
realism,12,5,7.6923076923076925,0.4781695668979148,0.2285350803474579
abbreviation,8,5,7.6923076923076925,0.31877971126527654,0.22834887383205785
york,4,4,6.153846153846154,0.15938985563263827,0.2280215802593304
edition,5,4,6.153846153846154,0.19923731954079782,0.2277664799434313
diffie,6,4,6.153846153846154,0.2390847834489574,0.22776591498572854
hellman,6,4,6.153846153846154,0.2390847834489574,0.22776591498572854
fusing,6,4,6.153846153846154,0.2390847834489574,0.22764894920161846
assuming,6,4,6.153846153846154,0.2390847834489574,0.2275711681989717
originated,4,3,4.615384615384615,0.15938985563263827,0.22756196417880892
profitable,6,6,9.23076923076923,0.2390847834489574,0.22745135416757412
cognition,5,3,4.615384615384615,0.19923731954079782,0.22732956165058735
promotional,4,3,4.615384615384615,0.15938985563263827,0.227215553871487
tween,6,4,6.153846153846154,0.2390847834489574,0.22712090333859075
detects,8,4,6.153846153846154,0.31877971126527654,0.22708150087176554
belongs,7,6,9.23076923076923,0.27893224735711697,0.22694137894738203
aren,3,3,4.615384615384615,0.1195423917244787,0.22685733388887117
scary,3,3,4.615384615384615,0.1195423917244787,0.22680422532796232
adjusting,5,4,6.153846153846154,0.19923731954079782,0.2264983149508741
standalone,3,2,3.076923076923077,0.1195423917244787,0.22616951900088336
obvious,7,6,9.23076923076923,0.27893224735711697,0.22614952317410308
persuade,5,4,6.153846153846154,0.19923731954079782,0.2260462903522022
redistribution,5,5,7.6923076923076925,0.19923731954079782,0.22597299683914956
republication,5,5,7.6923076923076925,0.19923731954079782,0.22597299683914956
rift,3,3,4.615384615384615,0.1195423917244787,0.22583480374066897
boom,5,3,4.615384615384615,0.19923731954079782,0.2256651774581161
discern,8,7,10.76923076923077,0.31877971126527654,0.2253424831488918
yacht,4,3,4.615384615384615,0.15938985563263827,0.22533691382111395
nonlinear,7,5,7.6923076923076925,0.27893224735711697,0.22532756957512487
dropout,5,2,3.076923076923077,0.19923731954079782,0.22531823833367123
movie,5,3,4.615384615384615,0.19923731954079782,0.22531051400892588
leaked,5,5,7.6923076923076925,0.19923731954079782,0.2252619017370455
pick,6,5,7.6923076923076925,0.2390847834489574,0.2250053686374054
robotics,4,4,6.153846153846154,0.15938985563263827,0.22497545698705873
formally,6,5,7.6923076923076925,0.2390847834489574,0.22479293665687775
tan,6,6,9.23076923076923,0.2390847834489574,0.22470522211146401
symposium,5,2,3.076923076923077,0.19923731954079782,0.2246968562518729
rid,4,2,3.076923076923077,0.15938985563263827,0.22457295495622184
electricity,6,6,9.23076923076923,0.2390847834489574,0.22455287721081302
sc,13,3,4.615384615384615,0.5180170308060743,0.22449992413885994
term_condition,5,5,7.6923076923076925,0.19923731954079782,0.2244974563939088
refined,9,6,9.23076923076923,0.35862717517343606,0.22418966236056154
spear,6,4,6.153846153846154,0.2390847834489574,0.22408956958780915
explanatory,3,2,3.076923076923077,0.1195423917244787,0.22406913069998907
researched,7,7,10.76923076923077,0.27893224735711697,0.22404926845710868
derivation,5,4,6.153846153846154,0.19923731954079782,0.2239782490973495
convey,5,4,6.153846153846154,0.19923731954079782,0.2239274421693453
dream,5,3,4.615384615384615,0.19923731954079782,0.2237726181663953
medicine,5,4,6.153846153846154,0.19923731954079782,0.2237569312971723
satisfies,7,5,7.6923076923076925,0.27893224735711697,0.22357011571404287
signature_scheme,6,3,4.615384615384615,0.2390847834489574,0.22342644087723199
dispersed,5,5,7.6923076923076925,0.19923731954079782,0.2233226994006437
raspberry,6,2,3.076923076923077,0.2390847834489574,0.2230476368918158
inversion,5,4,6.153846153846154,0.19923731954079782,0.22304023215861177
tandem,8,7,10.76923076923077,0.31877971126527654,0.22280148217114756
enormous,5,4,6.153846153846154,0.19923731954079782,0.22277473794826336
forthcoming,7,3,4.615384615384615,0.27893224735711697,0.22266548322242055
hopping,9,2,3.076923076923077,0.35862717517343606,0.2226613571214716
deny,5,5,7.6923076923076925,0.19923731954079782,0.2226584878254367
asia,4,3,4.615384615384615,0.15938985563263827,0.2223171820220031
reviewing,10,4,6.153846153846154,0.39847463908159564,0.22219279740523085
destruction,6,5,7.6923076923076925,0.2390847834489574,0.22211510832246065
proportional,8,7,10.76923076923077,0.31877971126527654,0.2220801145282926
randomness,9,5,7.6923076923076925,0.35862717517343606,0.22200617068135114
originating,5,4,6.153846153846154,0.19923731954079782,0.22199382150264424
recent_advance,11,5,7.6923076923076925,0.4383221029897552,0.22185944485379447
speculating,3,2,3.076923076923077,0.1195423917244787,0.22163687953509564
conferencing,4,4,6.153846153846154,0.15938985563263827,0.22160491311627936
persist,9,6,9.23076923076923,0.35862717517343606,0.22148301201224144
explicit,6,5,7.6923076923076925,0.2390847834489574,0.22132535130267814
coded,7,5,7.6923076923076925,0.27893224735711697,0.22102061696268543
usefulness,5,4,6.153846153846154,0.19923731954079782,0.22097400352134597
cut,5,5,7.6923076923076925,0.19923731954079782,0.22067265423205704
council,6,6,9.23076923076923,0.2390847834489574,0.22051449083730024
convincing,7,6,9.23076923076923,0.27893224735711697,0.22047798374125502
spanning,7,6,9.23076923076923,0.27893224735711697,0.22041081180583755
fight,7,3,4.615384615384615,0.27893224735711697,0.22036989805591575
coronavirus,3,2,3.076923076923077,0.1195423917244787,0.2202300448282133
outbreak,3,2,3.076923076923077,0.1195423917244787,0.2202300448282133
australian,6,5,7.6923076923076925,0.2390847834489574,0.22020595366020337
truong,8,4,6.153846153846154,0.31877971126527654,0.22010371406996995
exhibiting,8,5,7.6923076923076925,0.31877971126527654,0.22006513275861778
attending,5,5,7.6923076923076925,0.19923731954079782,0.22002479087547835
net,8,7,10.76923076923077,0.31877971126527654,0.21999419576938253
miao,6,2,3.076923076923077,0.2390847834489574,0.21984947089740942
emitted,7,3,4.615384615384615,0.27893224735711697,0.21974684861274144
breakdown,7,5,7.6923076923076925,0.27893224735711697,0.2195864888429778
censorship,6,3,4.615384615384615,0.2390847834489574,0.21956605091243162
hardly,5,5,7.6923076923076925,0.19923731954079782,0.2193590938184306
discount,5,5,7.6923076923076925,0.19923731954079782,0.21932137735316823
biased,4,4,6.153846153846154,0.15938985563263827,0.21921007302833267
household,4,3,4.615384615384615,0.15938985563263827,0.21911691814955872
neighborhood,3,3,4.615384615384615,0.1195423917244787,0.2188449025465995
couldn,4,2,3.076923076923077,0.15938985563263827,0.21883834660050006
seemingly,8,7,10.76923076923077,0.31877971126527654,0.2187508521617988
procedural,6,4,6.153846153846154,0.2390847834489574,0.21870691003034803
var,12,2,3.076923076923077,0.4781695668979148,0.21853783731029167
interrelated,5,5,7.6923076923076925,0.19923731954079782,0.21853382997401852
banerjee,9,4,6.153846153846154,0.35862717517343606,0.21852676879575886
opt,10,4,6.153846153846154,0.39847463908159564,0.218434837537685
click,6,3,4.615384615384615,0.2390847834489574,0.21822575101012404
bar,5,4,6.153846153846154,0.19923731954079782,0.2181344166152299
categorizing,8,5,7.6923076923076925,0.31877971126527654,0.21811441951253532
worked,4,4,6.153846153846154,0.15938985563263827,0.21790248233114054
subscription,4,3,4.615384615384615,0.15938985563263827,0.21772985331123182
stopped,7,6,9.23076923076923,0.27893224735711697,0.2177249709773735
enforceable,5,4,6.153846153846154,0.19923731954079782,0.2177233484361091
propaganda,5,2,3.076923076923077,0.19923731954079782,0.21767687130179258
repudiation,7,5,7.6923076923076925,0.27893224735711697,0.21753510286180916
storytelling,5,3,4.615384615384615,0.19923731954079782,0.21745043353392804
greatest,5,5,7.6923076923076925,0.19923731954079782,0.21700327667565159
editing_writing,11,4,6.153846153846154,0.4383221029897552,0.21697187060067655
original_draft,11,4,6.153846153846154,0.4383221029897552,0.21697187060067655
female,6,5,7.6923076923076925,0.2390847834489574,0.21690181781974954
scripting,4,3,4.615384615384615,0.15938985563263827,0.21657223209485277
statistically,7,5,7.6923076923076925,0.27893224735711697,0.21647960210020742
feed,7,5,7.6923076923076925,0.27893224735711697,0.21638915009340018
democratizing,5,2,3.076923076923077,0.19923731954079782,0.2163779088388402
chart,6,5,7.6923076923076925,0.2390847834489574,0.2161386930428137
experimentation,6,5,7.6923076923076925,0.2390847834489574,0.21602268842255135
founder,6,4,6.153846153846154,0.2390847834489574,0.2159872248538705
responds,3,2,3.076923076923077,0.1195423917244787,0.21585820521012597
afford,6,6,9.23076923076923,0.2390847834489574,0.21579498886730777
tackling,8,6,9.23076923076923,0.31877971126527654,0.2156190147254353
unreal,11,4,6.153846153846154,0.4383221029897552,0.21557199526804194
embryonic,3,2,3.076923076923077,0.1195423917244787,0.21546478975620584
ropsten,5,3,4.615384615384615,0.19923731954079782,0.2154031638198593
proactively,6,5,7.6923076923076925,0.2390847834489574,0.2153510168529434
modifier,3,3,4.615384615384615,0.1195423917244787,0.21517293173780316
contrasting,6,4,6.153846153846154,0.2390847834489574,0.2151690074821989
hotel,3,2,3.076923076923077,0.1195423917244787,0.21508297743521712
geographic,6,3,4.615384615384615,0.2390847834489574,0.21488969165527488
unwanted,5,2,3.076923076923077,0.19923731954079782,0.21484313701763103
research_direction,6,5,7.6923076923076925,0.2390847834489574,0.2148166962043785
conflicting,4,3,4.615384615384615,0.15938985563263827,0.21481121020468075
interpersonal,4,4,6.153846153846154,0.15938985563263827,0.21473669911922744
pursuit,6,4,6.153846153846154,0.2390847834489574,0.21467472156692918
bug,8,5,7.6923076923076925,0.31877971126527654,0.2145474614515773
vertical,8,7,10.76923076923077,0.31877971126527654,0.21451235555178205
col,5,2,3.076923076923077,0.19923731954079782,0.21447710444396811
simultaneous,8,4,6.153846153846154,0.31877971126527654,0.21409398014987482
graphical,4,4,6.153846153846154,0.15938985563263827,0.2138034589642762
unlawful,5,3,4.615384615384615,0.19923731954079782,0.21370998578746705
crucial_role,6,5,7.6923076923076925,0.2390847834489574,0.21368110507120772
diminishes,3,3,4.615384615384615,0.1195423917244787,0.21363426567548874
muhammad,4,2,3.076923076923077,0.15938985563263827,0.21359722808878503
jakarta,5,3,4.615384615384615,0.19923731954079782,0.21340723711473136
forget,4,3,4.615384615384615,0.15938985563263827,0.21337707166962433
coordinating,7,7,10.76923076923077,0.27893224735711697,0.21326322186239519
technologically,3,3,4.615384615384615,0.1195423917244787,0.21311766414880923
thrown,3,3,4.615384615384615,0.1195423917244787,0.2130951015425287
interference,5,4,6.153846153846154,0.19923731954079782,0.21304887131690106
masking,4,3,4.615384615384615,0.15938985563263827,0.21293764584750843
festival,4,3,4.615384615384615,0.15938985563263827,0.2129321944017427
posit,8,5,7.6923076923076925,0.31877971126527654,0.2128852515444411
partition,9,5,7.6923076923076925,0.35862717517343606,0.21286492929899906
transitioning,8,7,10.76923076923077,0.31877971126527654,0.21268291063248196
nifty,4,3,4.615384615384615,0.15938985563263827,0.21264736683682517
recreate,5,4,6.153846153846154,0.19923731954079782,0.21256034078354305
awadallah,9,2,3.076923076923077,0.35862717517343606,0.21244579131406122
strictly,7,6,9.23076923076923,0.27893224735711697,0.21218998061561667
wild,4,2,3.076923076923077,0.15938985563263827,0.2121615876874403
laptop,3,3,4.615384615384615,0.1195423917244787,0.2120324639783856
david,6,4,6.153846153846154,0.2390847834489574,0.21194620055757105
corrupt,6,5,7.6923076923076925,0.2390847834489574,0.2119307065327413
gray,3,2,3.076923076923077,0.1195423917244787,0.2118675138847989
slight,7,7,10.76923076923077,0.27893224735711697,0.21177123118615337
congress,9,2,3.076923076923077,0.35862717517343606,0.2116205246200355
immersiveness,4,4,6.153846153846154,0.15938985563263827,0.21161189577654993
sparked,4,4,6.153846153846154,0.15938985563263827,0.21153178541341602
chatbots,6,4,6.153846153846154,0.2390847834489574,0.21112513223766816
inaccurate,8,7,10.76923076923077,0.31877971126527654,0.21109965801393882
bnp,2,2,3.076923076923077,0.07969492781631914,0.21109047353603624
france,2,2,3.076923076923077,0.07969492781631914,0.21109047353603624
paribas,2,2,3.076923076923077,0.07969492781631914,0.21109047353603624
recurrent,8,5,7.6923076923076925,0.31877971126527654,0.2110900358486771
donation,9,3,4.615384615384615,0.35862717517343606,0.21101069559869337
legend,8,2,3.076923076923077,0.31877971126527654,0.21093049687226928
extortion,7,2,3.076923076923077,0.27893224735711697,0.21067273087492128
normative,7,3,4.615384615384615,0.27893224735711697,0.21042159610889444
pushing,8,6,9.23076923076923,0.31877971126527654,0.21023585245244328
eve,8,3,4.615384615384615,0.31877971126527654,0.21020690254501345
coordinated,4,4,6.153846153846154,0.15938985563263827,0.2099844910171815
elite,6,4,6.153846153846154,0.2390847834489574,0.2098353920943233
utmost,4,4,6.153846153846154,0.15938985563263827,0.20979873198117732
crowdfunding,13,3,4.615384615384615,0.5180170308060743,0.20977958495319948
crosschain,5,2,3.076923076923077,0.19923731954079782,0.2096208634670173
grown,3,2,3.076923076923077,0.1195423917244787,0.20960973638097266
tri,5,3,4.615384615384615,0.19923731954079782,0.20952784069547534
infinitely,4,2,3.076923076923077,0.15938985563263827,0.20939040893350774
terrorism,6,2,3.076923076923077,0.2390847834489574,0.2093464536146498
dis,7,4,6.153846153846154,0.27893224735711697,0.20904140813558644
sha,7,5,7.6923076923076925,0.27893224735711697,0.20898384158284486
complicating,4,3,4.615384615384615,0.15938985563263827,0.2089192053946157
apparent,6,5,7.6923076923076925,0.2390847834489574,0.2087445534715496
alteration,4,4,6.153846153846154,0.15938985563263827,0.2085590789799558
unintended,4,2,3.076923076923077,0.15938985563263827,0.20837814483966888
prohibited,5,5,7.6923076923076925,0.19923731954079782,0.2083598954172805
signer,5,2,3.076923076923077,0.19923731954079782,0.20834030598894415
restore,4,4,6.153846153846154,0.15938985563263827,0.20827012696574435
super,7,4,6.153846153846154,0.27893224735711697,0.20825365491794415
promoted,5,5,7.6923076923076925,0.19923731954079782,0.20788700009165692
evade,5,3,4.615384615384615,0.19923731954079782,0.2077848073371534
authorize,5,3,4.615384615384615,0.19923731954079782,0.20759849344743905
enumerated,6,4,6.153846153846154,0.2390847834489574,0.20755816719318695
ergonomics,4,2,3.076923076923077,0.15938985563263827,0.20730142357694553
spreading,9,6,9.23076923076923,0.35862717517343606,0.20687674403666495
intertwined,6,4,6.153846153846154,0.2390847834489574,0.20676579123254946
anon,17,2,3.076923076923077,0.6774068864387126,0.20645751385579983
invasive,6,5,7.6923076923076925,0.2390847834489574,0.20635724181253426
sdk,6,4,6.153846153846154,0.2390847834489574,0.20618848830020314
wouldn,7,2,3.076923076923077,0.27893224735711697,0.20615089297628825
cardano,6,3,4.615384615384615,0.2390847834489574,0.20606485645820544
diminished,4,3,4.615384615384615,0.15938985563263827,0.20602774967927182
deceptive,10,6,9.23076923076923,0.39847463908159564,0.2059189114900019
prover,5,2,3.076923076923077,0.19923731954079782,0.20588356025006635
province,5,3,4.615384615384615,0.19923731954079782,0.20546409365981036
cached,4,2,3.076923076923077,0.15938985563263827,0.20536308516316001
harness,6,5,7.6923076923076925,0.2390847834489574,0.2053308543637722
unauthorised,7,3,4.615384615384615,0.27893224735711697,0.2052584140811517
elucidate,8,4,6.153846153846154,0.31877971126527654,0.20511831925237853
acronym,6,5,7.6923076923076925,0.2390847834489574,0.20507903224578655
cybercriminal,7,5,7.6923076923076925,0.27893224735711697,0.2049213957865363
explainability,4,2,3.076923076923077,0.15938985563263827,0.20481737328888053
impediment,3,3,4.615384615384615,0.1195423917244787,0.20474713368888092
deficiency,5,5,7.6923076923076925,0.19923731954079782,0.20471863869411794
manufacturer,4,4,6.153846153846154,0.15938985563263827,0.20456089761466886
dive,8,4,6.153846153846154,0.31877971126527654,0.20455910201651517
ecommerce,2,2,3.076923076923077,0.07969492781631914,0.20444064089763705
experiential,6,4,6.153846153846154,0.2390847834489574,0.2043087759742245
elaborate,5,5,7.6923076923076925,0.19923731954079782,0.20419019788219145
documentation,6,5,7.6923076923076925,0.2390847834489574,0.2041411657307529
mislead,5,4,6.153846153846154,0.19923731954079782,0.20410714222433965
overlay,10,4,6.153846153846154,0.39847463908159564,0.20401514128579096
veracity,3,2,3.076923076923077,0.1195423917244787,0.20394411424694472
tactical,5,5,7.6923076923076925,0.19923731954079782,0.20380283038555203
prefix,3,3,4.615384615384615,0.1195423917244787,0.20378023953830834
warning,6,2,3.076923076923077,0.2390847834489574,0.20367168890879164
street,6,6,9.23076923076923,0.2390847834489574,0.20357860452402715
conceptualized,5,5,7.6923076923076925,0.19923731954079782,0.20341727675560126
absent,4,4,6.153846153846154,0.15938985563263827,0.2033658128591448
minter,4,2,3.076923076923077,0.15938985563263827,0.2031976281482818
beeple,4,2,3.076923076923077,0.15938985563263827,0.20315261322332687
blueprint,6,5,7.6923076923076925,0.2390847834489574,0.20313690442700466
outperforms,8,5,7.6923076923076925,0.31877971126527654,0.20311769380193065
unseen,5,4,6.153846153846154,0.19923731954079782,0.20310450591036844
keygen,5,3,4.615384615384615,0.19923731954079782,0.20306576748445163
mounted,9,5,7.6923076923076925,0.35862717517343606,0.20296480137640005
encapsulate,6,4,6.153846153846154,0.2390847834489574,0.20293323851947775
tie,5,3,4.615384615384615,0.19923731954079782,0.2027557902907124
competitiveness,5,4,6.153846153846154,0.19923731954079782,0.2026854562006185
stack,8,5,7.6923076923076925,0.31877971126527654,0.20266568994599782
mandate,5,5,7.6923076923076925,0.19923731954079782,0.20244573426825901
exemplifies,9,7,10.76923076923077,0.35862717517343606,0.2023538168837088
facial_feature,13,3,4.615384615384615,0.5180170308060743,0.20231717971608634
intermediate,5,5,7.6923076923076925,0.19923731954079782,0.20224779480788707
settled,5,5,7.6923076923076925,0.19923731954079782,0.202165894967384
proliferation,7,5,7.6923076923076925,0.27893224735711697,0.20216157046678807
imbalance,5,3,4.615384615384615,0.19923731954079782,0.2021381606678542
populated,4,3,4.615384615384615,0.15938985563263827,0.20203664518807313
ubiquitous,9,7,10.76923076923077,0.35862717517343606,0.20178305953299888
translated,6,5,7.6923076923076925,0.2390847834489574,0.2016798963578916
noticed,6,5,7.6923076923076925,0.2390847834489574,0.20165478923121077
scattered,4,4,6.153846153846154,0.15938985563263827,0.2013579479693206
emerges,7,6,9.23076923076923,0.27893224735711697,0.2013022413831688
elaborated,14,3,4.615384615384615,0.5578644947142339,0.20129179645122922
anonymously,7,5,7.6923076923076925,0.27893224735711697,0.2012246230559001
cheating,5,3,4.615384615384615,0.19923731954079782,0.20118548071040526
multidimensional,8,6,9.23076923076923,0.31877971126527654,0.2011766547408558
portable,5,4,6.153846153846154,0.19923731954079782,0.20110069470559575
leveraged,7,7,10.76923076923077,0.27893224735711697,0.20102731926037193
cryptos,9,2,3.076923076923077,0.35862717517343606,0.20081460169636178
exercise,7,4,6.153846153846154,0.27893224735711697,0.20057483284090633
cast,8,5,7.6923076923076925,0.31877971126527654,0.2005660124917729
independence,5,5,7.6923076923076925,0.19923731954079782,0.20043768786485083
systemic,7,2,3.076923076923077,0.27893224735711697,0.2003104816955736
regulates,3,2,3.076923076923077,0.1195423917244787,0.2002820422505531
synergy,5,4,6.153846153846154,0.19923731954079782,0.20025872333596634
socio,5,4,6.153846153846154,0.19923731954079782,0.1998393092770427
yielding,6,5,7.6923076923076925,0.2390847834489574,0.19977158836010972
merchandise,3,2,3.076923076923077,0.1195423917244787,0.19928392350493682
passed,5,5,7.6923076923076925,0.19923731954079782,0.19920304615482454
soldier,4,2,3.076923076923077,0.15938985563263827,0.19913615486624342
democratized,3,2,3.076923076923077,0.1195423917244787,0.19911396021223213
submission,5,4,6.153846153846154,0.19923731954079782,0.19904723884702938
ambition,5,4,6.153846153846154,0.19923731954079782,0.19904442778391837
farming,4,4,6.153846153846154,0.15938985563263827,0.19891955799665048
fantastic,2,2,3.076923076923077,0.07969492781631914,0.19889547386594245
furnish,2,2,3.076923076923077,0.07969492781631914,0.19889547386594245
participatory,7,6,9.23076923076923,0.27893224735711697,0.19877474506951387
recurring,7,5,7.6923076923076925,0.27893224735711697,0.19876903952511027
stephenson,5,4,6.153846153846154,0.19923731954079782,0.19871103078725907
corroborates,5,3,4.615384615384615,0.19923731954079782,0.1985849125612696
arguing,6,4,6.153846153846154,0.2390847834489574,0.1984818834494686
offs,7,5,7.6923076923076925,0.27893224735711697,0.1984254029139074
comprising,5,5,7.6923076923076925,0.19923731954079782,0.19832498889293826
detrimental,6,4,6.153846153846154,0.2390847834489574,0.1983059926066984
illuminates,5,4,6.153846153846154,0.19923731954079782,0.1980785506444399
fitting,4,2,3.076923076923077,0.15938985563263827,0.19806698571329653
sheet,6,4,6.153846153846154,0.2390847834489574,0.19802184348287044
priced,4,3,4.615384615384615,0.15938985563263827,0.19801229437228896
ideally,7,6,9.23076923076923,0.27893224735711697,0.19776618781341399
market_manipulation,6,5,7.6923076923076925,0.2390847834489574,0.19772934182857524
informing,4,3,4.615384615384615,0.15938985563263827,0.1977216765382556
capitalized,4,2,3.076923076923077,0.15938985563263827,0.1977033174351874
reliably,6,6,9.23076923076923,0.2390847834489574,0.19756169360637793
denton,4,2,3.076923076923077,0.15938985563263827,0.19743660732032825
guan,7,4,6.153846153846154,0.27893224735711697,0.19739100736883036
safeguarded,2,2,3.076923076923077,0.07969492781631914,0.1973732890343802
giovanni,6,2,3.076923076923077,0.2390847834489574,0.19733787131035455
propagated,4,3,4.615384615384615,0.15938985563263827,0.19732561764622797
circular,12,3,4.615384615384615,0.4781695668979148,0.1971144135296111
append,5,4,6.153846153846154,0.19923731954079782,0.19669779891949163
initializes,4,3,4.615384615384615,0.15938985563263827,0.1966363813198892
pervasive,5,4,6.153846153846154,0.19923731954079782,0.19652258999917666
unreasonable,4,4,6.153846153846154,0.15938985563263827,0.1963835857467687
jianwei,5,2,3.076923076923077,0.19923731954079782,0.19600899669407015
prosperous,4,4,6.153846153846154,0.15938985563263827,0.19594728414383863
sdn,8,3,4.615384615384615,0.31877971126527654,0.19584707780068983
winning,5,4,6.153846153846154,0.19923731954079782,0.19580283885246372
fetched,6,5,7.6923076923076925,0.2390847834489574,0.19558712790444668
nba,4,3,4.615384615384615,0.15938985563263827,0.19556711221444734
clarify,4,3,4.615384615384615,0.15938985563263827,0.19556585328884057
millennium,3,3,4.615384615384615,0.1195423917244787,0.19550336972738205
ran,6,4,6.153846153846154,0.2390847834489574,0.19530524126273524
har,9,2,3.076923076923077,0.35862717517343606,0.1952480847285761
leisure,5,4,6.153846153846154,0.19923731954079782,0.1951952964579959
authored,5,2,3.076923076923077,0.19923731954079782,0.1949534254270545
personally,5,4,6.153846153846154,0.19923731954079782,0.19494451638908195
publish,5,5,7.6923076923076925,0.19923731954079782,0.19494088468322054
league,5,4,6.153846153846154,0.19923731954079782,0.19492994851992507
copied,6,4,6.153846153846154,0.2390847834489574,0.19491396672246336
hesitant,6,2,3.076923076923077,0.2390847834489574,0.19485883616241764
unfair,5,4,6.153846153846154,0.19923731954079782,0.19450834186955038
richer,4,4,6.153846153846154,0.15938985563263827,0.1944711419664833
orientation,6,4,6.153846153846154,0.2390847834489574,0.19437964065231073
permutation,5,3,4.615384615384615,0.19923731954079782,0.19428602301885214
sufficiently,6,5,7.6923076923076925,0.2390847834489574,0.19425949113712201
intent,6,3,4.615384615384615,0.2390847834489574,0.19422495234495718
qualified,5,3,4.615384615384615,0.19923731954079782,0.19413141421131308
summarised,12,4,6.153846153846154,0.4781695668979148,0.19409884240430267
station,3,3,4.615384615384615,0.1195423917244787,0.19404687354246655
officially,5,5,7.6923076923076925,0.19923731954079782,0.19392273516006509
peaked,8,3,4.615384615384615,0.31877971126527654,0.1938018346883773
essay,5,3,4.615384615384615,0.19923731954079782,0.19376784608872355
simulates,3,3,4.615384615384615,0.1195423917244787,0.1937597144411821
rejection,6,5,7.6923076923076925,0.2390847834489574,0.19375092934798685
dsa,3,2,3.076923076923077,0.1195423917244787,0.19368263966783733
habitual,3,2,3.076923076923077,0.1195423917244787,0.1936770205495651
born,4,3,4.615384615384615,0.15938985563263827,0.19348318722433067
anonymization,9,2,3.076923076923077,0.35862717517343606,0.19346835150885697
informative,5,5,7.6923076923076925,0.19923731954079782,0.19337122098667753
controversial,5,4,6.153846153846154,0.19923731954079782,0.19311327745850146
depict,5,3,4.615384615384615,0.19923731954079782,0.19308612681679874
quartile,6,2,3.076923076923077,0.2390847834489574,0.19308037896821967
navigation,6,4,6.153846153846154,0.2390847834489574,0.19286107436299776
noncommercial,4,3,4.615384615384615,0.15938985563263827,0.19285735569340084
bina,4,2,3.076923076923077,0.15938985563263827,0.1927262109222117
nusantara,4,2,3.076923076923077,0.15938985563263827,0.1927262109222117
releasing,4,2,3.076923076923077,0.15938985563263827,0.19260503305608873
validator,5,4,6.153846153846154,0.19923731954079782,0.19258426082283753
door,6,5,7.6923076923076925,0.2390847834489574,0.19258275475129824
lstms,6,2,3.076923076923077,0.2390847834489574,0.192450810183527
flag,6,5,7.6923076923076925,0.2390847834489574,0.1923541763832782
friction,5,4,6.153846153846154,0.19923731954079782,0.19227648033391345
wallace,4,3,4.615384615384615,0.15938985563263827,0.19220277329435864
tract,6,3,4.615384615384615,0.2390847834489574,0.19219294541346418
popularized,5,5,7.6923076923076925,0.19923731954079782,0.1921660188866891
forwarding,5,4,6.153846153846154,0.19923731954079782,0.19216152528613212
undertaken,6,5,7.6923076923076925,0.2390847834489574,0.19214660502769895
imeta,3,2,3.076923076923077,0.1195423917244787,0.19212330987501353
studying,7,4,6.153846153846154,0.27893224735711697,0.19208031460944108
clearer,3,2,3.076923076923077,0.1195423917244787,0.1920054850155707
rationale,6,6,9.23076923076923,0.2390847834489574,0.1919960826306579
instrumental,7,6,9.23076923076923,0.27893224735711697,0.1919856673565519
untrusted,7,3,4.615384615384615,0.27893224735711697,0.19196262604589612
guided,5,5,7.6923076923076925,0.19923731954079782,0.1919614258843112
acknowledge,7,6,9.23076923076923,0.27893224735711697,0.19192746237891734
initializing,4,3,4.615384615384615,0.15938985563263827,0.19187896013791375
caught,6,5,7.6923076923076925,0.2390847834489574,0.1915300624598411
logged,6,4,6.153846153846154,0.2390847834489574,0.19141384191251498
elucidated,4,3,4.615384615384615,0.15938985563263827,0.1913806121997596
ddos,9,3,4.615384615384615,0.35862717517343606,0.19133095866712369
versatile,7,6,9.23076923076923,0.27893224735711697,0.19127362666325678
tour,3,3,4.615384615384615,0.1195423917244787,0.1912211273958784
disconnected,4,4,6.153846153846154,0.15938985563263827,0.19118751356297992
assesses,6,4,6.153846153846154,0.2390847834489574,0.19110038441574487
showcased,5,5,7.6923076923076925,0.19923731954079782,0.19106692551071647
peril,5,4,6.153846153846154,0.19923731954079782,0.19093830968824937
visa,5,4,6.153846153846154,0.19923731954079782,0.19092954227927125
pertaining,4,4,6.153846153846154,0.15938985563263827,0.1909238748323954
weren,3,2,3.076923076923077,0.1195423917244787,0.19087648657757134
educator,6,3,4.615384615384615,0.2390847834489574,0.19084590496462542
fulfil,5,4,6.153846153846154,0.19923731954079782,0.1907549326137834
ownership_traceability,15,2,3.076923076923077,0.5977119586223935,0.19070044826522264
mouth,7,5,7.6923076923076925,0.27893224735711697,0.1906711187093184
assign,6,4,6.153846153846154,0.2390847834489574,0.1903930457611871
dressed,4,2,3.076923076923077,0.15938985563263827,0.19035696686270337
skilled,5,5,7.6923076923076925,0.19923731954079782,0.19030414495638007
lessee,5,2,3.076923076923077,0.19923731954079782,0.19017544895158553
bullying,6,4,6.153846153846154,0.2390847834489574,0.19016566742655466
hit,6,6,9.23076923076923,0.2390847834489574,0.190058762817494
satisfactory,5,5,7.6923076923076925,0.19923731954079782,0.18992268434410542
sanctioned,8,3,4.615384615384615,0.31877971126527654,0.18987469006678548
hiding,4,4,6.153846153846154,0.15938985563263827,0.18982453203830935
suddenly,5,4,6.153846153846154,0.19923731954079782,0.1897191061654849
foreseeable,3,3,4.615384615384615,0.1195423917244787,0.18968710623896246
propagation,8,7,10.76923076923077,0.31877971126527654,0.18954259926647693
shadow,5,4,6.153846153846154,0.19923731954079782,0.189470457570967
unstable,5,4,6.153846153846154,0.19923731954079782,0.18920943435881002
thirty,4,2,3.076923076923077,0.15938985563263827,0.18882202581722793
interconnectedness,4,3,4.615384615384615,0.15938985563263827,0.18868542821129597
covert,5,3,4.615384615384615,0.19923731954079782,0.18846946716822957
cat,4,4,6.153846153846154,0.15938985563263827,0.18846740066731946
violating,4,2,3.076923076923077,0.15938985563263827,0.18838972131699952
proc,5,2,3.076923076923077,0.19923731954079782,0.1881842379274387
altogether,5,4,6.153846153846154,0.19923731954079782,0.18815328454747374
attache,3,2,3.076923076923077,0.1195423917244787,0.18794006659911625
impersonated,9,4,6.153846153846154,0.35862717517343606,0.1878926221206233
corroborate,4,2,3.076923076923077,0.15938985563263827,0.1877274079078289
installed,5,4,6.153846153846154,0.19923731954079782,0.18764674647899857
eos,7,3,4.615384615384615,0.27893224735711697,0.18749647958681026
rollups,4,3,4.615384615384615,0.15938985563263827,0.18748340451083118
physic,10,5,7.6923076923076925,0.39847463908159564,0.1874134527037782
chu,8,3,4.615384615384615,0.31877971126527654,0.18725219329611173
cid,6,2,3.076923076923077,0.2390847834489574,0.18719577294030365
allocate,4,4,6.153846153846154,0.15938985563263827,0.18718869915477027
btc,6,4,6.153846153846154,0.2390847834489574,0.18718288471784444
family,5,5,7.6923076923076925,0.19923731954079782,0.1871278215310797
hindering,5,4,6.153846153846154,0.19923731954079782,0.18695862312358563
ecological,6,5,7.6923076923076925,0.2390847834489574,0.18694223007720864
civil,5,5,7.6923076923076925,0.19923731954079782,0.18694171779336535
psychology,6,5,7.6923076923076925,0.2390847834489574,0.18693143621385483
corpus,6,4,6.153846153846154,0.2390847834489574,0.18686881539327455
ignored,4,3,4.615384615384615,0.15938985563263827,0.18640667714648873
mere,6,5,7.6923076923076925,0.2390847834489574,0.1862565387243155
terminology,4,4,6.153846153846154,0.15938985563263827,0.1860311315530545
kang,4,2,3.076923076923077,0.15938985563263827,0.18580092632019746
proposition,7,4,6.153846153846154,0.27893224735711697,0.18577568921081458
overstated,2,2,3.076923076923077,0.07969492781631914,0.185773704937468
practitioner,6,5,7.6923076923076925,0.2390847834489574,0.18573751653699075
avert,4,4,6.153846153846154,0.15938985563263827,0.18573329634448257
millisecond,4,3,4.615384615384615,0.15938985563263827,0.18572302988626962
distant,5,5,7.6923076923076925,0.19923731954079782,0.18544225461104208
scored,6,4,6.153846153846154,0.2390847834489574,0.18539048916454676
tightly,7,4,6.153846153846154,0.27893224735711697,0.18514513449001163
fluid,4,4,6.153846153846154,0.15938985563263827,0.18511871629122398
pretending,4,4,6.153846153846154,0.15938985563263827,0.18510700291616433
scarce,4,4,6.153846153846154,0.15938985563263827,0.18502269838555532
elevating,5,5,7.6923076923076925,0.19923731954079782,0.18501035367888433
alibaba,4,4,6.153846153846154,0.15938985563263827,0.1849261529661768
poly,6,3,4.615384615384615,0.2390847834489574,0.18491924059795817
comprehension,6,4,6.153846153846154,0.2390847834489574,0.18489071695787884
personality,6,4,6.153846153846154,0.2390847834489574,0.18483693713615548
commonplace,3,3,4.615384615384615,0.1195423917244787,0.1847182197868073
refining,3,3,4.615384615384615,0.1195423917244787,0.18467162883845173
questionable,7,2,3.076923076923077,0.27893224735711697,0.18459382487252382
schnorr,4,2,3.076923076923077,0.15938985563263827,0.1844182040832541
improper,5,5,7.6923076923076925,0.19923731954079782,0.18434853412762578
designated,7,7,10.76923076923077,0.27893224735711697,0.18428613480451753
swarm,8,3,4.615384615384615,0.31877971126527654,0.18418263448351946
deploys,6,4,6.153846153846154,0.2390847834489574,0.1841621063869432
unity,7,7,10.76923076923077,0.27893224735711697,0.18404330364495194
amplified,5,5,7.6923076923076925,0.19923731954079782,0.18400676585146042
interconnection,6,4,6.153846153846154,0.2390847834489574,0.18400360152906023
upadhyay,4,3,4.615384615384615,0.15938985563263827,0.18390589754126394
aside,4,3,4.615384615384615,0.15938985563263827,0.1838706802669792
goerli,4,2,3.076923076923077,0.15938985563263827,0.1837574478436801
scaled,4,4,6.153846153846154,0.15938985563263827,0.18363732032951627
sig,6,4,6.153846153846154,0.2390847834489574,0.18351605273212268
played,5,5,7.6923076923076925,0.19923731954079782,0.1835154194621413
inquiry,5,4,6.153846153846154,0.19923731954079782,0.1833945823498099
remotely,4,4,6.153846153846154,0.15938985563263827,0.18329429173807657
anchor,3,3,4.615384615384615,0.1195423917244787,0.183216401192536
foremost,6,5,7.6923076923076925,0.2390847834489574,0.18310731143209957
hwang,5,3,4.615384615384615,0.19923731954079782,0.1830358841793937
hazardous,3,3,4.615384615384615,0.1195423917244787,0.18301297881692186
synthesized,5,3,4.615384615384615,0.19923731954079782,0.1829808732459863
configuration,7,6,9.23076923076923,0.27893224735711697,0.18287439881992115
attraction,4,4,6.153846153846154,0.15938985563263827,0.1827952178848105
deliberately,7,4,6.153846153846154,0.27893224735711697,0.18273085354140722
inefficiency,7,5,7.6923076923076925,0.27893224735711697,0.18271800001399308
upgraded,5,5,7.6923076923076925,0.19923731954079782,0.18270821713299437
fortify,6,3,4.615384615384615,0.2390847834489574,0.18236648063728833
couple,8,4,6.153846153846154,0.31877971126527654,0.1821774982206629
digitalized,3,2,3.076923076923077,0.1195423917244787,0.1820587563523889
confronts,3,3,4.615384615384615,0.1195423917244787,0.1820350574053761
prioritization,6,4,6.153846153846154,0.2390847834489574,0.182033517955512
converting,5,4,6.153846153846154,0.19923731954079782,0.18168795500518434
opaque,4,3,4.615384615384615,0.15938985563263827,0.18161671849794012
oversee,5,4,6.153846153846154,0.19923731954079782,0.18159550839059893
heart,14,3,4.615384615384615,0.5578644947142339,0.18152963523018514
ibc,6,3,4.615384615384615,0.2390847834489574,0.18145994692858952
thakur,4,2,3.076923076923077,0.15938985563263827,0.18135699778832004
imperfect,4,3,4.615384615384615,0.15938985563263827,0.18127137847733568
encapsulated,5,4,6.153846153846154,0.19923731954079782,0.18112964528731307
technolog,6,2,3.076923076923077,0.2390847834489574,0.18107109483946907
jayaraman,5,3,4.615384615384615,0.19923731954079782,0.18102081034254208
akkus,4,2,3.076923076923077,0.15938985563263827,0.18097163402381686
vgg,6,3,4.615384615384615,0.2390847834489574,0.18084079324199714
evasion,6,2,3.076923076923077,0.2390847834489574,0.18079253229366168
hollensen,3,2,3.076923076923077,0.1195423917244787,0.18075831389926564
symmetry,3,3,4.615384615384615,0.1195423917244787,0.18065400347291563
resists,4,4,6.153846153846154,0.15938985563263827,0.18061764924401733
seriously,5,5,7.6923076923076925,0.19923731954079782,0.18045758306458845
metaverse_cyberspace,15,2,3.076923076923077,0.5977119586223935,0.18043144526437452
lapse,3,3,4.615384615384615,0.1195423917244787,0.18039695674504203
rehman,5,2,3.076923076923077,0.19923731954079782,0.1803757936980195
technologist,4,3,4.615384615384615,0.15938985563263827,0.18028075194954604
preferably,2,2,3.076923076923077,0.07969492781631914,0.1802285379057734
hamdan,2,2,3.076923076923077,0.07969492781631914,0.18019253221314513
transportation,4,4,6.153846153846154,0.15938985563263827,0.18019098249493032
fostered,3,3,4.615384615384615,0.1195423917244787,0.18016540334378534
motivate,5,5,7.6923076923076925,0.19923731954079782,0.1801427998024933
eip,5,4,6.153846153846154,0.19923731954079782,0.18004798425646426
minimizes,6,5,7.6923076923076925,0.2390847834489574,0.1798770038875439
empirically,6,2,3.076923076923077,0.2390847834489574,0.17967612837582156
john,4,4,6.153846153846154,0.15938985563263827,0.1794981170955222
defence,7,5,7.6923076923076925,0.27893224735711697,0.17945619690531156
hinders,5,4,6.153846153846154,0.19923731954079782,0.17940805183240796
homogeneity,2,2,3.076923076923077,0.07969492781631914,0.1793784534638981
altcoins,6,3,4.615384615384615,0.2390847834489574,0.17907373685087877
guiding,6,5,7.6923076923076925,0.2390847834489574,0.1790597218535297
zheng,4,4,6.153846153846154,0.15938985563263827,0.17904048296566125
tuple,3,3,4.615384615384615,0.1195423917244787,0.17897960785083072
deepen,3,3,4.615384615384615,0.1195423917244787,0.17889105401956756
anybody,4,3,4.615384615384615,0.15938985563263827,0.17887134332825733
cdn,7,3,4.615384615384615,0.27893224735711697,0.17884691742042105
reside,3,3,4.615384615384615,0.1195423917244787,0.1786528430452381
sliding,10,2,3.076923076923077,0.39847463908159564,0.17864856422559036
cation,6,2,3.076923076923077,0.2390847834489574,0.1786381657714215
acknowledges,6,6,9.23076923076923,0.2390847834489574,0.17860146116485306
infura,6,2,3.076923076923077,0.2390847834489574,0.17858241499737618
remuneration,3,2,3.076923076923077,0.1195423917244787,0.17842800297919564
zolt,2,2,3.076923076923077,0.07969492781631914,0.1784218852552758
formulate,5,5,7.6923076923076925,0.19923731954079782,0.1784045401047216
squared,6,3,4.615384615384615,0.2390847834489574,0.17840332132407327
incur,4,3,4.615384615384615,0.15938985563263827,0.1783995581098078
preprocessed,3,3,4.615384615384615,0.1195423917244787,0.17835514925267157
embed,6,6,9.23076923076923,0.2390847834489574,0.17832834984555382
workroom,4,3,4.615384615384615,0.15938985563263827,0.17799740345512022
bera,7,2,3.076923076923077,0.27893224735711697,0.17791341809460415
outer,4,2,3.076923076923077,0.15938985563263827,0.1779080073556661
authorizing,2,2,3.076923076923077,0.07969492781631914,0.1778982269857034
symbiotic,3,2,3.076923076923077,0.1195423917244787,0.1778104670901041
learnt,3,2,3.076923076923077,0.1195423917244787,0.17773746958491393
borderless,4,4,6.153846153846154,0.15938985563263827,0.17768413572968128
switch,6,5,7.6923076923076925,0.2390847834489574,0.1776649820438201
forecasting,7,5,7.6923076923076925,0.27893224735711697,0.17753759560372648
transcend,4,4,6.153846153846154,0.15938985563263827,0.17750055152795335
sizeable,3,3,4.615384615384615,0.1195423917244787,0.17743738595639824
differential,8,5,7.6923076923076925,0.31877971126527654,0.17729577005054625
modular,10,5,7.6923076923076925,0.39847463908159564,0.1772767458460831
ban,5,4,6.153846153846154,0.19923731954079782,0.1772566672520879
paschen,5,3,4.615384615384615,0.19923731954079782,0.17722751420334987
incredible,2,2,3.076923076923077,0.07969492781631914,0.1770908530412055
mutate,2,2,3.076923076923077,0.07969492781631914,0.1770908530412055
kernel,6,4,6.153846153846154,0.2390847834489574,0.1769873750616039
dowling,4,2,3.076923076923077,0.15938985563263827,0.17691450261883065
archive,4,4,6.153846153846154,0.15938985563263827,0.1768667646345429
arbitration,5,2,3.076923076923077,0.19923731954079782,0.1768633597390224
pdf,4,3,4.615384615384615,0.15938985563263827,0.17631191190589077
bci,9,3,4.615384615384615,0.35862717517343606,0.17627665770245357
salvador,6,3,4.615384615384615,0.2390847834489574,0.17625609892579544
unreliable,5,3,4.615384615384615,0.19923731954079782,0.17615387138081515
entrepreneur,6,5,7.6923076923076925,0.2390847834489574,0.17598791589305776
faith,3,3,4.615384615384615,0.1195423917244787,0.17596188798672505
relatedly,7,2,3.076923076923077,0.27893224735711697,0.17593991651659574
react,3,3,4.615384615384615,0.1195423917244787,0.17593415389842945
unforeseen,5,4,6.153846153846154,0.19923731954079782,0.17591169669504986
spatiotemporality,5,3,4.615384615384615,0.19923731954079782,0.17584704244777655
gnn,3,2,3.076923076923077,0.1195423917244787,0.17574401291717356
metacom,3,2,3.076923076923077,0.1195423917244787,0.17574401291717356
deter,5,4,6.153846153846154,0.19923731954079782,0.17570543264494126
outweigh,4,2,3.076923076923077,0.15938985563263827,0.17568509505650018
merges,7,4,6.153846153846154,0.27893224735711697,0.17565031837124453
academy,4,2,3.076923076923077,0.15938985563263827,0.17562881477840298
presentation,5,5,7.6923076923076925,0.19923731954079782,0.17551780912062592
plat,6,2,3.076923076923077,0.2390847834489574,0.17547034348643495
supervisory,2,2,3.076923076923077,0.07969492781631914,0.1754410366695935
accumulating,4,4,6.153846153846154,0.15938985563263827,0.17537830053740167
reception,4,2,3.076923076923077,0.15938985563263827,0.17537250627189152
accumulate,4,2,3.076923076923077,0.15938985563263827,0.17533413611878962
chan,9,4,6.153846153846154,0.35862717517343606,0.1749342687868441
gaze,4,3,4.615384615384615,0.15938985563263827,0.17489074582794023
inventor,3,3,4.615384615384615,0.1195423917244787,0.1748503697115167
carrier,2,2,3.076923076923077,0.07969492781631914,0.17469363385406342
pin,6,5,7.6923076923076925,0.2390847834489574,0.17464348263115467
discrete,5,4,6.153846153846154,0.19923731954079782,0.17448876009915265
elucidating,6,4,6.153846153846154,0.2390847834489574,0.17448570032290206
consecutive,7,5,7.6923076923076925,0.27893224735711697,0.17442171971598133
motor,3,2,3.076923076923077,0.1195423917244787,0.17436178816463488
italy,6,3,4.615384615384615,0.2390847834489574,0.17427177875157668
faulty,4,3,4.615384615384615,0.15938985563263827,0.17399350149526466
astounding,3,2,3.076923076923077,0.1195423917244787,0.17352179425300565
affirm,4,4,6.153846153846154,0.15938985563263827,0.17351747458722191
unsecured,2,2,3.076923076923077,0.07969492781631914,0.17349897815285906
competent,3,3,4.615384615384615,0.1195423917244787,0.1734119313198292
cleenewerck,3,3,4.615384615384615,0.1195423917244787,0.17340812239468173
exceeding,6,4,6.153846153846154,0.2390847834489574,0.17311729012070998
enjoys,4,2,3.076923076923077,0.15938985563263827,0.1730484377176697
eligibility,4,4,6.153846153846154,0.15938985563263827,0.17301690081668863
pushed,3,3,4.615384615384615,0.1195423917244787,0.17292709114993807
dns,8,3,4.615384615384615,0.31877971126527654,0.1727978099497049
epidemic,3,2,3.076923076923077,0.1195423917244787,0.17279466392444917
comparatively,6,4,6.153846153846154,0.2390847834489574,0.1727880282575774
malevolent,5,4,6.153846153846154,0.19923731954079782,0.1727797291069442
openai,4,3,4.615384615384615,0.15938985563263827,0.17277233238608886
bulletin,3,3,4.615384615384615,0.1195423917244787,0.17273381586934294
amidst,3,3,4.615384615384615,0.1195423917244787,0.17260636885451225
hybridization,4,2,3.076923076923077,0.15938985563263827,0.17258657460835292
federated,13,4,6.153846153846154,0.5180170308060743,0.17257234268692861
techno,4,4,6.153846153846154,0.15938985563263827,0.17256047611656078
reputable,6,5,7.6923076923076925,0.2390847834489574,0.17253534655555292
emphasising,9,4,6.153846153846154,0.35862717517343606,0.17253101779489452
enrollment,4,2,3.076923076923077,0.15938985563263827,0.1725162283880775
tip,2,2,3.076923076923077,0.07969492781631914,0.17231110160064128
tolerant,5,3,4.615384615384615,0.19923731954079782,0.17228378065619906
hill,8,2,3.076923076923077,0.31877971126527654,0.17217891684038727
stamp,3,3,4.615384615384615,0.1195423917244787,0.17215379403133896
finish,4,2,3.076923076923077,0.15938985563263827,0.17214187946409631
approximate,5,5,7.6923076923076925,0.19923731954079782,0.17210259992411006
arrangement,4,4,6.153846153846154,0.15938985563263827,0.17199112760649116
inclusiveness,5,3,4.615384615384615,0.19923731954079782,0.17196922620907343
army,3,3,4.615384615384615,0.1195423917244787,0.1717236656691022
assignment,3,3,4.615384615384615,0.1195423917244787,0.17167431026735636
detailing,3,3,4.615384615384615,0.1195423917244787,0.17156151444429327
surveyed,8,5,7.6923076923076925,0.31877971126527654,0.17154340850886027
harnessing,7,5,7.6923076923076925,0.27893224735711697,0.1715037008667766
biological,7,5,7.6923076923076925,0.27893224735711697,0.17143365592643675
learns,7,4,6.153846153846154,0.27893224735711697,0.17122174089225298
admin,4,2,3.076923076923077,0.15938985563263827,0.17117696880484132
derives,4,3,4.615384615384615,0.15938985563263827,0.1711765273798943
prosperity,3,3,4.615384615384615,0.1195423917244787,0.17113896472388315
fold,5,4,6.153846153846154,0.19923731954079782,0.1710639519014234
adjust,6,5,7.6923076923076925,0.2390847834489574,0.17105039709067443
decrypts,4,3,4.615384615384615,0.15938985563263827,0.17103156971728622
centrality,5,2,3.076923076923077,0.19923731954079782,0.17102391704026734
clouding,5,2,3.076923076923077,0.19923731954079782,0.1709051207664393
exceedingly,2,2,3.076923076923077,0.07969492781631914,0.17078963206006895
expressing,4,4,6.153846153846154,0.15938985563263827,0.1706578494978198
pfs,6,2,3.076923076923077,0.2390847834489574,0.17027994380183098
cryptosystems,4,3,4.615384615384615,0.15938985563263827,0.17026464715526754
proquest,7,2,3.076923076923077,0.27893224735711697,0.17025847223499616
programme,5,5,7.6923076923076925,0.19923731954079782,0.1702394506656142
countless,4,3,4.615384615384615,0.15938985563263827,0.17022767792174345
ship,5,5,7.6923076923076925,0.19923731954079782,0.1702157686591076
erratic,4,3,4.615384615384615,0.15938985563263827,0.17011203468675096
unnecessary,6,5,7.6923076923076925,0.2390847834489574,0.17006366537797057
versatility,6,5,7.6923076923076925,0.2390847834489574,0.17003705645905162
celebrate,3,2,3.076923076923077,0.1195423917244787,0.17002350117794868
kozinets,3,2,3.076923076923077,0.1195423917244787,0.17002350117794868
redundant,5,2,3.076923076923077,0.19923731954079782,0.1699712792830202
trilemma,4,2,3.076923076923077,0.15938985563263827,0.16993632831344202
replica,9,6,9.23076923076923,0.35862717517343606,0.16989138888024713
suffers,5,3,4.615384615384615,0.19923731954079782,0.169863759883433
sudden,6,4,6.153846153846154,0.2390847834489574,0.16973083663292107
speaking,10,5,7.6923076923076925,0.39847463908159564,0.16972589310213862
compiled,4,4,6.153846153846154,0.15938985563263827,0.16948383119162194
decode,5,3,4.615384615384615,0.19923731954079782,0.16942863953929438
maliciously,6,6,9.23076923076923,0.2390847834489574,0.1693623009664781
credible,4,3,4.615384615384615,0.15938985563263827,0.16931120267922364
democratization,3,3,4.615384615384615,0.1195423917244787,0.1693052026798221
impressive,4,2,3.076923076923077,0.15938985563263827,0.16928130929787574
generalizability,6,4,6.153846153846154,0.2390847834489574,0.1692323869026852
mall,4,2,3.076923076923077,0.15938985563263827,0.16900026365839008
threaten,5,4,6.153846153846154,0.19923731954079782,0.16899072730669945
apts,4,3,4.615384615384615,0.15938985563263827,0.16886146118598166
song,6,4,6.153846153846154,0.2390847834489574,0.16884402212241068
conservative,4,3,4.615384615384615,0.15938985563263827,0.1688272014396391
green,6,6,9.23076923076923,0.2390847834489574,0.16874301836009117
misused,6,5,7.6923076923076925,0.2390847834489574,0.16869823187169597
proportionally,4,4,6.153846153846154,0.15938985563263827,0.16860051754991984
groundbreaking,4,2,3.076923076923077,0.15938985563263827,0.16856201158109185
readiness,3,3,4.615384615384615,0.1195423917244787,0.16852343956953336
emergent,5,4,6.153846153846154,0.19923731954079782,0.16850307883529694
gasprice,4,2,3.076923076923077,0.15938985563263827,0.16835557573591917
concentrated,5,3,4.615384615384615,0.19923731954079782,0.16833706448626506
renting,4,3,4.615384615384615,0.15938985563263827,0.1683160351052626
settle,4,4,6.153846153846154,0.15938985563263827,0.16830380958791188
swift,5,3,4.615384615384615,0.19923731954079782,0.16829548059974436
outlet,6,2,3.076923076923077,0.2390847834489574,0.1682835095994028
precious,4,3,4.615384615384615,0.15938985563263827,0.16821299256854946
arrival,3,2,3.076923076923077,0.1195423917244787,0.16805925532095597
miscellaneous,4,2,3.076923076923077,0.15938985563263827,0.16804074289877155
nguyen,7,5,7.6923076923076925,0.27893224735711697,0.1680348528097735
cft,4,2,3.076923076923077,0.15938985563263827,0.16798440122961042
behave,7,5,7.6923076923076925,0.27893224735711697,0.16795129704504036
pivotal_role,6,4,6.153846153846154,0.2390847834489574,0.1679243107480279
serial,7,2,3.076923076923077,0.27893224735711697,0.16769113296335073
mimicking,4,3,4.615384615384615,0.15938985563263827,0.16764989892950125
curated,3,3,4.615384615384615,0.1195423917244787,0.16758962155877227
miss,2,2,3.076923076923077,0.07969492781631914,0.16754150970445333
tendency,9,4,6.153846153846154,0.35862717517343606,0.16753272951478737
dating,4,3,4.615384615384615,0.15938985563263827,0.167506616731404
precaution,4,3,4.615384615384615,0.15938985563263827,0.1674804482761917
coordination,4,4,6.153846153846154,0.15938985563263827,0.167449728672943
enjin,8,2,3.076923076923077,0.31877971126527654,0.16735515375780394
hole,4,2,3.076923076923077,0.15938985563263827,0.16729996281805323
accomplishment,2,2,3.076923076923077,0.07969492781631914,0.1671921114282256
mitm,5,2,3.076923076923077,0.19923731954079782,0.167166996081989
anchoring,4,2,3.076923076923077,0.15938985563263827,0.16712099483129625
musician,4,3,4.615384615384615,0.15938985563263827,0.16709209619373575
adherence,3,3,4.615384615384615,0.1195423917244787,0.16701374179514908
embodied,5,3,4.615384615384615,0.19923731954079782,0.1669444327971188
retains,5,4,6.153846153846154,0.19923731954079782,0.16681613018171454
engages,5,4,6.153846153846154,0.19923731954079782,0.16672113095199803
adverse,10,3,4.615384615384615,0.39847463908159564,0.16666976020262972
observer,4,4,6.153846153846154,0.15938985563263827,0.16659653134375776
save,5,4,6.153846153846154,0.19923731954079782,0.1665179585541916
foreign,3,3,4.615384615384615,0.1195423917244787,0.1664449988453148
specialised,4,4,6.153846153846154,0.15938985563263827,0.16635665357182858
overseeing,4,4,6.153846153846154,0.15938985563263827,0.16634994051132804
gupta,2,2,3.076923076923077,0.07969492781631914,0.16627050979827024
contrarily,2,2,3.076923076923077,0.07969492781631914,0.1662159556896399
heterogeneity,3,3,4.615384615384615,0.1195423917244787,0.1661818832193118
demonstration,4,3,4.615384615384615,0.15938985563263827,0.16604457788833646
streamline,7,6,9.23076923076923,0.27893224735711697,0.16602950908445238
ranged,4,3,4.615384615384615,0.15938985563263827,0.16594837904515017
destroyed,3,2,3.076923076923077,0.1195423917244787,0.16589088745653854
adhering,5,5,7.6923076923076925,0.19923731954079782,0.165659378646818
motif,6,4,6.153846153846154,0.2390847834489574,0.1656341656026603
confront,3,3,4.615384615384615,0.1195423917244787,0.16558632764226788
sphere,4,3,4.615384615384615,0.15938985563263827,0.1655722929042642
futuristic,4,4,6.153846153846154,0.15938985563263827,0.16554538738079885
houda,3,2,3.076923076923077,0.1195423917244787,0.16548207793840092
totally,3,3,4.615384615384615,0.1195423917244787,0.1653798435169651
deed,4,3,4.615384615384615,0.15938985563263827,0.16533547120000033
passport,3,2,3.076923076923077,0.1195423917244787,0.16522850135797018
caution,4,4,6.153846153846154,0.15938985563263827,0.16518963709941087
monkey,3,2,3.076923076923077,0.1195423917244787,0.16501856723553793
persuasion,5,4,6.153846153846154,0.19923731954079782,0.16491574887882415
portfolio,7,4,6.153846153846154,0.27893224735711697,0.1648743221291961
additive,5,5,7.6923076923076925,0.19923731954079782,0.1648593991177265
massively,8,6,9.23076923076923,0.31877971126527654,0.1648277576261792
qoe,11,3,4.615384615384615,0.4383221029897552,0.16482442666299513
messaging,5,5,7.6923076923076925,0.19923731954079782,0.16452907083975077
summarise,10,4,6.153846153846154,0.39847463908159564,0.1643674365518534
assemble,2,2,3.076923076923077,0.07969492781631914,0.1643576124503213
observing,3,3,4.615384615384615,0.1195423917244787,0.16434494911312592
bolstering,7,4,6.153846153846154,0.27893224735711697,0.16431378098284288
enthusiastic,4,3,4.615384615384615,0.15938985563263827,0.1642809803721822
fellow,3,3,4.615384615384615,0.1195423917244787,0.16426396695481116
aligning,4,4,6.153846153846154,0.15938985563263827,0.16425605642566923
wilson,4,3,4.615384615384615,0.15938985563263827,0.16414771495466235
vague,5,5,7.6923076923076925,0.19923731954079782,0.16413163571036785
distinguishes,5,5,7.6923076923076925,0.19923731954079782,0.16409794577172665
cryptanalysis,6,2,3.076923076923077,0.2390847834489574,0.16402708748492245
correspond,7,7,10.76923076923077,0.27893224735711697,0.16395144523275731
oversees,2,2,3.076923076923077,0.07969492781631914,0.16388966316978024
progressively,5,5,7.6923076923076925,0.19923731954079782,0.1638199397809924
surgery,4,4,6.153846153846154,0.15938985563263827,0.1637427480977187
sourced,5,5,7.6923076923076925,0.19923731954079782,0.16373973163707267
concrete,6,5,7.6923076923076925,0.2390847834489574,0.1636612232426514
noisy,4,4,6.153846153846154,0.15938985563263827,0.16364314083958217
multiverse,5,3,4.615384615384615,0.19923731954079782,0.1636083727151817
extractor,4,3,4.615384615384615,0.15938985563263827,0.16356507314136703
son,4,4,6.153846153846154,0.15938985563263827,0.16351244026196507
iomt,3,2,3.076923076923077,0.1195423917244787,0.16347780790957986
ibm,2,2,3.076923076923077,0.07969492781631914,0.1634269760164731
twice,4,4,6.153846153846154,0.15938985563263827,0.16339439122434746
checker,3,2,3.076923076923077,0.1195423917244787,0.1632427935379528
enacted,2,2,3.076923076923077,0.07969492781631914,0.1632393392325617
cryptokitties,3,3,4.615384615384615,0.1195423917244787,0.16318870302582197
palm,4,3,4.615384615384615,0.15938985563263827,0.16316560877773434
inaccessible,5,4,6.153846153846154,0.19923731954079782,0.16292504932747132
hosting,5,5,7.6923076923076925,0.19923731954079782,0.16279093256923993
chatgpt,5,5,7.6923076923076925,0.19923731954079782,0.1627393496868624
brute,5,4,6.153846153846154,0.19923731954079782,0.16270487654041474
compression,5,2,3.076923076923077,0.19923731954079782,0.1626863559091389
exemplified,7,6,9.23076923076923,0.27893224735711697,0.1626530508790744
metaphor,3,3,4.615384615384615,0.1195423917244787,0.1622563548954005
abusive,5,3,4.615384615384615,0.19923731954079782,0.16221684183180426
unlinkability,4,2,3.076923076923077,0.15938985563263827,0.1621497724142788
choo,5,3,4.615384615384615,0.19923731954079782,0.16209297979065487
categorize,6,4,6.153846153846154,0.2390847834489574,0.1620813682708975
disguise,3,3,4.615384615384615,0.1195423917244787,0.16201113485781152
marketer,4,3,4.615384615384615,0.15938985563263827,0.1618828249894808
simon,3,2,3.076923076923077,0.1195423917244787,0.16166357435004652
manchester,5,2,3.076923076923077,0.19923731954079782,0.16165027081076994
narrow,4,3,4.615384615384615,0.15938985563263827,0.16163004643606024
generalised,7,2,3.076923076923077,0.27893224735711697,0.16161072664340564
validates,4,4,6.153846153846154,0.15938985563263827,0.16145205143354824
normality,7,2,3.076923076923077,0.27893224735711697,0.16144467314040464
attach,3,3,4.615384615384615,0.1195423917244787,0.1613924417230804
buhalis,6,3,4.615384615384615,0.2390847834489574,0.16118968639201228
wrote,3,3,4.615384615384615,0.1195423917244787,0.1610062046313902
pathway,6,5,7.6923076923076925,0.2390847834489574,0.1609992163033153
tune,4,3,4.615384615384615,0.15938985563263827,0.1608924449292394
intuitively,4,3,4.615384615384615,0.15938985563263827,0.16076561261373634
ssl,4,4,6.153846153846154,0.15938985563263827,0.16057589322078508
leap,5,5,7.6923076923076925,0.19923731954079782,0.16057341925102733
implying,5,4,6.153846153846154,0.19923731954079782,0.1605128375610238
repercussion,5,4,6.153846153846154,0.19923731954079782,0.1605060978072208
acute,2,2,3.076923076923077,0.07969492781631914,0.1602314641732114
recourse,4,4,6.153846153846154,0.15938985563263827,0.16020058469550916
organically,5,4,6.153846153846154,0.19923731954079782,0.16017697602519065
flawed,4,3,4.615384615384615,0.15938985563263827,0.16010817602914654
ludlow,3,2,3.076923076923077,0.1195423917244787,0.15996342839784697
philip,3,2,3.076923076923077,0.1195423917244787,0.15996342839784697
continuing,4,4,6.153846153846154,0.15938985563263827,0.15995832645718458
evolutionary,3,2,3.076923076923077,0.1195423917244787,0.15993616271471753
unrealistic,5,4,6.153846153846154,0.19923731954079782,0.15992424407268552
crafted,6,4,6.153846153846154,0.2390847834489574,0.15991791893854354
charging,3,2,3.076923076923077,0.1195423917244787,0.15989855867858155
elevate,4,4,6.153846153846154,0.15938985563263827,0.15987657969522442
chattopadhyay,3,2,3.076923076923077,0.1195423917244787,0.15985676833557133
filled,4,3,4.615384615384615,0.15938985563263827,0.15984417081603686
treat,4,3,4.615384615384615,0.15938985563263827,0.15982991083216674
goggles,3,3,4.615384615384615,0.1195423917244787,0.15971144996946562
cyberpunk,4,3,4.615384615384615,0.15938985563263827,0.15968914611448054
mmorpgs,4,2,3.076923076923077,0.15938985563263827,0.15964136706237078
dip,4,2,3.076923076923077,0.15938985563263827,0.15958505595929712
seized,5,3,4.615384615384615,0.19923731954079782,0.15942915991780793
invaluable,5,4,6.153846153846154,0.19923731954079782,0.15940821998948324
burn,5,2,3.076923076923077,0.19923731954079782,0.1594035380481793
geo,2,2,3.076923076923077,0.07969492781631914,0.15937135309307535
rendered,6,4,6.153846153846154,0.2390847834489574,0.15933777763423929
destroying,4,3,4.615384615384615,0.15938985563263827,0.15932718654736025
repeat,4,4,6.153846153846154,0.15938985563263827,0.15928170203595615
emerald,3,3,4.615384615384615,0.1195423917244787,0.15922565213927467
predicated,6,4,6.153846153846154,0.2390847834489574,0.15916489912184895
designates,4,2,3.076923076923077,0.15938985563263827,0.15916224456313255
devalue,3,3,4.615384615384615,0.1195423917244787,0.1590621308030104
convinced,4,2,3.076923076923077,0.15938985563263827,0.1590411517920717
embodies,4,3,4.615384615384615,0.15938985563263827,0.15891687976976662
sexual,9,4,6.153846153846154,0.35862717517343606,0.15891346845254328
deviate,3,2,3.076923076923077,0.1195423917244787,0.1588519820948126
xor,4,3,4.615384615384615,0.15938985563263827,0.15882635792027522
optimism,6,3,4.615384615384615,0.2390847834489574,0.15880156773057183
emission,3,2,3.076923076923077,0.1195423917244787,0.15862182233426247
originally,6,4,6.153846153846154,0.2390847834489574,0.15861892030456787
temperament,2,2,3.076923076923077,0.07969492781631914,0.15860321293388976
sabotage,4,2,3.076923076923077,0.15938985563263827,0.15857041380154713
plotted,4,2,3.076923076923077,0.15938985563263827,0.15844210529642866
substance,3,3,4.615384615384615,0.1195423917244787,0.15837344743268889
buzzword,3,2,3.076923076923077,0.1195423917244787,0.15823015465966195
lifelike,3,3,4.615384615384615,0.1195423917244787,0.15821174930065635
dimensionality,6,3,4.615384615384615,0.2390847834489574,0.15816612013297937
paragraph,3,3,4.615384615384615,0.1195423917244787,0.1581375679927283
craft,5,5,7.6923076923076925,0.19923731954079782,0.15799377396650466
geography,3,3,4.615384615384615,0.1195423917244787,0.15790275915431706
irrespective,4,4,6.153846153846154,0.15938985563263827,0.15784400288457148
rau,4,2,3.076923076923077,0.15938985563263827,0.15773227480800656
quantitatively,3,2,3.076923076923077,0.1195423917244787,0.1575859511205561
boundless,5,5,7.6923076923076925,0.19923731954079782,0.15744942662303454
simulator,6,5,7.6923076923076925,0.2390847834489574,0.15736960454624843
shifted,5,3,4.615384615384615,0.19923731954079782,0.1573571289469714
coexist,5,4,6.153846153846154,0.19923731954079782,0.157225546927889
cryptosystem,5,3,4.615384615384615,0.19923731954079782,0.1571305516258832
semistructured,2,2,3.076923076923077,0.07969492781631914,0.15711165984761036
autoencoders,4,3,4.615384615384615,0.15938985563263827,0.1570994666795417
prevail,3,3,4.615384615384615,0.1195423917244787,0.15708102810232752
dated,2,2,3.076923076923077,0.07969492781631914,0.15706263928892408
insightful,5,3,4.615384615384615,0.19923731954079782,0.1569440550593924
strike,4,3,4.615384615384615,0.15938985563263827,0.1568763445652376
bartlett,8,2,3.076923076923077,0.31877971126527654,0.15682314713152254
dissatisfaction,2,2,3.076923076923077,0.07969492781631914,0.1568001807010458
alike,5,5,7.6923076923076925,0.19923731954079782,0.156431860994921
partitioning,4,3,4.615384615384615,0.15938985563263827,0.15642113407803465
disparity,4,3,4.615384615384615,0.15938985563263827,0.15636640662741008
committing,3,3,4.615384615384615,0.1195423917244787,0.15636408615766076
urquhart,5,2,3.076923076923077,0.19923731954079782,0.15627391494048823
sociology,4,2,3.076923076923077,0.15938985563263827,0.15615450487373606
actualization,2,2,3.076923076923077,0.07969492781631914,0.15614995947448418
tesla,6,2,3.076923076923077,0.2390847834489574,0.1559819176419027
southeast,3,3,4.615384615384615,0.1195423917244787,0.15588796019850273
sticking,2,2,3.076923076923077,0.07969492781631914,0.1558472746913858
claiming,3,2,3.076923076923077,0.1195423917244787,0.15580623193991266
slowly,5,3,4.615384615384615,0.19923731954079782,0.15578057217548794
deterministic,6,3,4.615384615384615,0.2390847834489574,0.15577977729600143
harnessed,3,3,4.615384615384615,0.1195423917244787,0.15570906674892948
idealized,4,2,3.076923076923077,0.15938985563263827,0.1554821219809692
cell,4,4,6.153846153846154,0.15938985563263827,0.15541288315312318
generalization,3,2,3.076923076923077,0.1195423917244787,0.15521355587022548
ana,6,3,4.615384615384615,0.2390847834489574,0.15520163430867692
creatively,3,2,3.076923076923077,0.1195423917244787,0.15500205430804856
doha,3,2,3.076923076923077,0.1195423917244787,0.15500205430804856
averaging,2,2,3.076923076923077,0.07969492781631914,0.1549553037732798
alternatively,4,4,6.153846153846154,0.15938985563263827,0.15483209856974142
untampered,2,2,3.076923076923077,0.07969492781631914,0.1547615148076693
mar,4,4,6.153846153846154,0.15938985563263827,0.15472368005916853
confusion,6,5,7.6923076923076925,0.2390847834489574,0.15451752023842336
granularity,4,3,4.615384615384615,0.15938985563263827,0.1544441189694419
brown,4,2,3.076923076923077,0.15938985563263827,0.15437611955140354
gone,4,2,3.076923076923077,0.15938985563263827,0.15437611955140354
lived,4,2,3.076923076923077,0.15938985563263827,0.15437611955140354
wellknown,2,2,3.076923076923077,0.07969492781631914,0.1541582947545604
streamlines,4,4,6.153846153846154,0.15938985563263827,0.15408929260108006
disposal,2,2,3.076923076923077,0.07969492781631914,0.15405963963972907
shoe,3,3,4.615384615384615,0.1195423917244787,0.15402216547280526
saturation,5,2,3.076923076923077,0.19923731954079782,0.1539855266012065
convolution,4,2,3.076923076923077,0.15938985563263827,0.1539311822708493
arranged,4,4,6.153846153846154,0.15938985563263827,0.15392898853973047
bind,3,2,3.076923076923077,0.1195423917244787,0.15389862466701637
career,6,4,6.153846153846154,0.2390847834489574,0.15388239629466594
comprehending,3,3,4.615384615384615,0.1195423917244787,0.153805448219635
affordable,3,2,3.076923076923077,0.1195423917244787,0.1537871459770033
principal,4,4,6.153846153846154,0.15938985563263827,0.15366882027577014
disinformation,8,4,6.153846153846154,0.31877971126527654,0.15363242726394935
chien,3,2,3.076923076923077,0.1195423917244787,0.15357653115148023
deceiving,5,5,7.6923076923076925,0.19923731954079782,0.15354908767085165
australia,6,5,7.6923076923076925,0.2390847834489574,0.15347207265463067
backup,5,5,7.6923076923076925,0.19923731954079782,0.15347015059154295
happiness,3,3,4.615384615384615,0.1195423917244787,0.15344987655217235
confined,4,4,6.153846153846154,0.15938985563263827,0.15337014816245612
kera,3,2,3.076923076923077,0.1195423917244787,0.1533097413310249
tricked,3,3,4.615384615384615,0.1195423917244787,0.15329804338175573
tomorrow,6,3,4.615384615384615,0.2390847834489574,0.1532790306418872
activated,3,3,4.615384615384615,0.1195423917244787,0.15316800458358096
hourly,5,3,4.615384615384615,0.19923731954079782,0.15316633143718145
robert,3,2,3.076923076923077,0.1195423917244787,0.15316411230995458
owing,5,3,4.615384615384615,0.19923731954079782,0.15307368189337986
authenticating,4,3,4.615384615384615,0.15938985563263827,0.15305305651853812
compressed,6,4,6.153846153846154,0.2390847834489574,0.15300581400259164
striking,6,3,4.615384615384615,0.2390847834489574,0.1528300644724663
pictured,2,2,3.076923076923077,0.07969492781631914,0.15280948937571875
exacerbated,4,3,4.615384615384615,0.15938985563263827,0.1527632123273358
filecoin,8,2,3.076923076923077,0.31877971126527654,0.15272970860779278
retailing,5,2,3.076923076923077,0.19923731954079782,0.15264175473539254
plausible,4,4,6.153846153846154,0.15938985563263827,0.15248661808889583
multiparty,3,3,4.615384615384615,0.1195423917244787,0.15247947083710275
collision,5,4,6.153846153846154,0.19923731954079782,0.15247355015997208
zhan,5,2,3.076923076923077,0.19923731954079782,0.15236178976923276
publisher,4,4,6.153846153846154,0.15938985563263827,0.15234917817918417
arguably,5,2,3.076923076923077,0.19923731954079782,0.15221197913600185
tokenuri,3,2,3.076923076923077,0.1195423917244787,0.15219926243934084
youtube,5,3,4.615384615384615,0.19923731954079782,0.15216378892525734
farm,2,2,3.076923076923077,0.07969492781631914,0.1521592681491571
hofstetter,4,2,3.076923076923077,0.15938985563263827,0.15214038773523397
rmb,4,2,3.076923076923077,0.15938985563263827,0.15214038773523397
definite,2,2,3.076923076923077,0.07969492781631914,0.1520215516745303
ict,3,2,3.076923076923077,0.1195423917244787,0.15199734223622668
workstation,3,2,3.076923076923077,0.1195423917244787,0.15199734223622668
regularly,3,3,4.615384615384615,0.1195423917244787,0.15199224075760548
outperform,2,2,3.076923076923077,0.07969492781631914,0.15193514952013032
advertised,3,3,4.615384615384615,0.1195423917244787,0.15190545796187216
blocking,3,3,4.615384615384615,0.1195423917244787,0.1518993575024494
waste,3,2,3.076923076923077,0.1195423917244787,0.151879538704107
incurring,4,3,4.615384615384615,0.15938985563263827,0.1518590070489577
succeeds,3,3,4.615384615384615,0.1195423917244787,0.15181389546267193
tribunal,2,2,3.076923076923077,0.07969492781631914,0.15162677124053814
clearest,2,2,3.076923076923077,0.07969492781631914,0.15153586107063294
collectable,3,2,3.076923076923077,0.1195423917244787,0.15153586107063294
russell,3,2,3.076923076923077,0.1195423917244787,0.15153586107063294
undeniably,2,2,3.076923076923077,0.07969492781631914,0.15153586107063294
igi,4,2,3.076923076923077,0.15938985563263827,0.15152772455940422
somebody,6,2,3.076923076923077,0.2390847834489574,0.15142033059359863
adept,3,3,4.615384615384615,0.1195423917244787,0.15135152188321319
finegrained,4,3,4.615384615384615,0.15938985563263827,0.15129771130150546
tax_evasion,3,2,3.076923076923077,0.1195423917244787,0.15128684544898266
rewarding,4,4,6.153846153846154,0.15938985563263827,0.15121216545721033
disability,3,2,3.076923076923077,0.1195423917244787,0.1511866528512458
patching,3,2,3.076923076923077,0.1195423917244787,0.1511649972583547
ith,4,4,6.153846153846154,0.15938985563263827,0.15111562360849953
warehouse,3,2,3.076923076923077,0.1195423917244787,0.15099737657460707
salah,5,2,3.076923076923077,0.19923731954079782,0.15096659933272277
logically,2,2,3.076923076923077,0.07969492781631914,0.15096461244795276
ccpa,4,3,4.615384615384615,0.15938985563263827,0.15096054657146152
harmed,4,3,4.615384615384615,0.15938985563263827,0.15096054657146152
genre,4,3,4.615384615384615,0.15938985563263827,0.15084335632155446
reconstructs,4,4,6.153846153846154,0.15938985563263827,0.1506370737934603
tale,3,3,4.615384615384615,0.1195423917244787,0.15050648077590434
viewing,5,3,4.615384615384615,0.19923731954079782,0.15041133446735458
yizhong,4,2,3.076923076923077,0.15938985563263827,0.15027589507511838
debt,3,2,3.076923076923077,0.1195423917244787,0.15027279524674692
impartiality,5,2,3.076923076923077,0.19923731954079782,0.15011564814972417
surely,4,2,3.076923076923077,0.15938985563263827,0.15006470593065066
undermining,4,4,6.153846153846154,0.15938985563263827,0.15001246361318285
restricting,3,3,4.615384615384615,0.1195423917244787,0.14992511681810755
differing,4,4,6.153846153846154,0.15938985563263827,0.14990637372664778
sun,5,4,6.153846153846154,0.19923731954079782,0.14980835802865133
teacher,3,2,3.076923076923077,0.1195423917244787,0.14972761903124446
likeness,3,3,4.615384615384615,0.1195423917244787,0.14971453949223784
termination,3,3,4.615384615384615,0.1195423917244787,0.14969927088060636
envisions,3,3,4.615384615384615,0.1195423917244787,0.14949579316285727
storefront,2,2,3.076923076923077,0.07969492781631914,0.14945662700236717
unchecked,2,2,3.076923076923077,0.07969492781631914,0.14945662700236717
chose,4,4,6.153846153846154,0.15938985563263827,0.1494124081371572
gadekallu,3,2,3.076923076923077,0.1195423917244787,0.14933951380442953
underpinned,6,4,6.153846153846154,0.2390847834489574,0.14925199258176178
unethical,3,2,3.076923076923077,0.1195423917244787,0.1491595486374589
ill,3,3,4.615384615384615,0.1195423917244787,0.1490670794696817
fernandez,3,2,3.076923076923077,0.1195423917244787,0.14889362029442696
indispensable,7,3,4.615384615384615,0.27893224735711697,0.14887716453593547
duality,3,3,4.615384615384615,0.1195423917244787,0.14876542608250581
downloads,4,4,6.153846153846154,0.15938985563263827,0.14856940016539397
chip,3,2,3.076923076923077,0.1195423917244787,0.14856644086097676
foreach,5,2,3.076923076923077,0.19923731954079782,0.14853209068320383
dogecoin,6,3,4.615384615384615,0.2390847834489574,0.14845360823204537
bang,3,2,3.076923076923077,0.1195423917244787,0.14841465857640396
spurring,2,2,3.076923076923077,0.07969492781631914,0.14841465857640396
precedent,3,3,4.615384615384615,0.1195423917244787,0.14838240912567063
methodical,4,3,4.615384615384615,0.15938985563263827,0.14828856637396795
synonym,5,3,4.615384615384615,0.19923731954079782,0.14825441150814075
featuring,3,3,4.615384615384615,0.1195423917244787,0.14824997229119555
chainlink,5,4,6.153846153846154,0.19923731954079782,0.1482234290218561
ecdlp,3,2,3.076923076923077,0.1195423917244787,0.14801956958760074
outlook,4,3,4.615384615384615,0.15938985563263827,0.14791399308564876
alignment,5,5,7.6923076923076925,0.19923731954079782,0.14787899642373656
wiley,4,4,6.153846153846154,0.15938985563263827,0.14779475465780537
zelenyanszki,2,2,3.076923076923077,0.07969492781631914,0.1477356380455132
unlocks,4,4,6.153846153846154,0.15938985563263827,0.14768306753174762
tackled,4,4,6.153846153846154,0.15938985563263827,0.14741518479942248
showroom,3,3,4.615384615384615,0.1195423917244787,0.1473269275541545
respected,4,3,4.615384615384615,0.15938985563263827,0.1470684883966895
alternate,3,3,4.615384615384615,0.1195423917244787,0.14705046669498198
surfaced,2,2,3.076923076923077,0.07969492781631914,0.1470087303155987
focal,4,4,6.153846153846154,0.15938985563263827,0.1469809008120813
intensified,2,2,3.076923076923077,0.07969492781631914,0.14687527569698647
misclassifications,3,2,3.076923076923077,0.1195423917244787,0.1468532194529258
sake,4,4,6.153846153846154,0.15938985563263827,0.1468176859298135
threatens,4,4,6.153846153846154,0.15938985563263827,0.1468078714123045
seldom,5,3,4.615384615384615,0.19923731954079782,0.14679468417490452
inf,3,2,3.076923076923077,0.1195423917244787,0.1466967172761242
bai,3,2,3.076923076923077,0.1195423917244787,0.14668517036076362
etherscan,3,2,3.076923076923077,0.1195423917244787,0.1466656400591401
proficient,3,2,3.076923076923077,0.1195423917244787,0.14661865890669765
pocket,2,2,3.076923076923077,0.07969492781631914,0.14660071882170134
smartwatches,2,2,3.076923076923077,0.07969492781631914,0.14660071882170134
tablet,2,2,3.076923076923077,0.07969492781631914,0.14660071882170134
unsuitable,4,4,6.153846153846154,0.15938985563263827,0.14657137613598148
indirectly,3,3,4.615384615384615,0.1195423917244787,0.14656757181259486
fell,5,5,7.6923076923076925,0.19923731954079782,0.146517534799641
goldman,2,2,3.076923076923077,0.07969492781631914,0.1465162332898647
sachs,2,2,3.076923076923077,0.07969492781631914,0.1465162332898647
attendance,3,2,3.076923076923077,0.1195423917244787,0.1465038494523048
anticipate,4,4,6.153846153846154,0.15938985563263827,0.1464419362582216
watching,4,4,6.153846153846154,0.15938985563263827,0.14636972405521828
symbiosis,4,3,4.615384615384615,0.15938985563263827,0.1463694164023776
rationality,5,2,3.076923076923077,0.19923731954079782,0.14631925159654224
dynamism,5,3,4.615384615384615,0.19923731954079782,0.14614265754912226
correspondingly,3,3,4.615384615384615,0.1195423917244787,0.14612263850766508
telemedicine,4,4,6.153846153846154,0.15938985563263827,0.1460789161626251
road,6,4,6.153846153846154,0.2390847834489574,0.14603269092526655
mediating,5,2,3.076923076923077,0.19923731954079782,0.14597485166842658
numeric,3,2,3.076923076923077,0.1195423917244787,0.14584162589531213
directional,3,2,3.076923076923077,0.1195423917244787,0.1457797023144609
prompting,3,3,4.615384615384615,0.1195423917244787,0.14566891431880835
obfuscation,6,3,4.615384615384615,0.2390847834489574,0.1456364016890111
contradiction,4,2,3.076923076923077,0.15938985563263827,0.14560297233089334
crea,5,2,3.076923076923077,0.19923731954079782,0.14555876722426933
ramification,5,3,4.615384615384615,0.19923731954079782,0.14543163205116288
infused,4,3,4.615384615384615,0.15938985563263827,0.14536714508729012
picking,5,3,4.615384615384615,0.19923731954079782,0.14536571737630485
stamped,3,3,4.615384615384615,0.1195423917244787,0.14536377129174313
tiered,4,2,3.076923076923077,0.15938985563263827,0.14531782645599514
encouraged,3,3,4.615384615384615,0.1195423917244787,0.14525561192108713
strive,5,4,6.153846153846154,0.19923731954079782,0.14519958973786168
dpos,8,2,3.076923076923077,0.31877971126527654,0.14516681212600477
affinity,5,3,4.615384615384615,0.19923731954079782,0.14508073662585835
individuality,2,2,3.076923076923077,0.07969492781631914,0.14502956017705046
stricter,2,2,3.076923076923077,0.07969492781631914,0.14502956017705046
enforceability,3,2,3.076923076923077,0.1195423917244787,0.1450205983696214
prioritise,2,2,3.076923076923077,0.07969492781631914,0.14497859516172773
maturity,3,3,4.615384615384615,0.1195423917244787,0.1449041764039192
inefficient,5,4,6.153846153846154,0.19923731954079782,0.14485898163144917
assertion,6,5,7.6923076923076925,0.2390847834489574,0.14484275764603602
utilisation,4,3,4.615384615384615,0.15938985563263827,0.14482585387586855
maximization,4,3,4.615384615384615,0.15938985563263827,0.14481162440340717
labour,3,2,3.076923076923077,0.1195423917244787,0.14477746658796584
deepika,3,2,3.076923076923077,0.1195423917244787,0.1447722612160063
pass,4,4,6.153846153846154,0.15938985563263827,0.14464213135233414
prop,3,3,4.615384615384615,0.1195423917244787,0.14454124597118984
labelled,2,2,3.076923076923077,0.07969492781631914,0.14452277662212434
cai,5,3,4.615384615384615,0.19923731954079782,0.1444867601491904
unknowingly,2,2,3.076923076923077,0.07969492781631914,0.14443185213139736
customization,4,4,6.153846153846154,0.15938985563263827,0.14443080048300994
summation,5,2,3.076923076923077,0.19923731954079782,0.14442752050997285
workspace,4,3,4.615384615384615,0.15938985563263827,0.1443202656200532
cater,6,5,7.6923076923076925,0.2390847834489574,0.14429286980867087
shot,3,3,4.615384615384615,0.1195423917244787,0.1441693724605432
perceives,5,2,3.076923076923077,0.19923731954079782,0.1441214004468629
breeding,3,3,4.615384615384615,0.1195423917244787,0.1440894286035711
criticism,4,3,4.615384615384615,0.15938985563263827,0.14389507816037958
punishment,5,4,6.153846153846154,0.19923731954079782,0.14387352680677726
articulated,2,2,3.076923076923077,0.07969492781631914,0.14378273441010322
mission,3,3,4.615384615384615,0.1195423917244787,0.14362204946873
shut,5,4,6.153846153846154,0.19923731954079782,0.1435356568100549
potent,4,4,6.153846153846154,0.15938985563263827,0.1434821149296256
mohammed,5,3,4.615384615384615,0.19923731954079782,0.14345814878005678
playability,4,2,3.076923076923077,0.15938985563263827,0.1434156451645796
searcher,3,3,4.615384615384615,0.1195423917244787,0.1432476230602101
undergo,4,4,6.153846153846154,0.15938985563263827,0.1432390995362139
participated,5,4,6.153846153846154,0.19923731954079782,0.14308989978213585
impossibility,3,3,4.615384615384615,0.1195423917244787,0.14304745425979493
restricts,3,3,4.615384615384615,0.1195423917244787,0.14300854175865946
fantasy,4,3,4.615384615384615,0.15938985563263827,0.1430066246903405
hallmark,4,4,6.153846153846154,0.15938985563263827,0.14297064014351069
zone,4,3,4.615384615384615,0.15938985563263827,0.14296267199958437
flawless,3,3,4.615384615384615,0.1195423917244787,0.14291855917517413
posited,3,3,4.615384615384615,0.1195423917244787,0.14279087663272164
jeopardize,2,2,3.076923076923077,0.07969492781631914,0.14276335746760715
par,5,3,4.615384615384615,0.19923731954079782,0.14257572204186583
ticipants,5,3,4.615384615384615,0.19923731954079782,0.14257572204186583
ness,4,4,6.153846153846154,0.15938985563263827,0.14249716981184254
undermines,5,4,6.153846153846154,0.19923731954079782,0.1424358849983915
btcgs,7,2,3.076923076923077,0.27893224735711697,0.142432589871943
adam,4,3,4.615384615384615,0.15938985563263827,0.14243136832681233
invalidated,2,2,3.076923076923077,0.07969492781631914,0.14241113499385025
tender,4,3,4.615384615384615,0.15938985563263827,0.14239990011827852
critic,5,3,4.615384615384615,0.19923731954079782,0.14239402223961298
motivates,4,4,6.153846153846154,0.15938985563263827,0.14238411040342908
amplify,8,5,7.6923076923076925,0.31877971126527654,0.1422495031255327
debut,3,3,4.615384615384615,0.1195423917244787,0.14221093505111984
youth,4,4,6.153846153846154,0.15938985563263827,0.14220636829786193
overarching,6,5,7.6923076923076925,0.2390847834489574,0.14219275704519638
inperson,2,2,3.076923076923077,0.07969492781631914,0.14216784312414982
matplotlib,2,2,3.076923076923077,0.07969492781631914,0.14216784312414982
numpy,2,2,3.076923076923077,0.07969492781631914,0.14216784312414982
seaborn,2,2,3.076923076923077,0.07969492781631914,0.14216784312414982
volodymyr,3,2,3.076923076923077,0.1195423917244787,0.1420943042065346
margin,3,3,4.615384615384615,0.1195423917244787,0.1419409325250293
geographically,3,3,4.615384615384615,0.1195423917244787,0.1419040107139969
irreversible,5,4,6.153846153846154,0.19923731954079782,0.1419016579607836
fruitful,3,3,4.615384615384615,0.1195423917244787,0.14189520084065882
clinical,3,3,4.615384615384615,0.1195423917244787,0.14185481238913783
replicates,3,3,4.615384615384615,0.1195423917244787,0.1418232258941278
consultant,3,2,3.076923076923077,0.1195423917244787,0.1417664954203362
reset,5,4,6.153846153846154,0.19923731954079782,0.14157901433695266
lighting,4,3,4.615384615384615,0.15938985563263827,0.14156730467988732
liao,5,3,4.615384615384615,0.19923731954079782,0.14153275257614742
physiological,12,2,3.076923076923077,0.4781695668979148,0.14140747345543853
confiscation,2,2,3.076923076923077,0.07969492781631914,0.14133010866529186
mckinsey,2,2,3.076923076923077,0.07969492781631914,0.14133010866529186
shariah,2,2,3.076923076923077,0.07969492781631914,0.14133010866529186
widen,3,2,3.076923076923077,0.1195423917244787,0.1412973757387007
payload,5,3,4.615384615384615,0.19923731954079782,0.14128132014591283
comprehend,4,2,3.076923076923077,0.15938985563263827,0.1411835419347918
mixing,4,3,4.615384615384615,0.15938985563263827,0.14116826581523337
interception,4,4,6.153846153846154,0.15938985563263827,0.1411646889894783
grayscale,4,2,3.076923076923077,0.15938985563263827,0.14104681939215719
drl,5,2,3.076923076923077,0.19923731954079782,0.1410133433699316
fuse,5,2,3.076923076923077,0.19923731954079782,0.1410133433699316
compounded,2,2,3.076923076923077,0.07969492781631914,0.14090318557781426
mathematically,5,3,4.615384615384615,0.19923731954079782,0.14089438110847316
point_failure,3,3,4.615384615384615,0.1195423917244787,0.14079712038326178
comprise,4,4,6.153846153846154,0.15938985563263827,0.14079270385020737
jae,3,2,3.076923076923077,0.1195423917244787,0.1405368506089509
instruct,3,3,4.615384615384615,0.1195423917244787,0.14047662453164758
entirety,2,2,3.076923076923077,0.07969492781631914,0.14033522204084542
tai,6,2,3.076923076923077,0.2390847834489574,0.14028115531874932
annually,4,3,4.615384615384615,0.15938985563263827,0.14027952975122357
intensifying,4,4,6.153846153846154,0.15938985563263827,0.14025386518114025
matthew,5,4,6.153846153846154,0.19923731954079782,0.1400810795543917
dna,4,4,6.153846153846154,0.15938985563263827,0.14007977137227368
disclosing,4,2,3.076923076923077,0.15938985563263827,0.13997683954114898
imaginary,3,2,3.076923076923077,0.1195423917244787,0.13994137845234186
continues_evolve,2,2,3.076923076923077,0.07969492781631914,0.13993627697372069
pathak,2,2,3.076923076923077,0.07969492781631914,0.1398802427014572
poison,3,2,3.076923076923077,0.1195423917244787,0.1398351613305242
periodically,5,5,7.6923076923076925,0.19923731954079782,0.13981576040660487
entrepreneurship,5,4,6.153846153846154,0.19923731954079782,0.13952704317402742
fundraising,7,3,4.615384615384615,0.27893224735711697,0.13946923586330384
fabricating,3,2,3.076923076923077,0.1195423917244787,0.1394507138016186
hop,6,4,6.153846153846154,0.2390847834489574,0.13944264196818149
hero,4,3,4.615384615384615,0.15938985563263827,0.13938962169843272
translator,3,3,4.615384615384615,0.1195423917244787,0.13933549788895466
tradability,3,3,4.615384615384615,0.1195423917244787,0.13933274931456183
route,5,5,7.6923076923076925,0.19923731954079782,0.13919476731410857
withdrawn,4,2,3.076923076923077,0.15938985563263827,0.13912731638484147
misclassification,3,2,3.076923076923077,0.1195423917244787,0.13910908606186642
shanghai,3,3,4.615384615384615,0.1195423917244787,0.139106433547125
exceeded,4,4,6.153846153846154,0.15938985563263827,0.13902160944070854
vive,3,3,4.615384615384615,0.1195423917244787,0.13883906770962648
conform,3,3,4.615384615384615,0.1195423917244787,0.13878933528228818
forever,4,4,6.153846153846154,0.15938985563263827,0.13877841191209614
indexed,4,2,3.076923076923077,0.15938985563263827,0.13876618936283108
layout,3,3,4.615384615384615,0.1195423917244787,0.13875241347125578
facilitation,3,3,4.615384615384615,0.1195423917244787,0.13874221713476226
stepping,3,3,4.615384615384615,0.1195423917244787,0.13862005736259944
protective,5,4,6.153846153846154,0.19923731954079782,0.13853930505798037
ordinary,4,2,3.076923076923077,0.15938985563263827,0.13853822273039795
gear,7,4,6.153846153846154,0.27893224735711697,0.13846153199488953
oxford,5,4,6.153846153846154,0.19923731954079782,0.13844243270654935
clarifying,4,3,4.615384615384615,0.15938985563263827,0.13828332227173604
sluggish,3,2,3.076923076923077,0.1195423917244787,0.13823337932352608
timing,5,4,6.153846153846154,0.19923731954079782,0.13820826134150577
sony,4,3,4.615384615384615,0.15938985563263827,0.1381719915809446
tier,4,3,4.615384615384615,0.15938985563263827,0.13815999135058032
intervene,4,3,4.615384615384615,0.15938985563263827,0.13813394270680224
consolidation,4,4,6.153846153846154,0.15938985563263827,0.13809496709583358
diem,5,2,3.076923076923077,0.19923731954079782,0.13808008707457445
infringed,2,2,3.076923076923077,0.07969492781631914,0.13801622797222776
walk,7,3,4.615384615384615,0.27893224735711697,0.1379446182318976
tional,4,3,4.615384615384615,0.15938985563263827,0.13792246399292232
htt,10,2,3.076923076923077,0.39847463908159564,0.1379029008552983
multiplicative,4,4,6.153846153846154,0.15938985563263827,0.1377793384582886
survive,4,2,3.076923076923077,0.15938985563263827,0.13766686476642032
crashed,3,3,4.615384615384615,0.1195423917244787,0.13763766897610907
interacts,4,3,4.615384615384615,0.15938985563263827,0.1375865018210957
contradict,3,3,4.615384615384615,0.1195423917244787,0.13750126320138514
obviously,3,3,4.615384615384615,0.1195423917244787,0.13735670687888726
admission,4,3,4.615384615384615,0.15938985563263827,0.13724746303967017
deanonymization,4,2,3.076923076923077,0.15938985563263827,0.1371729382178067
depicting,3,3,4.615384615384615,0.1195423917244787,0.1371448253969631
transcendence,3,3,4.615384615384615,0.1195423917244787,0.13714170727307712
journey,5,3,4.615384615384615,0.19923731954079782,0.13696874937824358
mainchain,3,2,3.076923076923077,0.1195423917244787,0.1368602996754257
environmentally,4,3,4.615384615384615,0.15938985563263827,0.1368465657704238
younger,3,3,4.615384615384615,0.1195423917244787,0.1366545078720867
machinery,4,4,6.153846153846154,0.15938985563263827,0.1365971212216227
seizure,6,2,3.076923076923077,0.2390847834489574,0.13657592739342067
preservation,4,4,6.153846153846154,0.15938985563263827,0.13656907093374762
vortex,6,3,4.615384615384615,0.2390847834489574,0.13653923892598302
pri,5,3,4.615384615384615,0.19923731954079782,0.13642789876270836
sens,5,3,4.615384615384615,0.19923731954079782,0.13635620296291623
grouping,5,4,6.153846153846154,0.19923731954079782,0.13631955076600505
reap,3,3,4.615384615384615,0.1195423917244787,0.1362827268137418
accepts,4,4,6.153846153846154,0.15938985563263827,0.1362714185779905
concealed,5,3,4.615384615384615,0.19923731954079782,0.13612408297269696
infeasible,3,2,3.076923076923077,0.1195423917244787,0.1360667875882525
snapshot,6,4,6.153846153846154,0.2390847834489574,0.1360169504557632
collapsed,6,2,3.076923076923077,0.2390847834489574,0.13596383799374273
organisational,6,2,3.076923076923077,0.2390847834489574,0.1359593676594845
vanish,2,2,3.076923076923077,0.07969492781631914,0.13588955137613015
cryptovoxels,2,2,3.076923076923077,0.07969492781631914,0.13588418664900803
accommodating,4,4,6.153846153846154,0.15938985563263827,0.13584297012812654
angle,6,6,9.23076923076923,0.2390847834489574,0.1357870678050736
insertion,2,2,3.076923076923077,0.07969492781631914,0.13568723461596507
hololens,3,2,3.076923076923077,0.1195423917244787,0.13559175933803205
renewable,4,3,4.615384615384615,0.15938985563263827,0.1355709276003709
saying,5,2,3.076923076923077,0.19923731954079782,0.13549788649389075
dionisio,6,2,3.076923076923077,0.2390847834489574,0.13547546094715907
hanging,3,2,3.076923076923077,0.1195423917244787,0.13540644288788134
unrelated,4,4,6.153846153846154,0.15938985563263827,0.13534871492746145
ben,3,3,4.615384615384615,0.1195423917244787,0.13530835825415763
specifying,4,4,6.153846153846154,0.15938985563263827,0.13529890410086348
lucrative,3,3,4.615384615384615,0.1195423917244787,0.13527640727759058
vertically,3,2,3.076923076923077,0.1195423917244787,0.1350236889442465
tutorial,4,3,4.615384615384615,0.15938985563263827,0.13496210695633068
competency,4,3,4.615384615384615,0.15938985563263827,0.13494154853591175
icon,3,3,4.615384615384615,0.1195423917244787,0.13489801569325716
governs,4,3,4.615384615384615,0.15938985563263827,0.13483329374197212
incentivized,4,3,4.615384615384615,0.15938985563263827,0.13482615336256454
snark,3,3,4.615384615384615,0.1195423917244787,0.13481810081995393
optical,4,4,6.153846153846154,0.15938985563263827,0.1347693343954542
revoking,3,3,4.615384615384615,0.1195423917244787,0.13464079365941983
fault,4,3,4.615384615384615,0.15938985563263827,0.13463541912119786
headline,3,3,4.615384615384615,0.1195423917244787,0.13449763320603705
abeer,6,2,3.076923076923077,0.2390847834489574,0.13445624616242918
steadily,3,3,4.615384615384615,0.1195423917244787,0.13436857824918733
pretrained,4,4,6.153846153846154,0.15938985563263827,0.1343183264792467
txt,3,2,3.076923076923077,0.1195423917244787,0.13423028060212738
initialized,3,3,4.615384615384615,0.1195423917244787,0.13420905741142428
glance,3,3,4.615384615384615,0.1195423917244787,0.13420864416406147
wage,3,3,4.615384615384615,0.1195423917244787,0.13417166556222065
opposed,6,4,6.153846153846154,0.2390847834489574,0.13403284662603765
transcript,4,2,3.076923076923077,0.15938985563263827,0.13391684961225084
imitate,4,3,4.615384615384615,0.15938985563263827,0.13385410234186046
gov,4,3,4.615384615384615,0.15938985563263827,0.13377896920402707
affiliation,4,2,3.076923076923077,0.15938985563263827,0.13371883608824167
analyzer,4,3,4.615384615384615,0.15938985563263827,0.1336539195389838
literary,3,2,3.076923076923077,0.1195423917244787,0.1336439018247029
newer,4,4,6.153846153846154,0.15938985563263827,0.133618273718
ber,4,2,3.076923076923077,0.15938985563263827,0.13358182402482435
poorly,6,5,7.6923076923076925,0.2390847834489574,0.133541390242769
kuru,7,3,4.615384615384615,0.27893224735711697,0.13350324581253753
responsiveness,4,3,4.615384615384615,0.15938985563263827,0.133477162798049
maximizing,5,5,7.6923076923076925,0.19923731954079782,0.13288827842979858
administrative,4,3,4.615384615384615,0.15938985563263827,0.13284363050079936
fed,5,3,4.615384615384615,0.19923731954079782,0.13282669669661323
vrchat,3,3,4.615384615384615,0.1195423917244787,0.1327306326738452
launching,3,3,4.615384615384615,0.1195423917244787,0.13267170099325323
newest,3,3,4.615384615384615,0.1195423917244787,0.13262390352140002
automobile,2,2,3.076923076923077,0.07969492781631914,0.13247106094053315
everydays,2,2,3.076923076923077,0.07969492781631914,0.13247106094053315
mike,2,2,3.076923076923077,0.07969492781631914,0.13247106094053315
permanence,2,2,3.076923076923077,0.07969492781631914,0.13247106094053315
winkelmann,2,2,3.076923076923077,0.07969492781631914,0.13247106094053315
longitudinal,4,3,4.615384615384615,0.15938985563263827,0.13242742070743152
chronological,4,4,6.153846153846154,0.15938985563263827,0.1323871495031503
decentralizing,2,2,3.076923076923077,0.07969492781631914,0.1323693929955593
probable,3,3,4.615384615384615,0.1195423917244787,0.13236502055717717
latin,3,3,4.615384615384615,0.1195423917244787,0.132360294544858
kolmogorov,6,2,3.076923076923077,0.2390847834489574,0.1320454463400695
smirnov,6,2,3.076923076923077,0.2390847834489574,0.1320454463400695
equip,4,4,6.153846153846154,0.15938985563263827,0.1319743096569415
endeavour,3,2,3.076923076923077,0.1195423917244787,0.13197131319298894
tenet,3,2,3.076923076923077,0.1195423917244787,0.13197131319298894
allocating,4,4,6.153846153846154,0.15938985563263827,0.13196441787311983
dealer,4,3,4.615384615384615,0.15938985563263827,0.1319246263310999
vehicular,3,2,3.076923076923077,0.1195423917244787,0.13182330948536553
speak,4,4,6.153846153846154,0.15938985563263827,0.1317449524480018
granular,11,2,3.076923076923077,0.4383221029897552,0.13172573501287319
unlabeled,6,2,3.076923076923077,0.2390847834489574,0.13166189155949737
bored,3,2,3.076923076923077,0.1195423917244787,0.1315854489544754
musk,4,2,3.076923076923077,0.15938985563263827,0.1315770658233349
lighter,3,3,4.615384615384615,0.1195423917244787,0.13144787608069566
denominator,4,3,4.615384615384615,0.15938985563263827,0.1314456895122459
whilst,5,4,6.153846153846154,0.19923731954079782,0.13136659951390614
nanjing,3,2,3.076923076923077,0.1195423917244787,0.13127382916647123
ought,2,2,3.076923076923077,0.07969492781631914,0.13122443176935247
didn,5,2,3.076923076923077,0.19923731954079782,0.13118647287313787
falsely,3,3,4.615384615384615,0.1195423917244787,0.1311567799030853
referencing,3,3,4.615384615384615,0.1195423917244787,0.1309663789307761
privately,4,4,6.153846153846154,0.15938985563263827,0.1309266810752955
dominated,4,3,4.615384615384615,0.15938985563263827,0.13077150850759162
decisionmaking,5,5,7.6923076923076925,0.19923731954079782,0.1307618287774982
standpoint,7,2,3.076923076923077,0.27893224735711697,0.1307435859858273
cautious,4,3,4.615384615384615,0.15938985563263827,0.1307288970892603
chandra,3,3,4.615384615384615,0.1195423917244787,0.13064701508658935
escalation,4,4,6.153846153846154,0.15938985563263827,0.1305281274761705
invitation,3,2,3.076923076923077,0.1195423917244787,0.1304484880988613
gatekeeper,3,2,3.076923076923077,0.1195423917244787,0.13038939254367032
restaurant,3,2,3.076923076923077,0.1195423917244787,0.13028430019587317
reasoning,3,2,3.076923076923077,0.1195423917244787,0.13023836657796148
devise,4,4,6.153846153846154,0.15938985563263827,0.13022750130064695
badruddoja,3,3,4.615384615384615,0.1195423917244787,0.13020886152115388
inhabited,3,3,4.615384615384615,0.1195423917244787,0.13020142874719404
gamer,2,2,3.076923076923077,0.07969492781631914,0.13018098370609943
unsupervised,6,3,4.615384615384615,0.2390847834489574,0.13004492031683218
healthy,2,2,3.076923076923077,0.07969492781631914,0.1299815010884773
scrutinize,3,2,3.076923076923077,0.1195423917244787,0.12995609817836368
domination,4,2,3.076923076923077,0.15938985563263827,0.1298888311203574
violent,4,3,4.615384615384615,0.15938985563263827,0.12986276819950493
toolkit,4,3,4.615384615384615,0.15938985563263827,0.12985533225449897
steep,4,3,4.615384615384615,0.15938985563263827,0.1297600625646096
booming,3,3,4.615384615384615,0.1195423917244787,0.129731240245896
elimination,6,4,6.153846153846154,0.2390847834489574,0.12966249989190454
island,5,2,3.076923076923077,0.19923731954079782,0.1296491807833992
forerunner,3,2,3.076923076923077,0.1195423917244787,0.1296118186299438
polarization,5,2,3.076923076923077,0.19923731954079782,0.12958900005074922
notify,3,3,4.615384615384615,0.1195423917244787,0.12928487697439964
prioritising,5,4,6.153846153846154,0.19923731954079782,0.12915086338505302
phe,5,2,3.076923076923077,0.19923731954079782,0.1290766505889188
decoder,3,2,3.076923076923077,0.1195423917244787,0.12895344511968918
clue,3,3,4.615384615384615,0.1195423917244787,0.12893096868302678
estimation,4,2,3.076923076923077,0.15938985563263827,0.12891646426045061
germany,4,2,3.076923076923077,0.15938985563263827,0.12863471725180317
hassan,2,2,3.076923076923077,0.07969492781631914,0.1286011675914341
casino,5,3,4.615384615384615,0.19923731954079782,0.1285268206771779
disrupting,4,3,4.615384615384615,0.15938985563263827,0.12849556887655894
fragmentation,4,4,6.153846153846154,0.15938985563263827,0.1283813224746423
philosophy,3,3,4.615384615384615,0.1195423917244787,0.12835927889249796
quorum,2,2,3.076923076923077,0.07969492781631914,0.12835473833630878
elevated,5,3,4.615384615384615,0.19923731954079782,0.12816007472601673
underflow,2,2,3.076923076923077,0.07969492781631914,0.12793378286153226
vanishing,3,3,4.615384615384615,0.1195423917244787,0.12792185778004986
informs,3,3,4.615384615384615,0.1195423917244787,0.1278747419410572
staked,3,2,3.076923076923077,0.1195423917244787,0.12787162984805997
streamlined,5,5,7.6923076923076925,0.19923731954079782,0.12755658770898212
oil,3,3,4.615384615384615,0.1195423917244787,0.12746765432391816
undergoes,5,4,6.153846153846154,0.19923731954079782,0.1274257984763508
confronted,4,3,4.615384615384615,0.15938985563263827,0.1273457608713626
clicking,3,3,4.615384615384615,0.1195423917244787,0.12733242632524716
impartial,3,3,4.615384615384615,0.1195423917244787,0.12729571609941095
inject,5,3,4.615384615384615,0.19923731954079782,0.12727109671905434
nist,4,4,6.153846153846154,0.15938985563263827,0.12716825804011964
photorealistic,4,2,3.076923076923077,0.15938985563263827,0.1270050681088754
attain,3,3,4.615384615384615,0.1195423917244787,0.1269576455954247
destabilize,2,2,3.076923076923077,0.07969492781631914,0.12692226129746087
indefinitely,2,2,3.076923076923077,0.07969492781631914,0.12692226129746087
promised,3,3,4.615384615384615,0.1195423917244787,0.12676750407355433
inflated,3,3,4.615384615384615,0.1195423917244787,0.12676182003623984
washing,3,2,3.076923076923077,0.1195423917244787,0.12664976763473512
augmenting,3,3,4.615384615384615,0.1195423917244787,0.12663889380284246
imagine,4,4,6.153846153846154,0.15938985563263827,0.1266153327309119
respectable,2,2,3.076923076923077,0.07969492781631914,0.12656458380679916
abundant,3,3,4.615384615384615,0.1195423917244787,0.12648180952732166
sin,3,2,3.076923076923077,0.1195423917244787,0.12646908565008053
pointing,4,4,6.153846153846154,0.15938985563263827,0.12641413383482483
blind,5,4,6.153846153846154,0.19923731954079782,0.126374358531412
consumes,4,3,4.615384615384615,0.15938985563263827,0.12632390861670298
shock,6,2,3.076923076923077,0.2390847834489574,0.1262966659419102
undermine,5,5,7.6923076923076925,0.19923731954079782,0.12628962710613376
furniture,2,2,3.076923076923077,0.07969492781631914,0.12621636567672478
spike,5,2,3.076923076923077,0.19923731954079782,0.12615997101304263
dance,4,2,3.076923076923077,0.15938985563263827,0.12611726148987024
purview,3,3,4.615384615384615,0.1195423917244787,0.12609670768475795
wan,3,2,3.076923076923077,0.1195423917244787,0.12606947670757382
ordered,3,3,4.615384615384615,0.1195423917244787,0.12604352153811324
solo,4,2,3.076923076923077,0.15938985563263827,0.12602366657827777
redundancy,2,2,3.076923076923077,0.07969492781631914,0.12599080976315027
prioritizes,3,3,4.615384615384615,0.1195423917244787,0.12591568785408527
horizontal,4,4,6.153846153846154,0.15938985563263827,0.12585350863777878
infection,3,3,4.615384615384615,0.1195423917244787,0.12583754906057065
collaboratively,6,5,7.6923076923076925,0.2390847834489574,0.12583354961424126
hedging,2,2,3.076923076923077,0.07969492781631914,0.12582947859602844
bounce,2,2,3.076923076923077,0.07969492781631914,0.12579812471645896
indivisibility,2,2,3.076923076923077,0.07969492781631914,0.12579812471645896
predictability,5,4,6.153846153846154,0.19923731954079782,0.1257743779669908
hospitality,3,2,3.076923076923077,0.1195423917244787,0.12576842387293827
moher,3,2,3.076923076923077,0.1195423917244787,0.12576842387293827
mac,3,3,4.615384615384615,0.1195423917244787,0.12574888488880018
witness,3,3,4.615384615384615,0.1195423917244787,0.12564349644716322
invade,4,2,3.076923076923077,0.15938985563263827,0.12562744884319946
marr,3,3,4.615384615384615,0.1195423917244787,0.12558771324981002
woman,3,3,4.615384615384615,0.1195423917244787,0.1255785049384104
clip,2,2,3.076923076923077,0.07969492781631914,0.12555510374838705
closing,6,4,6.153846153846154,0.2390847834489574,0.12544016346975376
fragile,2,2,3.076923076923077,0.07969492781631914,0.12534314537707078
impede,3,2,3.076923076923077,0.1195423917244787,0.12534123672842684
externally,2,2,3.076923076923077,0.07969492781631914,0.1253096502709778
impervious,3,2,3.076923076923077,0.1195423917244787,0.12529846809833445
underpin,6,5,7.6923076923076925,0.2390847834489574,0.1252276756289748
objectively,5,4,6.153846153846154,0.19923731954079782,0.12522085325695875
pretend,3,3,4.615384615384615,0.1195423917244787,0.1250999869058589
illegitimate,2,2,3.076923076923077,0.07969492781631914,0.1250871401319855
en,6,3,4.615384615384615,0.2390847834489574,0.12497823215867956
lifetime,4,4,6.153846153846154,0.15938985563263827,0.12486310528141158
litigation,2,2,3.076923076923077,0.07969492781631914,0.12473196272349478
platinum,5,2,3.076923076923077,0.19923731954079782,0.12464005002329484
configuring,3,2,3.076923076923077,0.1195423917244787,0.12463699966872589
organize,4,3,4.615384615384615,0.15938985563263827,0.12458898227399962
intense,3,3,4.615384615384615,0.1195423917244787,0.12441532896804572
submitting,3,3,4.615384615384615,0.1195423917244787,0.12436467867341221
opensource,2,2,3.076923076923077,0.07969492781631914,0.12436332616958357
accustomed,2,2,3.076923076923077,0.07969492781631914,0.12427698338410657
restitution,2,2,3.076923076923077,0.07969492781631914,0.12427698338410657
alphabet,3,2,3.076923076923077,0.1195423917244787,0.1242635466834729
spain,3,2,3.076923076923077,0.1195423917244787,0.1242635466834729
limitededition,2,2,3.076923076923077,0.07969492781631914,0.12425088210731904
lately,3,3,4.615384615384615,0.1195423917244787,0.12424736978234616
startup,4,3,4.615384615384615,0.15938985563263827,0.12422293008930836
augments,4,4,6.153846153846154,0.15938985563263827,0.12420388191542316
suite,3,3,4.615384615384615,0.1195423917244787,0.12417141792602805
immerses,5,4,6.153846153846154,0.19923731954079782,0.12409540489264391
modifying,3,3,4.615384615384615,0.1195423917244787,0.12389336010397489
yan,3,2,3.076923076923077,0.1195423917244787,0.12382218726345721
smarter,6,3,4.615384615384615,0.2390847834489574,0.1237244843878139
unfamiliar,4,3,4.615384615384615,0.15938985563263827,0.12372158992534232
communicates,2,2,3.076923076923077,0.07969492781631914,0.12368616510033256
infiltrate,5,2,3.076923076923077,0.19923731954079782,0.12362431686023653
obliged,3,2,3.076923076923077,0.1195423917244787,0.12350094925965432
fused,4,4,6.153846153846154,0.15938985563263827,0.12347456560352618
musical,3,3,4.615384615384615,0.1195423917244787,0.12343048452991717
mediates,4,2,3.076923076923077,0.15938985563263827,0.12342810124235902
portability,4,4,6.153846153846154,0.15938985563263827,0.12331593715263683
birthday,3,3,4.615384615384615,0.1195423917244787,0.12326699768563357
delegate,5,4,6.153846153846154,0.19923731954079782,0.1232180177836088
personnel,2,2,3.076923076923077,0.07969492781631914,0.12312050295001511
lifecycle,6,3,4.615384615384615,0.2390847834489574,0.12311580786859437
judicial,3,2,3.076923076923077,0.1195423917244787,0.12310855871326126
entangled,2,2,3.076923076923077,0.07969492781631914,0.12302085383346313
edward,2,2,3.076923076923077,0.07969492781631914,0.12300073184330872
refrain,2,2,3.076923076923077,0.07969492781631914,0.12300073184330872
alluring,3,3,4.615384615384615,0.1195423917244787,0.12293683601793155
mindful,3,3,4.615384615384615,0.1195423917244787,0.1228838171225202
sitting,5,2,3.076923076923077,0.19923731954079782,0.12280829387244177
adapts,5,4,6.153846153846154,0.19923731954079782,0.12280268713573571
mirroring,4,4,6.153846153846154,0.15938985563263827,0.12279613951102179
conceived,4,4,6.153846153846154,0.15938985563263827,0.12263602868684571
flagged,4,4,6.153846153846154,0.15938985563263827,0.1224499773321704
cooperate,5,4,6.153846153846154,0.19923731954079782,0.1223879816607461
bookkeeping,2,2,3.076923076923077,0.07969492781631914,0.1223691989313657
dig,3,3,4.615384615384615,0.1195423917244787,0.12233211655047967
dependability,2,2,3.076923076923077,0.07969492781631914,0.12230401966607213
visualisation,7,3,4.615384615384615,0.27893224735711697,0.12226070478088667
endanger,2,2,3.076923076923077,0.07969492781631914,0.12225368806148465
opacity,3,2,3.076923076923077,0.1195423917244787,0.12224312339339004
experimented,2,2,3.076923076923077,0.07969492781631914,0.12222567435139774
emphasised,6,3,4.615384615384615,0.2390847834489574,0.12219851206479034
battlefield,3,2,3.076923076923077,0.1195423917244787,0.12218326065604107
oneself,3,3,4.615384615384615,0.1195423917244787,0.12217098619799144
mahmoud,2,2,3.076923076923077,0.07969492781631914,0.12210337019020344
correction,4,2,3.076923076923077,0.15938985563263827,0.12200840800437064
goyal,2,2,3.076923076923077,0.07969492781631914,0.12197550134066291
continual,3,3,4.615384615384615,0.1195423917244787,0.12194674646993736
interestingly,4,3,4.615384615384615,0.15938985563263827,0.12183407636544208
residential,2,2,3.076923076923077,0.07969492781631914,0.12179189104363887
reply,3,3,4.615384615384615,0.1195423917244787,0.12165199214255193
recreating,4,2,3.076923076923077,0.15938985563263827,0.12151917934622107
bold,4,3,4.615384615384615,0.15938985563263827,0.12133045103479453
multiuser,4,3,4.615384615384615,0.15938985563263827,0.12132289659646006
reproducible,2,2,3.076923076923077,0.07969492781631914,0.12132223652717404
pursued,3,3,4.615384615384615,0.1195423917244787,0.12131371279279111
precondition,3,2,3.076923076923077,0.1195423917244787,0.12127068392785073
teaching,3,3,4.615384615384615,0.1195423917244787,0.12114096211450755
clearing,3,3,4.615384615384615,0.1195423917244787,0.12109451998111866
averses,3,2,3.076923076923077,0.1195423917244787,0.12089112630374689
ically,3,2,3.076923076923077,0.1195423917244787,0.12089112630374689
vocational,3,2,3.076923076923077,0.1195423917244787,0.12081883964451538
clean,5,2,3.076923076923077,0.19923731954079782,0.12072957755816016
statute,2,2,3.076923076923077,0.07969492781631914,0.12070164062629395
pinata,2,2,3.076923076923077,0.07969492781631914,0.1206410770350016
synced,2,2,3.076923076923077,0.07969492781631914,0.1206410770350016
sidechains,3,2,3.076923076923077,0.1195423917244787,0.12058952443567827
notary,7,2,3.076923076923077,0.27893224735711697,0.12058153071062704
cryptology,3,3,4.615384615384615,0.1195423917244787,0.12055469362347178
organizing,3,2,3.076923076923077,0.1195423917244787,0.12042208825137332
dancer,4,2,3.076923076923077,0.15938985563263827,0.12036848109171096
perturbation,2,2,3.076923076923077,0.07969492781631914,0.12034608078858834
handed,2,2,3.076923076923077,0.07969492781631914,0.12034326352300313
rfidan,3,2,3.076923076923077,0.1195423917244787,0.12030649018268494
demanding,3,3,4.615384615384615,0.1195423917244787,0.12030038175329294
jiang,5,4,6.153846153846154,0.19923731954079782,0.12026061959628549
g20,3,2,3.076923076923077,0.1195423917244787,0.12025959339180389
haptics,10,2,3.076923076923077,0.39847463908159564,0.12015162634495057
triangular,4,2,3.076923076923077,0.15938985563263827,0.12010623505569117
connor,4,2,3.076923076923077,0.15938985563263827,0.12007974750463721
builder,5,2,3.076923076923077,0.19923731954079782,0.11994009564744512
clarke,5,3,4.615384615384615,0.19923731954079782,0.11991651486265335
reinforces,2,2,3.076923076923077,0.07969492781631914,0.11985722857069485
bunch,3,3,4.615384615384615,0.1195423917244787,0.1197887899307439
cleverly,3,3,4.615384615384615,0.1195423917244787,0.119584671096272
panel,4,3,4.615384615384615,0.15938985563263827,0.11951844220067583
hair,4,2,3.076923076923077,0.15938985563263827,0.11946086955893144
khaled,4,2,3.076923076923077,0.15938985563263827,0.11940841392838353
raja,4,2,3.076923076923077,0.15938985563263827,0.11940841392838353
edged,2,2,3.076923076923077,0.07969492781631914,0.11936619928217068
measurable,2,2,3.076923076923077,0.07969492781631914,0.11936619928217068
hypothetical,5,5,7.6923076923076925,0.19923731954079782,0.11934446006385152
proximity,4,3,4.615384615384615,0.15938985563263827,0.119261963950676
ward,5,4,6.153846153846154,0.19923731954079782,0.1191006008316773
phased,2,2,3.076923076923077,0.07969492781631914,0.11903016250813606
hint,3,3,4.615384615384615,0.1195423917244787,0.1189170969972155
earliest,5,3,4.615384615384615,0.19923731954079782,0.11878427520019468
hotspot,2,2,3.076923076923077,0.07969492781631914,0.11873466153104986
ology,2,2,3.076923076923077,0.07969492781631914,0.11873466153104986
justification,5,2,3.076923076923077,0.19923731954079782,0.11872835327140185
testament,5,3,4.615384615384615,0.19923731954079782,0.11865133736092022
euro,3,3,4.615384615384615,0.1195423917244787,0.11859767143152987
rivest,3,2,3.076923076923077,0.1195423917244787,0.11854705401988726
underpinnings,5,3,4.615384615384615,0.19923731954079782,0.11853931427986639
advertise,2,2,3.076923076923077,0.07969492781631914,0.11842318238448529
custody,5,3,4.615384615384615,0.19923731954079782,0.11834155047585755
transmitting,4,3,4.615384615384615,0.15938985563263827,0.1181783400027832
joy,3,3,4.615384615384615,0.1195423917244787,0.11813675762760494
rajawat,3,3,4.615384615384615,0.1195423917244787,0.11808504409975691
explode,3,3,4.615384615384615,0.1195423917244787,0.11797897829679874
pleasure,3,2,3.076923076923077,0.1195423917244787,0.11785647810975049
conceivable,2,2,3.076923076923077,0.07969492781631914,0.11784121681945954
practises,2,2,3.076923076923077,0.07969492781631914,0.11784121681945954
amalgamation,5,3,4.615384615384615,0.19923731954079782,0.1178150281495002
loophole,3,3,4.615384615384615,0.1195423917244787,0.11764497982655543
incoming,3,2,3.076923076923077,0.1195423917244787,0.11762332780125373
uploads,2,2,3.076923076923077,0.07969492781631914,0.11744490486659455
capitalizing,4,3,4.615384615384615,0.15938985563263827,0.11743210019684866
continuity,6,4,6.153846153846154,0.2390847834489574,0.1173696615271027
ming,3,2,3.076923076923077,0.1195423917244787,0.11731809123006298
differs,3,3,4.615384615384615,0.1195423917244787,0.11722074252311344
predominant,4,4,6.153846153846154,0.15938985563263827,0.11718772501737185
selective,4,2,3.076923076923077,0.15938985563263827,0.11717391063495053
san,4,3,4.615384615384615,0.15938985563263827,0.11714764589064508
degrading,3,3,4.615384615384615,0.1195423917244787,0.11714007515723374
downward,4,2,3.076923076923077,0.15938985563263827,0.11706943339205671
uncertain,3,3,4.615384615384615,0.1195423917244787,0.11700229917203822
striving,3,3,4.615384615384615,0.1195423917244787,0.11699238053673952
neutral,3,2,3.076923076923077,0.1195423917244787,0.11697352582454856
vechain,8,2,3.076923076923077,0.31877971126527654,0.11696707567808173
joshi,3,3,4.615384615384615,0.1195423917244787,0.11696029183294707
inspire,2,2,3.076923076923077,0.07969492781631914,0.11690976528514894
prom,3,3,4.615384615384615,0.1195423917244787,0.11686307842325991
shorter,3,2,3.076923076923077,0.1195423917244787,0.1167449008794011
signify,3,3,4.615384615384615,0.1195423917244787,0.1166172415620291
policing,4,3,4.615384615384615,0.15938985563263827,0.11656822969045791
sixth,3,3,4.615384615384615,0.1195423917244787,0.11645642314922222
optional,10,2,3.076923076923077,0.39847463908159564,0.1164426010888418
robustly,3,3,4.615384615384615,0.1195423917244787,0.11644181181768747
disconnect,3,3,4.615384615384615,0.1195423917244787,0.11643487476771501
forced,2,2,3.076923076923077,0.07969492781631914,0.11637585529840146
definitely,4,3,4.615384615384615,0.15938985563263827,0.11630908650222166
unravel,4,4,6.153846153846154,0.15938985563263827,0.11606633562859128
parsing,3,2,3.076923076923077,0.1195423917244787,0.11602283941852898
seeing,4,3,4.615384615384615,0.15938985563263827,0.11601649492492686
pet,4,3,4.615384615384615,0.15938985563263827,0.11589089856128525
colluding,3,2,3.076923076923077,0.1195423917244787,0.11584072512853533
spends,3,3,4.615384615384615,0.1195423917244787,0.11581089038075208
simplifying,3,3,4.615384615384615,0.1195423917244787,0.11580010289878945
sensing,8,4,6.153846153846154,0.31877971126527654,0.1157781465848781
wei,4,2,3.076923076923077,0.15938985563263827,0.11574687257018867
benefited,3,3,4.615384615384615,0.1195423917244787,0.11573917529625688
coherent,6,4,6.153846153846154,0.2390847834489574,0.11569415705693241
analyse,5,3,4.615384615384615,0.19923731954079782,0.11568210025072045
orcid,2,2,3.076923076923077,0.07969492781631914,0.11566018944580124
crawford,3,3,4.615384615384615,0.1195423917244787,0.11555501375933311
selfish,2,2,3.076923076923077,0.07969492781631914,0.11544440376409087
siam,2,2,3.076923076923077,0.07969492781631914,0.11544440376409087
tiny,2,2,3.076923076923077,0.07969492781631914,0.11544440376409087
analogous,4,2,3.076923076923077,0.15938985563263827,0.11542085088796573
offense,2,2,3.076923076923077,0.07969492781631914,0.11530969330543729
hlpsl2if,2,2,3.076923076923077,0.07969492781631914,0.1152857630372814
thailand,2,2,3.076923076923077,0.07969492781631914,0.11528307259696903
underdeveloped,2,2,3.076923076923077,0.07969492781631914,0.11528307259696903
stress,3,3,4.615384615384615,0.1195423917244787,0.11528256443607747
stance,3,3,4.615384615384615,0.1195423917244787,0.1152646480008855
exponentially,6,3,4.615384615384615,0.2390847834489574,0.11525668121330923
bell,4,4,6.153846153846154,0.15938985563263827,0.1151635501260997
leadership,3,3,4.615384615384615,0.1195423917244787,0.11506135806616692
distortion,4,3,4.615384615384615,0.15938985563263827,0.11506117240470971
truffle,2,2,3.076923076923077,0.07969492781631914,0.11505500320625159
complementary,2,2,3.076923076923077,0.07969492781631914,0.11502100060849822
expanse,4,3,4.615384615384615,0.15938985563263827,0.11495405436403949
conceptually,4,3,4.615384615384615,0.15938985563263827,0.1149345261140637
mance,4,2,3.076923076923077,0.15938985563263827,0.11482185525461269
perfor,4,2,3.076923076923077,0.15938985563263827,0.11482185525461269
formidable,4,4,6.153846153846154,0.15938985563263827,0.11473924190470211
audiovisual,3,3,4.615384615384615,0.1195423917244787,0.11471463458063025
wellbeing,8,2,3.076923076923077,0.31877971126527654,0.11470646246073427
tel,2,2,3.076923076923077,0.07969492781631914,0.11470066868618271
rarible,4,3,4.615384615384615,0.15938985563263827,0.1146066685896596
favorable,3,2,3.076923076923077,0.1195423917244787,0.11460156285152612
cli,3,2,3.076923076923077,0.1195423917244787,0.11457646646070832
federation,5,3,4.615384615384615,0.19923731954079782,0.1145721421384649
unavailable,3,3,4.615384615384615,0.1195423917244787,0.11443367886380976
appraisal,3,3,4.615384615384615,0.1195423917244787,0.11437143633606808
envisage,2,2,3.076923076923077,0.07969492781631914,0.11436158927215985
nificant,4,3,4.615384615384615,0.15938985563263827,0.11430950579278222
pertains,3,3,4.615384615384615,0.1195423917244787,0.11430137172890348
evidenced,6,2,3.076923076923077,0.2390847834489574,0.11429417182972178
programmed,2,2,3.076923076923077,0.07969492781631914,0.11428070877458543
intersect,3,3,4.615384615384615,0.1195423917244787,0.11421965405149527
systematization,2,2,3.076923076923077,0.07969492781631914,0.11421691060400485
counteract,5,3,4.615384615384615,0.19923731954079782,0.11408604516429338
initiation,3,3,4.615384615384615,0.1195423917244787,0.11403376981347006
explains,3,3,4.615384615384615,0.1195423917244787,0.11402296032708337
unattainable,2,2,3.076923076923077,0.07969492781631914,0.1139739768776932
obstructs,2,2,3.076923076923077,0.07969492781631914,0.11392086831678437
discernment,2,2,3.076923076923077,0.07969492781631914,0.11391356129810734
honesty,4,2,3.076923076923077,0.15938985563263827,0.1138372914798927
stemming,3,3,4.615384615384615,0.1195423917244787,0.11380923495331184
elucidates,4,4,6.153846153846154,0.15938985563263827,0.11378659862602299
epic,5,4,6.153846153846154,0.19923731954079782,0.11376352834024944
worthy,3,2,3.076923076923077,0.1195423917244787,0.11366034118251879
log10,3,2,3.076923076923077,0.1195423917244787,0.11364454485359786
earth,3,3,4.615384615384615,0.1195423917244787,0.11333824974138987
clock,3,2,3.076923076923077,0.1195423917244787,0.11333215325761212
tricking,2,2,3.076923076923077,0.07969492781631914,0.1132380757353816
disable,3,2,3.076923076923077,0.1195423917244787,0.11319481919843191
invisible,3,2,3.076923076923077,0.1195423917244787,0.11319481919843191
anticipation,4,3,4.615384615384615,0.15938985563263827,0.11316952508202108
bennett,3,3,4.615384615384615,0.1195423917244787,0.11287185137790189
storyline,3,3,4.615384615384615,0.1195423917244787,0.11283788353347299
warrant,5,5,7.6923076923076925,0.19923731954079782,0.1127758917987145
importing,3,3,4.615384615384615,0.1195423917244787,0.1126570902492174
interior,3,3,4.615384615384615,0.1195423917244787,0.11264882142138578
declining,3,2,3.076923076923077,0.1195423917244787,0.11261563469213283
rebranded,2,2,3.076923076923077,0.07969492781631914,0.11260990478618656
struggling,3,3,4.615384615384615,0.1195423917244787,0.11259640303606364
tournament,4,2,3.076923076923077,0.15938985563263827,0.11257815949636993
qualify,2,2,3.076923076923077,0.07969492781631914,0.11253148401491599
workload,4,3,4.615384615384615,0.15938985563263827,0.11250163873538394
coinmarketcap,4,3,4.615384615384615,0.15938985563263827,0.11234580622796808
sparse,3,3,4.615384615384615,0.1195423917244787,0.1123456649589313
offset,3,3,4.615384615384615,0.1195423917244787,0.11231976964769247
lasting,4,3,4.615384615384615,0.15938985563263827,0.11228139446492183
faceted,2,2,3.076923076923077,0.07969492781631914,0.11208094021480296
landowner,2,2,3.076923076923077,0.07969492781631914,0.11208094021480296
elliptic,4,2,3.076923076923077,0.15938985563263827,0.1120743481210237
faithfully,4,4,6.153846153846154,0.15938985563263827,0.11201478695784739
fairer,2,2,3.076923076923077,0.07969492781631914,0.11199067480073356
implicate,2,2,3.076923076923077,0.07969492781631914,0.11199067480073356
motivating,4,3,4.615384615384615,0.15938985563263827,0.11198842362573544
extraordinary,3,3,4.615384615384615,0.1195423917244787,0.11196084799154554
sentence,4,2,3.076923076923077,0.15938985563263827,0.111864984157998
mart,4,2,3.076923076923077,0.15938985563263827,0.11184812680318128
nez,4,2,3.076923076923077,0.15938985563263827,0.11184812680318128
constituted,3,3,4.615384615384615,0.1195423917244787,0.11182071150603468
categorised,5,4,6.153846153846154,0.19923731954079782,0.11176773991233588
rightful,2,2,3.076923076923077,0.07969492781631914,0.11175441946879419
father,2,2,3.076923076923077,0.07969492781631914,0.11167926835233834
recovers,3,2,3.076923076923077,0.1195423917244787,0.11167356956588435
dishonest,2,2,3.076923076923077,0.07969492781631914,0.11165791185198178
surpasses,2,2,3.076923076923077,0.07969492781631914,0.11164366595762319
framing,2,2,3.076923076923077,0.07969492781631914,0.11162596087541475
resort,2,2,3.076923076923077,0.07969492781631914,0.11162596087541475
figuring,2,2,3.076923076923077,0.07969492781631914,0.11152194103346129
inconsistent,5,3,4.615384615384615,0.19923731954079782,0.11147352052476459
tokenizing,4,3,4.615384615384615,0.15938985563263827,0.11132226470969962
pan,4,3,4.615384615384615,0.15938985563263827,0.11116926453130041
culprit,4,2,3.076923076923077,0.15938985563263827,0.11116034158245436
emphasise,5,3,4.615384615384615,0.19923731954079782,0.11103210401420101
quicker,3,3,4.615384615384615,0.1195423917244787,0.11102898487691115
gleaned,4,3,4.615384615384615,0.15938985563263827,0.11101176662227892
assisting,4,3,4.615384615384615,0.15938985563263827,0.11099421001219607
waiting,5,5,7.6923076923076925,0.19923731954079782,0.11081997471945337
actionable,5,2,3.076923076923077,0.19923731954079782,0.11068596479300742
greek,3,3,4.615384615384615,0.1195423917244787,0.11061584980686458
beat,3,3,4.615384615384615,0.1195423917244787,0.11061350829334905
robbery,2,2,3.076923076923077,0.07969492781631914,0.11055819776188563
prescription,4,3,4.615384615384615,0.15938985563263827,0.11051391934166878
puzzle,4,3,4.615384615384615,0.15938985563263827,0.1104384136270406
himachal,2,2,3.076923076923077,0.07969492781631914,0.11033944431655517
pradesh,2,2,3.076923076923077,0.07969492781631914,0.11033944431655517
greedy,3,3,4.615384615384615,0.1195423917244787,0.11021421984385164
omitting,3,3,4.615384615384615,0.1195423917244787,0.11018043446815573
centricity,3,3,4.615384615384615,0.1195423917244787,0.11008525289646108
fortune,3,3,4.615384615384615,0.1195423917244787,0.1100201097076231
profitability,3,2,3.076923076923077,0.1195423917244787,0.11001221986104108
pioneer,3,3,4.615384615384615,0.1195423917244787,0.10999298322234456
inward,3,3,4.615384615384615,0.1195423917244787,0.10996159985115939
grid,4,3,4.615384615384615,0.15938985563263827,0.10991051101775444
prolonged,6,4,6.153846153846154,0.2390847834489574,0.10990401175683705
useless,2,2,3.076923076923077,0.07969492781631914,0.1097981199758504
initiating,4,3,4.615384615384615,0.15938985563263827,0.1097686453383388
preceding,3,3,4.615384615384615,0.1195423917244787,0.10973862370677116
suspension,2,2,3.076923076923077,0.07969492781631914,0.10962156954288935
ghantous,2,2,3.076923076923077,0.07969492781631914,0.10961213553860921
neal,3,3,4.615384615384615,0.1195423917244787,0.10959933052309107
night,2,2,3.076923076923077,0.07969492781631914,0.1094668190461016
incorrectly,6,2,3.076923076923077,0.2390847834489574,0.10945352771030789
repetition,3,3,4.615384615384615,0.1195423917244787,0.10940890399283996
segmented,2,2,3.076923076923077,0.07969492781631914,0.10939010848195302
rajesh,2,2,3.076923076923077,0.07969492781631914,0.10935318667092063
isolation,4,3,4.615384615384615,0.15938985563263827,0.10932870871408705
partitioned,4,3,4.615384615384615,0.15938985563263827,0.10925757900269785
subgroup,3,3,4.615384615384615,0.1195423917244787,0.1090172720485308
antisocial,6,4,6.153846153846154,0.2390847834489574,0.10898990771593693
saw,4,4,6.153846153846154,0.15938985563263827,0.10897563784066461
utopian,3,2,3.076923076923077,0.1195423917244787,0.1089346587105244
operability,3,3,4.615384615384615,0.1195423917244787,0.10876521405662605
pinpoint,2,2,3.076923076923077,0.07969492781631914,0.10872015524031049
prioritises,2,2,3.076923076923077,0.07969492781631914,0.10872015524031049
weighing,2,2,3.076923076923077,0.07969492781631914,0.10872015524031049
oecd,4,3,4.615384615384615,0.15938985563263827,0.108682759967767
interwoven,2,2,3.076923076923077,0.07969492781631914,0.10865242946330551
erode,3,3,4.615384615384615,0.1195423917244787,0.10861822486093992
breed,2,2,3.076923076923077,0.07969492781631914,0.10858832125267878
malhotra,4,3,4.615384615384615,0.15938985563263827,0.10856072539462293
compact,4,4,6.153846153846154,0.15938985563263827,0.10843710667736112
fulfilled,4,3,4.615384615384615,0.15938985563263827,0.10841495686770679
dantu,2,2,3.076923076923077,0.07969492781631914,0.10840526828898922
h98230,2,2,3.076923076923077,0.07969492781631914,0.10840526828898922
hamper,2,2,3.076923076923077,0.07969492781631914,0.10840526828898922
kritagya,2,2,3.076923076923077,0.07969492781631914,0.10840526828898922
attractiveness,2,2,3.076923076923077,0.07969492781631914,0.10836839426641275
frictionless,2,2,3.076923076923077,0.07969492781631914,0.10832086679081308
sponsorship,3,3,4.615384615384615,0.1195423917244787,0.1083087439683815
cubic,5,2,3.076923076923077,0.19923731954079782,0.10825490319057783
clustered,3,2,3.076923076923077,0.1195423917244787,0.10825029047267468
instability,3,3,4.615384615384615,0.1195423917244787,0.10810541932050181
separating,3,3,4.615384615384615,0.1195423917244787,0.10806122836058746
outlining,5,5,7.6923076923076925,0.19923731954079782,0.10805772583770791
penetration,2,2,3.076923076923077,0.07969492781631914,0.1080208965513625
thoughtfully,3,3,4.615384615384615,0.1195423917244787,0.1080083560269396
ball,5,3,4.615384615384615,0.19923731954079782,0.10790733232463665
complying,2,2,3.076923076923077,0.07969492781631914,0.10782684393795504
gamified,4,3,4.615384615384615,0.15938985563263827,0.10780190699337634
matched,4,3,4.615384615384615,0.15938985563263827,0.10773883588088815
telling,3,3,4.615384615384615,0.1195423917244787,0.10773354580985522
eavesdrop,3,2,3.076923076923077,0.1195423917244787,0.10756201329133022
microphone,3,2,3.076923076923077,0.1195423917244787,0.10756201329133022
orchestrated,4,2,3.076923076923077,0.15938985563263827,0.1075488662059856
abadi,3,2,3.076923076923077,0.1195423917244787,0.1075250914802978
burrow,3,2,3.076923076923077,0.1195423917244787,0.1075250914802978
needham,3,2,3.076923076923077,0.1195423917244787,0.1075250914802978
mixture,3,2,3.076923076923077,0.1195423917244787,0.1075065434513815
derstanding,4,3,4.615384615384615,0.15938985563263827,0.10744133981611871
dangerous,4,3,4.615384615384615,0.15938985563263827,0.10739439107023943
completes,3,3,4.615384615384615,0.1195423917244787,0.10733704407793476
daunting,2,2,3.076923076923077,0.07969492781631914,0.10728409961161076
fertile,2,2,3.076923076923077,0.07969492781631914,0.10728409961161076
revenue_stream,2,2,3.076923076923077,0.07969492781631914,0.10728409961161076
suspicion,3,3,4.615384615384615,0.1195423917244787,0.10724479963419548
interpretive,3,2,3.076923076923077,0.1195423917244787,0.10713748630622824
conceal,5,3,4.615384615384615,0.19923731954079782,0.10686182729836875
contractbased,3,3,4.615384615384615,0.1195423917244787,0.1067165442373075
rep,3,3,4.615384615384615,0.1195423917244787,0.10665150058807635
mount,2,2,3.076923076923077,0.07969492781631914,0.10653577318310833
rush,2,2,3.076923076923077,0.07969492781631914,0.10653577318310833
undue,2,2,3.076923076923077,0.07969492781631914,0.1064740136208019
minimization,4,3,4.615384615384615,0.15938985563263827,0.1064675822358243
slower,3,3,4.615384615384615,0.1195423917244787,0.10626789860710768
dire,3,2,3.076923076923077,0.1195423917244787,0.10625082444238455
instructs,2,2,3.076923076923077,0.07969492781631914,0.10616834730839059
insider_trading,4,3,4.615384615384615,0.15938985563263827,0.10616520094059761
dorsey,2,2,3.076923076923077,0.07969492781631914,0.1061619528837395
jack,2,2,3.076923076923077,0.07969492781631914,0.1061619528837395
larva,2,2,3.076923076923077,0.07969492781631914,0.1061619528837395
punk,2,2,3.076923076923077,0.07969492781631914,0.1061619528837395
expedite,5,3,4.615384615384615,0.19923731954079782,0.10615631112222886
sion,4,2,3.076923076923077,0.15938985563263827,0.1061036546467972
cialdini,2,2,3.076923076923077,0.07969492781631914,0.10608079384372016
stanley,2,2,3.076923076923077,0.07969492781631914,0.10608079384372016
tongue,2,2,3.076923076923077,0.07969492781631914,0.10608079384372016
visibly,2,2,3.076923076923077,0.07969492781631914,0.10608079384372016
playable,4,3,4.615384615384615,0.15938985563263827,0.10601109949713329
cheap,3,3,4.615384615384615,0.1195423917244787,0.1058560337967626
drastically,2,2,3.076923076923077,0.07969492781631914,0.10580742865052335
abused,4,3,4.615384615384615,0.15938985563263827,0.10579603797378766
fiscal,2,2,3.076923076923077,0.07969492781631914,0.1057893432767908
nrf,3,3,4.615384615384615,0.1195423917244787,0.10576487223415922
vista,4,3,4.615384615384615,0.15938985563263827,0.10575038687667151
piracy,3,2,3.076923076923077,0.1195423917244787,0.10571537560570649
gated,2,2,3.076923076923077,0.07969492781631914,0.10562867125337114
samsung,3,3,4.615384615384615,0.1195423917244787,0.10553493498779759
costlier,2,2,3.076923076923077,0.07969492781631914,0.10553342289091583
ning,4,3,4.615384615384615,0.15938985563263827,0.1054926753978864
principled,2,2,3.076923076923077,0.07969492781631914,0.10549212286724631
stride,3,3,4.615384615384615,0.1195423917244787,0.10545500353778955
redistribute,2,2,3.076923076923077,0.07969492781631914,0.10544926093177714
fragment,3,3,4.615384615384615,0.1195423917244787,0.10540351703672071
comprehensible,2,2,3.076923076923077,0.07969492781631914,0.10536249534559357
induced,2,2,3.076923076923077,0.07969492781631914,0.10536249534559357
peerto,2,2,3.076923076923077,0.07969492781631914,0.10536249534559357
overnight,2,2,3.076923076923077,0.07969492781631914,0.10534926135399206
straight,3,2,3.076923076923077,0.1195423917244787,0.10532432016227453
trump,3,2,3.076923076923077,0.1195423917244787,0.10530475971926788
excitement,3,3,4.615384615384615,0.1195423917244787,0.10526039626631828
frr,5,2,3.076923076923077,0.19923731954079782,0.10524455557480054
pfe,2,2,3.076923076923077,0.07969492781631914,0.1051996642965841
mobility,6,3,4.615384615384615,0.2390847834489574,0.10519689755058102
decay,5,2,3.076923076923077,0.19923731954079782,0.10519491818816994
standardised,5,4,6.153846153846154,0.19923731954079782,0.1050303225940287
stephen,3,2,3.076923076923077,0.1195423917244787,0.10500119515012227
visited,3,3,4.615384615384615,0.1195423917244787,0.10497638779882065
persuaded,3,2,3.076923076923077,0.1195423917244787,0.10495719921150289
aggregator,3,3,4.615384615384615,0.1195423917244787,0.10477198412477773
therapy,2,2,3.076923076923077,0.07969492781631914,0.1047338617052747
visualise,6,4,6.153846153846154,0.2390847834489574,0.10454909879802315
distinguished,5,4,6.153846153846154,0.19923731954079782,0.10448756444618287
engineered,3,3,4.615384615384615,0.1195423917244787,0.10447621764361684
automates,4,4,6.153846153846154,0.15938985563263827,0.1041906329308844
dappradar,2,2,3.076923076923077,0.07969492781631914,0.10418907241983444
manning,4,2,3.076923076923077,0.15938985563263827,0.10418116508705062
men,4,2,3.076923076923077,0.15938985563263827,0.10418116508705062
evidently,3,2,3.076923076923077,0.1195423917244787,0.10415696713601548
enacting,2,2,3.076923076923077,0.07969492781631914,0.10409114783559337
advertiser,2,2,3.076923076923077,0.07969492781631914,0.10400938870438649
historically,3,2,3.076923076923077,0.1195423917244787,0.10391536123741982
deriving,2,2,3.076923076923077,0.07969492781631914,0.103910783603425
ideology,2,2,3.076923076923077,0.07969492781631914,0.10388608506009885
directing,2,2,3.076923076923077,0.07969492781631914,0.10375048292365013
echo,4,4,6.153846153846154,0.15938985563263827,0.10371450950776105
quantifies,3,3,4.615384615384615,0.1195423917244787,0.10353436111637454
da,4,2,3.076923076923077,0.15938985563263827,0.10347221047626687
pointed,4,2,3.076923076923077,0.15938985563263827,0.10347221047626687
organizer,2,2,3.076923076923077,0.07969492781631914,0.10345580426403679
defeating,3,3,4.615384615384615,0.1195423917244787,0.1034156141154155
representational,2,2,3.076923076923077,0.07969492781631914,0.10338546266119229
broaden,4,4,6.153846153846154,0.15938985563263827,0.10331654360580565
pivot,4,4,6.153846153846154,0.15938985563263827,0.10328836449431304
flatten,3,2,3.076923076923077,0.1195423917244787,0.10322905857779852
analytic,3,3,4.615384615384615,0.1195423917244787,0.10322536113497277
hasn,4,2,3.076923076923077,0.15938985563263827,0.10322461285020913
magic,2,2,3.076923076923077,0.07969492781631914,0.10311752541159552
gps,4,3,4.615384615384615,0.15938985563263827,0.10308861239436701
trip,4,4,6.153846153846154,0.15938985563263827,0.10306395738895961
organized_follows,2,2,3.076923076923077,0.07969492781631914,0.1030292064508684
succinct,2,2,3.076923076923077,0.07969492781631914,0.1030292064508684
smartphone,4,4,6.153846153846154,0.15938985563263827,0.10301010577354021
largescale,2,2,3.076923076923077,0.07969492781631914,0.10294624920026597
refuse,2,2,3.076923076923077,0.07969492781631914,0.10292347279818806
redefined,3,2,3.076923076923077,0.1195423917244787,0.10289964488437771
failing,4,4,6.153846153846154,0.15938985563263827,0.10284698254328321
uncover,3,3,4.615384615384615,0.1195423917244787,0.10270855625368398
interchangeable,4,4,6.153846153846154,0.15938985563263827,0.10269520025871041
paired,4,3,4.615384615384615,0.15938985563263827,0.10268926131056225
upheld,2,2,3.076923076923077,0.07969492781631914,0.10265867079674545
invariant,2,2,3.076923076923077,0.07969492781631914,0.10265733294022181
affords,3,2,3.076923076923077,0.1195423917244787,0.10255789823505232
partic,3,2,3.076923076923077,0.1195423917244787,0.10255789823505232
resisted,3,2,3.076923076923077,0.1195423917244787,0.10255789823505232
concurrent,3,3,4.615384615384615,0.1195423917244787,0.10250177666021486
widening,4,3,4.615384615384615,0.15938985563263827,0.10249470883879039
interdependent,3,3,4.615384615384615,0.1195423917244787,0.10248393077416382
occupied,3,3,4.615384615384615,0.1195423917244787,0.10240213186912595
whitepaper,7,3,4.615384615384615,0.27893224735711697,0.10238662498947054
dominate,3,3,4.615384615384615,0.1195423917244787,0.10224776075237879
printed,3,2,3.076923076923077,0.1195423917244787,0.10209603512573555
plant,3,3,4.615384615384615,0.1195423917244787,0.10203406278718723
persistently,3,3,4.615384615384615,0.1195423917244787,0.10195095790333647
financialization,2,2,3.076923076923077,0.07969492781631914,0.10194818012231002
sid,2,2,3.076923076923077,0.07969492781631914,0.10194818012231002
conveniently,2,2,3.076923076923077,0.07969492781631914,0.10192286971039115
subvert,2,2,3.076923076923077,0.07969492781631914,0.1018950715614012
supplement,2,2,3.076923076923077,0.07969492781631914,0.10172721926243485
joining,2,2,3.076923076923077,0.07969492781631914,0.10165109035795998
responded,2,2,3.076923076923077,0.07969492781631914,0.10165109035795998
incurred,5,4,6.153846153846154,0.19923731954079782,0.10164834833179376
demanded,5,4,6.153846153846154,0.19923731954079782,0.10164398093149997
crawler,2,2,3.076923076923077,0.07969492781631914,0.10163883451349838
tag,2,2,3.076923076923077,0.07969492781631914,0.10163883451349838
artificially,2,2,3.076923076923077,0.07969492781631914,0.10157630661166343
auctioned,2,2,3.076923076923077,0.07969492781631914,0.10157630661166343
foreseen,2,2,3.076923076923077,0.07969492781631914,0.10156588809531303
lai,3,2,3.076923076923077,0.1195423917244787,0.10144589183585218
manifestation,3,3,4.615384615384615,0.1195423917244787,0.10141438982865716
flip,3,3,4.615384615384615,0.1195423917244787,0.10136313569034634
incentivizes,3,3,4.615384615384615,0.1195423917244787,0.10118002116635508
patch,4,4,6.153846153846154,0.15938985563263827,0.1011395013288417
tapestry,4,3,4.615384615384615,0.15938985563263827,0.10105000979279831
pointer,2,2,3.076923076923077,0.07969492781631914,0.1010460597702624
aiding,4,4,6.153846153846154,0.15938985563263827,0.10104046255429922
architect,4,3,4.615384615384615,0.15938985563263827,0.10098824037326855
ance,3,2,3.076923076923077,0.1195423917244787,0.10093654011016191
resultant,3,2,3.076923076923077,0.1195423917244787,0.10082033404564351
thomas,2,2,3.076923076923077,0.07969492781631914,0.10079083292434249
falling,3,3,4.615384615384615,0.1195423917244787,0.10078336135124859
predicate,2,2,3.076923076923077,0.07969492781631914,0.10075106352384915
forensic,3,3,4.615384615384615,0.1195423917244787,0.10064638410000575
geared,3,3,4.615384615384615,0.1195423917244787,0.10058758058181143
realistically,2,2,3.076923076923077,0.07969492781631914,0.10049952896743232
substituting,4,3,4.615384615384615,0.15938985563263827,0.1004956803254933
universality,4,3,4.615384615384615,0.15938985563263827,0.10049224389852489
adidas,3,3,4.615384615384615,0.1195423917244787,0.10046650213397414
longevity,3,3,4.615384615384615,0.1195423917244787,0.10039180638133767
understandability,3,2,3.076923076923077,0.1195423917244787,0.1001602759601029
emotionally,3,3,4.615384615384615,0.1195423917244787,0.1001115225363195
ico,4,3,4.615384615384615,0.15938985563263827,0.10006948160881027
western,4,2,3.076923076923077,0.15938985563263827,0.1000485513656405
psycho,3,3,4.615384615384615,0.1195423917244787,0.10001152279458594
nov,4,3,4.615384615384615,0.15938985563263827,0.09997707537009123
uncommon,2,2,3.076923076923077,0.07969492781631914,0.09994695583555169
vetted,2,2,3.076923076923077,0.07969492781631914,0.09988885954554885
communal,4,2,3.076923076923077,0.15938985563263827,0.09980871087996046
creature,3,3,4.615384615384615,0.1195423917244787,0.09974451364297883
misinterpretation,3,3,4.615384615384615,0.1195423917244787,0.09970487019124638
inferred,3,3,4.615384615384615,0.1195423917244787,0.09970096057928553
survival,3,2,3.076923076923077,0.1195423917244787,0.09966139197833881
weaving,3,2,3.076923076923077,0.1195423917244787,0.09966139197833881
hottest,3,3,4.615384615384615,0.1195423917244787,0.09964966360320057
banned,3,3,4.615384615384615,0.1195423917244787,0.09964911752028917
synchronizes,2,2,3.076923076923077,0.07969492781631914,0.09962700713245715
insignificant,4,2,3.076923076923077,0.15938985563263827,0.09959320451192209
intrusive,3,3,4.615384615384615,0.1195423917244787,0.0995059287345443
orderly,2,2,3.076923076923077,0.07969492781631914,0.0993154229236087
texture,4,4,6.153846153846154,0.15938985563263827,0.0993140192771079
huawei,5,2,3.076923076923077,0.19923731954079782,0.09931178122988843
timeout,4,3,4.615384615384615,0.15938985563263827,0.09929591587791879
nology,4,3,4.615384615384615,0.15938985563263827,0.09923548867013367
temporarily,4,2,3.076923076923077,0.15938985563263827,0.09923300653407298
opponent,3,3,4.615384615384615,0.1195423917244787,0.09913812924183252
foot,4,4,6.153846153846154,0.15938985563263827,0.09901279901418612
delineating,3,3,4.615384615384615,0.1195423917244787,0.09896100014228298
propagate,3,3,4.615384615384615,0.1195423917244787,0.09895932934248976
recognising,3,3,4.615384615384615,0.1195423917244787,0.09895932934248976
casual,3,3,4.615384615384615,0.1195423917244787,0.09891381845691179
reproduced,2,2,3.076923076923077,0.07969492781631914,0.0988871011662583
relied,4,3,4.615384615384615,0.15938985563263827,0.09862488025981657
pronounced,4,3,4.615384615384615,0.15938985563263827,0.09857653035390296
commercially,4,4,6.153846153846154,0.15938985563263827,0.09853632681926372
patron,3,2,3.076923076923077,0.1195423917244787,0.09851678589473725
thirteen,3,2,3.076923076923077,0.1195423917244787,0.09851678589473725
mmorpg,4,3,4.615384615384615,0.15938985563263827,0.0984818672485465
differentiation,2,2,3.076923076923077,0.07969492781631914,0.09831364756117197
eager,2,2,3.076923076923077,0.07969492781631914,0.09831364756117197
retreat,2,2,3.076923076923077,0.07969492781631914,0.09831364756117197
technol,4,2,3.076923076923077,0.15938985563263827,0.0983104713545577
coupling,4,3,4.615384615384615,0.15938985563263827,0.09827715616689113
sustaining,3,3,4.615384615384615,0.1195423917244787,0.09827715616689113
situated,3,3,4.615384615384615,0.1195423917244787,0.09826249315670008
barely,3,3,4.615384615384615,0.1195423917244787,0.09820667770752191
plasma,3,3,4.615384615384615,0.1195423917244787,0.09820098610489231
huynh,7,2,3.076923076923077,0.27893224735711697,0.09814039235848922
virus,4,3,4.615384615384615,0.15938985563263827,0.0981277382980011
kwon,2,2,3.076923076923077,0.07969492781631914,0.098068427523583
reddit,3,2,3.076923076923077,0.1195423917244787,0.09806180655534905
accepting,4,2,3.076923076923077,0.15938985563263827,0.09804732707888218
violence,4,2,3.076923076923077,0.15938985563263827,0.09804732707888218
canetti,2,2,3.076923076923077,0.07969492781631914,0.09798830004413606
dolev,2,2,3.076923076923077,0.07969492781631914,0.09798830004413606
krawczyk,2,2,3.076923076923077,0.07969492781631914,0.09798830004413606
paradox,2,2,3.076923076923077,0.07969492781631914,0.09798830004413606
conscious,2,2,3.076923076923077,0.07969492781631914,0.0979417740505254
brainwave,3,2,3.076923076923077,0.1195423917244787,0.09790606648402617
gence,4,3,4.615384615384615,0.15938985563263827,0.09779812189272724
intelli,4,3,4.615384615384615,0.15938985563263827,0.09779812189272724
drug,5,3,4.615384615384615,0.19923731954079782,0.09774948876361966
delegating,3,2,3.076923076923077,0.1195423917244787,0.09771964427834873
foresee,3,3,4.615384615384615,0.1195423917244787,0.09763009321810835
navigated,2,2,3.076923076923077,0.07969492781631914,0.09761325572511616
teamwork,2,2,3.076923076923077,0.07969492781631914,0.09761325572511616
decreasing,4,2,3.076923076923077,0.15938985563263827,0.09759198022516376
amending,2,2,3.076923076923077,0.07969492781631914,0.09744973438885186
controversy,2,2,3.076923076923077,0.07969492781631914,0.09744973438885186
larly,4,2,3.076923076923077,0.15938985563263827,0.0972857724308968
successor,2,2,3.076923076923077,0.07969492781631914,0.09726307855929862
enduring,4,3,4.615384615384615,0.15938985563263827,0.0972293635126337
flood,3,3,4.615384615384615,0.1195423917244787,0.0971369049550742
discovering,2,2,3.076923076923077,0.07969492781631914,0.09711350376505085
pak,2,2,3.076923076923077,0.07969492781631914,0.09711350376505085
thwart,3,2,3.076923076923077,0.1195423917244787,0.09707079178703445
penetrate,2,2,3.076923076923077,0.07969492781631914,0.09706349729716167
mirrored,2,2,3.076923076923077,0.07969492781631914,0.09706039520414202
untraceable,2,2,3.076923076923077,0.07969492781631914,0.09706039520414202
plugins,3,2,3.076923076923077,0.1195423917244787,0.09681516462529627
playground,3,3,4.615384615384615,0.1195423917244787,0.0967871161422562
tuples,2,2,3.076923076923077,0.07969492781631914,0.09673357845521739
letting,2,2,3.076923076923077,0.07969492781631914,0.09672638417252202
privacyenhancing,2,2,3.076923076923077,0.07969492781631914,0.09672638417252202
prison,3,2,3.076923076923077,0.1195423917244787,0.09669197176868265
multiplied,3,3,4.615384615384615,0.1195423917244787,0.09658379298121204
bourlakis,3,2,3.076923076923077,0.1195423917244787,0.09655670352241329
apt,2,2,3.076923076923077,0.07969492781631914,0.09649021362923334
inaccessibility,2,2,3.076923076923077,0.07969492781631914,0.09649021362923334
jpeg,2,2,3.076923076923077,0.07969492781631914,0.09649021362923334
noninterchangeable,2,2,3.076923076923077,0.07969492781631914,0.09649021362923334
characterizes,3,3,4.615384615384615,0.1195423917244787,0.09647467281043434
methodically,3,2,3.076923076923077,0.1195423917244787,0.096413755136216
leung,3,2,3.076923076923077,0.1195423917244787,0.09639537235529146
toxic,2,2,3.076923076923077,0.07969492781631914,0.09631242327441365
advocating,3,3,4.615384615384615,0.1195423917244787,0.09630435733169103
activate,3,3,4.615384615384615,0.1195423917244787,0.09628760326726377
commercialize,2,2,3.076923076923077,0.07969492781631914,0.09628145086759225
slide,2,2,3.076923076923077,0.07969492781631914,0.09618205223074024
spawned,2,2,3.076923076923077,0.07969492781631914,0.09618205223074024
wal,2,2,3.076923076923077,0.07969492781631914,0.09618205223074024
economist,2,2,3.076923076923077,0.07969492781631914,0.09612894366983141
gartner,3,3,4.615384615384615,0.1195423917244787,0.09608298172113042
skepticism,3,3,4.615384615384615,0.1195423917244787,0.09608298172113042
tactile,8,2,3.076923076923077,0.31877971126527654,0.09603969877718098
imagined,2,2,3.076923076923077,0.07969492781631914,0.09602072106361842
murray,2,2,3.076923076923077,0.07969492781631914,0.09602072106361842
minimising,3,3,4.615384615384615,0.1195423917244787,0.09601458495915113
proofing,3,2,3.076923076923077,0.1195423917244787,0.09594822474738947
appreciate,4,2,3.076923076923077,0.15938985563263827,0.09594154385267097
bag,3,2,3.076923076923077,0.1195423917244787,0.09592412530897063
panic,3,2,3.076923076923077,0.1195423917244787,0.09592412530897063
replete,3,3,4.615384615384615,0.1195423917244787,0.09591254216157678
palmer,3,2,3.076923076923077,0.1195423917244787,0.09588720349793822
anticipating,4,3,4.615384615384615,0.15938985563263827,0.0957364122577264
spreadsheet,2,2,3.076923076923077,0.07969492781631914,0.09571288423454422
exceptional,3,2,3.076923076923077,0.1195423917244787,0.09565894340482216
distancing,2,2,3.076923076923077,0.07969492781631914,0.09563945319255499
standardscaler,2,2,3.076923076923077,0.07969492781631914,0.09563945319255499
unanticipated,2,2,3.076923076923077,0.07969492781631914,0.09563945319255499
vacuum,3,3,4.615384615384615,0.1195423917244787,0.09556965165422134
teleported,2,2,3.076923076923077,0.07969492781631914,0.09550089273856778
replicability,3,3,4.615384615384615,0.1195423917244787,0.09535210577078934
supplementary,3,2,3.076923076923077,0.1195423917244787,0.09529118809657101
thematically,3,2,3.076923076923077,0.1195423917244787,0.09529118809657101
prioritizing,4,3,4.615384615384615,0.15938985563263827,0.09526747977158875
illusion,2,2,3.076923076923077,0.07969492781631914,0.09526102265146395
robinson,4,2,3.076923076923077,0.15938985563263827,0.09521387500838133
scoping,4,2,3.076923076923077,0.15938985563263827,0.09521387500838133
pack,2,2,3.076923076923077,0.07969492781631914,0.09520589649215455
dichotomy,3,3,4.615384615384615,0.1195423917244787,0.0951877597120026
gave,3,3,4.615384615384615,0.1195423917244787,0.09511701018531224
posture,6,4,6.153846153846154,0.2390847834489574,0.09489813451530399
banker,3,3,4.615384615384615,0.1195423917244787,0.09489712643140115
szabo,2,2,3.076923076923077,0.07969492781631914,0.0948693598266248
filed,2,2,3.076923076923077,0.07969492781631914,0.09485301115756659
arbitrator,3,2,3.076923076923077,0.1195423917244787,0.09482095272470013
disparate,3,2,3.076923076923077,0.1195423917244787,0.09482095272470013
gait,8,2,3.076923076923077,0.31877971126527654,0.09481566429548886
keccak256,4,2,3.076923076923077,0.15938985563263827,0.09481562561510139
competence,4,2,3.076923076923077,0.15938985563263827,0.09481000649682914
cultivating,3,2,3.076923076923077,0.1195423917244787,0.09480270210199346
effortlessly,3,2,3.076923076923077,0.1195423917244787,0.09480270210199346
destroy,2,2,3.076923076923077,0.07969492781631914,0.09478319284498085
issuer,5,2,3.076923076923077,0.19923731954079782,0.09478006855396348
configured,3,3,4.615384615384615,0.1195423917244787,0.09475844505040892
review_editing,3,2,3.076923076923077,0.1195423917244787,0.09473364789254138
mediate,4,3,4.615384615384615,0.15938985563263827,0.09472422356202038
odd,2,2,3.076923076923077,0.07969492781631914,0.09465699491617403
lates,2,2,3.076923076923077,0.07969492781631914,0.09459120868986626
geolocation,2,2,3.076923076923077,0.07969492781631914,0.0944885141853675
elgamal,3,2,3.076923076923077,0.1195423917244787,0.09448524458083798
depression,3,3,4.615384615384615,0.1195423917244787,0.09431950139021102
gotten,3,2,3.076923076923077,0.1195423917244787,0.09430345288457334
agile,4,3,4.615384615384615,0.15938985563263827,0.09428336130237232
mourtzis,3,3,4.615384615384615,0.1195423917244787,0.09428112277076289
disease,3,3,4.615384615384615,0.1195423917244787,0.09423252736508606
rtx,3,3,4.615384615384615,0.1195423917244787,0.09423252736508606
bulk,4,2,3.076923076923077,0.15938985563263827,0.09416458174732435
fortifying,4,2,3.076923076923077,0.15938985563263827,0.09416458174732435
happy,3,2,3.076923076923077,0.1195423917244787,0.09392919283393893
controllable,3,3,4.615384615384615,0.1195423917244787,0.09389526408676904
outdoor,2,2,3.076923076923077,0.07969492781631914,0.09385174131067024
stabilize,3,3,4.615384615384615,0.1195423917244787,0.09379722108309183
acquires,2,2,3.076923076923077,0.07969492781631914,0.09374992735356999
hereinafter,2,2,3.076923076923077,0.07969492781631914,0.09374992735356999
tort,2,2,3.076923076923077,0.07969492781631914,0.09374992735356999
allocates,3,3,4.615384615384615,0.1195423917244787,0.09371194765386057
denyer,2,2,3.076923076923077,0.07969492781631914,0.0936904101435484
tranfield,2,2,3.076923076923077,0.07969492781631914,0.0936904101435484
spoof,4,2,3.076923076923077,0.15938985563263827,0.09359660328481313
ip,2,2,3.076923076923077,0.07969492781631914,0.0935376092175964
plane,8,3,4.615384615384615,0.31877971126527654,0.0934808643806995
comfort,2,2,3.076923076923077,0.07969492781631914,0.09347897120391281
shenzhen,4,3,4.615384615384615,0.15938985563263827,0.0934668786425032
seminal,3,3,4.615384615384615,0.1195423917244787,0.09335483097585755
intimacy,2,2,3.076923076923077,0.07969492781631914,0.09334193413456368
prestige,2,2,3.076923076923077,0.07969492781631914,0.09334193413456368
naming,7,2,3.076923076923077,0.27893224735711697,0.09331662927590588
diagnose,2,2,3.076923076923077,0.07969492781631914,0.09329444469192709
incentivizing,3,3,4.615384615384615,0.1195423917244787,0.09319022878714552
perpetual,2,2,3.076923076923077,0.07969492781631914,0.09317058181849779
associating,2,2,3.076923076923077,0.07969492781631914,0.09316975522263943
disaster,2,2,3.076923076923077,0.07969492781631914,0.093138320768099
imminent,7,2,3.076923076923077,0.27893224735711697,0.09301680889582845
imposes,2,2,3.076923076923077,0.07969492781631914,0.09301107675218877
stimulate,3,2,3.076923076923077,0.1195423917244787,0.09295266747084151
quantified,4,3,4.615384615384615,0.15938985563263827,0.0929356189575001
noticeable,2,2,3.076923076923077,0.07969492781631914,0.09287558557208453
trivial,3,3,4.615384615384615,0.1195423917244787,0.09287391291194246
await,2,2,3.076923076923077,0.07969492781631914,0.09280649326907298
papagiannidis,3,3,4.615384615384615,0.1195423917244787,0.09279156811066075
friendship,2,2,3.076923076923077,0.07969492781631914,0.0927104012226207
paint,3,3,4.615384615384615,0.1195423917244787,0.09269084185809029
momentum,4,3,4.615384615384615,0.15938985563263827,0.09267079424099833
ediz,3,2,3.076923076923077,0.1195423917244787,0.09263023694353893
unaltered,2,2,3.076923076923077,0.07969492781631914,0.09260743017810752
classifies,2,2,3.076923076923077,0.07969492781631914,0.09257808845797787
default,4,4,6.153846153846154,0.15938985563263827,0.0925637826982007
continuum,3,3,4.615384615384615,0.1195423917244787,0.09252153655716183
cess,2,2,3.076923076923077,0.07969492781631914,0.09241691681898773
ings,2,2,3.076923076923077,0.07969492781631914,0.09241691681898773
sumer,2,2,3.076923076923077,0.07969492781631914,0.09241691681898773
reasonably,3,3,4.615384615384615,0.1195423917244787,0.09241588922641544
asynchronously,2,2,3.076923076923077,0.07969492781631914,0.09236727980814666
delayed,2,2,3.076923076923077,0.07969492781631914,0.09236727980814666
exponentiation,2,2,3.076923076923077,0.07969492781631914,0.09236727980814666
falsified,2,2,3.076923076923077,0.07969492781631914,0.09222882093990249
michael,2,2,3.076923076923077,0.07969492781631914,0.09222882093990249
mainnet,4,3,4.615384615384615,0.15938985563263827,0.09222431554833445
instructor,4,3,4.615384615384615,0.15938985563263827,0.09220989585064922
enriched,5,3,4.615384615384615,0.19923731954079782,0.0922046087627936
imbalanced,4,2,3.076923076923077,0.15938985563263827,0.09215700445127646
staggering,2,2,3.076923076923077,0.07969492781631914,0.09208872889408104
uneven,3,3,4.615384615384615,0.1195423917244787,0.09207788772349478
proliferate,2,2,3.076923076923077,0.07969492781631914,0.09203562033317221
prevailing,3,2,3.076923076923077,0.1195423917244787,0.09192560511618716
confusing,2,2,3.076923076923077,0.07969492781631914,0.09190456735715725
gadalla,2,2,3.076923076923077,0.07969492781631914,0.09190456735715725
vi,2,2,3.076923076923077,0.07969492781631914,0.09190456735715725
booking,2,2,3.076923076923077,0.07969492781631914,0.09186636017742975
induce,3,2,3.076923076923077,0.1195423917244787,0.09182425818627946
differentiating,3,3,4.615384615384615,0.1195423917244787,0.09179467355932998
summit,2,2,3.076923076923077,0.07969492781631914,0.09178538390704472
suitability,4,4,6.153846153846154,0.15938985563263827,0.0916612696332823
transcends,4,2,3.076923076923077,0.15938985563263827,0.0916323653990472
ust,4,2,3.076923076923077,0.15938985563263827,0.0916323653990472
colleague,4,3,4.615384615384615,0.15938985563263827,0.09163013023191809
contractor,2,2,3.076923076923077,0.07969492781631914,0.09157859971334086
packing,2,2,3.076923076923077,0.07969492781631914,0.0915713639310165
marginally,3,2,3.076923076923077,0.1195423917244787,0.0915516924391886
constrain,2,2,3.076923076923077,0.07969492781631914,0.09149159435418977
depended,2,2,3.076923076923077,0.07969492781631914,0.09145719598213806
rater,4,2,3.076923076923077,0.15938985563263827,0.09144230537789418
rejecting,4,3,4.615384615384615,0.15938985563263827,0.09137936522701874
idealistic,2,2,3.076923076923077,0.07969492781631914,0.09129736940559188
qinglin,2,2,3.076923076923077,0.07969492781631914,0.09129736940559188
emitting,3,2,3.076923076923077,0.1195423917244787,0.09126239236853101
harmonious,4,3,4.615384615384615,0.15938985563263827,0.0912224654446075
pure,2,2,3.076923076923077,0.07969492781631914,0.09113603823847007
alleviating,3,3,4.615384615384615,0.1195423917244787,0.09110990235179493
switching,4,3,4.615384615384615,0.15938985563263827,0.09109051027214497
usb,2,2,3.076923076923077,0.07969492781631914,0.09097917893878585
enthusiasm,3,3,4.615384615384615,0.1195423917244787,0.09092584387711286
dropped,6,3,4.615384615384615,0.2390847834489574,0.09077559451051558
celebration,2,2,3.076923076923077,0.07969492781631914,0.09072256367315257
garner,2,2,3.076923076923077,0.07969492781631914,0.09071694455488034
unsolved,3,2,3.076923076923077,0.1195423917244787,0.09069253555222632
devoid,4,2,3.076923076923077,0.15938985563263827,0.09068947733799149
brilliant,2,2,3.076923076923077,0.07969492781631914,0.09059800201206229
inadvertently,4,4,6.153846153846154,0.15938985563263827,0.09058269835435317
seidel,2,2,3.076923076923077,0.07969492781631914,0.09048581701190843
arisen,2,2,3.076923076923077,0.07969492781631914,0.09038394401213651
asks,2,2,3.076923076923077,0.07969492781631914,0.0903212136670062
assumes,2,2,3.076923076923077,0.07969492781631914,0.0902487711346213
eprint,2,2,3.076923076923077,0.07969492781631914,0.0902487711346213
behaves,3,2,3.076923076923077,0.1195423917244787,0.0902413646535242
reid,3,2,3.076923076923077,0.1195423917244787,0.09023755621283813
referenced,4,4,6.153846153846154,0.15938985563263827,0.09023586654411782
terrain,3,3,4.615384615384615,0.1195423917244787,0.09023362848162857
atmosphere,3,3,4.615384615384615,0.1195423917244787,0.09020834482915797
corrected,2,2,3.076923076923077,0.07969492781631914,0.0900866058989177
readable,3,2,3.076923076923077,0.1195423917244787,0.09007288099514077
fps,3,3,4.615384615384615,0.1195423917244787,0.09002269045534482
surged,2,2,3.076923076923077,0.07969492781631914,0.09001711827387003
illuminate,3,3,4.615384615384615,0.1195423917244787,0.0898797265665247
modeled,3,2,3.076923076923077,0.1195423917244787,0.08977950154420743
peng,3,2,3.076923076923077,0.1195423917244787,0.08973579084728733
quarter,4,3,4.615384615384615,0.15938985563263827,0.08970137403134214
vip,2,2,3.076923076923077,0.07969492781631914,0.08956899068740007
histogram,2,2,3.076923076923077,0.07969492781631914,0.08946373931439769
summarises,4,2,3.076923076923077,0.15938985563263827,0.08946152208838587
hoboken,2,2,3.076923076923077,0.07969492781631914,0.0894524924778259
xue,2,2,3.076923076923077,0.07969492781631914,0.0894524924778259
frozen,2,2,3.076923076923077,0.07969492781631914,0.08944336511494812
trafficking,2,2,3.076923076923077,0.07969492781631914,0.08944336511494812
elon,3,2,3.076923076923077,0.1195423917244787,0.0894389793138433
zealand,3,2,3.076923076923077,0.1195423917244787,0.0894389793138433
outage,4,3,4.615384615384615,0.15938985563263827,0.08936073772798177
occupy,3,3,4.615384615384615,0.1195423917244787,0.08931667582662765
hui,2,2,3.076923076923077,0.07969492781631914,0.08929116131070407
tradi,2,2,3.076923076923077,0.07969492781631914,0.0892795777774739
dramatic,2,2,3.076923076923077,0.07969492781631914,0.08921923904845228
nftrelated,2,2,3.076923076923077,0.07969492781631914,0.08920937979882429
spotting,2,2,3.076923076923077,0.07969492781631914,0.08913540906126118
pakistan,2,2,3.076923076923077,0.07969492781631914,0.08913232576877467
aspiration,2,2,3.076923076923077,0.07969492781631914,0.08911401134801188
pretty,3,2,3.076923076923077,0.1195423917244787,0.08909451647667976
determinant,4,2,3.076923076923077,0.15938985563263827,0.08906122609866984
encapsulating,4,2,3.076923076923077,0.15938985563263827,0.08906122609866984
corp,2,2,3.076923076923077,0.07969492781631914,0.08905759751425149
subdivided,2,2,3.076923076923077,0.07969492781631914,0.08905759751425149
undetected,2,2,3.076923076923077,0.07969492781631914,0.08903535362105074
gambler,4,3,4.615384615384615,0.15938985563263827,0.08901059386957746
stopping,2,2,3.076923076923077,0.07969492781631914,0.08877226469868647
wong,2,2,3.076923076923077,0.07969492781631914,0.08877226469868647
localized,2,2,3.076923076923077,0.07969492781631914,0.0887653809287579
outdated,4,2,3.076923076923077,0.15938985563263827,0.08866294518939102
synchronously,3,3,4.615384615384615,0.1195423917244787,0.08864964702894418
jones,4,4,6.153846153846154,0.15938985563263827,0.08857634389458979
impactful,2,2,3.076923076923077,0.07969492781631914,0.08851884721239646
downturn,4,3,4.615384615384615,0.15938985563263827,0.08851116290481824
amid,2,2,3.076923076923077,0.07969492781631914,0.08845725130941533
minimise,2,2,3.076923076923077,0.07969492781631914,0.08827003479601922
realise,6,2,3.076923076923077,0.2390847834489574,0.0882416789423527
saunders,3,2,3.076923076923077,0.1195423917244787,0.08816306494236915
counting,3,2,3.076923076923077,0.1195423917244787,0.08814518609380928
complemented,4,3,4.615384615384615,0.15938985563263827,0.08814077868955592
diminishing,3,2,3.076923076923077,0.1195423917244787,0.08812913619519926
interpretability,3,2,3.076923076923077,0.1195423917244787,0.08812913619519926
increment,3,3,4.615384615384615,0.1195423917244787,0.08796505210617415
logarithm,3,3,4.615384615384615,0.1195423917244787,0.0879339434963635
tolerated,2,2,3.076923076923077,0.07969492781631914,0.08787118812844341
ipns,3,2,3.076923076923077,0.1195423917244787,0.08785022852404428
intermediation,3,2,3.076923076923077,0.1195423917244787,0.0878064738609556
algebraic,3,2,3.076923076923077,0.1195423917244787,0.08780507595734953
modulus,3,2,3.076923076923077,0.1195423917244787,0.08780507595734953
fastest,3,3,4.615384615384615,0.1195423917244787,0.08777092604317487
duan,4,2,3.076923076923077,0.15938985563263827,0.08770075075093342
tension,4,3,4.615384615384615,0.15938985563263827,0.08770051894399235
strategically,3,3,4.615384615384615,0.1195423917244787,0.08769925866561391
denoting,2,2,3.076923076923077,0.07969492781631914,0.08766486882089956
magnified,6,2,3.076923076923077,0.2390847834489574,0.0876446073685445
breidbach,2,2,3.076923076923077,0.07969492781631914,0.08759315373640437
mohan,2,2,3.076923076923077,0.07969492781631914,0.08759315373640437
perplexing,2,2,3.076923076923077,0.07969492781631914,0.08759315373640437
eavesdropping,4,2,3.076923076923077,0.15938985563263827,0.08744712340344755
iteratively,3,3,4.615384615384615,0.1195423917244787,0.08739905253252829
homogeneous,2,2,3.076923076923077,0.07969492781631914,0.0873609092739588
nick,2,2,3.076923076923077,0.07969492781631914,0.0873609092739588
campbell,3,2,3.076923076923077,0.1195423917244787,0.08727266308542948
lationships,3,2,3.076923076923077,0.1195423917244787,0.08727266308542948
love,3,2,3.076923076923077,0.1195423917244787,0.08727266308542948
recruited,3,2,3.076923076923077,0.1195423917244787,0.08727266308542948
cook,3,2,3.076923076923077,0.1195423917244787,0.08723861191420339
idle,4,3,4.615384615384615,0.15938985563263827,0.08723018034618764
wearing,3,3,4.615384615384615,0.1195423917244787,0.0872251132884729
adversely,2,2,3.076923076923077,0.07969492781631914,0.08721801476169394
linearity,2,2,3.076923076923077,0.07969492781631914,0.08721801476169394
exchangeable,2,2,3.076923076923077,0.07969492781631914,0.08710873536454931
terminated,3,2,3.076923076923077,0.1195423917244787,0.08709515400399115
livelihood,3,3,4.615384615384615,0.1195423917244787,0.08699374864533377
sensation,3,3,4.615384615384615,0.1195423917244787,0.08699374864533377
disappears,3,3,4.615384615384615,0.1195423917244787,0.08691991341926891
illumination,3,2,3.076923076923077,0.1195423917244787,0.0869151508448572
perceptual,3,2,3.076923076923077,0.1195423917244787,0.0868782290338248
accompanied,3,3,4.615384615384615,0.1195423917244787,0.08684248506652915
ences,3,2,3.076923076923077,0.1195423917244787,0.08676031362359903
payoff,2,2,3.076923076923077,0.07969492781631914,0.08665375602516112
profoundly,3,3,4.615384615384615,0.1195423917244787,0.08659551563217233
dropping,2,2,3.076923076923077,0.07969492781631914,0.0865637734416758
manageable,3,2,3.076923076923077,0.1195423917244787,0.08656164378431819
padding,3,2,3.076923076923077,0.1195423917244787,0.08656164378431819
flowchart,3,3,4.615384615384615,0.1195423917244787,0.08646064702980709
formance,3,2,3.076923076923077,0.1195423917244787,0.08634764576985351
nomic,3,2,3.076923076923077,0.1195423917244787,0.08634764576985351
sectional,3,2,3.076923076923077,0.1195423917244787,0.08634764576985351
stu,3,2,3.076923076923077,0.1195423917244787,0.08634764576985351
competitor,3,3,4.615384615384615,0.1195423917244787,0.08622046963333331
alphanumeric,3,2,3.076923076923077,0.1195423917244787,0.08607177451411632
auto,3,3,4.615384615384615,0.1195423917244787,0.08602538369599072
permitting,2,2,3.076923076923077,0.07969492781631914,0.08581703973004101
treating,3,2,3.076923076923077,0.1195423917244787,0.08573306898078142
metaomnicity,3,2,3.076923076923077,0.1195423917244787,0.08572432398192811
obfuscate,2,2,3.076923076923077,0.07969492781631914,0.0857047598553066
shortfall,4,2,3.076923076923077,0.15938985563263827,0.08569352497973487
badge,3,2,3.076923076923077,0.1195423917244787,0.08569126992004018
nsw,3,3,4.615384615384615,0.1195423917244787,0.08549015365775932
subsample,3,2,3.076923076923077,0.1195423917244787,0.08548417474807794
severely,3,2,3.076923076923077,0.1195423917244787,0.08542964532231476
receipt,2,2,3.076923076923077,0.07969492781631914,0.08536745260621843
researching,3,2,3.076923076923077,0.1195423917244787,0.08532856596446484
hedonic,3,2,3.076923076923077,0.1195423917244787,0.0853229468461926
inductive,3,2,3.076923076923077,0.1195423917244787,0.0853229468461926
telecom,2,2,3.076923076923077,0.07969492781631914,0.08526211145269706
embraced,4,4,6.153846153846154,0.15938985563263827,0.08510915202826409
openly,2,2,3.076923076923077,0.07969492781631914,0.08498139762660174
pound,2,2,3.076923076923077,0.07969492781631914,0.08496816415672101
politician,3,3,4.615384615384615,0.1195423917244787,0.08496726439285067
capitalize,4,3,4.615384615384615,0.15938985563263827,0.08494578500239286
discerning,3,3,4.615384615384615,0.1195423917244787,0.0849333925449965
devel,3,2,3.076923076923077,0.1195423917244787,0.08491027899244707
dividuals,3,2,3.076923076923077,0.1195423917244787,0.08491027899244707
sented,3,2,3.076923076923077,0.1195423917244787,0.08491027899244707
antonio,3,2,3.076923076923077,0.1195423917244787,0.08490830099413336
jebri,4,2,3.076923076923077,0.15938985563263827,0.0848643609803297
sociocultural,2,2,3.076923076923077,0.07969492781631914,0.0847311523583714
wanted,2,2,3.076923076923077,0.07969492781631914,0.0847311523583714
consecutively,2,2,3.076923076923077,0.07969492781631914,0.0846345430131349
offload,2,2,3.076923076923077,0.07969492781631914,0.0846345430131349
rigorously,2,2,3.076923076923077,0.07969492781631914,0.0846345430131349
acknowl,2,2,3.076923076923077,0.07969492781631914,0.08462373352674821
edgement,2,2,3.076923076923077,0.07969492781631914,0.08462373352674821
ernments,2,2,3.076923076923077,0.07969492781631914,0.08462373352674821
gent,2,2,3.076923076923077,0.07969492781631914,0.08462373352674821
libertarian,2,2,3.076923076923077,0.07969492781631914,0.08462373352674821
timeframe,3,3,4.615384615384615,0.1195423917244787,0.08462270593417595
castronova,2,2,3.076923076923077,0.07969492781631914,0.0844719512421754
collectability,2,2,3.076923076923077,0.07969492781631914,0.0844719512421754
earnings,2,2,3.076923076923077,0.07969492781631914,0.0844719512421754
overlapping,2,2,3.076923076923077,0.07969492781631914,0.0844719512421754
ngo,3,2,3.076923076923077,0.1195423917244787,0.08442010234086009
clarkson,3,2,3.076923076923077,0.1195423917244787,0.08439792953061663
zallio,3,2,3.076923076923077,0.1195423917244787,0.08439792953061663
scrutinizing,3,3,4.615384615384615,0.1195423917244787,0.08438737182568784
approve,4,3,4.615384615384615,0.15938985563263827,0.08435471741166106
binomial,3,2,3.076923076923077,0.1195423917244787,0.08432997154801666
snippet,3,2,3.076923076923077,0.1195423917244787,0.08406974160570997
advisory,2,2,3.076923076923077,0.07969492781631914,0.08399220061480521
unparalleled,4,3,4.615384615384615,0.15938985563263827,0.0839720189941147
leon,3,2,3.076923076923077,0.1195423917244787,0.08395511823391916
believing,2,2,3.076923076923077,0.07969492781631914,0.083805914357313
recognised,4,3,4.615384615384615,0.15938985563263827,0.08380587988940716
convince,3,2,3.076923076923077,0.1195423917244787,0.08372819171381732
isolating,3,2,3.076923076923077,0.1195423917244787,0.08365644929263373
perceptron,3,2,3.076923076923077,0.1195423917244787,0.08365644929263373
sporting,3,2,3.076923076923077,0.1195423917244787,0.08365155366477356
airline,3,2,3.076923076923077,0.1195423917244787,0.08360407935306535
undertaking,3,3,4.615384615384615,0.1195423917244787,0.08354274474287789
complicity,3,2,3.076923076923077,0.1195423917244787,0.08350013889453095
grauer,3,2,3.076923076923077,0.1195423917244787,0.08350013889453095
impulse,3,2,3.076923076923077,0.1195423917244787,0.08350013889453095
malley,3,2,3.076923076923077,0.1195423917244787,0.08350013889453095
murphy,3,2,3.076923076923077,0.1195423917244787,0.08350013889453095
unwitting,3,2,3.076923076923077,0.1195423917244787,0.08350013889453095
dong,3,2,3.076923076923077,0.1195423917244787,0.08330514130567486
incremental,2,2,3.076923076923077,0.07969492781631914,0.08329177998976067
intrude,2,2,3.076923076923077,0.07969492781631914,0.08320206597428698
gpus,4,3,4.615384615384615,0.15938985563263827,0.08314260297482669
infrastructural,3,3,4.615384615384615,0.1195423917244787,0.08311302250147005
plain,3,3,4.615384615384615,0.1195423917244787,0.08310488625737657
haidian,3,2,3.076923076923077,0.1195423917244787,0.08305562222379888
colorado,2,2,3.076923076923077,0.07969492781631914,0.08298017333984341
decentralizes,2,2,3.076923076923077,0.07969492781631914,0.08298017333984341
existed,4,3,4.615384615384615,0.15938985563263827,0.08296165813497997
exploded,2,2,3.076923076923077,0.07969492781631914,0.08270847091125602
icos,4,2,3.076923076923077,0.15938985563263827,0.0825723224855059
discarding,2,2,3.076923076923077,0.07969492781631914,0.08249184522281171
empathy,4,3,4.615384615384615,0.15938985563263827,0.08246544786351011
fool,2,2,3.076923076923077,0.07969492781631914,0.08234332140651188
innocent,3,3,4.615384615384615,0.1195423917244787,0.0823400718532289
imposing,2,2,3.076923076923077,0.07969492781631914,0.08229342260667821
kevin,2,2,3.076923076923077,0.07969492781631914,0.08229342260667821
tricco,2,2,3.076923076923077,0.07969492781631914,0.08229342260667821
slowdown,3,2,3.076923076923077,0.1195423917244787,0.0822800854669902
headquartered,4,2,3.076923076923077,0.15938985563263827,0.08226875791636028
dictate,3,3,4.615384615384615,0.1195423917244787,0.0822554742609808
acknowledged,3,3,4.615384615384615,0.1195423917244787,0.08220287816179596
contour,3,3,4.615384615384615,0.1195423917244787,0.0821851630982042
socialization,3,3,4.615384615384615,0.1195423917244787,0.08217424982352836
attained,2,2,3.076923076923077,0.07969492781631914,0.0820592862096191
tempering,3,2,3.076923076923077,0.1195423917244787,0.08194865099482572
treated,2,2,3.076923076923077,0.07969492781631914,0.08154383814980795
urge,2,2,3.076923076923077,0.07969492781631914,0.08154383814980795
crossplatform,3,3,4.615384615384615,0.1195423917244787,0.08140539763612203
mined,3,2,3.076923076923077,0.1195423917244787,0.08132507514908377
wrongly,3,2,3.076923076923077,0.1195423917244787,0.08124078574176422
susilo,2,2,3.076923076923077,0.07969492781631914,0.0812374516588651
opposite,4,3,4.615384615384615,0.15938985563263827,0.08118064959064035
billboard,2,2,3.076923076923077,0.07969492781631914,0.08113582665591057
fueled,2,2,3.076923076923077,0.07969492781631914,0.08109890484487815
untested,2,2,3.076923076923077,0.07969492781631914,0.08109890484487815
motive,4,2,3.076923076923077,0.15938985563263827,0.08106034653728796
qos,4,2,3.076923076923077,0.15938985563263827,0.08100540651674312
rename,2,2,3.076923076923077,0.07969492781631914,0.08086359398349002
revival,2,2,3.076923076923077,0.07969492781631914,0.08086359398349002
fabricated,2,2,3.076923076923077,0.07969492781631914,0.08086161774124485
offloading,3,2,3.076923076923077,0.1195423917244787,0.08081757741829548
causal,3,3,4.615384615384615,0.1195423917244787,0.0807304488273873
footage,2,2,3.076923076923077,0.07969492781631914,0.08071397063040013
kamran,3,2,3.076923076923077,0.1195423917244787,0.08060204683283496
stratified,3,2,3.076923076923077,0.1195423917244787,0.08059886537169421
descent,4,2,3.076923076923077,0.15938985563263827,0.08059357828383859
relayed,2,2,3.076923076923077,0.07969492781631914,0.08051991801699267
contender,2,2,3.076923076923077,0.07969492781631914,0.08042993543350736
smoothly,2,2,3.076923076923077,0.07969492781631914,0.08042993543350736
nat,3,2,3.076923076923077,0.1195423917244787,0.08033881459985821
ser,3,2,3.076923076923077,0.1195423917244787,0.08033881459985821
recalculate,2,2,3.076923076923077,0.07969492781631914,0.08033637508862204
rented,3,3,4.615384615384615,0.1195423917244787,0.08023345087213865
expediency,2,2,3.076923076923077,0.07969492781631914,0.0802113965146832
impersonating,2,2,3.076923076923077,0.07969492781631914,0.08017630589629204
compensated,4,3,4.615384615384615,0.15938985563263827,0.0801486449789088
fade,2,2,3.076923076923077,0.07969492781631914,0.08014355929757308
ross,2,2,3.076923076923077,0.07969492781631914,0.08014355929757308
converge,4,4,6.153846153846154,0.15938985563263827,0.07999299582205717
digest,3,2,3.076923076923077,0.1195423917244787,0.07996224120160242
equips,3,2,3.076923076923077,0.1195423917244787,0.07994248952188086
cohesion,2,2,3.076923076923077,0.07969492781631914,0.07989814680090547
knit,2,2,3.076923076923077,0.07969492781631914,0.07989814680090547
universiti,2,2,3.076923076923077,0.07969492781631914,0.07989814680090547
sep,3,3,4.615384615384615,0.1195423917244787,0.07977714639680035
fiercely,2,2,3.076923076923077,0.07969492781631914,0.0797716857869265
blood,5,2,3.076923076923077,0.19923731954079782,0.07976260559077199
converging,2,2,3.076923076923077,0.07969492781631914,0.07968797574512998
congruent,3,3,4.615384615384615,0.1195423917244787,0.079677029517259
predictor,3,3,4.615384615384615,0.1195423917244787,0.079677029517259
rnns,4,2,3.076923076923077,0.15938985563263827,0.07958794769967986
certify,3,3,4.615384615384615,0.1195423917244787,0.07956113253035194
raters,3,2,3.076923076923077,0.1195423917244787,0.07947947979318998
info,2,2,3.076923076923077,0.07969492781631914,0.0793846963204948
situational,2,2,3.076923076923077,0.07969492781631914,0.0793846963204948
adaboost,4,2,3.076923076923077,0.15938985563263827,0.07936954380214645
williams,3,2,3.076923076923077,0.1195423917244787,0.07936752517312083
plethora,2,2,3.076923076923077,0.07969492781631914,0.07931299559874722
decisional,2,2,3.076923076923077,0.07969492781631914,0.07922021965859741
recognizable,2,2,3.076923076923077,0.07969492781631914,0.07921526973503196
vastly,2,2,3.076923076923077,0.07969492781631914,0.07917562628329951
contingent,3,3,4.615384615384615,0.1195423917244787,0.07917346438461742
substrate,2,2,3.076923076923077,0.07969492781631914,0.07911894298533975
fueling,2,2,3.076923076923077,0.07969492781631914,0.07905393856791014
substitution,3,2,3.076923076923077,0.1195423917244787,0.0790316047677542
deliberate,3,3,4.615384615384615,0.1195423917244787,0.07902412451466023
nontrivial,2,2,3.076923076923077,0.07969492781631914,0.07901674081347886
underline,4,3,4.615384615384615,0.15938985563263827,0.07886866334546018
prolific,3,2,3.076923076923077,0.1195423917244787,0.07866713333706501
multilingual,2,2,3.076923076923077,0.07969492781631914,0.07859731435020297
unaffected,3,3,4.615384615384615,0.1195423917244787,0.07847009159535626
curiosity,3,2,3.076923076923077,0.1195423917244787,0.0783975566455294
profiled,3,2,3.076923076923077,0.1195423917244787,0.0783975566455294
amplifies,4,4,6.153846153846154,0.15938985563263827,0.07839150014655953
socialising,4,2,3.076923076923077,0.15938985563263827,0.078305977861146
anchored,3,2,3.076923076923077,0.1195423917244787,0.07821045993399955
eradicate,2,2,3.076923076923077,0.07969492781631914,0.07817729110331717
exert,2,2,3.076923076923077,0.07969492781631914,0.07817729110331717
racist,2,2,3.076923076923077,0.07969492781631914,0.07814233501081477
ended,3,3,4.615384615384615,0.1195423917244787,0.078023296594895
prohibit,2,2,3.076923076923077,0.07969492781631914,0.07799312956639338
chow,3,2,3.076923076923077,0.1195423917244787,0.07798954515163205
conf,2,2,3.076923076923077,0.07969492781631914,0.07797244651546349
reconfiguration,2,2,3.076923076923077,0.07969492781631914,0.07797244651546349
shandong,2,2,3.076923076923077,0.07969492781631914,0.07797244651546349
symp,2,2,3.076923076923077,0.07969492781631914,0.07797244651546349
interrupt,4,3,4.615384615384615,0.15938985563263827,0.07796375019111157
vein,4,3,4.615384615384615,0.15938985563263827,0.07789796636724862
swan,2,2,3.076923076923077,0.07969492781631914,0.07789417377383387
yue,2,2,3.076923076923077,0.07969492781631914,0.07789417377383387
forcing,2,2,3.076923076923077,0.07969492781631914,0.07788051855989928
charitable,3,3,4.615384615384615,0.1195423917244787,0.07785454273001066
flooding,3,3,4.615384615384615,0.1195423917244787,0.07774977519044245
fledged,2,2,3.076923076923077,0.07969492781631914,0.07768646594649183
intrinsically,4,3,4.615384615384615,0.15938985563263827,0.07746307909677726
lifelogging,2,2,3.076923076923077,0.07969492781631914,0.07736187641927877
merchant,2,2,3.076923076923077,0.07969492781631914,0.07719633931855002
distinguishable,2,2,3.076923076923077,0.07969492781631914,0.0770796974466717
heavier,3,2,3.076923076923077,0.1195423917244787,0.07706273631721691
stalking,3,3,4.615384615384615,0.1195423917244787,0.07705704670991796
shielding,3,3,4.615384615384615,0.1195423917244787,0.07703870061158406
cpabe,2,2,3.076923076923077,0.07969492781631914,0.07699629077687781
linearly,2,2,3.076923076923077,0.07969492781631914,0.07699629077687781
imposed,3,2,3.076923076923077,0.1195423917244787,0.07697306931222471
stochastic,4,3,4.615384615384615,0.15938985563263827,0.07688051637222816
acyclic,2,2,3.076923076923077,0.07969492781631914,0.07675501441218122
comms,2,2,3.076923076923077,0.07969492781631914,0.07663476414174193
witnessed,3,2,3.076923076923077,0.1195423917244787,0.07660474623837712
welfare,3,3,4.615384615384615,0.1195423917244787,0.07653442176996712
parency,2,2,3.076923076923077,0.07969492781631914,0.07643123998543058
adobe,5,3,4.615384615384615,0.19923731954079782,0.07641035617975338
approximation,3,2,3.076923076923077,0.1195423917244787,0.07624549126319903
rated,3,2,3.076923076923077,0.1195423917244787,0.07624549126319903
disrupted,3,2,3.076923076923077,0.1195423917244787,0.07621199124266455
disproportionately,3,3,4.615384615384615,0.1195423917244787,0.07608948846503735
expiration,2,2,3.076923076923077,0.07969492781631914,0.07607385492000876
zaman,2,2,3.076923076923077,0.07969492781631914,0.07607385492000876
acted,2,2,3.076923076923077,0.07969492781631914,0.07603340498953001
dystopia,2,2,3.076923076923077,0.07969492781631914,0.07599867111811334
leg,2,2,3.076923076923077,0.07969492781631914,0.07599867111811334
stranger,2,2,3.076923076923077,0.07969492781631914,0.07599867111811334
mumbai,2,2,3.076923076923077,0.07969492781631914,0.07598387233652344
assured,2,2,3.076923076923077,0.07969492781631914,0.07594556255720451
avalanche,3,3,4.615384615384615,0.1195423917244787,0.07588965799903477
ding,3,2,3.076923076923077,0.1195423917244787,0.07580397974876717
iri,2,2,3.076923076923077,0.07969492781631914,0.07577885867359552
theoretic,2,2,3.076923076923077,0.07969492781631914,0.07577885867359552
cherish,2,2,3.076923076923077,0.07969492781631914,0.07576386227970211
glimpse,2,2,3.076923076923077,0.07969492781631914,0.07576386227970211
liberty,2,2,3.076923076923077,0.07969492781631914,0.07576386227970211
reliant,3,3,4.615384615384615,0.1195423917244787,0.07576130054013068
rent,4,4,6.153846153846154,0.15938985563263827,0.07575442357512592
panoramic,2,2,3.076923076923077,0.07969492781631914,0.07563907206551637
rearranged,2,2,3.076923076923077,0.07969492781631914,0.07563907206551637
retrieving,2,2,3.076923076923077,0.07969492781631914,0.0755771609984855
velocity,3,3,4.615384615384615,0.1195423917244787,0.0755584978383225
morris,2,2,3.076923076923077,0.07969492781631914,0.07555373781318354
usable,2,2,3.076923076923077,0.07969492781631914,0.07555373781318354
wonder,2,2,3.076923076923077,0.07969492781631914,0.07555373781318354
automotive,2,2,3.076923076923077,0.07969492781631914,0.07553755106330713
irreplaceable,3,3,4.615384615384615,0.1195423917244787,0.07550363357093384
tamperproof,2,2,3.076923076923077,0.07969492781631914,0.07550062925227471
interchangeably,3,3,4.615384615384615,0.1195423917244787,0.07533005582528426
productive,2,2,3.076923076923077,0.07969492781631914,0.07531055374010714
chameleon,2,2,3.076923076923077,0.07969492781631914,0.07530996718496218
escape,2,2,3.076923076923077,0.07969492781631914,0.07530888294031392
influencer,2,2,3.076923076923077,0.07969492781631914,0.07530888294031392
lure,2,2,3.076923076923077,0.07969492781631914,0.07530888294031392
pain,2,2,3.076923076923077,0.07969492781631914,0.07530888294031392
parade,2,2,3.076923076923077,0.07969492781631914,0.07530888294031392
preying,2,2,3.076923076923077,0.07969492781631914,0.07530888294031392
radar,2,2,3.076923076923077,0.07969492781631914,0.07530888294031392
romance,2,2,3.076923076923077,0.07969492781631914,0.07530888294031392
trouble,2,2,3.076923076923077,0.07969492781631914,0.07530888294031392
ordinal,2,2,3.076923076923077,0.07969492781631914,0.07526350111204405
m23016,2,2,3.076923076923077,0.07969492781631914,0.07513794753755919
qnrc001,2,2,3.076923076923077,0.07969492781631914,0.07513794753755919
u21b2021,2,2,3.076923076923077,0.07969492781631914,0.07513794753755919
lego,2,2,3.076923076923077,0.07969492781631914,0.07495912671227296
minister,2,2,3.076923076923077,0.07969492781631914,0.07495912671227296
harris,2,2,3.076923076923077,0.07969492781631914,0.07493778486144897
prioritized,3,3,4.615384615384615,0.1195423917244787,0.07489520090853401
bright,2,2,3.076923076923077,0.07969492781631914,0.07486421266254664
mica,2,2,3.076923076923077,0.07969492781631914,0.07486421266254664
statutory,2,2,3.076923076923077,0.07969492781631914,0.07486421266254664
interoperation,2,2,3.076923076923077,0.07969492781631914,0.0748324107453915
resemblance,2,2,3.076923076923077,0.07969492781631914,0.0748324107453915
entice,2,2,3.076923076923077,0.07969492781631914,0.07467107957826968
intrigued,2,2,3.076923076923077,0.07969492781631914,0.07467107957826968
stimulating,2,2,3.076923076923077,0.07969492781631914,0.07467107957826968
asd,2,2,3.076923076923077,0.07969492781631914,0.07464652456463727
ipants,2,2,3.076923076923077,0.07969492781631914,0.0745960382121236
election,3,2,3.076923076923077,0.1195423917244787,0.07453284881586165
lax,3,2,3.076923076923077,0.1195423917244787,0.07453284881586165
strain,3,2,3.076923076923077,0.1195423917244787,0.07453284881586165
filippi,3,2,3.076923076923077,0.1195423917244787,0.0744358272182808
sky,3,3,4.615384615384615,0.1195423917244787,0.07438106653128884
underground,3,3,4.615384615384615,0.1195423917244787,0.07438106653128884
android,3,3,4.615384615384615,0.1195423917244787,0.07422359463941712
linkedin,3,3,4.615384615384615,0.1195423917244787,0.07422359463941712
existent,3,2,3.076923076923077,0.1195423917244787,0.07414319711123425
ion,3,2,3.076923076923077,0.1195423917244787,0.07413740879480701
ersoy,2,2,3.076923076923077,0.07969492781631914,0.07413417510280683
multiplatform,2,2,3.076923076923077,0.07969492781631914,0.07410894892941212
attribute_performs,2,2,3.076923076923077,0.07969492781631914,0.07408100439513793
benchmarked,2,2,3.076923076923077,0.07969492781631914,0.07408100439513793
fulfills,2,2,3.076923076923077,0.07969492781631914,0.07391489631600466
certified,2,2,3.076923076923077,0.07969492781631914,0.0738562550068058
forecasted,2,2,3.076923076923077,0.07969492781631914,0.07382491373251934
paucity,2,2,3.076923076923077,0.07969492781631914,0.07382491373251934
announce,2,2,3.076923076923077,0.07969492781631914,0.07369627191383085
intricately,2,2,3.076923076923077,0.07969492781631914,0.07369627191383085
castro,2,2,3.076923076923077,0.07969492781631914,0.07369496164188052
obscure,4,2,3.076923076923077,0.15938985563263827,0.07369103086754644
coherence,2,2,3.076923076923077,0.07969492781631914,0.0736817159456405
friendliness,2,2,3.076923076923077,0.07969492781631914,0.0736817159456405
unfolds,2,2,3.076923076923077,0.07969492781631914,0.0736817159456405
heritage,2,2,3.076923076923077,0.07969492781631914,0.07366836019804332
aspires,3,3,4.615384615384615,0.1195423917244787,0.07360006119419302
estimating,3,3,4.615384615384615,0.1195423917244787,0.07344961499697825
financ,3,2,3.076923076923077,0.1195423917244787,0.07344006611442923
disney,4,2,3.076923076923077,0.15938985563263827,0.07323568401382803
abdullah,2,2,3.076923076923077,0.07969492781631914,0.07322342689311355
immutably,2,2,3.076923076923077,0.07969492781631914,0.07322342689311355
scamming,3,3,4.615384615384615,0.1195423917244787,0.07318862023763582
durable,2,2,3.076923076923077,0.07969492781631914,0.07318393161383616
executable,3,3,4.615384615384615,0.1195423917244787,0.07301899510683142
harmonized,2,2,3.076923076923077,0.07969492781631914,0.07301735949253546
meter,2,2,3.076923076923077,0.07969492781631914,0.07301735949253546
transferability,2,2,3.076923076923077,0.07969492781631914,0.07301735949253546
lyzing,2,2,3.076923076923077,0.07969492781631914,0.07298987900042869
unraveling,2,2,3.076923076923077,0.07969492781631914,0.07298987900042869
voted,2,2,3.076923076923077,0.07969492781631914,0.07292874823350019
blender,3,2,3.076923076923077,0.1195423917244787,0.0729202377893786
unequal,2,2,3.076923076923077,0.07969492781631914,0.07289989641694337
sharp,3,3,4.615384615384615,0.1195423917244787,0.07276845550480579
onset,2,2,3.076923076923077,0.07969492781631914,0.0726715821520057
told,2,2,3.076923076923077,0.07969492781631914,0.0726715821520057
distinctly,2,2,3.076923076923077,0.07969492781631914,0.07260874625775171
manipulating,4,2,3.076923076923077,0.15938985563263827,0.07257745614739715
excels,4,2,3.076923076923077,0.15938985563263827,0.07246669071429991
performer,2,2,3.076923076923077,0.07969492781631914,0.07238754695511293
rose,2,2,3.076923076923077,0.07969492781631914,0.07238754695511293
optimising,2,2,3.076923076923077,0.07969492781631914,0.0723641385569753
reversing,2,2,3.076923076923077,0.07969492781631914,0.07223687274710512
album,2,2,3.076923076923077,0.07969492781631914,0.07199229264921496
lawsuit,2,2,3.076923076923077,0.07969492781631914,0.07195612706307791
responsibly,2,2,3.076923076923077,0.07969492781631914,0.07191920525204551
tap,2,2,3.076923076923077,0.07969492781631914,0.07191920525204551
thrives,2,2,3.076923076923077,0.07969492781631914,0.07191920525204551
adleman,2,2,3.076923076923077,0.07969492781631914,0.07191287583069238
cryptographer,2,2,3.076923076923077,0.07969492781631914,0.07191287583069238
afforded,2,2,3.076923076923077,0.07969492781631914,0.07189479245289046
deterred,2,2,3.076923076923077,0.07969492781631914,0.07189479245289046
plenty,2,2,3.076923076923077,0.07969492781631914,0.07189479245289046
disproportionate,2,2,3.076923076923077,0.07969492781631914,0.07183486277562932
honestly,3,2,3.076923076923077,0.1195423917244787,0.07175320802418184
reinforce,3,2,3.076923076923077,0.1195423917244787,0.07175320802418184
maximising,3,2,3.076923076923077,0.1195423917244787,0.07174991610552237
interquartile,2,2,3.076923076923077,0.07969492781631914,0.07174301016831766
trusting,3,2,3.076923076923077,0.1195423917244787,0.07156904648725805
dumped,2,2,3.076923076923077,0.07969492781631914,0.071542932428099
ing,2,2,3.076923076923077,0.07969492781631914,0.07153731330982675
tone,2,2,3.076923076923077,0.07969492781631914,0.07153731330982675
ultra,6,3,4.615384615384615,0.2390847834489574,0.07148283790448161
alleviates,3,3,4.615384615384615,0.1195423917244787,0.07134842912164019
abruptly,2,2,3.076923076923077,0.07969492781631914,0.07117626921890378
mega,2,2,3.076923076923077,0.07969492781631914,0.07117626921890378
occupation,2,2,3.076923076923077,0.07969492781631914,0.07117626921890378
pyramid,2,2,3.076923076923077,0.07969492781631914,0.07117626921890378
upward,2,2,3.076923076923077,0.07969492781631914,0.07117626921890378
specifies,3,3,4.615384615384615,0.1195423917244787,0.07113107590622299
dnn,6,2,3.076923076923077,0.2390847834489574,0.07111174822161664
amusement,2,2,3.076923076923077,0.07969492781631914,0.07106727533363899
louis,2,2,3.076923076923077,0.07969492781631914,0.07106727533363899
vuitton,2,2,3.076923076923077,0.07969492781631914,0.07106727533363899
predictable,3,3,4.615384615384615,0.1195423917244787,0.07104822298855457
queue,6,2,3.076923076923077,0.2390847834489574,0.0710009827885194
infamous,2,2,3.076923076923077,0.07969492781631914,0.0708043957082572
tremendous,2,2,3.076923076923077,0.07969492781631914,0.0708043957082572
synonymous,3,2,3.076923076923077,0.1195423917244787,0.0707612791853745
paved,2,2,3.076923076923077,0.07969492781631914,0.07073908740873232
triangle,2,2,3.076923076923077,0.07969492781631914,0.07071229573598434
ifrs,2,2,3.076923076923077,0.07969492781631914,0.07070597679906761
immune,2,2,3.076923076923077,0.07969492781631914,0.07062637124069611
comprised,2,2,3.076923076923077,0.07969492781631914,0.07060752197099339
punitive,2,2,3.076923076923077,0.07969492781631914,0.07060752197099339
requisite,2,2,3.076923076923077,0.07969492781631914,0.07060752197099339
usernames,4,2,3.076923076923077,0.15938985563263827,0.07059679738432653
underpins,2,2,3.076923076923077,0.07969492781631914,0.07056051345141154
crossover,2,2,3.076923076923077,0.07969492781631914,0.07055492587180852
fruition,2,2,3.076923076923077,0.07969492781631914,0.07055492587180852
passionately,2,2,3.076923076923077,0.07969492781631914,0.07055492587180852
arranging,2,2,3.076923076923077,0.07969492781631914,0.07047587738284797
assembling,2,2,3.076923076923077,0.07969492781631914,0.07047587738284797
smaili,2,2,3.076923076923077,0.07969492781631914,0.07047587738284797
uninterrupted,2,2,3.076923076923077,0.07969492781631914,0.07047587738284797
abi,3,2,3.076923076923077,0.1195423917244787,0.07042072231616979
quarantine,3,2,3.076923076923077,0.1195423917244787,0.0702842426476477
coalition,2,2,3.076923076923077,0.07969492781631914,0.07024481768459319
simpler,2,2,3.076923076923077,0.07969492781631914,0.07022204993155136
substituted,3,3,4.615384615384615,0.1195423917244787,0.07021880696926655
dearth,2,2,3.076923076923077,0.07969492781631914,0.07009994653242034
quote,2,2,3.076923076923077,0.07969492781631914,0.07009994653242034
upside,2,2,3.076923076923077,0.07969492781631914,0.07009994653242034
aggressive,2,2,3.076923076923077,0.07969492781631914,0.07008348651747136
cite,2,2,3.076923076923077,0.07969492781631914,0.07001883376147355
abr,3,2,3.076923076923077,0.1195423917244787,0.06984502918672139
delivers,3,3,4.615384615384615,0.1195423917244787,0.06983930934271791
ogies,3,2,3.076923076923077,0.1195423917244787,0.06983626186979854
hiring,2,2,3.076923076923077,0.07969492781631914,0.06978283647062507
preset,2,2,3.076923076923077,0.07969492781631914,0.06976062373283606
simplify,6,2,3.076923076923077,0.2390847834489574,0.06974002649579487
confluence,2,2,3.076923076923077,0.07969492781631914,0.06970438457368171
richness,3,3,4.615384615384615,0.1195423917244787,0.06948446676404933
allure,3,3,4.615384615384615,0.1195423917244787,0.06945838795162022
citing,3,2,3.076923076923077,0.1195423917244787,0.06932391240796806
diving,2,2,3.076923076923077,0.07969492781631914,0.06926911136519898
inferring,2,2,3.076923076923077,0.07969492781631914,0.06926911136519898
decoding,2,2,3.076923076923077,0.07969492781631914,0.06926866194600749
beacon,3,2,3.076923076923077,0.1195423917244787,0.06895516257686182
covariance,2,2,3.076923076923077,0.07969492781631914,0.0688967884353609
quotient,2,2,3.076923076923077,0.07969492781631914,0.0688967884353609
seo,3,2,3.076923076923077,0.1195423917244787,0.06888588410582684
persists,2,2,3.076923076923077,0.07969492781631914,0.06886326635636492
municipal,2,2,3.076923076923077,0.07969492781631914,0.0688241780602692
instructional,2,2,3.076923076923077,0.07969492781631914,0.06875945698075024
indian,3,2,3.076923076923077,0.1195423917244787,0.06859637125950578
encompassed,2,2,3.076923076923077,0.07969492781631914,0.06847542178385745
immersing,3,3,4.615384615384615,0.1195423917244787,0.06837671639191677
cuttingedge,2,2,3.076923076923077,0.07969492781631914,0.06807613333436004
recognizes,3,3,4.615384615384615,0.1195423917244787,0.06805481899182232
sch,3,3,4.615384615384615,0.1195423917244787,0.06804709998664292
retina,3,2,3.076923076923077,0.1195423917244787,0.0680056267090518
england,3,2,3.076923076923077,0.1195423917244787,0.06798191899687137
lightning,3,2,3.076923076923077,0.1195423917244787,0.06798191899687137
sushiswap,3,2,3.076923076923077,0.1195423917244787,0.06798191899687137
everybody,3,2,3.076923076923077,0.1195423917244787,0.06797968382974225
ibrar,3,2,3.076923076923077,0.1195423917244787,0.06790307359866005
avant,2,2,3.076923076923077,0.07969492781631914,0.06787176349037731
garde,2,2,3.076923076923077,0.07969492781631914,0.06787176349037731
boast,2,2,3.076923076923077,0.07969492781631914,0.06777406990049253
disregard,2,2,3.076923076923077,0.07969492781631914,0.06777406990049253
sn,2,2,3.076923076923077,0.07969492781631914,0.06777406990049253
surpassing,2,2,3.076923076923077,0.07969492781631914,0.06777406990049253
nexus,3,3,4.615384615384615,0.1195423917244787,0.06776331706618184
tendermint,3,2,3.076923076923077,0.1195423917244787,0.06773773047357953
trustlessness,3,2,3.076923076923077,0.1195423917244787,0.06773773047357953
abnormality,3,2,3.076923076923077,0.1195423917244787,0.06772159151215904
quintessential,3,3,4.615384615384615,0.1195423917244787,0.06761153478160904
outlier,4,3,4.615384615384615,0.15938985563263827,0.06759121326037133
illustrator,3,2,3.076923076923077,0.1195423917244787,0.06757167233584487
gai,2,2,3.076923076923077,0.07969492781631914,0.06753669485111646
mbps,2,2,3.076923076923077,0.07969492781631914,0.06753669485111646
asking,2,2,3.076923076923077,0.07969492781631914,0.06741678415098912
entrant,2,2,3.076923076923077,0.07969492781631914,0.06741678415098912
sprawling,2,2,3.076923076923077,0.07969492781631914,0.06741678415098912
woven,2,2,3.076923076923077,0.07969492781631914,0.06741678415098912
enjoyment,2,2,3.076923076923077,0.07969492781631914,0.06740469958841663
solicited,2,2,3.076923076923077,0.07969492781631914,0.06740469958841663
utilitarian,2,2,3.076923076923077,0.07969492781631914,0.06740469958841663
accentuates,3,2,3.076923076923077,0.1195423917244787,0.06725763286650517
delineate,3,2,3.076923076923077,0.1195423917244787,0.06725763286650517
reflective,3,2,3.076923076923077,0.1195423917244787,0.06725763286650517
occasionally,3,3,4.615384615384615,0.1195423917244787,0.06721895073496752
chrome,2,2,3.076923076923077,0.07969492781631914,0.06703844519604228
disciplinary,2,2,3.076923076923077,0.07969492781631914,0.06703282607777004
manifest,2,2,3.076923076923077,0.07969492781631914,0.06703282607777004
kyber,3,3,4.615384615384615,0.1195423917244787,0.06696959934398665
lowlatency,2,2,3.076923076923077,0.07969492781631914,0.06684261836618194
breadth,2,2,3.076923076923077,0.07969492781631914,0.06670430775236082
extant,2,2,3.076923076923077,0.07969492781631914,0.06670430775236082
graduate,2,2,3.076923076923077,0.07969492781631914,0.06670430775236082
meaningfully,2,2,3.076923076923077,0.07969492781631914,0.06670430775236082
compensating,2,2,3.076923076923077,0.07969492781631914,0.06664280070055306
optimizes,3,3,4.615384615384615,0.1195423917244787,0.0666223419529744
characterize,2,2,3.076923076923077,0.07969492781631914,0.06651331536124164
favorably,2,2,3.076923076923077,0.07969492781631914,0.06651331536124164
redress,2,2,3.076923076923077,0.07969492781631914,0.06651331536124164
symbolized,2,2,3.076923076923077,0.07969492781631914,0.06651331536124164
contrasted,3,3,4.615384615384615,0.1195423917244787,0.0663825719917848
asserts,3,2,3.076923076923077,0.1195423917244787,0.06633718545739126
crossroad,2,2,3.076923076923077,0.07969492781631914,0.06624351225105565
amenable,2,2,3.076923076923077,0.07969492781631914,0.06622928016434886
manoj,2,2,3.076923076923077,0.07969492781631914,0.06622928016434886
quandary,2,2,3.076923076923077,0.07969492781631914,0.06622928016434886
persuasive,2,2,3.076923076923077,0.07969492781631914,0.06618782136116486
maturing,2,2,3.076923076923077,0.07969492781631914,0.06615149434793399
mohamed,3,2,3.076923076923077,0.1195423917244787,0.06588897042885464
chainmaker,2,2,3.076923076923077,0.07969492781631914,0.06586646262759624
plaintexts,2,2,3.076923076923077,0.07969492781631914,0.06586646262759624
charity,3,2,3.076923076923077,0.1195423917244787,0.06581512680678982
outright,2,2,3.076923076923077,0.07969492781631914,0.06578853291166745
purported,2,2,3.076923076923077,0.07969492781631914,0.06578853291166745
asian,2,2,3.076923076923077,0.07969492781631914,0.06577929043678485
imagery,2,2,3.076923076923077,0.07969492781631914,0.06559545930036362
shocked,2,2,3.076923076923077,0.07969492781631914,0.06559545930036362
prioritisation,3,2,3.076923076923077,0.1195423917244787,0.0654117872367126
anonymized,2,2,3.076923076923077,0.07969492781631914,0.06540909441993055
debugging,2,2,3.076923076923077,0.07969492781631914,0.06540909441993055
ubiquity,3,3,4.615384615384615,0.1195423917244787,0.06539706927843403
decreased,2,2,3.076923076923077,0.07969492781631914,0.06539074832159664
reinvent,2,2,3.076923076923077,0.07969492781631914,0.06524881016021218
fluctuates,3,2,3.076923076923077,0.1195423917244787,0.06470893421806959
enforces,2,2,3.076923076923077,0.07969492781631914,0.06447845798608234
backdrop,2,2,3.076923076923077,0.07969492781631914,0.06439665908104447
cohort,2,2,3.076923076923077,0.07969492781631914,0.06439665908104447
reshaped,2,2,3.076923076923077,0.07969492781631914,0.06439665908104447
vigilant,4,2,3.076923076923077,0.15938985563263827,0.0643139129115069
intentionally,2,2,3.076923076923077,0.07969492781631914,0.06415027006117567
quantify,3,2,3.076923076923077,0.1195423917244787,0.0641364303722762
jeopardise,3,3,4.615384615384615,0.1195423917244787,0.06406755865848678
intriguingly,2,2,3.076923076923077,0.07969492781631914,0.06394167974165627
geometry,3,3,4.615384615384615,0.1195423917244787,0.0638437087015132
tao,2,2,3.076923076923077,0.07969492781631914,0.06379753030085095
decides,2,2,3.076923076923077,0.07969492781631914,0.0635025340544377
overwhelming,2,2,3.076923076923077,0.07969492781631914,0.0635025340544377
teleport,4,4,6.153846153846154,0.15938985563263827,0.06346096811267973
continuation,2,2,3.076923076923077,0.07969492781631914,0.06327409204139947
eventual,2,2,3.076923076923077,0.07969492781631914,0.06327409204139947
fundraiser,2,2,3.076923076923077,0.07969492781631914,0.06327409204139947
undertake,2,2,3.076923076923077,0.07969492781631914,0.06327409204139947
wildcard,2,2,3.076923076923077,0.07969492781631914,0.06327409204139947
utilise,2,2,3.076923076923077,0.07969492781631914,0.0632697300442556
devising,3,2,3.076923076923077,0.1195423917244787,0.06316564561720402
interconnect,2,2,3.076923076923077,0.07969492781631914,0.06312230975682667
studio,2,2,3.076923076923077,0.07969492781631914,0.06312230975682667
warner,2,2,3.076923076923077,0.07969492781631914,0.06312230975682667
degrade,2,2,3.076923076923077,0.07969492781631914,0.06291229691893241
splitting,2,2,3.076923076923077,0.07969492781631914,0.0628247967393258
notifies,2,2,3.076923076923077,0.07969492781631914,0.06282137456226525
complicit,2,2,3.076923076923077,0.07969492781631914,0.06281911270201128
criminological,2,2,3.076923076923077,0.07969492781631914,0.06281911270201128
kethineni,2,2,3.076923076923077,0.07969492781631914,0.06281911270201128
loosely,2,2,3.076923076923077,0.07969492781631914,0.06281911270201128
manoeuvre,2,2,3.076923076923077,0.07969492781631914,0.06281911270201128
pile,2,2,3.076923076923077,0.07969492781631914,0.06281911270201128
tidy,2,2,3.076923076923077,0.07969492781631914,0.06281911270201128
worthless,2,2,3.076923076923077,0.07969492781631914,0.06281911270201128
christodoulou,4,2,3.076923076923077,0.15938985563263827,0.06279495145979375
kid,4,2,3.076923076923077,0.15938985563263827,0.06279495145979375
ascending,2,2,3.076923076923077,0.07969492781631914,0.06274929502952274
appreciation,2,2,3.076923076923077,0.07969492781631914,0.06266733041743848
rigor,2,2,3.076923076923077,0.07969492781631914,0.06258377859352318
uncovering,2,2,3.076923076923077,0.07969492781631914,0.06258377859352318
solidify,2,2,3.076923076923077,0.07969492781631914,0.06257002323115746
opts,2,2,3.076923076923077,0.07969492781631914,0.06256513349259896
photon,3,2,3.076923076923077,0.1195423917244787,0.06216842576195004
philosopher,3,2,3.076923076923077,0.1195423917244787,0.062117400355851074
psychologically,2,2,3.076923076923077,0.07969492781631914,0.062087233327349466
summed,2,2,3.076923076923077,0.07969492781631914,0.06205520763975474
flourishing,3,3,4.615384615384615,0.1195423917244787,0.06200557857590197
differentiates,3,3,4.615384615384615,0.1195423917244787,0.061821417038978185
chaos,2,2,3.076923076923077,0.07969492781631914,0.06165591919025733
confronting,2,2,3.076923076923077,0.07969492781631914,0.06165591919025733
export,2,2,3.076923076923077,0.07969492781631914,0.06165591919025733
hunter,2,2,3.076923076923077,0.07969492781631914,0.06165591919025733
panorama,2,2,3.076923076923077,0.07969492781631914,0.06165591919025733
invite,2,2,3.076923076923077,0.07969492781631914,0.06164500591558149
materialization,2,2,3.076923076923077,0.07969492781631914,0.06164500591558149
metashard,2,2,3.076923076923077,0.07969492781631914,0.061642300022419674
anal,2,2,3.076923076923077,0.07969492781631914,0.06163857169684685
spotlight,2,2,3.076923076923077,0.07969492781631914,0.06163857169684685
upholding,3,3,4.615384615384615,0.1195423917244787,0.06138439627705557
ahmed,2,2,3.076923076923077,0.07969492781631914,0.06135481580369893
compilation,2,2,3.076923076923077,0.07969492781631914,0.06135481580369893
concentrating,2,2,3.076923076923077,0.07969492781631914,0.06135481580369893
plus,2,2,3.076923076923077,0.07969492781631914,0.06135481580369893
unpredictability,2,2,3.076923076923077,0.07969492781631914,0.06128404567961074
respectful,2,2,3.076923076923077,0.07969492781631914,0.06128294614282066
safekeeping,2,2,3.076923076923077,0.07969492781631914,0.06128294614282066
operative,2,2,3.076923076923077,0.07969492781631914,0.06113265645375103
kit,2,2,3.076923076923077,0.07969492781631914,0.060963031322946636
compile,2,2,3.076923076923077,0.07969492781631914,0.060957412204674405
scholarship,2,2,3.076923076923077,0.07969492781631914,0.06095552735420151
jeon,3,2,3.076923076923077,0.1195423917244787,0.06085566023534491
programmability,3,2,3.076923076923077,0.1195423917244787,0.06085566023534491
semantics,3,2,3.076923076923077,0.1195423917244787,0.06085566023534491
environ,2,2,3.076923076923077,0.07969492781631914,0.060713554381270886
markup,2,2,3.076923076923077,0.07969492781631914,0.06066803507653339
paul,3,2,3.076923076923077,0.1195423917244787,0.060600985532000516
raymond,3,2,3.076923076923077,0.1195423917244787,0.060600985532000516
moderated,2,2,3.076923076923077,0.07969492781631914,0.06038536645636422
anymore,2,2,3.076923076923077,0.07969492781631914,0.06020120491944043
einstein,3,2,3.076923076923077,0.1195423917244787,0.06015543348723132
heuristic,3,2,3.076923076923077,0.1195423917244787,0.06015543348723132
triple,3,2,3.076923076923077,0.1195423917244787,0.06015543348723132
yilmaz,3,3,4.615384615384615,0.1195423917244787,0.06013905622086301
inferior,2,2,3.076923076923077,0.07969492781631914,0.060053983352996415
lip,5,2,3.076923076923077,0.19923731954079782,0.0598718074255266
shelf,4,2,3.076923076923077,0.15938985563263827,0.05981833775383023
praise,2,2,3.076923076923077,0.07969492781631914,0.059809066020246146
spam,2,2,3.076923076923077,0.07969492781631914,0.059809066020246146
maple,2,2,3.076923076923077,0.07969492781631914,0.05973739864268518
hesitation,3,2,3.076923076923077,0.1195423917244787,0.05971050018230153
resnet,3,3,4.615384615384615,0.1195423917244787,0.059708164575195365
award,2,2,3.076923076923077,0.07969492781631914,0.059704206964191764
readability,2,2,3.076923076923077,0.07969492781631914,0.059704206964191764
compulsive,2,2,3.076923076923077,0.07969492781631914,0.059654694903499
underlining,2,2,3.076923076923077,0.07969492781631914,0.05943719250959956
feng,3,3,4.615384615384615,0.1195423917244787,0.05931121173280411
unveiling,3,2,3.076923076923077,0.1195423917244787,0.05922630945923317
resisting,2,2,3.076923076923077,0.07969492781631914,0.05922504918085473
commenced,2,2,3.076923076923077,0.07969492781631914,0.05910867418419034
salient,2,2,3.076923076923077,0.07969492781631914,0.05910867418419034
equipping,2,2,3.076923076923077,0.07969492781631914,0.059031888622405056
taste,2,2,3.076923076923077,0.07969492781631914,0.059031888622405056
delving,3,2,3.076923076923077,0.1195423917244787,0.05894884509433911
courtesy,3,2,3.076923076923077,0.1195423917244787,0.058715201037439824
ending,2,2,3.076923076923077,0.07969492781631914,0.05868649898060115
escalates,2,2,3.076923076923077,0.07969492781631914,0.058653008321343486
revolutionizes,2,2,3.076923076923077,0.07969492781631914,0.05862387712850768
abandonment,2,2,3.076923076923077,0.07969492781631914,0.058586955317475264
democratizes,2,2,3.076923076923077,0.07969492781631914,0.058586955317475264
inhabit,2,2,3.076923076923077,0.07969492781631914,0.058586955317475264
underway,2,2,3.076923076923077,0.07969492781631914,0.058586955317475264
w3c,2,2,3.076923076923077,0.07969492781631914,0.058586955317475264
prerequisite,2,2,3.076923076923077,0.07969492781631914,0.058534716696028354
trail,5,2,3.076923076923077,0.19923731954079782,0.05850008569970483
conglomeration,2,2,3.076923076923077,0.07969492781631914,0.05844949407231982
exceptionally,2,2,3.076923076923077,0.07969492781631914,0.05844949407231982
jeopardizing,2,2,3.076923076923077,0.07969492781631914,0.05844949407231982
pinnacle,2,2,3.076923076923077,0.07969492781631914,0.05844949407231982
milieu,2,2,3.076923076923077,0.07969492781631914,0.05825371987184608
disputeresolution,2,2,3.076923076923077,0.07969492781631914,0.05824520866814988
unconfirmed,2,2,3.076923076923077,0.07969492781631914,0.05824520866814988
justifies,2,2,3.076923076923077,0.07969492781631914,0.058162843185381764
commu,2,2,3.076923076923077,0.07969492781631914,0.05787343628509434
fac,2,2,3.076923076923077,0.07969492781631914,0.05787343628509434
iden,2,2,3.076923076923077,0.07969492781631914,0.05787343628509434
nities,2,2,3.076923076923077,0.07969492781631914,0.05787343628509434
prada,2,2,3.076923076923077,0.07969492781631914,0.05787343628509434
ternal,2,2,3.076923076923077,0.07969492781631914,0.05787343628509434
vation,2,2,3.076923076923077,0.07969492781631914,0.05787343628509434
econometric,2,2,3.076923076923077,0.07969492781631914,0.057834324859972544
vietnam,2,2,3.076923076923077,0.07969492781631914,0.057834324859972544
bep,3,2,3.076923076923077,0.1195423917244787,0.05782533442758025
commendable,2,2,3.076923076923077,0.07969492781631914,0.057807841733487825
judiciously,2,2,3.076923076923077,0.07969492781631914,0.057807841733487825
agriculture,2,2,3.076923076923077,0.07969492781631914,0.05778334555883312
apache,2,2,3.076923076923077,0.07969492781631914,0.05778334555883312
install,2,2,3.076923076923077,0.07969492781631914,0.05778334555883312
timestamping,2,2,3.076923076923077,0.07969492781631914,0.05778334555883312
virtualization,2,2,3.076923076923077,0.07969492781631914,0.05778334555883312
intend,2,2,3.076923076923077,0.07969492781631914,0.05755086747845991
connective,2,2,3.076923076923077,0.07969492781631914,0.05736108682326387
derstand,2,2,3.076923076923077,0.07969492781631914,0.05736108682326387
directive,2,2,3.076923076923077,0.07969492781631914,0.05736108682326387
experi,2,2,3.076923076923077,0.07969492781631914,0.05736108682326387
motivational,2,2,3.076923076923077,0.07969492781631914,0.05736108682326387
voicing,2,2,3.076923076923077,0.07969492781631914,0.05736108682326387
synthesizing,2,2,3.076923076923077,0.07969492781631914,0.057356711370887395
tolerates,2,2,3.076923076923077,0.07969492781631914,0.0573441320979068
actuator,3,2,3.076923076923077,0.1195423917244787,0.0572827239985919
metaphysical,3,2,3.076923076923077,0.1195423917244787,0.0572827239985919
restrictive,3,2,3.076923076923077,0.1195423917244787,0.0572827239985919
transitioned,3,3,4.615384615384615,0.1195423917244787,0.057065070113295514
ca,2,2,3.076923076923077,0.07969492781631914,0.05683688304583676
bypassing,2,2,3.076923076923077,0.07969492781631914,0.05682124283299815
hurt,2,2,3.076923076923077,0.07969492781631914,0.05682124283299815
navigates,2,2,3.076923076923077,0.07969492781631914,0.05682124283299815
von,2,2,3.076923076923077,0.07969492781631914,0.05682124283299815
weaken,2,2,3.076923076923077,0.07969492781631914,0.05682124283299815
holographic,4,2,3.076923076923077,0.15938985563263827,0.05669713525960125
gang,2,2,3.076923076923077,0.07969492781631914,0.05668527469384283
offending,2,2,3.076923076923077,0.07969492781631914,0.05668527469384283
awan,4,2,3.076923076923077,0.15938985563263827,0.056636684669029685
unsuccessful,2,2,3.076923076923077,0.07969492781631914,0.056571633299554315
solves,2,2,3.076923076923077,0.07969492781631914,0.05654188679942351
reactive,2,2,3.076923076923077,0.07969492781631914,0.05653349240927003
decent,2,2,3.076923076923077,0.07969492781631914,0.05648165071606899
disorientation,3,2,3.076923076923077,0.1195423917244787,0.05646670101079715
indulge,3,2,3.076923076923077,0.1195423917244787,0.05646670101079715
eration,2,2,3.076923076923077,0.07969492781631914,0.056436069507687904
exam,2,2,3.076923076923077,0.07969492781631914,0.056436069507687904
opment,2,2,3.076923076923077,0.07969492781631914,0.056436069507687904
pected,2,2,3.076923076923077,0.07969492781631914,0.056436069507687904
arg,2,2,3.076923076923077,0.07969492781631914,0.056406866701834896
broadening,2,2,3.076923076923077,0.07969492781631914,0.056406866701834896
glean,2,2,3.076923076923077,0.07969492781631914,0.056406866701834896
indispensability,2,2,3.076923076923077,0.07969492781631914,0.056406866701834896
quad,2,2,3.076923076923077,0.07969492781631914,0.056406866701834896
stipulated,2,2,3.076923076923077,0.07969492781631914,0.056406866701834896
tasked,2,2,3.076923076923077,0.07969492781631914,0.056406866701834896
cope,3,3,4.615384615384615,0.1195423917244787,0.056387436378580305
antivirus,2,2,3.076923076923077,0.07969492781631914,0.05635767441906439
divulging,2,2,3.076923076923077,0.07969492781631914,0.05635767441906439
hologram,2,2,3.076923076923077,0.07969492781631914,0.05635767441906439
limb,2,2,3.076923076923077,0.07969492781631914,0.05635767441906439
lowering,2,2,3.076923076923077,0.07969492781631914,0.056320752608031974
prize,2,2,3.076923076923077,0.07969492781631914,0.056320752608031974
anytime,2,2,3.076923076923077,0.07969492781631914,0.056289079748184964
multisensory,3,3,4.615384615384615,0.1195423917244787,0.05619000923857514
kaya,3,2,3.076923076923077,0.1195423917244787,0.05618994129715947
agarwal,2,2,3.076923076923077,0.07969492781631914,0.05612774858106313
augment,2,2,3.076923076923077,0.07969492781631914,0.05612774858106313
discourage,2,2,3.076923076923077,0.07969492781631914,0.05612669999462452
wiki,2,2,3.076923076923077,0.07969492781631914,0.05612669999462452
complicate,2,2,3.076923076923077,0.07969492781631914,0.056073639222171616
irregularity,2,2,3.076923076923077,0.07969492781631914,0.056073639222171616
standardizes,2,2,3.076923076923077,0.07969492781631914,0.05603671741113921
drill,2,2,3.076923076923077,0.07969492781631914,0.05588979129868754
minded,2,2,3.076923076923077,0.07969492781631914,0.05588979129868754
moore,2,2,3.076923076923077,0.07969492781631914,0.05588979129868754
perez,2,2,3.076923076923077,0.07969492781631914,0.05588979129868754
renamed,2,2,3.076923076923077,0.07969492781631914,0.05588979129868754
tradeoff,2,2,3.076923076923077,0.07969492781631914,0.05588979129868754
workshop,2,2,3.076923076923077,0.07969492781631914,0.05588979129868754
replaces,2,2,3.076923076923077,0.07969492781631914,0.055728460131565724
repetitive,3,2,3.076923076923077,0.1195423917244787,0.05566315024821412
dizziness,3,2,3.076923076923077,0.1195423917244787,0.055535249476486546
dqn,3,2,3.076923076923077,0.1195423917244787,0.055535249476486546
occlusion,3,2,3.076923076923077,0.1195423917244787,0.055535249476486546
robotic,3,2,3.076923076923077,0.1195423917244787,0.05546140585442172
opted,2,2,3.076923076923077,0.07969492781631914,0.05528429966218991
zhongguancun,2,2,3.076923076923077,0.07969492781631914,0.0551325173776171
misled,2,2,3.076923076923077,0.07969492781631914,0.05497438966298697
uncharted,2,2,3.076923076923077,0.07969492781631914,0.05497438966298697
ato,2,2,3.076923076923077,0.07969492781631914,0.05491363556010185
resides,2,2,3.076923076923077,0.07969492781631914,0.05491363556010185
mouse,2,2,3.076923076923077,0.07969492781631914,0.054683543560104894
revolving,2,2,3.076923076923077,0.07969492781631914,0.054677924441832663
routing,2,2,3.076923076923077,0.07969492781631914,0.054649029632764606
timelock,3,2,3.076923076923077,0.1195423917244787,0.05448525011583602
conceptualize,2,2,3.076923076923077,0.07969492781631914,0.054241018138867225
walking,2,2,3.076923076923077,0.07969492781631914,0.054241018138867225
agnostic,2,2,3.076923076923077,0.07969492781631914,0.05420409632783481
champion,2,2,3.076923076923077,0.07969492781631914,0.054042938128676374
nigerian,2,2,3.076923076923077,0.07969492781631914,0.053851822623341976
inducing,2,2,3.076923076923077,0.07969492781631914,0.053786038799479026
expecting,2,2,3.076923076923077,0.07969492781631914,0.05374911698844662
hook,2,2,3.076923076923077,0.07969492781631914,0.05374911698844662
loose,2,2,3.076923076923077,0.07969492781631914,0.05374911698844662
lottery,2,2,3.076923076923077,0.07969492781631914,0.05374911698844662
quasi,2,2,3.076923076923077,0.07969492781631914,0.05374911698844662
recruit,2,2,3.076923076923077,0.07969492781631914,0.05374911698844662
mile,2,2,3.076923076923077,0.07969492781631914,0.05370004033876918
pouring,2,2,3.076923076923077,0.07969492781631914,0.05370004033876918
flow_analysis,2,2,3.076923076923077,0.07969492781631914,0.053454580770280646
indexing,2,2,3.076923076923077,0.07969492781631914,0.053454580770280646
interchange,2,2,3.076923076923077,0.07969492781631914,0.053454580770280646
drew,2,2,3.076923076923077,0.07969492781631914,0.053448961652008416
exhaustive,2,2,3.076923076923077,0.07969492781631914,0.053448961652008416
managerial,2,2,3.076923076923077,0.07969492781631914,0.053448961652008416
reciprocal,2,2,3.076923076923077,0.07969492781631914,0.053448961652008416
umbrella,3,2,3.076923076923077,0.1195423917244787,0.053418016168924144
invocation,2,2,3.076923076923077,0.07969492781631914,0.05336177863650391
embody,2,2,3.076923076923077,0.07969492781631914,0.05324055766442623
unexplored,2,2,3.076923076923077,0.07969492781631914,0.05324055766442623
overseen,2,2,3.076923076923077,0.07969492781631914,0.05305529232078323
commentary,2,2,3.076923076923077,0.07969492781631914,0.05304967320251099
comprehensibility,2,2,3.076923076923077,0.07969492781631914,0.05304967320251099
gratitude,2,2,3.076923076923077,0.07969492781631914,0.05304967320251099
emotive,3,2,3.076923076923077,0.1195423917244787,0.05301000467502676
bidding,2,2,3.076923076923077,0.07969492781631914,0.05292037108903138
notorious,2,2,3.076923076923077,0.07969492781631914,0.05292037108903138
familiarity,3,3,4.615384615384615,0.1195423917244787,0.052821300579421554
axies,2,2,3.076923076923077,0.07969492781631914,0.05276858880445858
netherlands,2,2,3.076923076923077,0.07969492781631914,0.05276858880445858
sailing,2,2,3.076923076923077,0.07969492781631914,0.05276858880445858
poll,2,2,3.076923076923077,0.07969492781631914,0.05275903992190955
revolve,3,2,3.076923076923077,0.1195423917244787,0.05269513138030999
enclosed,3,2,3.076923076923077,0.1195423917244787,0.0526269068765174
supporter,3,2,3.076923076923077,0.1195423917244787,0.05262128775824517
science_foundation,2,2,3.076923076923077,0.07969492781631914,0.05260725763733674
cancellation,2,2,3.076923076923077,0.07969492781631914,0.05223921159685892
pertain,2,2,3.076923076923077,0.07969492781631914,0.05219575641152577
envisioning,2,2,3.076923076923077,0.07969492781631914,0.05212465588693503
matures,2,2,3.076923076923077,0.07969492781631914,0.05201159487460198
rounded,2,2,3.076923076923077,0.07969492781631914,0.05194421535044568
axis,2,2,3.076923076923077,0.07969492781631914,0.051792433065872875
denied,2,2,3.076923076923077,0.07969492781631914,0.051792433065872875
skewed,2,2,3.076923076923077,0.07969492781631914,0.051792433065872875
tand,2,2,3.076923076923077,0.07969492781631914,0.051792433065872875
tester,2,2,3.076923076923077,0.07969492781631914,0.051792433065872875
aibased,3,2,3.076923076923077,0.1195423917244787,0.051770114064734016
underexplored,3,2,3.076923076923077,0.1195423917244787,0.051770114064734016
canvas,2,2,3.076923076923077,0.07969492781631914,0.051612306425104566
disagree,2,2,3.076923076923077,0.07969492781631914,0.051612306425104566
glaser,2,2,3.076923076923077,0.07969492781631914,0.051612306425104566
interdependence,2,2,3.076923076923077,0.07969492781631914,0.051612306425104566
pension,2,2,3.076923076923077,0.07969492781631914,0.051612306425104566
strauss,2,2,3.076923076923077,0.07969492781631914,0.051612306425104566
thread,2,2,3.076923076923077,0.07969492781631914,0.051612306425104566
touched,2,2,3.076923076923077,0.07969492781631914,0.051612306425104566
alarm,3,2,3.076923076923077,0.1195423917244787,0.05125776460290357
stimulus,3,2,3.076923076923077,0.1195423917244787,0.05125776460290357
arbiter,2,2,3.076923076923077,0.07969492781631914,0.05120282003249981
fore,2,2,3.076923076923077,0.07969492781631914,0.05120282003249981
honoring,2,2,3.076923076923077,0.07969492781631914,0.05120282003249981
frey,3,2,3.076923076923077,0.1195423917244787,0.05118392098083874
interdependency,2,2,3.076923076923077,0.07969492781631914,0.050277802716923836
crack,2,2,3.076923076923077,0.07969492781631914,0.05008587211112706
decen,2,2,3.076923076923077,0.07969492781631914,0.05008587211112706
declaring,2,2,3.076923076923077,0.07969492781631914,0.05008587211112706
braun,2,2,3.076923076923077,0.07969492781631914,0.05008025299285482
bution,2,2,3.076923076923077,0.07969492781631914,0.05008025299285482
clan,2,2,3.076923076923077,0.07969492781631914,0.05008025299285482
contri,2,2,3.076923076923077,0.07969492781631914,0.05008025299285482
cre,2,2,3.076923076923077,0.07969492781631914,0.05008025299285482
dominantly,2,2,3.076923076923077,0.07969492781631914,0.05008025299285482
pilot,2,2,3.076923076923077,0.07969492781631914,0.05008025299285482
rial,2,2,3.076923076923077,0.07969492781631914,0.05008025299285482
tang,2,2,3.076923076923077,0.07969492781631914,0.05008025299285482
tively,2,2,3.076923076923077,0.07969492781631914,0.05008025299285482
vious,2,2,3.076923076923077,0.07969492781631914,0.05008025299285482
capitalizes,2,2,3.076923076923077,0.07969492781631914,0.04994961479201718
culmination,2,2,3.076923076923077,0.07969492781631914,0.04994961479201718
escalating,2,2,3.076923076923077,0.07969492781631914,0.04994961479201718
consisted,2,2,3.076923076923077,0.07969492781631914,0.049928470708282026
abrupt,2,2,3.076923076923077,0.07969492781631914,0.04976545325509339
downside,2,2,3.076923076923077,0.07969492781631914,0.04976545325509339
pivoted,2,2,3.076923076923077,0.07969492781631914,0.04976545325509339
restructuring,2,2,3.076923076923077,0.07969492781631914,0.04976545325509339
passively,2,2,3.076923076923077,0.07969492781631914,0.04961650326703649
steady,2,2,3.076923076923077,0.07969492781631914,0.04961650326703649
terahertz,2,2,3.076923076923077,0.07969492781631914,0.049361044735910464
compelling,2,2,3.076923076923077,0.07969492781631914,0.049328432493170773
otp,2,2,3.076923076923077,0.07969492781631914,0.04928155156742231
pca,2,2,3.076923076923077,0.07969492781631914,0.04928155156742231
alien,2,2,3.076923076923077,0.07969492781631914,0.04924462975638991
algo,2,2,3.076923076923077,0.07969492781631914,0.04915523567727885
ernment,2,2,3.076923076923077,0.07969492781631914,0.04915523567727885
pository,2,2,3.076923076923077,0.07969492781631914,0.04915523567727885
poten,2,2,3.076923076923077,0.07969492781631914,0.04915523567727885
pur,2,2,3.076923076923077,0.07969492781631914,0.04915523567727885
rithms,2,2,3.076923076923077,0.07969492781631914,0.04915523567727885
metaverserelated,2,2,3.076923076923077,0.07969492781631914,0.04895303324201308
brassard,2,2,3.076923076923077,0.07969492781631914,0.04892914404367336
broadens,2,2,3.076923076923077,0.07969492781631914,0.04892914404367336
easing,2,2,3.076923076923077,0.07969492781631914,0.04892914404367336
unaware,2,2,3.076923076923077,0.07969492781631914,0.04892914404367336
exemplifying,2,2,3.076923076923077,0.07969492781631914,0.048675265467799385
fluctuate,2,2,3.076923076923077,0.07969492781631914,0.048675265467799385
reversion,2,2,3.076923076923077,0.07969492781631914,0.048675265467799385
collapsing,2,2,3.076923076923077,0.07969492781631914,0.0486428862154484
discretion,2,2,3.076923076923077,0.07969492781631914,0.0486428862154484
freeze,2,2,3.076923076923077,0.07969492781631914,0.0486428862154484
gy,2,2,3.076923076923077,0.07969492781631914,0.0486428862154484
innova,2,2,3.076923076923077,0.07969492781631914,0.0486428862154484
ketplaces,2,2,3.076923076923077,0.07969492781631914,0.0486428862154484
lysis,2,2,3.076923076923077,0.07969492781631914,0.0486428862154484
mate,2,2,3.076923076923077,0.07969492781631914,0.0486428862154484
nefarious,2,2,3.076923076923077,0.07969492781631914,0.0486428862154484
regu,2,2,3.076923076923077,0.07969492781631914,0.0486428862154484
renewed,2,2,3.076923076923077,0.07969492781631914,0.0486428862154484
technolo,2,2,3.076923076923077,0.07969492781631914,0.0486428862154484
ture,2,2,3.076923076923077,0.07969492781631914,0.0486428862154484
middleware,3,2,3.076923076923077,0.1195423917244787,0.04850075859940753
kugler,2,2,3.076923076923077,0.07969492781631914,0.0484911039308756
soul,2,2,3.076923076923077,0.07969492781631914,0.0484911039308756
stark,2,2,3.076923076923077,0.07969492781631914,0.0484911039308756
centred,3,2,3.076923076923077,0.1195423917244787,0.048161662419442856
hate,2,2,3.076923076923077,0.07969492781631914,0.04806021228520795
modal,2,2,3.076923076923077,0.07969492781631914,0.04806021228520795
multilayer,2,2,3.076923076923077,0.07969492781631914,0.04806021228520795
suffering,2,2,3.076923076923077,0.07969492781631914,0.04806021228520795
witnessing,2,2,3.076923076923077,0.07969492781631914,0.04806021228520795
invisibility,4,2,3.076923076923077,0.15938985563263827,0.0478158436416418
damaged,3,2,3.076923076923077,0.1195423917244787,0.04776237396994543
dialogue,3,2,3.076923076923077,0.1195423917244787,0.04776237396994543
recognise,2,2,3.076923076923077,0.07969492781631914,0.04770018125384911
scrutinised,2,2,3.076923076923077,0.07969492781631914,0.04770018125384911
assaulted,2,2,3.076923076923077,0.07969492781631914,0.04765220079131057
inability,2,2,3.076923076923077,0.07969492781631914,0.04765220079131057
falsifying,2,2,3.076923076923077,0.07969492781631914,0.04761527898027817
subfield,3,2,3.076923076923077,0.1195423917244787,0.047345639431648094
embarked,2,2,3.076923076923077,0.07969492781631914,0.047082290873662176
extrapolates,2,2,3.076923076923077,0.07969492781631914,0.047082290873662176
factoring,2,2,3.076923076923077,0.07969492781631914,0.047082290873662176
fortified,2,2,3.076923076923077,0.07969492781631914,0.047082290873662176
fraught,2,2,3.076923076923077,0.07969492781631914,0.047082290873662176
hinge,2,2,3.076923076923077,0.07969492781631914,0.047082290873662176
mishra,2,2,3.076923076923077,0.07969492781631914,0.047082290873662176
compound,3,2,3.076923076923077,0.1195423917244787,0.046872507360085865
chained,2,2,3.076923076923077,0.07969492781631914,0.04665923725355502
genuineness,2,2,3.076923076923077,0.07969492781631914,0.04665923725355502
incapable,2,2,3.076923076923077,0.07969492781631914,0.04665923725355502
isolates,2,2,3.076923076923077,0.07969492781631914,0.04625122575965765
pinpointing,2,2,3.076923076923077,0.07969492781631914,0.04625122575965765
triplet,2,2,3.076923076923077,0.07969492781631914,0.04625122575965765
deficit,2,2,3.076923076923077,0.07969492781631914,0.046214303948625246
zerotrust,2,2,3.076923076923077,0.07969492781631914,0.046214303948625246
italian,2,2,3.076923076923077,0.07969492781631914,0.04595972383401718
ensuing,2,2,3.076923076923077,0.07969492781631914,0.04585332808383792
unveils,2,2,3.076923076923077,0.07969492781631914,0.04585332808383792
curie,2,2,3.076923076923077,0.07969492781631914,0.045807941549444384
marie,2,2,3.076923076923077,0.07969492781631914,0.045807941549444384
odowska,2,2,3.076923076923077,0.07969492781631914,0.045807941549444384
affirming,2,2,3.076923076923077,0.07969492781631914,0.045454039634340505
affirms,2,2,3.076923076923077,0.07969492781631914,0.045454039634340505
enlightening,2,2,3.076923076923077,0.07969492781631914,0.045454039634340505
gauging,2,2,3.076923076923077,0.07969492781631914,0.045454039634340505
reassesses,2,2,3.076923076923077,0.07969492781631914,0.045454039634340505
ariana,2,2,3.076923076923077,0.07969492781631914,0.045226760214707104
closeness,2,2,3.076923076923077,0.07969492781631914,0.045226760214707104
disseminating,2,2,3.076923076923077,0.07969492781631914,0.045226760214707104
fuelled,2,2,3.076923076923077,0.07969492781631914,0.045226760214707104
grande,2,2,3.076923076923077,0.07969492781631914,0.045226760214707104
penetrating,2,2,3.076923076923077,0.07969492781631914,0.045226760214707104
rampant,2,2,3.076923076923077,0.07969492781631914,0.045226760214707104
spy,2,2,3.076923076923077,0.07969492781631914,0.045226760214707104
tight,2,2,3.076923076923077,0.07969492781631914,0.045226760214707104
deepak,3,2,3.076923076923077,0.1195423917244787,0.045099497812139504
randomized,3,2,3.076923076923077,0.1195423917244787,0.04502565419007468
imposter,2,2,3.076923076923077,0.07969492781631914,0.04481874872080973
planner,2,2,3.076923076923077,0.07969492781631914,0.04481874872080973
centrally,3,2,3.076923076923077,0.1195423917244787,0.04479295376028926
technically,3,2,3.076923076923077,0.1195423917244787,0.04479295376028926
connectedness,2,2,3.076923076923077,0.07969492781631914,0.04478182690977731
anonymisation,2,2,3.076923076923077,0.07969492781631914,0.044730761044192935
categorising,2,2,3.076923076923077,0.07969492781631914,0.044730761044192935
maximisation,2,2,3.076923076923077,0.07969492781631914,0.044730761044192935
onion,2,2,3.076923076923077,0.07969492781631914,0.044730761044192935
conveyed,2,2,3.076923076923077,0.07969492781631914,0.04457897875962013
susceptibility,3,3,4.615384615384615,0.1195423917244787,0.04438494226639189
discarded,3,3,4.615384615384615,0.1195423917244787,0.04434802045535948
banning,2,2,3.076923076923077,0.07969492781631914,0.04433147259469551
complementing,2,2,3.076923076923077,0.07969492781631914,0.04433147259469551
contentious,2,2,3.076923076923077,0.07969492781631914,0.04433147259469551
deciphering,2,2,3.076923076923077,0.07969492781631914,0.04433147259469551
makarov,2,2,3.076923076923077,0.07969492781631914,0.04433147259469551
mastercard,2,2,3.076923076923077,0.07969492781631914,0.04433147259469551
mismanagement,2,2,3.076923076923077,0.07969492781631914,0.04433147259469551
pancakeswap,2,2,3.076923076923077,0.07969492781631914,0.04433147259469551
quadrigacx,2,2,3.076923076923077,0.07969492781631914,0.04433147259469551
rarely,2,2,3.076923076923077,0.07969492781631914,0.04433147259469551
remittance,2,2,3.076923076923077,0.07969492781631914,0.04433147259469551
schoar,2,2,3.076923076923077,0.07969492781631914,0.04433147259469551
sherman,2,2,3.076923076923077,0.07969492781631914,0.04433147259469551
band,3,3,4.615384615384615,0.1195423917244787,0.04423315998181909
announcement,2,2,3.076923076923077,0.07969492781631914,0.04417969031012272
fellowship,2,2,3.076923076923077,0.07969492781631914,0.04417969031012272
ego,2,2,3.076923076923077,0.07969492781631914,0.04413397751327467
conventionally,2,2,3.076923076923077,0.07969492781631914,0.04385037537546671
han,2,2,3.076923076923077,0.07969492781631914,0.04385037537546671
lidar,2,2,3.076923076923077,0.07969492781631914,0.04385037537546671
prototyping,2,2,3.076923076923077,0.07969492781631914,0.04385037537546671
joystick,3,2,3.076923076923077,0.1195423917244787,0.04382514848792171
transcending,3,2,3.076923076923077,0.1195423917244787,0.04382514848792171
materialize,2,2,3.076923076923077,0.07969492781631914,0.043689044208344886
mell,2,2,3.076923076923077,0.07969492781631914,0.043689044208344886
provisioned,2,2,3.076923076923077,0.07969492781631914,0.043689044208344886
benefiting,2,2,3.076923076923077,0.07969492781631914,0.043319152941810796
converges,2,2,3.076923076923077,0.07969492781631914,0.043319152941810796
extensible,2,2,3.076923076923077,0.07969492781631914,0.043319152941810796
expiry,2,2,3.076923076923077,0.07969492781631914,0.043169215883294254
forging,2,2,3.076923076923077,0.07969492781631914,0.04291114144791342
gauged,2,2,3.076923076923077,0.07969492781631914,0.04248461942468434
lodged,2,2,3.076923076923077,0.07969492781631914,0.04248461942468434
marriage,2,2,3.076923076923077,0.07969492781631914,0.04233283714011153
inputting,2,2,3.076923076923077,0.07969492781631914,0.041460809702492184
keai,2,2,3.076923076923077,0.07969492781631914,0.041460809702492184
streamlining,2,2,3.076923076923077,0.07969492781631914,0.04145519058421995
critique,2,2,3.076923076923077,0.07969492781631914,0.04121027010046655
gox,2,2,3.076923076923077,0.07969492781631914,0.04121027010046655
longterm,2,2,3.076923076923077,0.07969492781631914,0.04121027010046655
mavis,2,2,3.076923076923077,0.07969492781631914,0.04121027010046655
nested,2,2,3.076923076923077,0.07969492781631914,0.04121027010046655
rebranding,2,2,3.076923076923077,0.07969492781631914,0.04121027010046655
locale,2,2,3.076923076923077,0.07969492781631914,0.0410527982085948
standardize,2,2,3.076923076923077,0.07969492781631914,0.0410527982085948
unreadable,2,2,3.076923076923077,0.07969492781631914,0.0410527982085948
datum,2,2,3.076923076923077,0.07969492781631914,0.0410158763975624
uis,2,2,3.076923076923077,0.07969492781631914,0.041010257279290155
constructive,2,2,3.076923076923077,0.07969492781631914,0.04053017326864398
ethnicity,2,2,3.076923076923077,0.07969492781631914,0.04053017326864398
exacerbates,2,2,3.076923076923077,0.07969492781631914,0.040085239963714187
stroke,2,2,3.076923076923077,0.07969492781631914,0.04001782380681352
discriminative,2,2,3.076923076923077,0.07969492781631914,0.03979397384983993
encoders,2,2,3.076923076923077,0.07969492781631914,0.03979397384983993
imitating,2,2,3.076923076923077,0.07969492781631914,0.03979397384983993
nftbased,2,2,3.076923076923077,0.07969492781631914,0.03979397384983993
precedes,2,2,3.076923076923077,0.07969492781631914,0.03979397384983993
president,2,2,3.076923076923077,0.07969492781631914,0.03979397384983993
bathurst,2,2,3.076923076923077,0.07969492781631914,0.03975705203880753
setapprovalforall,2,2,3.076923076923077,0.07969492781631914,0.03975705203880753
tim,2,2,3.076923076923077,0.07969492781631914,0.03960981231291614
xyz,2,2,3.076923076923077,0.07969492781631914,0.039572890501883735
silently,2,2,3.076923076923077,0.07969492781631914,0.037334661425382304
alerting,2,2,3.076923076923077,0.07969492781631914,0.03692664993148493
vitality,2,2,3.076923076923077,0.07969492781631914,0.03692664993148493
illness,2,2,3.076923076923077,0.07969492781631914,0.036105698635558056
minimised,2,2,3.076923076923077,0.07969492781631914,0.036105698635558056
multiplicity,2,2,3.076923076923077,0.07969492781631914,0.036105698635558056
optimum,2,2,3.076923076923077,0.07969492781631914,0.036105698635558056
elevation,3,2,3.076923076923077,0.1195423917244787,0.03575987985775701
finger,3,2,3.076923076923077,0.1195423917244787,0.03575987985775701
inactivity,3,2,3.076923076923077,0.1195423917244787,0.03575987985775701
port,3,2,3.076923076923077,0.1195423917244787,0.03575987985775701
aka,3,2,3.076923076923077,0.1195423917244787,0.0357229580467246
categorisation,2,2,3.076923076923077,0.07969492781631914,0.03570641018606064
forgotten,2,2,3.076923076923077,0.07969492781631914,0.03570641018606064
mood,2,2,3.076923076923077,0.07969492781631914,0.03570641018606064
inaccuracy,2,2,3.076923076923077,0.07969492781631914,0.03569768714166068
vagueness,2,2,3.076923076923077,0.07969492781631914,0.03569768714166068
alleged,2,2,3.076923076923077,0.07969492781631914,0.03566076533062827
relaying,2,2,3.076923076923077,0.07969492781631914,0.03566076533062827
synopsis,2,2,3.076923076923077,0.07969492781631914,0.03566076533062827
infrared,3,2,3.076923076923077,0.1195423917244787,0.03535186836385963
blacklisted,2,2,3.076923076923077,0.07969492781631914,0.035298398692163266
enriches,2,2,3.076923076923077,0.07969492781631914,0.035298398692163266
probe,2,2,3.076923076923077,0.07969492781631914,0.035298398692163266
spatiotemporal,2,2,3.076923076923077,0.07969492781631914,0.035298398692163266
dfinity,2,2,3.076923076923077,0.07969492781631914,0.035261476881130856
disorder,2,2,3.076923076923077,0.07969492781631914,0.035261476881130856
volunteer,2,2,3.076923076923077,0.07969492781631914,0.035261476881130856
embarking,2,2,3.076923076923077,0.07969492781631914,0.03385955701604946
successive,2,2,3.076923076923077,0.07969492781631914,0.03385955701604946
delta,2,2,3.076923076923077,0.07969492781631914,0.033451545522152085
unaddressed,2,2,3.076923076923077,0.07969492781631914,0.033451545522152085
usual,2,2,3.076923076923077,0.07969492781631914,0.033451545522152085
advocated,2,2,3.076923076923077,0.07969492781631914,0.033414623711119674
throttled,2,2,3.076923076923077,0.07969492781631914,0.033414623711119674
anonymised,2,2,3.076923076923077,0.07969492781631914,0.032736989976404465
elizabeth,2,2,3.076923076923077,0.07969492781631914,0.032736989976404465
harbour,2,2,3.076923076923077,0.07969492781631914,0.032736989976404465
isaac,2,2,3.076923076923077,0.07969492781631914,0.032736989976404465
reviewer,2,2,3.076923076923077,0.07969492781631914,0.032736989976404465
sized,2,2,3.076923076923077,0.07969492781631914,0.032736989976404465
assuring,2,2,3.076923076923077,0.07969492781631914,0.032585207691831666
exploding,2,2,3.076923076923077,0.07969492781631914,0.032585207691831666
resembling,2,2,3.076923076923077,0.07969492781631914,0.032585207691831666
vice,2,2,3.076923076923077,0.07969492781631914,0.03232897848250709
virtue,2,2,3.076923076923077,0.07969492781631914,0.03232897848250709
director,2,2,3.076923076923077,0.07969492781631914,0.03229205667147468
highvalue,2,2,3.076923076923077,0.07969492781631914,0.03229205667147468
mindset,2,2,3.076923076923077,0.07969492781631914,0.03229205667147468
pseudonymity,2,2,3.076923076923077,0.07969492781631914,0.03229205667147468
ramp,2,2,3.076923076923077,0.07969492781631914,0.03229205667147468
tron,2,2,3.076923076923077,0.07969492781631914,0.03229205667147468
worsen,2,2,3.076923076923077,0.07969492781631914,0.03229205667147468
casey,2,2,3.076923076923077,0.07969492781631914,0.03217719619793429
diagnostic,2,2,3.076923076923077,0.07969492781631914,0.03217719619793429
district,2,2,3.076923076923077,0.07969492781631914,0.03217719619793429
influx,2,2,3.076923076923077,0.07969492781631914,0.03214027438690188
recreation,2,2,3.076923076923077,0.07969492781631914,0.03214027438690188
implementable,2,2,3.076923076923077,0.07969492781631914,0.023703916073872216
eased,2,2,3.076923076923077,0.07969492781631914,0.023666994262839806
emulation,2,2,3.076923076923077,0.07969492781631914,0.023666994262839806
radiance,2,2,3.076923076923077,0.07969492781631914,0.023666994262839806
talent,2,2,3.076923076923077,0.07969492781631914,0.023666994262839806
enrich,2,2,3.076923076923077,0.07969492781631914,0.023258982768942428
metaversespecific,2,2,3.076923076923077,0.07969492781631914,0.023258982768942428
scanner,2,2,3.076923076923077,0.07969492781631914,0.023258982768942428
