fold,k,seed,iteration,perplexity,variational_bound,bound_per_token
1,2,11,1,2913.2027212219923,-1408691.8119319258,-7.9770083464439665
1,2,11,2,2762.2208841463002,-1399293.8248224226,-7.923790303308281
1,2,11,3,2680.330685115221,-1393979.2553323796,-7.893695455861352
1,2,11,4,2619.5967412625428,-1389931.7585550095,-7.870775669360281
1,2,11,5,2567.9794347821403,-1386417.3590926768,-7.850874656515379
1,2,11,6,2527.572969267832,-1383616.6072314263,-7.835014820613533
1,2,11,7,2497.92284301079,-1381532.7948684993,-7.823214802702806
1,2,11,8,2475.4244187760164,-1379935.0323865064,-7.81416714263512
1,2,11,9,2457.9839209606193,-1378686.4432207516,-7.807096748591411
1,2,11,10,2444.8405213888595,-1377739.6212035962,-7.801735173355812
1,2,11,11,2434.924450368377,-1377021.9140737415,-7.797671008492596
1,2,11,12,2426.954456222102,-1376442.9385648754,-7.794392440087859
1,2,11,13,2420.2827562650396,-1375956.813015588,-7.791639653757138
1,2,11,14,2414.8803303798127,-1375562.1887281802,-7.789405012221142
1,2,11,15,2410.4127460054196,-1375235.183173094,-7.7875532757233765
1,2,11,16,2406.9540112085597,-1374981.6040090192,-7.786117331330732
1,2,11,17,2403.7334617396255,-1374745.159716565,-7.784778416687797
1,2,11,18,2400.797629373661,-1374529.342424292,-7.783556306693839
1,2,11,19,2398.413755176114,-1374353.9061365635,-7.7825628624786996
1,2,11,20,2396.359315299547,-1374202.5739369234,-7.781705912640993
1,2,11,21,2394.5647350732124,-1374070.2770722772,-7.780956754319384
1,2,11,22,2392.9138007102133,-1373948.4822225345,-7.780267065826328
1,2,11,23,2391.321295436917,-1373830.918231231,-7.779601335443055
1,2,11,24,2390.0112118007346,-1373734.1448254543,-7.7790533360445675
1,2,11,25,2388.907607976879,-1373652.5825204712,-7.7785914726461325
1,2,11,26,2387.8778306651484,-1373576.4424050145,-7.77816031351583
1,2,11,27,2387.021868942629,-1373513.1289469085,-7.777801787982086
1,2,11,28,2386.213811724281,-1373453.3380346943,-7.777463209592026
1,2,11,29,2385.5748727517393,-1373406.0464226585,-7.777195411070923
1,2,11,30,2384.997360811612,-1373363.2904851902,-7.776953296743889
1,2,11,31,2384.5045073380666,-1373326.7940253825,-7.776746628001985
1,2,11,32,2383.9207032417557,-1373283.5527888963,-7.776501765569024
1,2,11,33,2383.3998523589826,-1373244.96543565,-7.776283256711157
1,2,11,34,2382.946006868827,-1373211.3353160163,-7.776092819212523
1,2,11,35,2382.622032196273,-1373187.3247540249,-7.775956854445932
1,2,11,36,2382.2339776978124,-1373158.5607804188,-7.775793972504268
1,2,11,37,2381.8595384425184,-1373130.8015747014,-7.775636780268307
1,2,11,38,2381.6002427811886,-1373111.5760284956,-7.775527911641933
1,2,11,39,2381.34839866536,-1373092.9009752122,-7.775422160295436
1,2,11,40,2381.098506054023,-1373074.3686800583,-7.775317217346332
1,2,11,41,2380.880386121945,-1373058.1910899493,-7.775225608400905
1,2,11,42,2380.56006165364,-1373034.4304738662,-7.7750910590046445
1,2,11,43,2380.130320209045,-1373002.5486438014,-7.774910521556799
1,2,11,44,2379.8698348688395,-1372983.2208510637,-7.77480107393832
1,2,11,45,2379.673374660965,-1372968.6422696991,-7.774718519710178
1,2,11,46,2379.418080736654,-1372949.696058753,-7.774611232877408
1,2,11,47,2379.1419323515784,-1372929.1998801467,-7.774495169032621
1,2,11,48,2378.881219462408,-1372909.847165573,-7.774385580289097
1,2,11,49,2378.6753258492167,-1372894.5621862335,-7.774299025936518
1,2,11,50,2378.5230473869306,-1372883.2565980833,-7.77423500570848
1,2,11,51,2378.360009796702,-1372871.1514191777,-7.774166457632636
1,2,11,52,2378.268071856877,-1372864.3248654641,-7.774127800862227
1,2,42,1,2935.8985553313614,-1410062.268025657,-7.984768837138617
1,2,42,2,2780.451648545794,-1400455.522613304,-7.930368656994598
1,2,42,3,2687.451931589417,-1394447.8175777066,-7.896348786355746
1,2,42,4,2625.5983710920395,-1390335.8816649937,-7.873064099941073
1,2,42,5,2584.4082898030706,-1387543.53484307,-7.857251859310452
1,2,42,6,2555.151856144863,-1385533.0256539509,-7.845866935761979
1,2,42,7,2533.522150414087,-1384031.7704142465,-7.8373657678870545
1,2,42,8,2517.2318024634487,-1382892.618632803,-7.830915085635995
1,2,42,9,2503.6007074859094,-1381933.743587315,-7.825485257637944
1,2,42,10,2492.3525177691895,-1381138.5535278316,-7.820982329681821
1,2,42,11,2482.3620470429455,-1380429.2627589882,-7.816965824201208
1,2,42,12,2473.967902091596,-1379831.0955400742,-7.81357857877433
1,2,42,13,2466.292294179503,-1379282.3522186908,-7.810471206375589
1,2,42,14,2459.2421858914886,-1378776.8202085993,-7.807608526952214
1,2,42,15,2453.2124027547566,-1378343.300045187,-7.805153629484506
1,2,42,16,2447.9824385627676,-1377966.4202528219,-7.803019469816766
1,2,42,17,2443.1891873458353,-1377620.3029046233,-7.801059508843014
1,2,42,18,2438.8969213469054,-1377309.7845728118,-7.799301134652433
1,2,42,19,2434.9272898200343,-1377022.1200061406,-7.7976721746273405
1,2,42,20,2431.1926538836346,-1376751.0562281525,-7.7961372199970125
1,2,42,21,2427.986213585025,-1376517.997015589,-7.794817474068139
1,2,42,22,2425.0206701964044,-1376302.1731987693,-7.793595327127588
1,2,42,23,2422.1944653649443,-1376096.2442855253,-7.792429212122299
1,2,42,24,2419.499626847653,-1375899.6633561226,-7.7913160320063115
1,2,42,25,2417.3805655534384,-1375744.9299249658,-7.790439821992626
1,2,42,26,2415.3515908976406,-1375596.6474380335,-7.789600141783036
1,2,42,27,2413.51756229653,-1375462.5048667262,-7.788840531766233
1,2,42,28,2411.953680760581,-1375348.040561908,-7.788192353997916
1,2,42,29,2410.5780132606396,-1375247.2907282158,-7.787621837255036
1,2,42,30,2409.1801511400095,-1375144.8565139535,-7.787041782359274
1,2,42,31,2407.7946755636763,-1375043.2713118398,-7.786466535170163
1,2,42,32,2406.5539618688504,-1374952.2506502403,-7.785951111873792
1,2,42,33,2405.418495132977,-1374868.909933614,-7.7854791778521015
1,2,42,34,2404.475383622739,-1374799.6577461972,-7.785087023037007
1,2,42,35,2403.647114454654,-1374738.8159656585,-7.784742493888006
1,2,42,36,2402.986393124338,-1374690.2666335087,-7.784467573266978
1,2,42,37,2402.1175715160416,-1374626.405919611,-7.784105948784279
1,2,42,38,2401.189398044547,-1374558.1571613683,-7.783719476094139
1,2,42,39,2400.317616945923,-1374494.0309141125,-7.783356347973954
1,2,42,40,2399.6157301891417,-1374442.384784116,-7.783063891095484
1,2,42,41,2399.04985291925,-1374400.735484188,-7.782828043332095
1,2,42,42,2398.59276549984,-1374367.0860849277,-7.782637496658594
1,2,42,43,2398.1119613009923,-1374331.6838069842,-7.782437023947496
1,2,42,44,2397.6898081775307,-1374300.594236372,-7.78226097283244
1,2,42,45,2397.25476864388,-1374268.5499153645,-7.78207951524607
1,2,42,46,2396.7470825686755,-1374231.1472117852,-7.781867714711628
1,2,42,47,2396.3769333751166,-1374203.8722543253,-7.781713264631445
1,2,42,48,2396.028654877453,-1374178.2050222883,-7.781567918628539
1,2,42,49,2395.6170272127983,-1374147.8643081314,-7.7813961080678355
1,2,42,50,2395.2335269349364,-1374119.5921475003,-7.781236011118725
1,2,42,51,2394.879360473761,-1374093.478494804,-7.7810881371666305
1,2,42,52,2394.5234601882094,-1374067.2331120304,-7.7809395172657645
1,2,42,53,2394.2440885716683,-1374046.6284989207,-7.780822839388205
1,2,42,54,2394.0065432497427,-1374029.106826878,-7.78072361930121
1,2,42,55,2393.8409342338323,-1374016.890247839,-7.780654440399102
1,2,42,56,2393.6081567478395,-1373999.7173832874,-7.780557195506571
1,2,42,57,2393.382744392918,-1373983.0862802598,-7.780463018450569
1,2,42,58,2393.1476366399183,-1373965.7381741113,-7.7803647812163
1,2,42,59,2392.9546134063817,-1373951.4941220034,-7.78028412132917
1,2,42,60,2392.771471078792,-1373937.9781640721,-7.780207584425701
1,2,42,61,2392.6087714512532,-1373925.9700156783,-7.780139585805171
1,2,42,62,2392.480768612472,-1373916.5221116724,-7.780086085097299
1,2,42,63,2392.3152105551007,-1373904.30150301,-7.780016883376616
1,2,42,64,2392.1553807610476,-1373892.5029216947,-7.779950071472953
1,2,42,65,2391.9459986279257,-1373877.0452106188,-7.779862538991239
1,2,42,66,2391.7359651791526,-1373861.5380564404,-7.779774726527744
1,2,42,67,2391.5745190937055,-1373849.6172705672,-7.7797072226155315
1,2,42,68,2391.3218483135515,-1373830.9590599916,-7.779601566644346
1,2,42,69,2391.083188522272,-1373813.3336657009,-7.779501759208698
1,2,42,70,2390.8798211572557,-1373798.3132833154,-7.779416703191022
1,2,42,71,2390.751539313129,-1373788.8379380705,-7.779363047091467
1,2,42,72,2390.581274316474,-1373776.260785212,-7.77929182636563
1,2,42,73,2390.4350178797445,-1373765.4563839645,-7.779230644211947
1,2,42,74,2390.264916871923,-1373752.889681265,-7.779159482662293
1,2,42,75,2390.124634220895,-1373742.5252227965,-7.779100791775465
1,2,42,76,2390.0187440291147,-1373734.7013685517,-7.779056487584809
1,2,42,77,2389.8951185928718,-1373725.5666808062,-7.779004760528705
1,2,42,78,2389.760741453736,-1373715.637013395,-7.778948531736045
1,2,42,79,2389.652435809855,-1373707.6334672822,-7.77890321000307
1,2,42,80,2389.5799809498003,-1373702.2790118207,-7.778872889293072
1,2,97,1,2928.257429245033,-1409602.0559210244,-7.982162791040604
1,2,97,2,2762.6617265793616,-1399322.0064632916,-7.923949887670541
1,2,97,3,2656.769328746826,-1392420.0485774167,-7.884866125561552
1,2,97,4,2586.0173544883123,-1387653.4488802296,-7.857874270248307
1,2,97,5,2537.2496364626245,-1384291.396292707,-7.83883595304884
1,2,97,6,2503.164502504139,-1381902.9727484542,-7.825311011407263
1,2,97,7,2478.6356257995108,-1380163.9678323532,-7.8154635368832075
1,2,97,8,2460.3380528583475,-1378855.4950243172,-7.808054039346281
1,2,97,9,2446.9211628317453,-1377889.8447184938,-7.802585845037169
1,2,97,10,2436.6879034470867,-1377149.7630173627,-7.798394979542695
1,2,97,11,2428.44174945716,-1376551.1262631149,-7.795005075275008
1,2,97,12,2421.77933009223,-1376065.97558399,-7.79225780934794
1,2,97,13,2416.4772082862355,-1375678.9257177403,-7.790066059536226
1,2,97,14,2411.8554411952664,-1375340.847691145,-7.7881516228815535
1,2,97,15,2407.903340303036,-1375051.2408900494,-7.78651166455287
1,2,97,16,2404.37435272923,-1374792.23748955,-7.785045004301108
1,2,97,17,2401.255684795909,-1374563.0321125104,-7.783747081511889
1,2,97,18,2398.639214135014,-1374370.5057862534,-7.78265686142368
1,2,97,19,2396.47469427939,-1374211.0763117312,-7.781754059094483
1,2,97,20,2394.5431730819805,-1374068.686914631,-7.780947749723269
1,2,97,21,2392.8090574821304,-1373940.7521361208,-7.780223292615382
1,2,97,22,2391.3648728192297,-1373834.136299062,-7.779619558416832
1,2,97,23,2390.2336447574785,-1373750.5792662709,-7.779146399460179
1,2,97,24,2389.182970963796,-1373672.9368651877,-7.7787067333272235
1,2,97,25,2388.0325423962117,-1373587.88364294,-7.77822510188874
1,2,97,26,2387.0639591413124,-1373516.2427897735,-7.777819420760465
1,2,97,27,2386.19008317955,-1373451.5819726675,-7.77745326552809
1,2,97,28,2385.364968293396,-1373390.507401344,-7.777107418153187
1,2,97,29,2384.604314604235,-1373334.1854962097,-7.776788483732231
1,2,97,30,2383.9665864639915,-1373286.9516535318,-7.776521012342049
1,2,97,31,2383.1418672600116,-1373225.8494294165,-7.776175008377502
1,2,97,32,2382.466690780858,-1373175.8108605726,-7.775891654646095
1,2,97,33,2381.8470956510614,-1373129.879048407,-7.77563155627262
1,2,97,34,2381.323888996227,-1373091.0833987554,-7.775411867893334
1,2,97,35,2380.8849818164545,-1373058.5319601996,-7.775227538649102
1,2,97,36,2380.5083228910953,-1373030.5923626292,-7.775069324907014
1,2,97,37,2380.0972031996607,-1373000.0915069832,-7.774896607512051
1,2,97,38,2379.6933783829677,-1372970.1267265468,-7.774726925753688
1,2,97,39,2379.3722814095217,-1372946.2969233592,-7.774591984571159
1,2,97,40,2379.114142427256,-1372927.1371353853,-7.774483488314355
1,2,97,41,2378.8128653480817,-1372904.7728895682,-7.774356846153143
1,2,97,42,2378.4421970681537,-1372877.25374523,-7.774201013314325
1,2,97,43,2378.0977389336276,-1372851.6766489653,-7.774056177723849
1,2,97,44,2377.827848580578,-1372831.633855536,-7.773942681266273
1,2,97,45,2377.5424428148963,-1372810.4363702692,-7.773822646127667
1,2,97,46,2377.2077630515364,-1372785.5759945735,-7.773681869115449
1,2,97,47,2376.867222900105,-1372760.2767101566,-7.7735386066919405
1,2,97,48,2376.549640029344,-1372736.6796930297,-7.773404983708562
1,2,97,49,2376.3175353726306,-1372719.4318768096,-7.773307314386726
1,2,97,50,2376.1805681339292,-1372709.2529805612,-7.773249674284298
1,2,97,51,2376.0719003857253,-1372701.1767798725,-7.773203941129781
1,2,97,52,2375.953800673456,-1372692.3991755813,-7.773154236132492
1,2,97,53,2375.768524284702,-1372678.6278748298,-7.773076253297563
1,2,97,54,2375.6106891055415,-1372666.8953885823,-7.773009815670874
1,2,97,55,2375.4359230092027,-1372653.9034537307,-7.772936246156329
1,2,97,56,2375.214868020481,-1372637.4690802423,-7.772843183121976
1,2,97,57,2375.0335794826215,-1372623.990009232,-7.7727668550983156
1,2,97,58,2374.9018682317856,-1372614.1964375542,-7.772711396975855
1,2,97,59,2374.8226809447547,-1372608.3080961893,-7.772678053026656
1,2,2026,1,2893.06241226256,-1407466.6966802762,-7.970070878287349
1,2,2026,2,2667.6848344754812,-1393144.1098464262,-7.888966272050161
1,2,2026,3,2555.0727734388825,-1385527.559932816,-7.845835984987123
1,2,2026,4,2496.564898678273,-1381436.7670715486,-7.822671025468298
1,2,2026,5,2462.7183048905995,-1379026.258155832,-7.809021020849134
1,2,2026,6,2440.7725528899045,-1377445.5418386534,-7.8000698882105475
1,2,2026,7,2425.828531575375,-1376360.9931982139,-7.79392840752355
1,2,2026,8,2415.141237317535,-1375581.2671522242,-7.789513047737886
1,2,2026,9,2407.177359612597,-1374997.9899299892,-7.786210119992691
1,2,2026,10,2401.0035095048406,-1374544.4855736461,-7.783642057904833
1,2,2026,11,2395.9805598556645,-1374174.660249356,-7.781547845619647
1,2,2026,12,2391.750663915583,-1373862.6233353855,-7.779780872143932
1,2,2026,13,2388.3115106209675,-1373608.5120207085,-7.778341914338587
1,2,2026,14,2385.424121222481,-1373394.8865730755,-7.777132216117623
1,2,2026,15,2383.324933268422,-1373239.4143445026,-7.7762518225109725
1,2,2026,16,2381.551481086948,-1373107.9603457996,-7.775507437091858
1,2,2026,17,2379.6466881618526,-1372966.6618710028,-7.774707305293513
1,2,2026,18,2378.203603267406,-1372859.5378019148,-7.774100693126124
1,2,2026,19,2376.7788508943354,-1372753.710817052,-7.773501425966069
1,2,2026,20,2375.579104600569,-1372664.5474991847,-7.77299652026221
1,2,2026,21,2374.5459500295847,-1372587.7289316368,-7.772561519256808
1,2,2026,22,2373.730059777945,-1372527.0410844188,-7.77221786178703
1,2,2026,23,2372.961285529275,-1372469.83874663,-7.771893941734317
1,2,2026,24,2372.243228352043,-1372416.3933831044,-7.771591296324361
1,2,2026,25,2371.5662199849094,-1372365.988484805,-7.77130586817675
1,2,2026,26,2371.034721382921,-1372326.4070544157,-7.771081730151736
1,2,2026,27,2370.5381738981214,-1372289.4204641902,-7.7708722859451065
1,2,2026,28,2370.0803039136586,-1372255.3079986263,-7.7706791170630165
1,2,2026,29,2369.6780719469457,-1372225.335267332,-7.770509390281277
1,2,2026,30,2369.2351616417063,-1372192.3254615744,-7.770322465438092
1,2,2026,31,2368.8430927993177,-1372163.0996862315,-7.77015696844871
1,2,2026,32,2368.4295011907284,-1372132.2643077457,-7.769982356749073
1,2,2026,33,2367.958938780303,-1372097.174914368,-7.769783655811454
1,2,2026,34,2367.605831270536,-1372070.8394419488,-7.769634525759362
1,2,2026,35,2367.322097348174,-1372049.6751458494,-7.769514678561272
1,2,2026,36,2367.001274433817,-1372025.7412497567,-7.769379147931168
1,2,2026,37,2366.5684785232847,-1371993.4488509006,-7.7691962855527406
1,2,2026,38,2366.229021718965,-1371968.116672627,-7.769052836860975
1,2,2026,39,2365.932614699525,-1371945.9941395095,-7.768927563447849
1,2,2026,40,2365.649375898957,-1371924.851835347,-7.768807840783645
1,2,2026,41,2365.3811624005366,-1371904.8287582574,-7.768694455973915
1,2,2026,42,2365.215851488348,-1371892.4865886949,-7.768624565889525
1,2,2026,43,2365.0151627609484,-1371877.5019399363,-7.768539712220893
1,2,2026,44,2364.799655184837,-1371861.4094093037,-7.768448584942318
1,2,2026,45,2364.601243326561,-1371846.5921652287,-7.7683646792372825
1,2,2026,46,2364.451768703178,-1371835.4286948326,-7.768301463780381
1,2,2026,47,2364.300303402837,-1371824.1158313754,-7.768237402354414
1,2,2026,48,2364.168008886324,-1371814.234230691,-7.768181445749522
1,2,2026,49,2364.1217961529587,-1371810.7822885418,-7.768161898414112
1,2,31415,1,2924.1634008837364,-1409354.9851845368,-7.980763701963468
1,2,31415,2,2748.251073754031,-1398398.44235779,-7.918720015163538
1,2,31415,3,2638.739737734836,-1391217.5466619695,-7.878056710091903
1,2,31415,4,2564.6778453668976,-1386190.1703560099,-7.8495881533688
1,2,31415,5,2514.8468049755184,-1382725.2220912233,-7.829967168144011
1,2,31415,6,2481.245694910102,-1380349.8281613647,-7.81651600938517
1,2,31415,7,2457.4523598975475,-1378648.2490547104,-7.8068804662373035
1,2,31415,8,2440.8617604142532,-1377451.9960351563,-7.800106436431341
1,2,31415,9,2428.9169603463292,-1376585.679771325,-7.79520074165218
1,2,31415,10,2419.620354667915,-1375908.4747965403,-7.7913659286076555
1,2,31415,11,2412.0507766629476,-1375355.1494084839,-7.788232609309965
1,2,31415,12,2406.098895555647,-1374918.854524181,-7.785761999412103
1,2,31415,13,2401.4552440762304,-1374577.7075623102,-7.783830184277552
1,2,31415,14,2397.4670297022008,-1374284.1854541649,-7.782168054714004
1,2,31415,15,2394.0108785957045,-1374029.4266235777,-7.7807254302160755
1,2,31415,16,2391.237601305254,-1373824.7374891606,-7.779566335714467
1,2,31415,17,2389.154659229444,-1373670.8442200867,-7.7786948832921095
1,2,31415,18,2387.266880973997,-1373531.2542246082,-7.777904426110786
1,2,31415,19,2385.644926471094,-1373411.2321265403,-7.777224776190246
1,2,31415,20,2384.2944522400758,-1373311.236871343,-7.77665853240395
1,2,31415,21,2383.1295594061316,-1373224.9373986262,-7.776169843814774
1,2,31415,22,2382.0351191068526,-1373143.81886164,-7.775710493344282
1,2,31415,23,2381.103050234972,-1373074.705698591,-7.775319125783384
1,2,31415,24,2380.3685997839684,-1373020.2269350882,-7.775010628532613
1,2,31415,25,2379.6630632993433,-1372967.87706866,-7.774714186601243
1,2,31415,26,2379.0428117488123,-1372921.8424088971,-7.774453505832005
1,2,31415,27,2378.332500726992,-1372869.1088500414,-7.774154891163015
1,2,31415,28,2377.6191300105324,-1372816.1322855058,-7.773854900424169
1,2,31415,29,2377.080656534013,-1372776.1334675832,-7.773628398856038
1,2,31415,30,2376.634871602062,-1372743.012872109,-7.773440846643198
1,2,31415,31,2376.234500928016,-1372713.261135447,-7.773272371289212
1,2,31415,32,2375.785758425263,-1372679.9089065248,-7.773083507404129
1,2,31415,33,2375.23900592509,-1372639.263691553,-7.772853345479195
1,2,31415,34,2374.806027963742,-1372607.0697608544,-7.772671040697047
1,2,31415,35,2374.482408305053,-1372583.0032966412,-7.772534759372578
1,2,31415,36,2374.142096543162,-1372557.6919605602,-7.772391428704034
1,2,31415,37,2373.900290443555,-1372539.7049659588,-7.77228957363194
1,2,31415,38,2373.696174341327,-1372524.5201543404,-7.77220358649977
1,2,31415,39,2373.5243288398356,-1372511.7350374563,-7.772131188134684
1,2,31415,40,2373.242976829503,-1372490.8007578629,-7.772012643452569
1,2,31415,41,2373.066422025984,-1372477.6627525764,-7.771938246784015
1,2,31415,42,2372.8441348179363,-1372461.1202633,-7.771844571521682
1,2,31415,43,2372.6839211769543,-1372449.1962930304,-7.771777049577168
1,2,31415,44,2372.478848120885,-1372433.9324662464,-7.771690615005303
1,2,31415,45,2372.2256499830423,-1372415.0848132411,-7.77158388627723
1,2,31415,46,2372.070088845764,-1372403.5041003183,-7.77151830809834
1,2,31415,47,2371.8984463034903,-1372390.7253295912,-7.7714459456696785
1,2,31415,48,2371.707685958989,-1372376.5221553158,-7.771365517261718
1,2,31415,49,2371.542429232553,-1372364.216944479,-7.7712958364637466
1,2,31415,50,2371.3543034282998,-1372350.207831413,-7.771216506967468
1,2,31415,51,2371.2051418466954,-1372339.0994665504,-7.771153603557031
1,2,31415,52,2370.995777569174,-1372323.506506287,-7.771065305198857
1,2,31415,53,2370.8799120559574,-1372314.8765228018,-7.7710164361348735
1,2,31415,54,2370.819955908274,-1372310.4106577158,-7.7709911472514115
1,3,11,1,3184.8618570508,-1424436.1996899196,-8.066164194083148
1,3,11,2,2839.3419594711886,-1404156.746176049,-7.951327599896084
1,3,11,3,2676.8296601048696,-1393748.4389823528,-7.89238841060485
1,3,11,4,2578.26874993302,-1387123.5177060014,-7.854873425518429
1,3,11,5,2513.412505802585,-1382624.4760400117,-7.829396672820208
1,3,11,6,2469.067606111028,-1379480.9612347696,-7.811595870951275
1,3,11,7,2438.1021604984894,-1377252.2286880752,-7.798975212567104
1,3,11,8,2415.1009312636047,-1375578.3199677812,-7.789496358697244
1,3,11,9,2396.789056537133,-1374234.239856034,-7.781885227448464
1,3,11,10,2382.9029102312925,-1373208.1415061657,-7.776074733604571
1,3,11,11,2371.48425477398,-1372359.8850015984,-7.771271305942435
1,3,11,12,2362.2402851977677,-1371670.1821578476,-7.7673657211334906
1,3,11,13,2354.973227566271,-1371126.0813716,-7.764284638048858
1,3,11,14,2348.906866208022,-1370670.5920350263,-7.761705335600452
1,3,11,15,2343.7030776449424,-1370278.9301559464,-7.759487469313489
1,3,11,16,2338.9314348088656,-1369919.0285730173,-7.757449452263482
1,3,11,17,2334.9793737752934,-1369620.387687013,-7.755758336563037
1,3,11,18,2331.7100631183016,-1369372.9571483328,-7.754357210031671
1,3,11,19,2328.7375636629404,-1369147.6888127401,-7.753081581552828
1,3,11,20,2325.828775264231,-1368926.970228903,-7.75183171698304
1,3,11,21,2323.604679777937,-1368758.0197741594,-7.750875000136808
1,3,11,22,2321.664512590293,-1368610.505436424,-7.750039669730704
1,3,11,23,2320.0882444744357,-1368490.5681985226,-7.749360500348384
1,3,11,24,2318.6646151653,-1368382.175098171,-7.74874670202935
1,3,11,25,2317.499614614463,-1368293.4240956577,-7.748244131146345
1,3,11,26,2316.268967447375,-1368199.6235930708,-7.747712966426214
1,3,11,27,2314.940386504096,-1368098.302572317,-7.74713921521862
1,3,11,28,2313.805757691421,-1368011.726796365,-7.746648962005307
1,3,11,29,2312.7940574096297,-1367934.4950453816,-7.746211621263359
1,3,11,30,2311.805093784476,-1367858.9663176485,-7.745783924242321
1,3,11,31,2310.9791951761104,-1367795.866362608,-7.745426607713784
1,3,11,32,2310.113498675063,-1367729.7015743977,-7.745051935934391
1,3,11,33,2309.2536872304586,-1367663.962031343,-7.744679672193523
1,3,11,34,2308.51111741042,-1367607.1668581464,-7.744358057794412
1,3,11,35,2307.911275915178,-1367561.2748662177,-7.744098184911253
1,3,11,36,2307.404588024884,-1367522.5004705768,-7.7438786168871925
1,3,11,37,2306.8393004304326,-1367479.2316705883,-7.743633598370207
1,3,11,38,2306.3430135078966,-1367441.2356465112,-7.743418438035897
1,3,11,39,2305.838571681596,-1367402.606898452,-7.74319969477135
1,3,11,40,2305.4310142182194,-1367371.3911121986,-7.743022928934157
1,3,11,41,2304.9823334349503,-1367337.01921167,-7.742828290947993
1,3,11,42,2304.619930563186,-1367309.2518819945,-7.742671052708442
1,3,11,43,2304.278364500386,-1367283.0770725096,-7.742522832443399
1,3,11,44,2303.876362495739,-1367252.2659793955,-7.742348358264695
1,3,11,45,2303.4669704414537,-1367220.882956512,-7.742170645415541
1,3,11,46,2303.0953964477835,-1367192.394147394,-7.7420093216496255
1,3,11,47,2302.757697863415,-1367166.49859984,-7.741862682762949
1,3,11,48,2302.410662579805,-1367139.8831346962,-7.74171196719422
1,3,11,49,2302.130424376159,-1367118.3876655663,-7.741590244660443
1,3,11,50,2301.9059251736767,-1367101.1657284726,-7.741492721884507
1,3,11,51,2301.641155259778,-1367080.852358191,-7.741377693229618
1,3,11,52,2301.415211345365,-1367063.5159032464,-7.741279521972697
1,3,11,53,2301.2284116738097,-1367049.1816623542,-7.7411983513729465
1,3,11,54,2301.0642476515877,-1367036.5834277356,-7.741127011267289
1,3,11,55,2300.819974225927,-1367017.835793379,-7.741020848915473
1,3,11,56,2300.66839547155,-1367006.2013410411,-7.740954966426046
1,3,11,57,2300.5236304377054,-1366995.0891613055,-7.740892041413103
1,3,11,58,2300.3474227871443,-1366981.5624992894,-7.740815443895542
1,3,11,59,2300.2136088151574,-1366971.2895154452,-7.740757271002669
1,3,11,60,2300.028949414132,-1366957.112114202,-7.740676988539826
1,3,11,61,2299.8559922212744,-1366943.83212876,-7.740601787879316
1,3,11,62,2299.7813545796316,-1366938.1009988054,-7.740569334172199
1,3,42,1,3181.155081094231,-1424230.5469329087,-8.06499964286957
1,3,42,2,2767.6924047469174,-1399643.2834753094,-7.925769185109966
1,3,42,3,2587.631036178121,-1387763.6096379978,-7.858498078292568
1,3,42,4,2490.1368185371875,-1380981.4917903913,-7.820092935152901
1,3,42,5,2435.814598346259,-1377086.460661922,-7.798036516880087
1,3,42,6,2402.402037251039,-1374647.3174554794,-7.784224364675354
1,3,42,7,2380.566844934334,-1373034.9336684647,-7.7750939084479915
1,3,42,8,2364.415456329045,-1371832.7166087907,-7.768286106032995
1,3,42,9,2351.686803787566,-1370879.4679296988,-7.762888138496771
1,3,42,10,2341.5077550788524,-1370113.4388534417,-7.758550340631288
1,3,42,11,2332.88259046923,-1369461.7371618296,-7.754859945195361
1,3,42,12,2326.568815663116,-1368983.1505930051,-7.752149849898666
1,3,42,13,2321.2689669643496,-1368580.416276308,-7.749869283646715
1,3,42,14,2317.303251843499,-1368278.460573715,-7.74815939711267
1,3,42,15,2313.8300873130192,-1368013.5836690061,-7.746659476930168
1,3,42,16,2310.6507697282295,-1367770.7678739445,-7.745284482337704
1,3,42,17,2307.8906098609655,-1367559.6935586713,-7.744089230430656
1,3,42,18,2305.1597057443364,-1367350.6078973776,-7.742905239687518
1,3,42,19,2302.9353347872793,-1367180.12070393,-7.741939820740965
1,3,42,20,2301.0172810473723,-1367032.9789629066,-7.741106600240703
1,3,42,21,2299.2957133755176,-1366900.80598424,-7.740358143449042
1,3,42,22,2297.568622344884,-1366768.1094739495,-7.739606722051426
1,3,42,23,2296.1265082469135,-1366657.2319785375,-7.738978855332217
1,3,42,24,2294.743620115381,-1366550.8426679024,-7.7383764038863285
1,3,42,25,2293.4842677796264,-1366453.9015056938,-7.737827454532395
1,3,42,26,2292.3148750436703,-1366363.8374889945,-7.737317448435363
1,3,42,27,2291.1545309391768,-1366274.4249531983,-7.736811131483506
1,3,42,28,2290.183764738999,-1366199.5859092963,-7.736387339939615
1,3,42,29,2289.2024207529885,-1366123.899144521,-7.735958748001184
1,3,42,30,2288.327545188377,-1366056.39646142,-7.7355765001156325
1,3,42,31,2287.683445071394,-1366006.6831993444,-7.735294988500994
1,3,42,32,2287.153567902552,-1365965.7754560052,-7.735063339954954
1,3,42,33,2286.6384949253015,-1365926.001545657,-7.734838111972417
1,3,42,34,2286.07205936696,-1365882.251074109,-7.734590365890738
1,3,42,35,2285.4861577688107,-1365836.9856733526,-7.734334041209512
1,3,42,36,2284.946818321191,-1365795.3072978668,-7.734098028799771
1,3,42,37,2284.408669153134,-1365753.711096878,-7.733862481720092
1,3,42,38,2283.8094597978024,-1365707.3837217328,-7.733600143389542
1,3,42,39,2283.207757210552,-1365660.8513518034,-7.7333366442336855
1,3,42,40,2282.749059172826,-1365625.3699292652,-7.733135723349974
1,3,42,41,2282.162289526054,-1365579.9714574625,-7.732878645126463
1,3,42,42,2281.522851311267,-1365530.484716219,-7.732598416232822
1,3,42,43,2281.071289759886,-1365495.5295751744,-7.73240047552677
1,3,42,44,2280.7392008763154,-1365469.8183341972,-7.732254880314151
1,3,42,45,2280.3563338481026,-1365440.171062122,-7.732086996512464
1,3,42,46,2280.0574205734592,-1365417.0212806591,-7.731955906093407
1,3,42,47,2279.852811655527,-1365401.1732900464,-7.731866163573204
1,3,42,48,2279.598517328171,-1365381.474931954,-7.731754617551864
1,3,42,49,2279.3911358265336,-1365365.40894729,-7.73166364059532
1,3,42,50,2279.1565649313156,-1365347.2348201661,-7.731560725846666
1,3,42,51,2278.9249106894354,-1365329.284834215,-7.731459080343698
1,3,42,52,2278.7257648087843,-1365313.852336126,-7.731371690635729
1,3,42,53,2278.6033751070972,-1365304.3672687449,-7.7313179794825695
1,3,42,54,2278.471516260125,-1365294.1477828757,-7.731260109533029
1,3,42,55,2278.29922861377,-1365280.7940434236,-7.7311844912252035
1,3,42,56,2278.1388173483533,-1365268.3599153915,-7.7311140804069876
1,3,42,57,2277.957433392156,-1365254.2990542443,-7.731034457876509
1,3,42,58,2277.825451775189,-1365244.067152391,-7.730976517618894
1,3,42,59,2277.6498557442837,-1365230.4531150386,-7.730899425320445
1,3,42,60,2277.3550215626337,-1365207.592130715,-7.73076997027484
1,3,42,61,2277.1041448875344,-1365188.1372123645,-7.73065980278132
1,3,42,62,2276.902789448913,-1365172.5210032265,-7.730571372771592
1,3,42,63,2276.6709881467987,-1365154.5418417237,-7.730469562056037
1,3,42,64,2276.4613326998847,-1365138.2787984342,-7.730377469214323
1,3,42,65,2276.3320895119255,-1365128.25261476,-7.730320693878388
1,3,42,66,2276.229516565773,-1365120.2949994993,-7.730275632238351
1,3,42,67,2276.1769967938512,-1365116.220373661,-7.730252558827939
1,3,97,1,3218.987826193697,-1426318.348316191,-8.076822249431979
1,3,97,2,2905.225265939338,-1408207.5671757676,-7.974266210492812
1,3,97,3,2746.5966693325063,-1398292.103504776,-7.918117849444353
1,3,97,4,2639.0593416055,-1391238.9344128696,-7.878177822648955
1,3,97,5,2567.46915247767,-1386382.264673157,-7.8506759271161926
1,3,97,6,2517.8655810978535,-1382937.075173056,-7.831166829977553
1,3,97,7,2481.971111141839,-1380401.449583497,-7.816808326350255
1,3,97,8,2453.9617743614795,-1378397.2351719094,-7.805459048279723
1,3,97,9,2432.4399783156264,-1376841.6346218057,-7.79665013885979
1,3,97,10,2414.6929716262,-1375548.4871319178,-7.789327424102279
1,3,97,11,2400.289917242662,-1374491.9930048008,-7.783344807891552
1,3,97,12,2388.7512436730785,-1373641.0233034017,-7.778526016191952
1,3,97,13,2378.3049371888746,-1372867.062212889,-7.774143301657412
1,3,97,14,2369.3047130058517,-1372197.5094861581,-7.770351821048044
1,3,97,15,2362.270214346128,-1371672.419557056,-7.767378390868636
1,3,97,16,2355.9438093727513,-1371198.8480642056,-7.764696694475496
1,3,97,17,2350.4664744334304,-1370787.8065847568,-7.762369087198641
1,3,97,18,2345.3721512456946,-1370404.6472244563,-7.760199368180438
1,3,97,19,2340.8624004824856,-1370064.7601943326,-7.758274687669641
1,3,97,20,2336.5514802836115,-1369739.2457641116,-7.756431394974414
1,3,97,21,2332.9307623702434,-1369465.3836294631,-7.754880594071504
1,3,97,22,2329.47033291758,-1369203.2477992405,-7.753396195789441
1,3,97,23,2326.3287644729894,-1368964.9290013295,-7.752046666372184
1,3,97,24,2323.6453193145135,-1368761.1083527054,-7.750892489850761
1,3,97,25,2321.441437892667,-1368593.5367720847,-7.749943581164052
1,3,97,26,2319.3520408413005,-1368434.5230131184,-7.749043132910056
1,3,97,27,2317.4294016220697,-1368288.0737685496,-7.748213833814001
1,3,97,28,2315.6942089271674,-1368155.7981554437,-7.747464795833628
1,3,97,29,2314.0050173010686,-1368026.9340091224,-7.7467350759885525
1,3,97,30,2312.4252099062933,-1367906.32935101,-7.746052127201434
1,3,97,31,2310.9340699137933,-1367792.418071774,-7.745407081054702
1,3,97,32,2309.6926145793336,-1367697.5246369313,-7.744869727379929
1,3,97,33,2308.5907925929478,-1367613.2616593698,-7.7443925708652035
1,3,97,34,2307.5925402612565,-1367536.884547674,-7.743960069694746
1,3,97,35,2306.6040141383555,-1367461.2190302822,-7.7435315980740125
1,3,97,36,2305.717012500887,-1367393.296971868,-7.74314697538913
1,3,97,37,2305.0328174972396,-1367340.8869570913,-7.742850192855314
1,3,97,38,2304.3270062447214,-1367286.8048120353,-7.742543941538417
1,3,97,39,2303.7107305529503,-1367239.5696996609,-7.7422764629583165
1,3,97,40,2303.068121141997,-1367190.3027516666,-7.741997478689347
1,3,97,41,2302.404236610686,-1367139.3902646827,-7.741709176215968
1,3,97,42,2301.831724072477,-1367095.4731932916,-7.741460486728267
1,3,97,43,2301.3291983277322,-1367056.9157614675,-7.741242147306633
1,3,97,44,2300.9160778556325,-1367025.2118463272,-7.741062617338795
1,3,97,45,2300.392553439566,-1366985.0270734557,-7.740835062762358
1,3,97,46,2299.946983810157,-1366950.8187622018,-7.740641351134251
1,3,97,47,2299.464011447446,-1366913.731395223,-7.74043133625844
1,3,97,48,2298.9202127830094,-1366871.963862493,-7.740194818977389
1,3,97,49,2298.660376383886,-1366852.00312522,-7.740081787179746
1,3,97,50,2298.3155119714356,-1366825.507016628,-7.739931747492146
1,3,97,51,2298.0589773615693,-1366805.7947529529,-7.739820122727572
1,3,97,52,2297.805328709729,-1366786.3020842902,-7.739709741465113
1,3,97,53,2297.5107912725275,-1366763.6644494035,-7.739581551181827
1,3,97,54,2297.252219701691,-1366743.7886961082,-7.73946900062351
1,3,97,55,2296.9176025929514,-1366718.064190445,-7.739323330296868
1,3,97,56,2296.717066705912,-1366702.6457094348,-7.739236019963503
1,3,97,57,2296.5473135574653,-1366689.5929499902,-7.739162106017137
1,3,97,58,2296.3852286942947,-1366677.1289244138,-7.7390915258979005
1,3,97,59,2296.154429071581,-1366659.3793428554,-7.738991015226199
1,3,97,60,2295.9931698046444,-1366646.9766844548,-7.738920782611271
1,3,97,61,2295.8761224784307,-1366637.973877879,-7.738869802359531
1,3,97,62,2295.7644875284836,-1366629.386941736,-7.7388211770600135
1,3,97,63,2295.6428873041536,-1366620.033003709,-7.738768208453906
1,3,97,64,2295.4822962243966,-1366607.6789858958,-7.73869825127635
1,3,97,65,2295.316184175083,-1366594.8993392289,-7.738625883887498
1,3,97,66,2295.169637195346,-1366583.624141633,-7.738562035752251
1,3,97,67,2295.001924520354,-1366570.7195903575,-7.738488961065254
1,3,97,68,2294.820721351459,-1366556.7759612051,-7.738410002385161
1,3,97,69,2294.6299471945567,-1366542.0946523007,-7.738326866441106
1,3,97,70,2294.492908965711,-1366531.5479183167,-7.738267143381523
1,3,97,71,2294.3954181208123,-1366524.0444459985,-7.7382246534197
1,3,2026,1,3145.8968833430727,-1422262.3473160113,-8.053854306012726
1,3,2026,2,2792.980528091908,-1401249.478155003,-7.934864594238779
1,3,2026,3,2641.3597721609103,-1391392.8018428786,-7.879049128752271
1,3,2026,4,2558.4004870152794,-1385757.405403531,-7.84713753243899
1,3,2026,5,2507.872396925696,-1382234.794752075,-7.827190022039679
1,3,2026,6,2473.3090424128336,-1379784.0592944366,-7.813312226318202
1,3,2026,7,2447.4112685959403,-1377925.2120495136,-7.802786119854092
1,3,2026,8,2427.7918355103625,-1376503.8588068865,-7.794737413541154
1,3,2026,9,2412.996453594671,-1375424.371891187,-7.788624595915983
1,3,2026,10,2401.3797360229837,-1374572.1548963487,-7.783798741159658
1,3,2026,11,2391.153932578133,-1373818.5584069612,-7.779531345385241
1,3,2026,12,2382.2602634762425,-1373160.5093233369,-7.775805006531009
1,3,2026,13,2374.403245371162,-1372577.1157263063,-7.772501419789497
1,3,2026,14,2367.964748044696,-1372097.6081482223,-7.7697861090876374
1,3,2026,15,2362.550085329708,-1371693.3403681756,-7.767496859282737
1,3,2026,16,2358.0481857766345,-1371356.5149723105,-7.765589515908301
1,3,2026,17,2353.9056339510425,-1371046.006841903,-7.763831199485278
1,3,2026,18,2350.070073668725,-1370758.0219012033,-7.762200425276076
1,3,2026,19,2346.6621205493643,-1370501.7483246427,-7.760749223216206
1,3,2026,20,2343.4991858816184,-1370263.5665936118,-7.759400469968469
1,3,2026,21,2340.7068357280773,-1370053.0240431132,-7.758208229289292
1,3,2026,22,2338.5506496639164,-1369890.2761926462,-7.757286635970907
1,3,2026,23,2336.8218288984986,-1369759.6772341407,-7.756547092393517
1,3,2026,24,2335.027499646919,-1369624.0273990752,-7.755778947184362
1,3,2026,25,2333.5789848150434,-1369514.4447913829,-7.755158413034321
1,3,2026,26,2332.2240463907337,-1369411.8798090087,-7.754577617637115
1,3,2026,27,2330.655602477687,-1369293.0786321892,-7.7539048814353215
1,3,2026,28,2329.2270871232963,-1369184.8067012418,-7.753291769263066
1,3,2026,29,2328.0199345264205,-1369093.260811803,-7.752773371755569
1,3,2026,30,2326.878262446844,-1369006.6370298287,-7.752282846698239
1,3,2026,31,2325.700488955402,-1368917.2295216473,-7.751776558216289
1,3,2026,32,2324.639078754159,-1368836.61662291,-7.751320071026818
1,3,2026,33,2323.682765263618,-1368763.954172848,-7.750908604895115
1,3,2026,34,2322.7274086655902,-1368691.3345636725,-7.750497381358781
1,3,2026,35,2321.7196732594784,-1368614.7011018372,-7.75006342855271
1,3,2026,36,2320.880394860874,-1368550.85259929,-7.749701873219305
1,3,2026,37,2320.2365272262655,-1368501.8544104039,-7.749424410854298
1,3,2026,38,2319.6142614666533,-1368454.487197441,-7.7491561842273295
1,3,2026,39,2319.0800443296966,-1368413.8121560256,-7.748925853403998
1,3,2026,40,2318.572235615129,-1368375.1391520635,-7.748706859531261
1,3,2026,41,2317.995174512933,-1368331.1818363196,-7.7484579421515996
1,3,2026,42,2317.4014362574426,-1368285.9427239555,-7.748201766333825
1,3,2026,43,2316.8956489860498,-1368247.3957788132,-7.747983486295192
1,3,2026,44,2316.576709303692,-1368223.0844934531,-7.747845818620412
1,3,2026,45,2316.3462016126373,-1368205.5118828095,-7.747746310083069
1,3,2026,46,2316.107701405138,-1368187.3281268296,-7.747643340809028
1,3,2026,47,2315.824743671423,-1368165.7524071133,-7.74752116383973
1,3,2026,48,2315.4809738878453,-1368139.5361799952,-7.7473727090387845
1,3,2026,49,2315.14437747319,-1368113.8632296508,-7.747227330654783
1,3,2026,50,2314.7444593483538,-1368083.3557405935,-7.747054575696759
1,3,2026,51,2314.4781460056824,-1368063.0372800238,-7.7469395182170615
1,3,2026,52,2314.2219456417906,-1368043.4881858022,-7.746828817433221
1,3,2026,53,2313.8612386666628,-1368015.9611578048,-7.746672939951554
1,3,2026,54,2313.579054909706,-1367994.4235667062,-7.7465509788934295
1,3,2026,55,2313.3550756634463,-1367977.326547415,-7.746454163490351
1,3,2026,56,2313.1848269615057,-1367964.3298371665,-7.746380566934134
1,3,2026,57,2313.066334151569,-1367955.2835841405,-7.746329340657896
1,3,2026,58,2312.902746182048,-1367942.7938102575,-7.746258614733555
1,3,2026,59,2312.641829994287,-1367922.8712984098,-7.746145799395278
1,3,2026,60,2312.347038547381,-1367900.3595033223,-7.746018321705846
1,3,2026,61,2312.130664186179,-1367883.8342148783,-7.74592474384678
1,3,2026,62,2311.870623071094,-1367863.9718931043,-7.745812269347227
1,3,2026,63,2311.5805459965554,-1367841.8127444098,-7.7456867885908345
1,3,2026,64,2311.379563833981,-1367826.4579746532,-7.745599839035603
1,3,2026,65,2311.2367468471675,-1367815.546135434,-7.745538048492214
1,3,2026,66,2311.051599502717,-1367801.399068997,-7.745457937806477
1,3,2026,67,2310.8708322204507,-1367787.5855885968,-7.745379716120575
1,3,2026,68,2310.712940337909,-1367775.5192665355,-7.745311388079638
1,3,2026,69,2310.512062582001,-1367760.1667111302,-7.745224451063627
1,3,2026,70,2310.338752347998,-1367746.9199958807,-7.745149438802454
1,3,2026,71,2310.253899321033,-1367740.4340160182,-7.7451127106018225
1,3,31415,1,3237.596904282004,-1427336.304642261,-8.082586637384402
1,3,31415,2,2871.5166969818706,-1406146.6135693283,-7.962595635012109
1,3,31415,3,2696.0940514904,-1395014.7850885333,-7.899559356991366
1,3,31415,4,2579.4881483630693,-1387207.0185202563,-7.855346266126008
1,3,31415,5,2502.079423577454,-1381826.405678473,-7.824877434558778
1,3,31415,6,2448.192000673463,-1377981.5371208412,-7.803105072204272
1,3,31415,7,2412.8858943751434,-1375416.2804818202,-7.788578776639185
1,3,31415,8,2389.351274930535,-1373685.3764415034,-7.7787771749974715
1,3,31415,9,2372.5848733405196,-1372441.824211748,-7.771735303644224
1,3,31415,10,2360.012787924013,-1371503.582580635,-7.766422316616845
1,3,31415,11,2350.2435390749715,-1370771.056329324,-7.762274235417533
1,3,31415,12,2342.0693442340867,-1370155.7882260054,-7.758790152700575
1,3,31415,13,2335.103968328777,-1369629.810495546,-7.755811695162611
1,3,31415,14,2329.648888845028,-1369216.7833642117,-7.753472843721823
1,3,31415,15,2325.33158288844,-1368889.2156971372,-7.751617924148823
1,3,31415,16,2321.315156684217,-1368583.9301932014,-7.749889181926914
1,3,31415,17,2317.9226468737897,-1368325.656308732,-7.748426652710353
1,3,31415,18,2315.31595286857,-1368126.9501295371,-7.747301437928453
1,3,31415,19,2313.0356951086933,-1367952.944391834,-7.746316094498307
1,3,31415,20,2311.005053162296,-1367797.84229544,-7.745437796841569
1,3,31415,21,2309.000103177204,-1367644.5688042152,-7.744569854039295
1,3,31415,22,2307.16442023759,-1367504.1186064454,-7.743774525784825
1,3,31415,23,2305.4303946613236,-1367371.3436546756,-7.743022660196131
1,3,31415,24,2304.049946396304,-1367265.5708255654,-7.742423699704211
1,3,31415,25,2302.5288899056404,-1367148.9508916754,-7.741763315241036
1,3,31415,26,2301.179226647601,-1367045.4072115878,-7.74117697776588
1,3,31415,27,2300.0441384031255,-1366958.2783062477,-7.740683592343158
1,3,31415,28,2298.9169397178302,-1366871.7124383328,-7.740193395236151
1,3,31415,29,2297.915661911062,-1366794.7813550725,-7.739757757087288
1,3,31415,30,2296.8718077509443,-1366714.543308834,-7.739303392577518
1,3,31415,31,2295.9708913693275,-1366645.2631527486,-7.738911079384059
1,3,31415,32,2295.247023672904,-1366589.5782798426,-7.738595752289673
1,3,31415,33,2294.665271311857,-1366544.8131643482,-7.738342260577077
1,3,31415,34,2294.116165383517,-1366502.5497381599,-7.738102935196892
1,3,31415,35,2293.5779592022013,-1366461.1154226898,-7.7378683048273995
1,3,31415,36,2293.0463107221453,-1366420.1764110846,-7.737636479218346
1,3,31415,37,2292.6105077517495,-1366386.610798553,-7.737446407004502
1,3,31415,38,2292.280862191894,-1366361.2172075603,-7.73730261055053
1,3,31415,39,2291.860885931775,-1366328.859880077,-7.7371193805003395
1,3,31415,40,2291.4294179874846,-1366295.6109932177,-7.736931101811034
1,3,31415,41,2291.0507904694964,-1366266.4288276557,-7.736765851771044
1,3,31415,42,2290.657961065691,-1366236.1469744574,-7.736594374522676
1,3,31415,43,2290.333241029573,-1366211.1115148268,-7.736452606061513
1,3,31415,44,2290.120301906168,-1366194.6922798173,-7.7363596287519245
1,3,31415,45,2289.9360472630956,-1366180.4836055236,-7.736279169198974
1,3,31415,46,2289.700624298319,-1366162.32745644,-7.736176356254687
1,3,31415,47,2289.4317229226635,-1366141.5871213782,-7.73605890982354
1,3,31415,48,2289.234360229968,-1366126.3630073054,-7.735972700133105
1,3,31415,49,2289.0191230775254,-1366109.7586013393,-7.735878674254727
1,3,31415,50,2288.7556627901176,-1366089.4319106557,-7.73576357017031
1,3,31415,51,2288.5998091962006,-1366077.4062728204,-7.735695472512205
1,3,31415,52,2288.4749833454293,-1366067.7741399426,-7.7356409285702945
1,3,31415,53,2288.3136757510224,-1366055.3261308863,-7.735570439147912
1,3,31415,54,2288.140735338723,-1366041.979449617,-7.735494860808505
1,3,31415,55,2287.8914874041766,-1366022.741958422,-7.735385924541162
1,3,31415,56,2287.712778061603,-1366008.9474972633,-7.735307810555644
1,3,31415,57,2287.5873017594254,-1365999.2614169077,-7.7352529611249965
1,3,31415,58,2287.3825696630174,-1365983.456084469,-7.7351634601655155
1,3,31415,59,2287.147715653234,-1365965.323595906,-7.735060781203812
1,3,31415,60,2287.0495549553843,-1365957.74430308,-7.735017861892703
1,4,11,1,3496.689041975056,-1440931.4245226497,-8.159571811741337
1,4,11,2,3026.0208159464037,-1415401.5763518843,-8.015003773355177
1,4,11,3,2804.932014565683,-1402003.5320967352,-7.939134580431585
1,4,11,4,2672.977965219764,-1393494.1545774906,-7.890948472640581
1,4,11,5,2586.863178043608,-1387711.199050687,-7.85820129251666
1,4,11,6,2525.1451798332064,-1383446.9032947486,-7.834053837020219
1,4,11,7,2478.538878281917,-1380157.0747802283,-7.81542450355181
1,4,11,8,2441.585745612241,-1377504.3679010423,-7.800403002939184
1,4,11,9,2412.320789086101,-1375374.9167805673,-7.788344546137282
1,4,11,10,2388.4554793355423,-1373619.156882073,-7.77840219306473
1,4,11,11,2369.2851135320575,-1372196.04865093,-7.770343548766832
1,4,11,12,2353.9408153541017,-1371048.646190811,-7.763846145343618
1,4,11,13,2341.1944440270404,-1370089.807689377,-7.758416524283821
1,4,11,14,2330.443597361598,-1369277.0142534273,-7.75381391357253
1,4,11,15,2321.6733463937294,-1368611.1773654248,-7.750043474667456
1,4,11,16,2314.034351522036,-1368029.17264497,-7.7467477527264235
1,4,11,17,2307.3106088382137,-1367515.307757794,-7.743837886665424
1,4,11,18,2301.529968398164,-1367072.3213120422,-7.741329384418735
1,4,11,19,2296.3396807053136,-1366673.626210132,-7.739071691054804
1,4,11,20,2291.8149529360826,-1366325.3205846613,-7.737099338509017
1,4,11,21,2287.7331455602193,-1366010.5197060101,-7.7353167135124075
1,4,11,22,2284.1986652179985,-1365737.476199793,-7.7337705482620756
1,4,11,23,2281.00256962199,-1365490.2093789626,-7.732370348816849
1,4,11,24,2278.121623993862,-1365267.0271367754,-7.731106533272792
1,4,11,25,2275.469560872762,-1365061.3264189253,-7.729941710471054
1,4,11,26,2272.881306180563,-1364860.343552031,-7.728803603474812
1,4,11,27,2270.8013788575336,-1364698.6673361508,-7.7278880785086175
1,4,11,28,2268.968896883321,-1364556.1027041655,-7.727080776833672
1,4,11,29,2267.290602116112,-1364425.4325783895,-7.726340830256914
1,4,11,30,2265.5167046838415,-1364287.2137493312,-7.725558137588656
1,4,11,31,2263.8570896105375,-1364157.8015653598,-7.724825314367192
1,4,11,32,2262.3912824267577,-1364043.423059549,-7.724177622453475
1,4,11,33,2261.0543590435186,-1363939.0368577342,-7.723586514025019
1,4,11,34,2259.9848292892084,-1363855.4841464711,-7.723113379539911
1,4,11,35,2258.987067669143,-1363777.502374327,-7.722671791648227
1,4,11,36,2257.924790247771,-1363694.440393793,-7.722201436027231
1,4,11,37,2256.899350598293,-1363614.2217686928,-7.721747181493668
1,4,11,38,2255.991648712246,-1363543.183177665,-7.72134491079915
1,4,11,39,2255.1075955748006,-1363473.9679051568,-7.72095296502235
1,4,11,40,2254.2877429819705,-1363409.7548391009,-7.720589345272778
1,4,11,41,2253.574874274239,-1363353.9020555043,-7.720273067349424
1,4,11,42,2252.9072898864442,-1363301.581245637,-7.719976789956833
1,4,11,43,2252.2433525993247,-1363249.5308919707,-7.7196820440783425
1,4,11,44,2251.7014923376814,-1363207.039576113,-7.719441428225834
1,4,11,45,2251.038573074362,-1363155.0412091045,-7.719146976732531
1,4,11,46,2250.568459380443,-1363118.1569331705,-7.71893811190171
1,4,11,47,2250.118071231781,-1363082.8130608748,-7.718737969924657
1,4,11,48,2249.6272475589685,-1363044.2879845074,-7.718519813722478
1,4,11,49,2249.326795306265,-1363020.701139793,-7.718386248342487
1,4,11,50,2248.9613091651063,-1362992.0045964615,-7.718223748238681
1,4,11,51,2248.618393096502,-1362965.0759262233,-7.718071259081414
1,4,11,52,2248.2690366096995,-1362937.637276482,-7.717915882059878
1,4,11,53,2248.0019257555227,-1362916.6553674145,-7.7177970676660275
1,4,11,54,2247.7718153886476,-1362898.5778962146,-7.717694700251506
1,4,11,55,2247.527251387746,-1362879.362918712,-7.717585891472598
1,4,11,56,2247.237709245268,-1362856.611381923,-7.717457056196264
1,4,11,57,2246.9405491468474,-1362833.2581958766,-7.717324813956741
1,4,11,58,2246.7035159773936,-1362814.6280440628,-7.717219316874089
1,4,11,59,2246.5788253274077,-1362804.8269147428,-7.717163815954918
1,4,11,60,2246.4284245880012,-1362793.004156974,-7.717096867147094
1,4,11,61,2246.1360905280962,-1362770.0219868242,-7.716966725861718
1,4,11,62,2245.843387159392,-1362747.007786059,-7.716836403196366
1,4,11,63,2245.626354627222,-1362729.9413711797,-7.716739761097091
1,4,11,64,2245.4595063704096,-1362716.8200896059,-7.716665459130015
1,4,11,65,2245.2618282388107,-1362701.2730229353,-7.716577420653789
1,4,11,66,2245.08897532685,-1362687.6772980196,-7.716500432053295
1,4,11,67,2244.8754792147097,-1362670.8833421487,-7.7164053328094315
1,4,11,68,2244.731220400721,-1362659.5348019712,-7.716341069356666
1,4,11,69,2244.543112220376,-1362644.7356279586,-7.716257265977092
1,4,11,70,2244.386212925588,-1362632.3908249696,-7.716187360980382
1,4,11,71,2244.2919938028977,-1362624.9772698032,-7.716145380193003
1,4,42,1,3482.789456859927,-1440228.052034509,-8.155588819747607
1,4,42,2,2905.224798176946,-1408207.5387428473,-7.974266049485528
1,4,42,3,2660.545017696514,-1392670.8383870842,-7.886286274658732
1,4,42,4,2538.5554797196023,-1384382.2603365115,-7.8393504894646
1,4,42,5,2469.9477165191743,-1379543.897755071,-7.811952261996846
1,4,42,6,2426.427207715565,-1376404.5698852302,-7.794175169514424
1,4,42,7,2395.711223737277,-1374154.8079113138,-7.781435427655039
1,4,42,8,2373.324533637231,-1372496.8693296777,-7.772047007993916
1,4,42,9,2355.988054015238,-1371202.164469715,-7.764715474306686
1,4,42,10,2342.5960700172172,-1370195.499328128,-7.759015025018563
1,4,42,11,2332.1896485777743,-1369409.2752169725,-7.7545628685967385
1,4,42,12,2323.2735214134027,-1368732.8499385004,-7.750732470743629
1,4,42,13,2315.9890598767047,-1368178.2819504838,-7.7475921149670075
1,4,42,14,2309.5961103398276,-1367690.1459816063,-7.744827944220111
1,4,42,15,2303.9484422749238,-1367257.7908667624,-7.74237964408056
1,4,42,16,2298.846311379071,-1366866.286956343,-7.740162672323766
1,4,42,17,2294.5234124354124,-1366533.895580365,-7.738280437502775
1,4,42,18,2290.7950466130633,-1366246.7150126407,-7.7366542182216875
1,4,42,19,2287.324602106228,-1365978.9807279753,-7.735138117534997
1,4,42,20,2283.9195548350654,-1365715.8965397882,-7.73364834898008
1,4,42,21,2281.256485756147,-1365509.8663363152,-7.732481660397948
1,4,42,22,2278.964346962535,-1365332.3407264573,-7.731476384964706
1,4,42,23,2276.9912220455963,-1365179.3796020173,-7.73061021100387
1,4,42,24,2275.1100853511257,-1365033.4261401321,-7.729783719379663
1,4,42,25,2273.477971532964,-1364906.6960355944,-7.729066083986967
1,4,42,26,2271.9817456586134,-1364790.4373783683,-7.728407745327521
1,4,42,27,2270.7565241923176,-1364695.1790773117,-7.727868325522451
1,4,42,28,2269.5518239894127,-1364601.4661325908,-7.727337656616821
1,4,42,29,2268.3601177434443,-1364508.7150257644,-7.726812434316932
1,4,42,30,2267.2300222907566,-1364420.7140934314,-7.7263141108612485
1,4,42,31,2266.1149828963876,-1364333.8425799883,-7.725822182973308
1,4,42,32,2265.2477409214443,-1364266.2471388252,-7.7254394098260715
1,4,42,33,2264.3448870767593,-1364195.848501661,-7.725040763002487
1,4,42,34,2263.4825058703436,-1364128.5794406345,-7.724659838050186
1,4,42,35,2262.659672708252,-1364064.3713820742,-7.724296246656592
1,4,42,36,2261.981688953952,-1364011.4487946543,-7.723996561574314
1,4,42,37,2261.378151840288,-1363964.3240743428,-7.72372970811207
1,4,42,38,2260.9217442929457,-1363928.679010309,-7.723527860574589
1,4,42,39,2260.3702883969386,-1363885.601145717,-7.723283923268724
1,4,42,40,2259.9740960959316,-1363854.645458525,-7.723108630296188
1,4,42,41,2259.48492753948,-1363816.4177715636,-7.722892158122947
1,4,42,42,2259.047994755592,-1363782.2652226698,-7.7226987622607215
1,4,42,43,2258.7370037934215,-1363757.9528049352,-7.722561088173636
1,4,42,44,2258.411189925246,-1363732.477982384,-7.722416831729186
1,4,42,45,2257.988388142633,-1363699.4143630445,-7.722229602155478
1,4,42,46,2257.559875883745,-1363665.8978597769,-7.722039808032984
1,4,42,47,2257.109047366332,-1363630.6290004996,-7.721840090832642
1,4,42,48,2256.7876278828057,-1363605.4796643702,-7.721697677522283
1,4,42,49,2256.495027541828,-1363582.582155558,-7.721568015649218
1,4,42,50,2256.127107435451,-1363553.7862663982,-7.72140495297914
1,4,42,51,2255.6388155806,-1363515.5620262122,-7.721188500323976
1,4,42,52,2255.261725297275,-1363486.0371537195,-7.721021309635205
1,4,42,53,2254.815482591333,-1363451.0915059897,-7.720823422687009
1,4,42,54,2254.5204244350152,-1363427.9814511144,-7.72069255722796
1,4,42,55,2254.2673899651772,-1363408.160438881,-7.720580316652214
1,4,42,56,2253.912831592599,-1363380.3829862066,-7.720423021089089
1,4,42,57,2253.6676711402843,-1363361.1736276904,-7.7203142441288515
1,4,42,58,2253.4573126157534,-1363344.6894816142,-7.72022089924694
1,4,42,59,2253.1808309472594,-1363323.0214433684,-7.720098199504901
1,4,42,60,2252.86301862699,-1363298.1110115785,-7.7199571390397095
1,4,42,61,2252.495852088531,-1363269.3277737957,-7.719794148010667
1,4,42,62,2252.2893005353585,-1363253.1335430962,-7.719702444834458
1,4,42,63,2252.041789530131,-1363233.7260183708,-7.71959254571713
1,4,42,64,2251.7502333465286,-1363210.8621416653,-7.719463074292815
1,4,42,65,2251.5518807203816,-1363195.3056087936,-7.71937498221227
1,4,42,66,2251.3525783440236,-1363179.6732078872,-7.719286460513309
1,4,42,67,2251.171655678461,-1363165.4812322047,-7.719206095519693
1,4,42,68,2250.9681917485705,-1363149.519707029,-7.7191157100865775
1,4,42,69,2250.814483455843,-1363137.460501059,-7.719047422341976
1,4,42,70,2250.5944077678,-1363120.1929979175,-7.718949641538883
1,4,42,71,2250.4184826336223,-1363106.3884059656,-7.718871470185656
1,4,42,72,2250.217561348326,-1363090.6210819108,-7.718782184456498
1,4,42,73,2250.034095709194,-1363076.2223622107,-7.718700648732181
1,4,42,74,2249.8410738312855,-1363061.0723839363,-7.718614858851016
1,4,42,75,2249.621106759142,-1363043.8059358099,-7.718517084022163
1,4,42,76,2249.465010686602,-1363031.5520561882,-7.718447693897801
1,4,42,77,2249.2891988772867,-1363017.749430295,-7.718369533677786
1,4,42,78,2249.149032797356,-1363006.7445048287,-7.7183072160142965
1,4,42,79,2248.9917639776104,-1362994.3959674127,-7.718237289870623
1,4,42,80,2248.7899586855065,-1362978.5492207385,-7.718147554394478
1,4,42,81,2248.652219952203,-1362967.7324796175,-7.718086302363712
1,4,42,82,2248.5529674162453,-1362959.937681912,-7.718042162711711
1,4,97,1,3504.7494795956686,-1441338.0339774503,-8.161874321763198
1,4,97,2,3052.994339525293,-1416968.7360191399,-8.023878138663488
1,4,97,3,2847.5359861294232,-1404665.6429587505,-7.954209333039347
1,4,97,4,2713.075673685011,-1396123.5920198765,-7.905838205261087
1,4,97,5,2620.2647242432968,-1389976.7833282477,-7.871030631438485
1,4,97,6,2555.532902283142,-1385559.358900883,-7.846016053211791
1,4,97,7,2508.4942450706762,-1382278.5772981744,-7.82743794975013
1,4,97,8,2473.1366375043294,-1379771.7491734347,-7.813242517715407
1,4,97,9,2445.9082543108466,-1377816.7281004207,-7.802171807085296
1,4,97,10,2424.6647711447035,-1376276.25414154,-7.793448555112518
1,4,97,11,2407.776707470688,-1375041.953479682,-7.786459072673376
1,4,97,12,2394.517951431472,-1374066.8268455968,-7.780937216698171
1,4,97,13,2382.5482634143664,-1373181.8571113322,-7.775925892789858
1,4,97,14,2372.8669244944563,-1372462.8163295311,-7.771854175847034
1,4,97,15,2364.903723009853,-1371869.1806169352,-7.768492591010653
1,4,97,16,2358.3314786102696,-1371377.7294708383,-7.76570964738801
1,4,97,17,2352.5218491409446,-1370942.162427993,-7.763243159042736
1,4,97,18,2347.704078336456,-1370580.1416534455,-7.761193141632477
1,4,97,19,2343.694754843237,-1370278.3030460244,-7.759483918174029
1,4,97,20,2340.3815768168656,-1370028.4832666114,-7.758069262073521
1,4,97,21,2337.3266957679034,-1369797.8259835064,-7.756763117566318
1,4,97,22,2334.3582756498217,-1369573.4079176104,-7.755492303915254
1,4,97,23,2331.6728944989377,-1369370.1421296103,-7.75434126940672
1,4,97,24,2329.5064623472554,-1369205.986701272,-7.753411705387906
1,4,97,25,2327.325770745331,-1369040.5965555147,-7.752475149526681
1,4,97,26,2325.6559137813447,-1368913.8448279768,-7.751757391689281
1,4,97,27,2324.1333096209805,-1368798.19108292,-7.751102478469936
1,4,97,28,2322.4463453785265,-1368669.9643877419,-7.750376368323623
1,4,97,29,2320.986746957523,-1368558.9446629295,-7.749747696201057
1,4,97,30,2319.5563080438274,-1368450.0751041162,-7.7491311998375725
1,4,97,31,2318.265529847848,-1368351.777369277,-7.7485745686109215
1,4,97,32,2316.986952618072,-1368254.3548129457,-7.748022893263337
1,4,97,33,2315.8627763128743,-1368168.652575251,-7.747537586640831
1,4,97,34,2314.7811196065877,-1368086.1525635216,-7.747070413284265
1,4,97,35,2313.668772353419,-1368001.2715086574,-7.746589756779151
1,4,97,36,2312.6540537638466,-1367923.8047065272,-7.746151085011536
1,4,97,37,2311.5383215193224,-1367838.58696132,-7.745668521927811
1,4,97,38,2310.656638879802,-1367771.2164296717,-7.745287022377157
1,4,97,39,2309.964899277236,-1367718.3416970067,-7.744987608282313
1,4,97,40,2309.4386840532125,-1367678.1086019776,-7.744759780071676
1,4,97,41,2308.832788924125,-1367631.7720253314,-7.744497389635726
1,4,97,42,2308.1721798157737,-1367581.237271106,-7.744211226152112
1,4,97,43,2307.6424371402704,-1367540.70298357,-7.743981692376694
1,4,97,44,2307.075917938803,-1367497.344371118,-7.743736165278084
1,4,97,45,2306.517714074549,-1367454.6117589516,-7.74349418303539
1,4,97,46,2305.8146947136706,-1367400.7782573854,-7.74318933971361
1,4,97,47,2305.333829824254,-1367363.9467156825,-7.742980773501266
1,4,97,48,2304.8310215096476,-1367325.4262138242,-7.74276264320319
1,4,97,49,2304.1985851030954,-1367276.9628777157,-7.7424882095525085
1,4,97,50,2303.715856067734,-1367239.9626023544,-7.742278687850971
1,4,97,51,2303.3464079414966,-1367211.6398583557,-7.742118304463094
1,4,97,52,2303.0287134307905,-1367187.281032583,-7.741980367580909
1,4,97,53,2302.6396558616393,-1367157.4459567498,-7.7418114203016515
1,4,97,54,2302.270057552228,-1367129.0984546035,-7.74165089671565
1,4,97,55,2301.87277677796,-1367098.6226836513,-7.741478321367947
1,4,97,56,2301.434912052166,-1367065.0275868874,-7.741288082193548
1,4,97,57,2301.0018038067215,-1367031.7911417417,-7.741099873958015
1,4,97,58,2300.6785236952064,-1367006.9787584192,-7.740959368712522
1,4,97,59,2300.4301297049874,-1366987.9116632228,-7.7408513973477175
1,4,97,60,2300.1575233535136,-1366966.9836211035,-7.740732887986588
1,4,97,61,2299.854240387589,-1366943.697614496,-7.740601026164514
1,4,97,62,2299.6597880826516,-1366928.765989048,-7.740516472751327
1,4,97,63,2299.3708427076235,-1366906.576086992,-7.740390817847673
1,4,97,64,2299.043680828701,-1366881.4479369966,-7.740248524508175
1,4,97,65,2298.801079504247,-1366862.8122759147,-7.740142996228155
1,4,97,66,2298.5864150374387,-1366846.3209721367,-7.740049610814278
1,4,97,67,2298.376882476924,-1366830.222434636,-7.739958449520572
1,4,97,68,2298.054859294589,-1366805.4783004252,-7.739818330749772
1,4,97,69,2297.796799198087,-1366785.6465616678,-7.739706029432868
1,4,97,70,2297.651035174524,-1366774.4437135828,-7.739642590991669
1,4,97,71,2297.5232555637654,-1366764.6224919443,-7.7395869762955956
1,4,97,72,2297.3624576804114,-1366752.2626888081,-7.7395169863574536
1,4,97,73,2297.2246761435285,-1366741.6713594797,-7.739457010767521
1,4,97,74,2297.048714773139,-1366728.144205297,-7.739380410462966
1,4,97,75,2296.8972300272067,-1366716.497878782,-7.739314460733558
1,4,97,76,2296.739420367176,-1366704.3644684863,-7.7392457527916365
1,4,97,77,2296.617434362983,-1366694.984837375,-7.739192638693133
1,4,97,78,2296.4839334349817,-1366684.719240778,-7.739134507632071
1,4,97,79,2296.343955239335,-1366673.9549316904,-7.739073552508525
1,4,97,80,2296.223199174633,-1366664.6682753267,-7.7390209648987325
1,4,97,81,2296.077416831446,-1366653.4563407109,-7.738957475003176
1,4,97,82,2295.9723685061817,-1366645.3767663063,-7.738911722744297
1,4,97,83,2295.857407855483,-1366636.534382271,-7.738861650918327
1,4,97,84,2295.689515619698,-1366623.6198843934,-7.738788519906641
1,4,97,85,2295.5216535856084,-1366610.7067654063,-7.738715396703208
1,4,97,86,2295.3680024927285,-1366598.8860233983,-7.7386484593100455
1,4,97,87,2295.247218984704,-1366589.5933069356,-7.738595837383691
1,4,97,88,2295.1455255123033,-1366581.76894067,-7.738551530293611
1,4,97,89,2295.006836058746,-1366571.0975191398,-7.738491101165044
1,4,97,90,2294.8853058719396,-1366561.745882478,-7.738438145590893
1,4,97,91,2294.8090040825787,-1366555.8742765358,-7.738404896409481
1,4,2026,1,3407.9414871224485,-1436391.5295101276,-8.13386371853023
1,4,2026,2,2910.2553181846915,-1408513.0543164709,-7.9759960945245645
1,4,2026,3,2699.898860050818,-1395263.8241385426,-7.900969592050368
1,4,2026,4,2586.8628148539938,-1387711.1742572957,-7.85820115211896
1,4,2026,5,2518.3908618306737,-1382973.912624492,-7.831375429654983
1,4,2026,6,2472.602930542945,-1379733.635784645,-7.813026692779172
1,4,2026,7,2439.3713545069722,-1377344.1336676115,-7.799495643496447
1,4,2026,8,2413.2220884638787,-1375440.8840999794,-7.78871809970882
1,4,2026,9,2393.575399003445,-1373997.3005880897,-7.780543509904582
1,4,2026,10,2377.8094245884113,-1372830.2655567,-7.773934932991495
1,4,2026,11,2365.3914080937034,-1371905.5936768462,-7.768698787483415
1,4,2026,12,2354.486988892157,-1371089.6156924034,-7.764078143608522
1,4,2026,13,2345.2550367125136,-1370395.8289052644,-7.760149432626615
1,4,2026,14,2337.498357948023,-1369810.7952436183,-7.756836558680466
1,4,2026,15,2330.622865735883,-1369290.5981486817,-7.753890835185123
1,4,2026,16,2324.5725756372026,-1368831.5645614811,-7.751291462685488
1,4,2026,17,2319.4726660945757,-1368443.7071049206,-7.749095139726835
1,4,2026,18,2314.5069753092,-1368065.236933681,-7.746951974210227
1,4,2026,19,2310.260611442125,-1367740.947084556,-7.745115615958391
1,4,2026,20,2306.794755802759,-1367475.8216411478,-7.743614288374168
1,4,2026,21,2303.9169526735914,-1367255.377222187,-7.742365976319619
1,4,2026,22,2301.26069006833,-1367051.658657161,-7.741212377867657
1,4,2026,23,2298.944079596297,-1366873.7972076104,-7.740205200672789
1,4,2026,24,2296.8117547395063,-1366709.926098546,-7.739277246670589
1,4,2026,25,2295.0276158531306,-1366572.6964557264,-7.738500155473722
1,4,2026,26,2293.1362342002503,-1366427.1015373913,-7.737675694176423
1,4,2026,27,2291.398966925746,-1366293.2642002134,-7.7369178126109235
1,4,2026,28,2289.6915737392974,-1366161.6294273783,-7.736172403520948
1,4,2026,29,2288.2420644514496,-1366049.7996491583,-7.735539144303647
1,4,2026,30,2286.817783343905,-1365939.8472050815,-7.734916515878691
1,4,2026,31,2285.5370015028348,-1365840.9142022852,-7.73435628731602
1,4,2026,32,2284.3617344584086,-1365750.0828184797,-7.733841935844252
1,4,2026,33,2283.18735350536,-1365659.273226465,-7.733327707772999
1,4,2026,34,2281.8808137217507,-1365558.189481647,-7.7327553001894005
1,4,2026,35,2280.8758020095884,-1365480.394825427,-7.732314771880286
1,4,2026,36,2279.8729778951647,-1365402.7353299966,-7.731875008947057
1,4,2026,37,2279.078599584582,-1365341.1937924677,-7.731526517279566
1,4,2026,38,2278.290049710959,-1365280.082573039,-7.731180462377199
1,4,2026,39,2277.3901723944196,-1365210.317826983,-7.730785405092942
1,4,2026,40,2276.45285881117,-1365137.6214445545,-7.730373746812205
1,4,2026,41,2275.5636045139827,-1365068.6247804957,-7.729983038950903
1,4,2026,42,2274.7022558163862,-1365001.7675820861,-7.72960444625574
1,4,2026,43,2273.9404145997755,-1364942.6129732006,-7.729269471064706
1,4,2026,44,2273.2886291212662,-1364891.9881181633,-7.728982797366633
1,4,2026,45,2272.524741782547,-1364832.6377177148,-7.728646713465434
1,4,2026,46,2271.7890258393954,-1364775.4572372094,-7.728322917184102
1,4,2026,47,2271.1546744877287,-1364726.1400320164,-7.728043648323366
1,4,2026,48,2270.568697609724,-1364680.5714260533,-7.727785606680031
1,4,2026,49,2270.030661581921,-1364638.7205921777,-7.7275486176890364
1,4,2026,50,2269.5076866721915,-1364598.0317711865,-7.727318208836011
1,4,2026,51,2268.9278182595945,-1364552.9055232096,-7.727062672136141
1,4,2026,52,2268.361181588118,-1364508.7978470682,-7.726812903309671
1,4,2026,53,2267.9896507712388,-1364479.8714629998,-7.72664910168522
1,4,2026,54,2267.5658101474155,-1364446.866592048,-7.726462204786391
1,4,2026,55,2267.2500068331224,-1364422.2706777593,-7.726322925341514
1,4,2026,56,2266.9436850847887,-1364398.4099490023,-7.72618780903656
1,4,2026,57,2266.610442102171,-1364372.4485466555,-7.726040797233516
1,4,2026,58,2266.3044630049953,-1364348.6077846293,-7.7259057939943
1,4,2026,59,2266.0546412203967,-1364329.140206152,-7.725795554810198
1,4,2026,60,2265.8413612662453,-1364312.5184830453,-7.725701430869935
1,4,2026,61,2265.639905864954,-1364296.8168556693,-7.725612517161791
1,4,2026,62,2265.4642397142566,-1364283.1241277005,-7.7255349792614725
1,4,2026,63,2265.2045546226473,-1364262.8803927468,-7.72542034493101
1,4,2026,64,2264.876843407222,-1364237.3303730483,-7.7252756626671815
1,4,2026,65,2264.4160771253364,-1364201.400455292,-7.725072202086663
1,4,2026,66,2264.1388595549256,-1364179.7798896262,-7.724949771167911
1,4,2026,67,2263.8758685442886,-1364159.2664251728,-7.724833609438445
1,4,2026,68,2263.62239495083,-1364139.493069909,-7.7247216387301325
1,4,2026,69,2263.3348067277143,-1364117.0557671122,-7.724594582868683
1,4,2026,70,2263.134768807793,-1364101.44735713,-7.724506197023285
1,4,2026,71,2262.9671927451295,-1364088.3707947922,-7.72443214828812
1,4,2026,72,2262.665898557279,-1364064.8572907965,-7.724298998215095
1,4,2026,73,2262.3876667144523,-1364043.1408300274,-7.724176024270515
1,4,2026,74,2262.151406920576,-1364024.698261006,-7.72407158941417
1,4,2026,75,2261.880914326891,-1364003.5810957188,-7.72395200910404
1,4,2026,76,2261.6083147322242,-1363982.2968832708,-7.723831482854858
1,4,2026,77,2261.4526785734306,-1363970.143869249,-7.723762663902788
1,4,2026,78,2261.291853351978,-1363957.5847830707,-7.723691545483259
1,4,2026,79,2261.1373383616037,-1363945.517631076,-7.723623212742653
1,4,2026,80,2260.935068539611,-1363929.719725269,-7.723533753838006
1,4,2026,81,2260.7821024485147,-1363917.77165648,-7.723466095430648
1,4,2026,82,2260.671967847621,-1363909.1686232912,-7.723417378978285
1,4,2026,83,2260.522415076229,-1363897.4858156594,-7.723351222667018
1,4,2026,84,2260.4015673108815,-1363888.0448295416,-7.723297761133116
1,4,2026,85,2260.278150092807,-1363878.402589181,-7.723243159955497
1,4,2026,86,2260.165600199708,-1363869.6089233712,-7.7231933640065416
1,4,2026,87,2259.999495794142,-1363856.6301755658,-7.72311986916637
1,4,2026,88,2259.8636598392864,-1363846.0157769467,-7.723059762941814
1,4,2026,89,2259.730893890435,-1363835.6406560373,-7.723001011676712
1,4,2026,90,2259.536918263846,-1363820.4811508933,-7.72291516784768
1,4,2026,91,2259.324843623364,-1363803.9056896102,-7.722821305874549
1,4,2026,92,2259.1506599435506,-1363790.2905697566,-7.722744207446214
1,4,2026,93,2259.0288810146512,-1363780.771059529,-7.722690301253321
1,4,2026,94,2258.9384401663892,-1363773.7009281956,-7.72265026517433
1,4,31415,1,3426.699618224282,-1437360.8801081355,-8.139352866508123
1,4,31415,2,2899.230670599839,-1407842.8094939713,-7.972200694779954
1,4,31415,3,2697.2548318889194,-1395090.7997730249,-7.899989805842921
1,4,31415,4,2583.4029649929603,-1387474.8270969845,-7.856862787506849
1,4,31415,5,2513.1625546949513,-1382606.9134390731,-7.829297220964886
1,4,31415,6,2467.5717619991115,-1379373.9422352086,-7.810989853761784
1,4,31415,7,2435.2279777562976,-1377043.9261632615,-7.797795656496039
1,4,31415,8,2411.4223979407157,-1375309.1377862836,-7.787972058995683
1,4,31415,9,2393.5400157391337,-1373994.6900505796,-7.780528727196732
1,4,31415,10,2380.15293066654,-1373004.2262209204,-7.774920021183735
1,4,31415,11,2369.1617590498176,-1372186.854219916,-7.770291483402132
1,4,31415,12,2359.757421393236,-1371484.4730921728,-7.766314105191415
1,4,31415,13,2351.3279169547964,-1370852.5161699308,-7.762735518590274
1,4,31415,14,2344.3746274290215,-1370329.5230304,-7.759773961914901
1,4,31415,15,2338.092390014049,-1369855.6676479355,-7.757090657938183
1,4,31415,16,2332.5785956411382,-1369438.7239330804,-7.754729628034251
1,4,31415,17,2327.2815004621616,-1369037.237360665,-7.752456127392013
1,4,31415,18,2322.827165507951,-1368698.9187861981,-7.750540328585332
1,4,31415,19,2318.780942617092,-1368391.0346005717,-7.748796870791599
1,4,31415,20,2315.1297458997656,-1368112.7471626499,-7.74722101069487
1,4,31415,21,2311.6309441571943,-1367845.662887454,-7.745708590821058
1,4,31415,22,2308.385629391896,-1367597.5671497865,-7.744303697463031
1,4,31415,23,2305.323604684802,-1367363.1634441852,-7.742976338064629
1,4,31415,24,2302.498611214504,-1367146.628631849,-7.741750164965112
1,4,31415,25,2300.139930576892,-1366965.632935055,-7.740725239447858
1,4,31415,26,2298.155616494362,-1366813.2208165843,-7.739862174346718
1,4,31415,27,2295.8822834096195,-1366638.4477632127,-7.738872485833113
1,4,31415,28,2293.9010069744663,-1366485.9867294838,-7.73800914373922
1,4,31415,29,2292.12569667568,-1366349.2630761678,-7.737234917812427
1,4,31415,30,2290.5111530312865,-1366224.8287203652,-7.736530282571125
1,4,31415,31,2289.0037419435835,-1366108.5719685734,-7.735871954701595
1,4,31415,32,2287.7415158547365,-1366011.1658220524,-7.73532037227795
1,4,31415,33,2286.520505748745,-1365916.8891659447,-7.734786511240159
1,4,31415,34,2285.3388000820505,-1365825.5993334316,-7.734269563707892
1,4,31415,35,2284.1563704837104,-1365734.2063154478,-7.733752031866586
1,4,31415,36,2282.8690085321173,-1365634.6489959087,-7.733188267981408
1,4,31415,37,2281.7270882631233,-1365546.292318598,-7.732687930046309
1,4,31415,38,2280.735991636047,-1365469.569847665,-7.732253473207838
1,4,31415,39,2279.707701603017,-1365389.932923986,-7.731802512678721
1,4,31415,40,2278.752919837887,-1365315.9567519845,-7.731383607325189
1,4,31415,41,2277.8914665561074,-1365249.1850358904,-7.731005498691294
1,4,31415,42,2277.093510012479,-1365187.3124545177,-7.7306551324196615
1,4,31415,43,2276.1950543167627,-1365117.6213356936,-7.730260492064813
1,4,31415,44,2275.5008354424563,-1365063.7535502312,-7.729955454603391
1,4,31415,45,2274.941155585046,-1365020.31332819,-7.729709465373626
1,4,31415,46,2274.233133108217,-1364965.344002177,-7.729398190211315
1,4,31415,47,2273.599876122834,-1364916.164806471,-7.729119702857804
1,4,31415,48,2272.9480611941035,-1364865.530079685,-7.728832973258916
1,4,31415,49,2272.2745211599695,-1364813.1924317465,-7.728536600517269
1,4,31415,50,2271.7528396297917,-1364772.6443358702,-7.728306988549273
1,4,31415,51,2271.202324967877,-1364729.8450639604,-7.728064628832012
1,4,31415,52,2270.869640148814,-1364703.9757499143,-7.727918138497992
1,4,31415,53,2270.4516995033114,-1364671.4716371065,-7.727734077245583
1,4,31415,54,2270.0963440928426,-1364643.8302013671,-7.727577551906447
1,4,31415,55,2269.7756312986157,-1364618.8797377483,-7.727436264752757
1,4,31415,56,2269.4220209562013,-1364591.36585987,-7.727280461736356
1,4,31415,57,2269.0023864948944,-1364558.7091836238,-7.727095536561966
1,4,31415,58,2268.514388365432,-1364520.724732532,-7.726880441762075
1,4,31415,59,2268.03917404453,-1364483.7274847587,-7.726670937204881
1,4,31415,60,2267.7311106438815,-1364459.7394320827,-7.7265350999019375
1,4,31415,61,2267.4781675406566,-1364440.0410095062,-7.726423553515444
1,4,31415,62,2267.141577565371,-1364413.8250207151,-7.726275100064075
1,4,31415,63,2266.8516345894845,-1364391.2391069047,-7.726147202662065
1,4,31415,64,2266.589124940572,-1364370.7876963974,-7.726031392325885
1,4,31415,65,2266.3574545915094,-1364352.7369239295,-7.725929176098449
1,4,31415,66,2266.1633670330634,-1364337.6130228308,-7.725843533884678
1,4,31415,67,2265.8677971972966,-1364314.578821273,-7.725713097960707
1,4,31415,68,2265.6173507616045,-1364295.0588023541,-7.7256025618217725
1,4,31415,69,2265.4173315098224,-1364279.4675733086,-7.7255142732669775
1,4,31415,70,2265.2102052789724,-1364263.320914004,-7.725422839473618
1,4,31415,71,2265.0146829335968,-1364248.077488376,-7.725336520427512
1,4,31415,72,2264.791469982202,-1364230.6736231158,-7.725237967445755
1,4,31415,73,2264.5887766681917,-1364214.8681834445,-7.725148465879047
1,4,31415,74,2264.4713661292844,-1364205.7122013825,-7.725096618239479
1,4,31415,75,2264.346842625912,-1364196.001012924,-7.725041626629013
1,4,31415,76,2264.224316046398,-1364186.4450368644,-7.724987513940816
1,4,31415,77,2264.119490373558,-1364178.269162565,-7.7249412163638915
1,4,31415,78,2264.035238607835,-1364171.6976749687,-7.724904003958055
1,5,11,1,3751.021114184959,-1453330.366033654,-8.229783379014314
1,5,11,2,3126.9638497337864,-1421196.3359912639,-8.047817796704667
1,5,11,3,2854.0243327971957,-1405067.5692813618,-7.9564853238578985
1,5,11,4,2693.126779278119,-1394820.3219041654,-7.898458169044052
1,5,11,5,2588.0720344629267,-1387793.7031925283,-7.858668489260838
1,5,11,6,2517.2699846667324,-1382895.2972485994,-7.830930253851203
1,5,11,7,2467.3303892578333,-1379356.6673322415,-7.81089203105565
1,5,11,8,2430.4000571961105,-1376693.4751723155,-7.795811155375128
1,5,11,9,2402.535837363813,-1374657.1524617742,-7.784280057429891
1,5,11,10,2381.9982592887345,-1373141.0862096187,-7.775695019137789
1,5,11,11,2365.4942640865306,-1371913.2724720903,-7.768742270247519
1,5,11,12,2351.44248863706,-1370861.1207454966,-7.762784243776666
1,5,11,13,2339.587879148859,-1369968.5844793878,-7.75773007281894
1,5,11,14,2329.69013909521,-1369219.9102226081,-7.753490550203337
1,5,11,15,2321.5609062875087,-1368602.6245993823,-7.7499950428631905
1,5,11,16,2314.700308582652,-1368079.9874056377,-7.747035501804352
1,5,11,17,2308.3920933148443,-1367598.0616461984,-7.7443064976511
1,5,11,18,2302.842745380651,-1367173.0206077502,-7.741899614979841
1,5,11,19,2298.2478806056897,-1366820.3103980313,-7.739902320565995
1,5,11,20,2293.7275003219656,-1366472.6289635892,-7.737933502630832
1,5,11,21,2290.2881568627186,-1366207.635308142,-7.73643292132316
1,5,11,22,2287.2440885738047,-1365972.7645324352,-7.735102917043814
1,5,11,23,2284.38089903715,-1365751.5643419053,-7.733850325276653
1,5,11,24,2281.9234289712585,-1365561.4874308892,-7.732773975508167
1,5,11,25,2279.7328085986414,-1365391.8777875172,-7.731813525870172
1,5,11,26,2277.6827769835386,-1365233.0055931094,-7.730913879254728
1,5,11,27,2275.8865001522954,-1365093.6811608302,-7.730124925879872
1,5,11,28,2274.024805878241,-1364949.1666703855,-7.729306582728663
1,5,11,29,2272.214578458042,-1364808.5338128028,-7.728510220125274
1,5,11,30,2270.624618872633,-1364684.920661514,-7.727810235124148
1,5,11,31,2269.11299532585,-1364567.3175394076,-7.727144283154624
1,5,11,32,2267.638566940102,-1364452.5326710073,-7.726494290128811
1,5,11,33,2266.2728949105817,-1364346.1479320445,-7.725891864570962
1,5,11,34,2264.909818117939,-1364239.9014151301,-7.725290221724012
1,5,11,35,2263.511136720201,-1364130.8131686663,-7.724672486996536
1,5,11,36,2262.163743366517,-1364025.6612983993,-7.724077042812323
1,5,11,37,2260.763375197566,-1363916.3088291478,-7.723457811868737
1,5,11,38,2259.6018434698767,-1363825.555304372,-7.722943901289806
1,5,11,39,2258.418418204638,-1363733.0431889032,-7.722420032327844
1,5,11,40,2257.252399430433,-1363641.8443693684,-7.721903600175365
1,5,11,41,2256.223679880414,-1363561.345126581,-7.721447756586186
1,5,11,42,2255.1386792449243,-1363476.4020026794,-7.7209667486023275
1,5,11,43,2254.1048399859806,-1363395.4261970862,-7.720508206377828
1,5,11,44,2252.9437173678884,-1363304.436588456,-7.7199929589253085
1,5,11,45,2251.8678765029176,-1363220.0880906945,-7.719515318134786
1,5,11,46,2250.811752797312,-1363137.2462594106,-7.719046209154391
1,5,11,47,2249.7551401530814,-1363054.327168922,-7.718576662677791
1,5,11,48,2248.598862859672,-1362963.5421232306,-7.718062573605166
1,5,11,49,2247.4774795078088,-1362875.4521707185,-7.7175637460543305
1,5,11,50,2246.5170014033943,-1362799.9671323304,-7.7171362964332335
1,5,11,51,2245.7073658255467,-1362736.3119027184,-7.716775835547744
1,5,11,52,2244.9158777528464,-1362674.0612802205,-7.7164233285401576
1,5,11,53,2243.9598865114817,-1362598.843195027,-7.715997390596662
1,5,11,54,2243.031309390748,-1362525.7513866234,-7.715583493134667
1,5,11,55,2242.090514084752,-1362451.6669736498,-7.715163974844274
1,5,11,56,2241.0885565260573,-1362372.73205123,-7.714716989542284
1,5,11,57,2240.2169726719844,-1362304.039354397,-7.71432800295818
1,5,11,58,2239.416620009577,-1362240.9371043378,-7.713970673433627
1,5,11,59,2238.493238773491,-1362168.106880658,-7.71355825724916
1,5,11,60,2237.669238597719,-1362103.089808816,-7.713190084650758
1,5,11,61,2236.874967295377,-1362040.3958040706,-7.712835066899615
1,5,11,62,2236.2355974248712,-1361989.9124180477,-7.712549194299057
1,5,11,63,2235.5243485819565,-1361933.7366479968,-7.7122310873981945
1,5,11,64,2234.958287564535,-1361889.0153111834,-7.711977843591421
1,5,11,65,2234.305080296584,-1361837.3949542684,-7.711685532658349
1,5,11,66,2233.674805701069,-1361787.5725667472,-7.711403403098334
1,5,11,67,2233.139710190484,-1361745.262926751,-7.711163816022918
1,5,11,68,2232.5480482321486,-1361698.4688121001,-7.710898834683512
1,5,11,69,2231.874861069726,-1361645.211843808,-7.7105972561004785
1,5,11,70,2231.32250368704,-1361601.5019236926,-7.710349739649663
1,5,11,71,2230.8758586155254,-1361566.1494657253,-7.710149549054472
1,5,11,72,2230.3745171451833,-1361526.4592943478,-7.709924795261151
1,5,11,73,2229.9491595539193,-1361492.7776137595,-7.709734065787963
1,5,11,74,2229.448307027809,-1361453.1096756442,-7.709509437895083
1,5,11,75,2228.8669152146317,-1361407.0517809822,-7.709248625553428
1,5,11,76,2228.396358227729,-1361369.7654302525,-7.70903748389103
1,5,11,77,2227.922932813834,-1361332.2438424148,-7.708825010149919
1,5,11,78,2227.4342004059727,-1361293.5007254886,-7.708605619248042
1,5,11,79,2227.0517729235607,-1361263.178753706,-7.708433914819903
1,5,11,80,2226.802047507541,-1361243.375674422,-7.708321775793186
1,5,11,81,2226.4727186007995,-1361217.2566891278,-7.708173871644155
1,5,11,82,2226.0988075467326,-1361187.597222256,-7.708005918786912
1,5,11,83,2225.689030325155,-1361155.0870481385,-7.707821823211086
1,5,11,84,2225.3117280188403,-1361125.1480176784,-7.707652287267282
1,5,11,85,2225.0377592427335,-1361103.405346795,-7.707529164902517
1,5,11,86,2224.826371076699,-1361086.6273595453,-7.707434156084268
1,5,11,87,2224.513669783773,-1361061.8051739146,-7.707293595331182
1,5,11,88,2224.180548111347,-1361035.3581825735,-7.707143833780159
1,5,11,89,2223.7968160699133,-1361004.8882539992,-7.706971291516129
1,5,11,90,2223.557241810331,-1360985.862389952,-7.706863553631222
1,5,11,91,2223.3601159132304,-1360970.206038419,-7.70677489630689
1,5,11,92,2223.197564746891,-1360957.2946751835,-7.706701783045763
1,5,11,93,2223.049322064458,-1360945.5190050788,-7.706635100881564
1,5,11,94,2222.852393095249,-1360929.874721134,-7.706546511892443
1,5,11,95,2222.555536451526,-1360906.289438051,-7.70641295535551
1,5,11,96,2222.1849684940967,-1360876.8433644485,-7.706246210881732
1,5,11,97,2221.9133846276127,-1360855.2596470928,-7.706123988624148
1,5,11,98,2221.6741735261835,-1360836.2465209942,-7.706016322870506
1,5,11,99,2221.3969612918618,-1360814.2104041346,-7.70589153880729
1,5,11,100,2221.161314926041,-1360795.4762731327,-7.70578545292101
1,5,11,101,2220.824497715867,-1360768.695503884,-7.7056338012836445
1,5,11,102,2220.606190012154,-1360751.335408288,-7.705535496156654
1,5,11,103,2220.4014192294053,-1360735.050233924,-7.70544327799316
1,5,11,104,2220.212627547631,-1360720.0345275735,-7.705358248454497
1,5,11,105,2220.030292431164,-1360705.5311374862,-7.705276120012493
1,5,11,106,2219.846351285623,-1360690.898792815,-7.705193261338522
1,5,11,107,2219.7161698470577,-1360680.5422494127,-7.705134615272391
1,5,11,108,2219.556709062218,-1360667.8555691305,-7.705062774324895
1,5,11,109,2219.402619265861,-1360655.5953380736,-7.704993348234218
1,5,11,110,2219.264828455417,-1360644.6312229764,-7.704931261667873
1,5,11,111,2219.118550014768,-1360632.9909960043,-7.704865346478387
1,5,11,112,2218.9454760497197,-1360619.2175021477,-7.704787351224547
1,5,11,113,2218.766175417245,-1360604.9473474394,-7.704706543526051
1,5,11,114,2218.6404761434574,-1360594.9425228632,-7.704649889140419
1,5,11,115,2218.547956002559,-1360587.578174013,-7.704608186993969
1,5,42,1,3713.1955828594623,-1451540.5415067084,-8.219648127947202
1,5,42,2,3016.582090970212,-1414849.8857709307,-8.011879711490371
1,5,42,3,2742.6154639588653,-1398035.943936533,-7.91666729298013
1,5,42,4,2596.8783385761185,-1388393.5708294557,-7.862065363655932
1,5,42,5,2507.559111022609,-1382212.7330767221,-7.827065093246215
1,5,42,6,2448.8864531617924,-1378031.6225522682,-7.803388691304734
1,5,42,7,2405.9821504582073,-1374910.2858888882,-7.78571347774493
1,5,42,8,2374.692525634851,-1372598.6293623382,-7.772623245197109
1,5,42,9,2351.141259582636,-1370838.4969086624,-7.762656131627701
1,5,42,10,2332.6113279969754,-1369441.2020048166,-7.7547436606272955
1,5,42,11,2317.745361037582,-1368312.1490364592,-7.748350164991218
1,5,42,12,2305.8819635202,-1367405.9300566043,-7.743218512840778
1,5,42,13,2294.9275396430335,-1366564.995788661,-7.738456548855913
1,5,42,14,2285.776382645299,-1365859.4092254695,-7.734461019204896
1,5,42,15,2277.6469932929385,-1365230.2311792353,-7.730898168563118
1,5,42,16,2270.064887873245,-1364641.383160674,-7.727563695033093
1,5,42,17,2263.304285301055,-1364114.6743531271,-7.724581097620118
1,5,42,18,2257.5619385894393,-1363666.0592115473,-7.722040721720711
1,5,42,19,2252.5372856623885,-1363272.5761053034,-7.7198125423587625
1,5,42,20,2247.947678297555,-1362912.3938536358,-7.717772935964052
1,5,42,21,2244.0467453466454,-1362605.6786346317,-7.716036097685265
1,5,42,22,2240.3512461925598,-1362314.623680733,-7.714387938892221
1,5,42,23,2237.058229405045,-1362054.8631586733,-7.712916991283245
1,5,42,24,2234.1100266257954,-1361821.977716999,-7.711598229367922
1,5,42,25,2231.57237313931,-1361621.2762842,-7.710461716050375
1,5,42,26,2229.049511613855,-1361421.5183727506,-7.709330545617352
1,5,42,27,2226.5861660002392,-1361226.2546074488,-7.708224824215142
1,5,42,28,2224.3386726389,-1361047.9124018291,-7.707214924639734
1,5,42,29,2222.4939172306104,-1360901.3933914208,-7.706385230480202
1,5,42,30,2220.8804120465466,-1360773.1416053306,-7.705658978251416
1,5,42,31,2219.3709985234013,-1360653.079312759,-7.7049791007211965
1,5,42,32,2217.851178391632,-1360532.1067239887,-7.704294068450732
1,5,42,33,2216.407699350758,-1360417.1338485763,-7.703643010796382
1,5,42,34,2215.0004985942646,-1360304.9784308649,-7.703007907578201
1,5,42,35,2213.66013055936,-1360198.0833762179,-7.702402592252386
1,5,42,36,2212.4209154804175,-1360099.1977249645,-7.701842631827607
1,5,42,37,2211.3747262922157,-1360015.6718336684,-7.701369649216102
1,5,42,38,2210.295647471104,-1359929.478683564,-7.7008815627006815
1,5,42,39,2209.363306998952,-1359854.9726017702,-7.700459656623499
1,5,42,40,2208.5717349395027,-1359791.6910566885,-7.700101311803847
1,5,42,41,2207.9941092318227,-1359745.498952505,-7.699839739473057
1,5,42,42,2207.362763539045,-1359694.9970949008,-7.6995537622733545
1,5,42,43,2206.887653765568,-1359656.9831501856,-7.69933850045973
1,5,42,44,2206.4165238801806,-1359619.2795576176,-7.699124996079242
1,5,42,45,2205.833761096653,-1359572.6310653763,-7.698860839356809
1,5,42,46,2205.1548233367166,-1359518.2684963376,-7.69855300008119
1,5,42,47,2204.634780779614,-1359476.6173501383,-7.6983171418629075
1,5,42,48,2204.0342002066154,-1359428.5035421741,-7.6980446874875375
1,5,42,49,2203.459488947994,-1359382.4499036495,-7.69778389924714
1,5,42,50,2203.0275355172053,-1359347.8280454765,-7.697587845824187
1,5,42,51,2202.6014298666496,-1359313.6682457838,-7.697394408902816
1,5,42,52,2202.2456283534993,-1359285.1394856614,-7.697232858906086
1,5,42,53,2201.894702219259,-1359256.9971263225,-7.697073496983603
1,5,42,54,2201.581355166246,-1359231.8646133477,-7.696931178937833
1,5,42,55,2201.2168709455686,-1359202.6260594518,-7.696765609587255
1,5,42,56,2200.906729211942,-1359177.7429919266,-7.696624704077865
1,5,42,57,2200.6484955149463,-1359157.0218971265,-7.696507366598675
1,5,42,58,2200.3515289827023,-1359133.1898100632,-7.696372412483228
1,5,42,59,2200.0286754385456,-1359107.2765951906,-7.69622567355171
1,5,42,60,2199.5556133105215,-1359069.3003100348,-7.696010624993119
1,5,42,61,2199.186447868922,-1359039.658925639,-7.695842774531632
1,5,42,62,2198.9146702754674,-1359017.8339192963,-7.695719185925322
1,5,42,63,2198.626023743693,-1358994.651304625,-7.695587909581441
1,5,42,64,2198.466907349435,-1358981.8705874647,-7.695515536130699
1,5,42,65,2198.32142113813,-1358970.1838788541,-7.695449357729335
1,5,42,66,2198.1004443979373,-1358952.4316395633,-7.695348832007674
1,5,42,67,2197.808456711123,-1358928.9719752248,-7.69521598681283
1,5,42,68,2197.600986491905,-1358912.3009476934,-7.6951215836760785
1,5,42,69,2197.462443479233,-1358901.1676090385,-7.695058538846385
1,5,42,70,2197.350864122361,-1358892.2005637637,-7.695007761100398
1,5,42,71,2197.2336025401714,-1358882.7763772418,-7.694954394697678
1,5,42,72,2197.103023285198,-1358872.2812718719,-7.694894963995786
1,5,42,73,2196.9489315612404,-1358859.895585862,-7.694824827490526
1,5,42,74,2196.737462196731,-1358842.8965478614,-7.694728566926744
1,5,42,75,2196.555872721368,-1358828.2981091114,-7.694645900252055
1,5,42,76,2196.4121434403332,-1358816.7424917836,-7.694580464182155
1,5,42,77,2196.252899681687,-1358803.938650812,-7.694507959788056
1,5,42,78,2196.0589808069462,-1358788.3455368802,-7.694419660559703
1,5,42,79,2195.8641249934567,-1358772.6756962563,-7.694330926850609
1,5,42,80,2195.755885085029,-1358763.9706997636,-7.694281633009975
1,5,42,81,2195.6610056288755,-1358756.3398402485,-7.694238421691838
1,5,97,1,3698.421899322119,-1450836.5258630924,-8.215661493952753
1,5,97,2,3063.4445890465695,-1417572.1764135358,-8.027295244535692
1,5,97,3,2819.244481418829,-1402902.3307846372,-7.944224213646201
1,5,97,4,2681.409594252932,-1394050.3251242416,-7.894097903237039
1,5,97,5,2591.622293007472,-1388035.7848351733,-7.860039326563605
1,5,97,6,2528.574674152149,-1383686.5795056282,-7.83541105306878
1,5,97,7,2483.2856310332436,-1380494.9538444767,-7.817337813541099
1,5,97,8,2449.22757226747,-1378056.2196062088,-7.803527977203126
1,5,97,9,2422.0215662972705,-1376083.638349799,-7.792357828407527
1,5,97,10,2399.4985692427585,-1374433.7623930334,-7.783015065025048
1,5,97,11,2381.1973324284063,-1373081.697978931,-7.775358721015046
1,5,97,12,2366.7101690486993,-1372004.0215209315,-7.769256155480546
1,5,97,13,2355.0621250916115,-1371132.7474657656,-7.764322386183934
1,5,97,14,2345.0602163804547,-1370381.1586326354,-7.760066359177749
1,5,97,15,2336.6786456842374,-1369748.8565241892,-7.756485817888429
1,5,97,16,2329.5612374966345,-1369210.1390181528,-7.753435218739894
1,5,97,17,2322.832856437313,-1368699.3514411815,-7.750542778583539
1,5,97,18,2317.5412931459505,-1368296.5999807194,-7.748262115251477
1,5,97,19,2312.802294879122,-1367935.1240184163,-7.7462151829530805
1,5,97,20,2308.5449509215878,-1367609.7549987203,-7.744372713674985
1,5,97,21,2304.764338124849,-1367320.3169212562,-7.742733710778714
1,5,97,22,2301.1179782160884,-1367040.7069043135,-7.741150361305104
1,5,97,23,2297.7390405004726,-1366781.20754093,-7.739680892561072
1,5,97,24,2294.5886043544047,-1366538.912891645,-7.738308849064209
1,5,97,25,2291.8720935739957,-1366329.7234567204,-7.737124270681452
1,5,97,26,2288.965303059457,-1366105.6064280742,-7.735855161715993
1,5,97,27,2286.228120366798,-1365894.3060290038,-7.734658629562747
1,5,97,28,2283.8004334191432,-1365706.685761815,-7.733596191047345
1,5,97,29,2281.8228741614375,-1365553.7055013475,-7.732729908724801
1,5,97,30,2280.120287115677,-1365421.890325187,-7.731983478063734
1,5,97,31,2278.448178223849,-1365292.3389482002,-7.731249866633069
1,5,97,32,2276.8835838040645,-1365171.031428895,-7.730562937749272
1,5,97,33,2275.4934441195383,-1365063.1799334788,-7.729952206380052
1,5,97,34,2274.1407595892374,-1364958.1710609905,-7.729357571950296
1,5,97,35,2273.051518100516,-1364873.5678582266,-7.728878488840088
1,5,97,36,2272.1741999105134,-1364805.395608934,-7.728492449397681
1,5,97,37,2271.386844506171,-1364744.1915268025,-7.728145868641078
1,5,97,38,2270.579709034605,-1364681.4278400664,-7.727790456301269
1,5,97,39,2269.804437899163,-1364621.1209462916,-7.727448956059049
1,5,97,40,2269.015657806323,-1364559.742072408,-7.727101385508047
1,5,97,41,2268.2395904511145,-1364499.331611738,-7.726759298796891
1,5,97,42,2267.437050840849,-1364436.838761113,-7.726405420122501
1,5,97,43,2266.730126116791,-1364381.773007752,-7.726093598920416
1,5,97,44,2266.1687462622517,-1364338.0322064103,-7.725845907598278
1,5,97,45,2265.771685929258,-1364307.0880783163,-7.725670680081522
1,5,97,46,2265.3354983936647,-1364273.088396223,-7.725478149859129
1,5,97,47,2264.970860601832,-1364244.660806013,-7.725317172757925
1,5,97,48,2264.657464575909,-1364220.2244267266,-7.7251787967129495
1,5,97,49,2264.3584225156765,-1364196.9041138913,-7.725046740624774
1,5,97,50,2264.0473729016367,-1364172.6441433367,-7.724909363530679
1,5,97,51,2263.7565725047816,-1364149.9604732962,-7.724780912563825
1,5,97,52,2263.5010401592695,-1364130.025456148,-7.724668026411702
1,5,97,53,2263.203624135054,-1364106.820105081,-7.724536621318284
1,5,97,54,2262.806095556265,-1364075.798889321,-7.724360957276697
1,5,97,55,2262.499405456484,-1364051.862546658,-7.724225412792382
1,5,97,56,2262.075166304947,-1364018.7464656837,-7.724037886143831
1,5,97,57,2261.777197933193,-1363995.483360489,-7.723906154005736
1,5,97,58,2261.509969429281,-1363974.6175835754,-7.723787997234195
1,5,97,59,2261.189795041429,-1363949.6144310837,-7.723646411718879
1,5,97,60,2260.9458562885507,-1363930.5623178836,-7.723538525192723
1,5,97,61,2260.7460877410504,-1363914.9584566136,-7.723450165105347
1,5,97,62,2260.5294481690453,-1363898.0352462037,-7.723354333930958
1,5,97,63,2260.2547746091664,-1363876.5762690427,-7.7232328180404926
1,5,97,64,2259.997376891292,-1363856.4646066327,-7.723118931598088
1,5,97,65,2259.7423956709813,-1363836.5394976959,-7.723006101553257
1,5,97,66,2259.4985971576302,-1363817.4861412686,-7.72289820798707
1,5,97,67,2259.1056920155665,-1363786.7754676216,-7.722724302454339
1,5,97,68,2258.8297386391155,-1363765.202910258,-7.722602143392516
1,5,97,69,2258.6892637084106,-1363754.220320076,-7.722539952207187
1,5,97,70,2258.497221926706,-1363739.205032783,-7.722454925041525
1,5,97,71,2258.313992731401,-1363724.8775902598,-7.722373792938943
1,5,97,72,2258.0364847804913,-1363703.1758913377,-7.722250902586372
1,5,97,73,2257.7258591666164,-1363678.8811585484,-7.7221133286439425
1,5,97,74,2257.3957660405617,-1363653.060163924,-7.7219671119286275
1,5,97,75,2257.0952005177396,-1363629.5456333118,-7.721833956042175
1,5,97,76,2256.843282126137,-1363609.8345642914,-7.72172233804258
1,5,97,77,2256.671497522735,-1363596.3922109376,-7.721646217940234
1,5,97,78,2256.537226167415,-1363585.8846021919,-7.721586716435393
1,5,97,79,2256.4146911892744,-1363576.294895795,-7.721532412742194
1,5,97,80,2256.277646503836,-1363565.5690286732,-7.721471675304219
1,5,97,81,2256.160179656685,-1363556.3749117858,-7.721419611718325
1,5,97,82,2256.0415431761676,-1363547.0887619494,-7.721367026976847
1,5,97,83,2255.9623423723224,-1363540.8891277688,-7.721331920267783
1,5,2026,1,3688.4706783366696,-1450360.7298600245,-8.212967200811038
1,5,2026,2,3050.6474425979627,-1416832.9325263388,-8.023109123335667
1,5,2026,3,2777.885932379403,-1400292.4918127197,-7.9294454614127305
1,5,2026,4,2623.488181809676,-1390193.8962805087,-7.872260078374739
1,5,2026,5,2527.498566296409,-1383611.408840763,-7.834985383652689
1,5,2026,6,2463.532117141799,-1379084.6045043461,-7.8093514190988715
1,5,2026,7,2419.5034001750823,-1375899.938762846,-7.791317591553767
1,5,2026,8,2386.047540745649,-1373441.032565633,-7.777393527331807
1,5,2026,9,2361.52732473234,-1371616.8753266127,-7.767063860191245
1,5,2026,10,2342.276534596857,-1370171.4098627903,-7.758878613445475
1,5,2026,11,2327.0609473663344,-1369020.5010100978,-7.752361354350079
1,5,2026,12,2314.618857245315,-1368073.7731797649,-7.747000312466816
1,5,2026,13,2304.8299054843314,-1367325.3407049861,-7.7427621589917335
1,5,2026,14,2296.5038338321597,-1366686.2495260376,-7.73914317318843
1,5,2026,15,2289.616748698248,-1366155.858401551,-7.736139723895211
1,5,2026,16,2283.723980959004,-1365700.7740054575,-7.733562714505915
1,5,2026,17,2278.6450355684915,-1365307.5959659133,-7.731336262647164
1,5,2026,18,2274.320588457423,-1364972.1347716765,-7.729436644346221
1,5,2026,19,2270.5184652210646,-1364676.6645473146,-7.727763483172218
1,5,2026,20,2267.2685411663515,-1364423.714293882,-7.726331100115984
1,5,2026,21,2264.414998328052,-1364201.3163235926,-7.725071725673537
1,5,2026,22,2261.7962389982454,-1363996.9700337523,-7.723914572600158
1,5,2026,23,2259.2518243598083,-1363798.1982446439,-7.72278898628857
1,5,2026,24,2256.948959299547,-1363618.1034228327,-7.72176916216198
1,5,2026,25,2255.1118206835054,-1363474.2987665974,-7.720954838593595
1,5,2026,26,2253.4006499203315,-1363340.2490079543,-7.720195754147674
1,5,2026,27,2251.5736363975157,-1363197.0119445522,-7.719384644690942
1,5,2026,28,2249.962389005791,-1363070.5943695558,-7.718668779061326
1,5,2026,29,2248.5522115786925,-1362959.8783208912,-7.718041826567671
1,5,2026,30,2247.006738232665,-1362838.4601240144,-7.717354270949264
1,5,2026,31,2245.58832900722,-1362726.9510459283,-7.716722827762712
1,5,2026,32,2244.2250688119725,-1362619.7111421786,-7.716115559657625
1,5,2026,33,2242.7493567539136,-1362503.5518420087,-7.7154577836280325
1,5,2026,34,2241.3846398718088,-1362396.0613786548,-7.714849096677434
1,5,2026,35,2240.279850265306,-1362308.9958608535,-7.714356070199743
1,5,2026,36,2239.268547447486,-1362229.2601388618,-7.713904550204774
1,5,2026,37,2238.3897979654485,-1362159.946280567,-7.713512046165595
1,5,2026,38,2237.5536775197297,-1362093.9696405502,-7.713138439814208
1,5,2026,39,2236.8760741365463,-1362040.4831855576,-7.712835561715334
1,5,2026,40,2236.2666771289473,-1361992.3667440265,-7.712563092426847
1,5,2026,41,2235.7116132626543,-1361948.5288975334,-7.712314851566494
1,5,2026,42,2235.143755964713,-1361903.6693868,-7.712060825321358
1,5,2026,43,2234.4147352219243,-1361846.0615982688,-7.7117346093200725
1,5,2026,44,2233.8819386999025,-1361803.9477117828,-7.711496130739339
1,5,2026,45,2233.4445210623126,-1361769.3653586751,-7.711300301021978
1,5,2026,46,2233.0365673429096,-1361737.1063261621,-7.71111762758736
1,5,2026,47,2232.6599774890333,-1361707.322166784,-7.710948968633045
1,5,2026,48,2232.1966182220876,-1361670.6685968756,-7.710741410222746
1,5,2026,49,2231.689248630275,-1361630.524906488,-7.710514088284358
1,5,2026,50,2231.382507601063,-1361606.2507615238,-7.710376630924742
1,5,2026,51,2231.1794980283994,-1361590.1836357543,-7.710285647506451
1,5,2026,52,2230.868981080888,-1361565.60504582,-7.710146466164309
1,5,2026,53,2230.4802625354614,-1361534.8316814245,-7.709972205632266
1,5,2026,54,2230.1551765022436,-1361509.0917419759,-7.709826447908625
1,5,2026,55,2229.874872421408,-1361486.894573628,-7.709700751858092
1,5,2026,56,2229.5111373084706,-1361458.0863751287,-7.709537619483837
1,5,2026,57,2229.145145071371,-1361429.0946658915,-7.7093734479421245
1,5,2026,58,2228.806275127359,-1361402.2471777215,-7.709221418495088
1,5,2026,59,2228.4887803508714,-1361377.0894657208,-7.709078957754628
1,5,2026,60,2228.284464592906,-1361360.8979589941,-7.708987270003478
1,5,2026,61,2228.064404624799,-1361343.4571027327,-7.708888507552537
1,5,2026,62,2227.796925018267,-1361322.255682761,-7.708768450132853
1,5,2026,63,2227.578407607187,-1361304.933297623,-7.708670358549118
1,5,2026,64,2227.3889310099294,-1361289.9116699912,-7.708585295479978
1,5,2026,65,2227.168212750193,-1361272.411604717,-7.708486197745772
1,5,2026,66,2226.875775821548,-1361249.2225175935,-7.708354884750294
1,5,2026,67,2226.6918692998424,-1361234.6379009893,-7.708272296346361
1,5,2026,68,2226.570730511215,-1361225.030390646,-7.7082178918346385
1,5,2026,69,2226.430661846773,-1361213.920901312,-7.70815498205665
1,5,2026,70,2226.275179446214,-1361201.5880592002,-7.708085144790878
1,5,2026,71,2226.137961043816,-1361190.7031993293,-7.708023507023621
1,5,2026,72,2225.958267125229,-1361176.4479513518,-7.7079427837375665
1,5,2026,73,2225.7743508458375,-1361161.856548746,-7.707860156906497
1,5,2026,74,2225.624091078462,-1361149.9344646116,-7.707792645642613
1,5,2026,75,2225.429275095317,-1361134.4759513477,-7.7077051086183435
1,5,2026,76,2225.183605951287,-1361114.9803456753,-7.70759471072446
1,5,2026,77,2224.9114340507813,-1361093.3790431297,-7.707472388887107
1,5,2026,78,2224.7605173356633,-1361081.4001886474,-7.707404556149402
1,5,2026,79,2224.6681304718554,-1361074.0666781582,-7.707363028631541
1,5,31415,1,3695.709299803853,-1450706.955854685,-8.21492777701782
1,5,31415,2,3042.829780819268,-1416379.807694332,-8.020543210382753
1,5,31415,3,2785.4062928442404,-1400769.925422563,-7.932149027841054
1,5,31415,4,2634.4149389976697,-1390927.8780570247,-7.876416401786157
1,5,31415,5,2542.141666381496,-1384631.5564997478,-7.840762180480355
1,5,31415,6,2482.2170989884544,-1380418.9509255018,-7.816907431314211
1,5,31415,7,2440.6290630464086,-1377435.1598019258,-7.800011097783196
1,5,31415,8,2410.5295411912084,-1375243.7397281467,-7.787601728983695
1,5,31415,9,2387.853033212018,-1373574.6085154747,-7.778149928737526
1,5,31415,10,2370.857640359017,-1372313.2176169658,-7.771007042237934
1,5,31415,11,2357.1899553262574,-1371292.2304779575,-7.765225491681243
1,5,31415,12,2345.8819047083034,-1370443.0247679688,-7.760416688947353
1,5,31415,13,2336.7976003934987,-1369757.8462726444,-7.756536724195864
1,5,31415,14,2328.941387475968,-1369163.1446064254,-7.753169103176923
1,5,31415,15,2322.266889701153,-1368656.318423265,-7.750299095231236
1,5,31415,16,2316.8245902254216,-1368241.9795904688,-7.7479528160099935
1,5,31415,17,2311.7019637219723,-1367851.088250184,-7.7457393130581105
1,5,31415,18,2306.6266672634997,-1367462.9533489225,-7.743541419011533
1,5,31415,19,2302.0531912387537,-1367112.4630935653,-7.741556695547784
1,5,31415,20,2297.5945953549463,-1366770.1057807277,-7.739618026550889
1,5,31415,21,2293.805654586373,-1366478.6459551635,-7.7379675750884145
1,5,31415,22,2290.1743338877036,-1366198.8587033802,-7.736383221985912
1,5,31415,23,2286.9248765484836,-1365948.117026442,-7.734963345450253
1,5,31415,24,2284.195970017886,-1365737.2678306801,-7.733769368328936
1,5,31415,25,2281.699166713411,-1365544.1313203152,-7.732675692947185
1,5,31415,26,2279.4598576159365,-1365370.7330325458,-7.731693789327756
1,5,31415,27,2277.4470942731114,-1365214.7316234186,-7.730810399126916
1,5,31415,28,2275.655120334499,-1365075.7266781577,-7.730023254913291
1,5,31415,29,2274.02934546937,-1364949.519201173,-7.7293085790070615
1,5,31415,30,2272.5162058172737,-1364831.974401248,-7.728642957298934
1,5,31415,31,2271.3118525228306,-1364738.3610127445,-7.7281128521509475
1,5,31415,32,2270.1633460559115,-1364649.0423017642,-7.72760706650149
1,5,31415,33,2269.117752663437,-1364567.6877794068,-7.727146379715091
1,5,31415,34,2268.180461904468,-1364494.7280933484,-7.726733230423165
1,5,31415,35,2267.245835817506,-1364421.945800923,-7.726321085659326
1,5,31415,36,2266.4859484500616,-1364362.7488490925,-7.72598587069262
1,5,31415,37,2265.7238304344464,-1364303.3581868398,-7.7256495588006375
1,5,31415,38,2265.0312890894793,-1364249.3721981915,-7.72534385198926
1,5,31415,39,2264.4324793914475,-1364202.6796068228,-7.7250794455464105
1,5,31415,40,2263.7712015389116,-1364151.101669897,-7.724787374825289
1,5,31415,41,2263.295932537346,-1364114.0226287055,-7.7245774070959685
1,5,31415,42,2262.708326020687,-1364068.1685906367,-7.7243177491343795
1,5,31415,43,2262.0185165820576,-1364014.3239219144,-7.724012842576274
1,5,31415,44,2261.514346725701,-1363974.9593921665,-7.723789932795941
1,5,31415,45,2261.0166925908798,-1363936.094989081,-7.723569855086135
1,5,31415,46,2260.6529500916604,-1363907.683031498,-7.723408966507911
1,5,31415,47,2260.2868283321754,-1363879.0806128397,-7.723246999404508
1,5,31415,48,2259.943861007049,-1363852.2828779044,-7.723095251695439
1,5,31415,49,2259.725440722972,-1363835.2145000647,-7.722998598480496
1,5,31415,50,2259.3735643609375,-1363807.713772892,-7.722842869932681
1,5,31415,51,2259.082615545503,-1363784.9715737256,-7.722714087532564
1,5,31415,52,2258.7405909436625,-1363758.2332575533,-7.722562676294514
1,5,31415,53,2258.307028896817,-1363724.333036533,-7.72237070929099
1,5,31415,54,2257.9519837413645,-1363696.5672046198,-7.722213479532825
1,5,31415,55,2257.6197344391126,-1363670.5801371785,-7.722066322395883
1,5,31415,56,2257.3567907210854,-1363650.011134113,-7.721949846167553
1,5,31415,57,2257.1293863735195,-1363632.220297321,-7.721849101879571
1,5,31415,58,2256.848498649925,-1363610.2427475909,-7.721724649464822
1,5,31415,59,2256.587590131585,-1363589.82598394,-7.721609035323623
1,5,31415,60,2256.4114695963126,-1363576.0427637752,-7.721530984992555
1,5,31415,61,2256.19494632968,-1363559.0961452348,-7.721435021264792
1,5,31415,62,2256.048383685312,-1363547.6242091109,-7.721370059056994
1,5,31415,63,2255.8123368067663,-1363529.1464833608,-7.721265425118411
1,5,31415,64,2255.6130858793044,-1363513.5476359853,-7.7211770934232495
1,5,31415,65,2255.4453609462826,-1363500.415810191,-7.721102731747347
1,5,31415,66,2255.249729936034,-1363485.0978771676,-7.721015990787726
1,5,31415,67,2255.053254479245,-1363469.7124864487,-7.72092886783497
1,5,31415,68,2254.8463433431725,-1363453.5084604402,-7.720837109190801
1,5,31415,69,2254.623351369938,-1363436.0434158922,-7.72073820976869
1,5,31415,70,2254.47155416879,-1363424.1534577026,-7.7206708804246045
1,5,31415,71,2254.3391688821725,-1363413.783340726,-7.720612157495306
1,5,31415,72,2254.1950954130484,-1363402.4969630593,-7.720548246050598
1,5,31415,73,2254.0658257373384,-1363392.3696658518,-7.7204908981383955
1,5,31415,74,2253.9941625226334,-1363386.7551470692,-7.7204591047661255
1,6,11,1,3926.402226522985,-1461399.907018305,-8.275478821581169
1,6,11,2,3157.050447340493,-1422887.3420789868,-8.057393467949007
1,6,11,3,2867.284783751491,-1405886.1652429737,-7.961120792569248
1,6,11,4,2707.7985210760385,-1395779.7678510314,-7.9038912298890756
1,6,11,5,2607.0845646160046,-1389086.2585467687,-7.86598785092794
1,6,11,6,2535.529296543946,-1384171.6190568928,-7.838157689711387
1,6,11,7,2483.2489013696745,-1380492.3418669838,-7.817323022679048
1,6,11,8,2442.826765799417,-1377594.1050897576,-7.800911158305252
1,6,11,9,2409.2951017497116,-1375153.2822448781,-7.787089494800945
1,6,11,10,2381.2736587880327,-1373087.3583922659,-7.7753907742746975
1,6,11,11,2357.8844556408244,-1371344.2528126007,-7.7655200788962295
1,6,11,12,2338.221845188485,-1369865.445009306,-7.757146024266431
1,6,11,13,2321.4290864648224,-1368592.5971860946,-7.749938260564315
1,6,11,14,2307.499718563158,-1367529.7810038934,-7.743919844410871
1,6,11,15,2295.8945886810393,-1366639.3942539338,-7.738877845532316
1,6,11,16,2286.0008852095266,-1365876.7529426,-7.734559231585445
1,6,11,17,2277.1831242114163,-1365194.2621113437,-7.730694486286871
1,6,11,18,2269.525371781236,-1364599.4078722664,-7.727326001292606
1,6,11,19,2262.9236751925323,-1364084.9748054023,-7.7244129177967675
1,6,11,20,2256.8922397240563,-1363613.665368292,-7.721744030761475
1,6,11,21,2251.1162249418526,-1363161.1328938662,-7.719181472155714
1,6,11,22,2246.5165842291444,-1362799.9343391326,-7.717136110734978
1,6,11,23,2242.135424998523,-1362455.2042610275,-7.715184005464668
1,6,11,24,2238.297322678735,-1362152.6504475798,-7.71347073200437
1,6,11,25,2235.0004342066527,-1361892.3454735323,-7.7119967013235575
1,6,11,26,2232.1370117293313,-1361665.9529327452,-7.710714706800601
1,6,11,27,2229.233418625456,-1361436.0876028033,-7.7094130468917585
1,6,11,28,2226.424888772869,-1361213.462997299,-7.708152389080597
1,6,11,29,2223.939337012759,-1361016.2056264887,-7.707035378475422
1,6,11,30,2221.7307329292853,-1360840.742195569,-7.7060417805563555
1,6,11,31,2219.812126458774,-1360688.1761063277,-7.705177843563924
1,6,11,32,2218.0076137446745,-1360544.562280417,-7.704364600611668
1,6,11,33,2216.6718258150645,-1360438.1770753572,-7.703762172414449
1,6,11,34,2215.403280200863,-1360337.0878361394,-7.703189733717677
1,6,11,35,2214.2123753778587,-1360242.1330284392,-7.702652032506423
1,6,11,36,2212.8237537709206,-1360131.3490886004,-7.702024695564971
1,6,11,37,2211.6262448295192,-1360035.7562356002,-7.701483381290418
1,6,11,38,2210.4184644296583,-1359939.2910068384,-7.70093712700793
1,6,11,39,2209.2102468562784,-1359842.7381091148,-7.700390376281837
1,6,11,40,2208.171602812876,-1359759.6942085316,-7.699920123042299
1,6,11,41,2207.1955509545296,-1359681.619204267,-7.699478007204474
1,6,11,42,2206.340559433886,-1359613.1995195928,-7.6990905666081115
1,6,11,43,2205.510692585267,-1359546.7650458892,-7.6987143676789085
1,6,11,44,2204.7874150379084,-1359488.8431216897,-7.698386372819517
1,6,11,45,2203.959215462338,-1359422.495431597,-7.698010665320436
1,6,11,46,2203.1821981958424,-1359360.2253223802,-7.697658047965278
1,6,11,47,2202.426607443958,-1359299.651267609,-7.697315034868733
1,6,11,48,2201.708723414708,-1359242.080823533,-7.696989030338138
1,6,11,49,2200.984412519269,-1359183.9759520493,-7.696659999501961
1,6,11,50,2200.2810324311085,-1359127.5318652748,-7.696340373202231
1,6,11,51,2199.584081809763,-1359071.585923361,-7.6960235677506645
1,6,11,52,2198.905008417873,-1359017.0579774866,-7.695714791994556
1,6,11,53,2198.3945456600454,-1358976.05796848,-7.695482620975119
1,6,11,54,2197.775561971543,-1358926.328861765,-7.6952010196369365
1,6,11,55,2197.237224321834,-1358883.0674634436,-7.694956043033419
1,6,11,56,2196.6763865049484,-1358837.9866526925,-7.694700763631225
1,6,11,57,2196.162220952114,-1358796.6473000937,-7.694466671008605
1,6,11,58,2195.8125662355187,-1358768.5292310496,-7.694307446634935
1,6,11,59,2195.4721557455996,-1358741.1502501895,-7.694152407500762
1,6,11,60,2195.1299948024284,-1358713.6262033053,-7.693996546900265
1,6,11,61,2194.805365472208,-1358687.5084647327,-7.69384864981105
1,6,11,62,2194.4344584992377,-1358657.6627744685,-7.693679642425385
1,6,11,63,2194.0500917945815,-1358626.728699966,-7.6935044718391685
1,6,11,64,2193.7084957391944,-1358599.2322856928,-7.693348767714038
1,6,11,65,2193.399574587399,-1358574.3623161842,-7.693207936374872
1,6,11,66,2193.1425546292417,-1358553.668028426,-7.6930907506960935
1,6,11,67,2192.8982152714643,-1358533.992486471,-7.692979333875845
1,6,11,68,2192.631753032298,-1358512.5329898715,-7.692857815043951
1,6,11,69,2192.368248020155,-1358491.3090883165,-7.692737630317658
1,6,11,70,2192.143300294122,-1358473.188748877,-7.692635020152876
1,6,11,71,2191.837172582689,-1358448.5260855758,-7.692495362727929
1,6,11,72,2191.470209759261,-1358418.9578042123,-7.6923279262274615
1,6,11,73,2191.09223183777,-1358388.496796926,-7.692155434482066
1,6,11,74,2190.811210834752,-1358365.8460819002,-7.692027170129791
1,6,11,75,2190.511360523404,-1358341.674492111,-7.691890293510034
1,6,11,76,2190.1987981753173,-1358316.474634831,-7.6917475941132265
1,6,11,77,2189.9879292033957,-1358299.4716175746,-7.691651311016085
1,6,11,78,2189.7403470262843,-1358279.5062113786,-7.691538252779702
1,6,11,79,2189.3976288073677,-1358251.8651634788,-7.691381729636787
1,6,11,80,2189.155413323479,-1358232.3272929569,-7.691271092409464
1,6,11,81,2188.9673024840363,-1358217.1521835516,-7.69118516021808
1,6,11,82,2188.8574734600506,-1358208.2915517727,-7.6911349850604935
1,6,11,83,2188.7226110771085,-1358197.4107056428,-7.691073370021874
1,6,11,84,2188.5742168395136,-1358185.4373197684,-7.69100556825129
1,6,11,85,2188.440253786597,-1358174.6276358922,-7.690944356183632
1,6,11,86,2188.3543734263817,-1358167.69747004,-7.690905112688087
1,6,42,1,3987.79155269715,-1464139.59331028,-8.290992861084069
1,6,42,2,3161.5271555527597,-1423137.5755941866,-8.058810466913862
1,6,42,3,2844.4120877066725,-1404471.8036031204,-7.953111677651111
1,6,42,4,2669.37869510746,-1393256.2035596934,-7.889601025854182
1,6,42,5,2560.217828941289,-1385882.8031861968,-7.847847623283899
1,6,42,6,2484.007771777281,-1380546.3000054983,-7.81762857178329
1,6,42,7,2429.0780769198936,-1376597.393336277,-7.795267072133124
1,6,42,8,2387.7181155115113,-1373564.6303764551,-7.778093425464371
1,6,42,9,2356.2584094843755,-1371222.4279063323,-7.764830220201889
1,6,42,10,2331.473225478565,-1369355.0191417828,-7.7542556323645355
1,6,42,11,2311.8796722081293,-1367864.6631169824,-7.745816183545208
1,6,42,12,2295.4623237777955,-1366606.142476734,-7.7386895504758595
1,6,42,13,2281.45182170973,-1365524.9868108595,-7.732567283208147
1,6,42,14,2269.2396359578606,-1364577.1730872649,-7.727200092230001
1,6,42,15,2258.47698826011,-1363737.6229364714,-7.722445966094383
1,6,42,16,2249.344307382538,-1363022.0760025145,-7.718394033786621
1,6,42,17,2241.585253802284,-1362411.8666226347,-7.714938597135999
1,6,42,18,2234.4257672128433,-1361846.933494862,-7.711739546614618
1,6,42,19,2228.254589182645,-1361358.530283928,-7.708973862554378
1,6,42,20,2222.85929359251,-1360930.42292871,-7.706549616231072
1,6,42,21,2217.944484133878,-1360539.5359364692,-7.704336137900887
1,6,42,22,2213.515922649306,-1360186.578863467,-7.702337445572709
1,6,42,23,2209.9031098197083,-1359898.1136712653,-7.700703951840183
1,6,42,24,2206.399894112446,-1359617.948563112,-7.69911745904794
1,6,42,25,2203.2321237703954,-1359364.2270145812,-7.697680708373904
1,6,42,26,2200.1457190979995,-1359116.6713173762,-7.6962788731065395
1,6,42,27,2197.485492521148,-1358903.0198824066,-7.695069027726913
1,6,42,28,2194.9486588816535,-1358699.0374735182,-7.693913935204583
1,6,42,29,2192.3939841937363,-1358493.3821101119,-7.692749369231751
1,6,42,30,2190.1594269985408,-1358313.3001393974,-7.69172961787715
1,6,42,31,2188.2662785873817,-1358160.5883229435,-7.6908648556742785
1,6,42,32,2186.6772595135594,-1358032.3072403567,-7.690138437548029
1,6,42,33,2185.1098805001498,-1357905.6817974937,-7.689421394823684
1,6,42,34,2183.7153540144577,-1357792.9443885295,-7.688782995959826
1,6,42,35,2182.534008278918,-1357697.384764421,-7.688241869850737
1,6,42,36,2181.5454886994685,-1357617.38318346,-7.687788844374441
1,6,42,37,2180.592069930148,-1357540.1879852035,-7.6873517106198594
1,6,42,38,2179.835819197896,-1357478.9328301838,-7.687004840652478
1,6,42,39,2179.079961027946,-1357417.6882337143,-7.686658030475069
1,6,42,40,2178.2552360906316,-1357350.8393590096,-7.686279484914604
1,6,42,41,2177.471643549134,-1357287.3010580144,-7.685919686161559
1,6,42,42,2176.686317086613,-1357223.599215279,-7.685558961319632
1,6,42,43,2176.0487915171125,-1357171.8693542073,-7.685266030296654
1,6,42,44,2175.4105793602916,-1357120.0686001044,-7.684972697827244
1,6,42,45,2174.810760356178,-1357071.3701870297,-7.6846969330046875
1,6,42,46,2174.148505271197,-1357017.587077905,-7.684392375040517
1,6,42,47,2173.5261690299126,-1356967.0309276974,-7.684106090397734
1,6,42,48,2173.001422345835,-1356924.3913196747,-7.683864634810212
1,6,42,49,2172.3867776831066,-1356874.43373002,-7.683581739640191
1,6,42,50,2171.924258490957,-1356836.8313972924,-7.683368808664464
1,6,42,51,2171.594593462839,-1356810.0250828401,-7.683217012372109
1,6,42,52,2171.1446347293036,-1356773.4306622688,-7.683009788907147
1,6,42,53,2170.6526263132387,-1356733.4077273528,-7.682783150771559
1,6,42,54,2170.270851840722,-1356702.3456357436,-7.682607255262034
1,6,42,55,2169.850382057576,-1356668.1288767566,-7.682413495796894
1,6,42,56,2169.4985696431454,-1356639.4941841604,-7.682251345935651
1,6,42,57,2169.0810906247393,-1356605.508734646,-7.682058896308176
1,6,42,58,2168.7414826315867,-1356577.8576571515,-7.68190231637061
1,6,42,59,2168.406946918004,-1356550.6153338226,-7.681748051087934
1,6,42,60,2168.069451659122,-1356523.1277460258,-7.681592396944549
1,6,42,61,2167.7643797775218,-1356498.2772254373,-7.681451675738911
1,6,42,62,2167.550154425296,-1356480.8247838286,-7.681352847683549
1,6,42,63,2167.340398874182,-1356463.7348151815,-7.681256072206199
1,6,42,64,2167.1082640250856,-1356444.819550626,-7.681148960613758
1,6,42,65,2166.8902788527384,-1356427.0554128778,-7.6810483675146255
1,6,42,66,2166.7352865897315,-1356414.4236322627,-7.680976837447834
1,6,42,67,2166.563920227038,-1356400.4563200488,-7.680897744657512
1,6,42,68,2166.420440568686,-1356388.7610796848,-7.680831517943332
1,6,42,69,2166.273640207708,-1356376.794362223,-7.680763753934013
1,6,42,70,2166.1033093165424,-1356362.9084913672,-7.6806851223222035
1,6,42,71,2165.9089252835365,-1356347.0604041095,-7.680595379254728
1,6,42,72,2165.712481861408,-1356331.0429702434,-7.680504677227105
1,6,42,73,2165.486158079343,-1356312.5873761554,-7.68040016861363
1,6,42,74,2165.2874327931445,-1356296.3807135446,-7.680308395039155
1,6,42,75,2165.145205357936,-1356284.7807124357,-7.680242707636928
1,6,42,76,2165.0241056039795,-1356274.9032742018,-7.680186774602771
1,6,42,77,2164.915733684969,-1356266.0635067315,-7.6801367175936415
1,6,42,78,2164.8033701630707,-1356256.897681737,-7.680084814216435
1,6,42,79,2164.6610034535543,-1356245.283724656,-7.680019047785633
1,6,42,80,2164.553853956283,-1356236.542205028,-7.679969547125203
1,6,42,81,2164.42321139799,-1356225.8834782213,-7.679909189883129
1,6,42,82,2164.286442079538,-1356214.7241984524,-7.6798459981565195
1,6,42,83,2164.180098409799,-1356206.0469203254,-7.6797968612768575
1,6,42,84,2164.0393253363827,-1356194.5596653128,-7.679731812322688
1,6,42,85,2163.938324187776,-1356186.3173876095,-7.679685138722774
1,6,42,86,2163.848869266999,-1356179.0170275983,-7.6796437989263415
1,6,97,1,3930.6649867811216,-1461591.5250708044,-8.276563898381623
1,6,97,2,3171.58716500104,-1423698.6072486977,-8.06198742453706
1,6,97,3,2889.025086619223,-1407220.084154725,-7.968674383924284
1,6,97,4,2732.97353926255,-1397414.017123287,-7.91314550394287
1,6,97,5,2630.722673264963,-1390680.199029541,-7.875013868135617
1,6,97,6,2558.5199397716847,-1385765.6504565352,-7.847184221754619
1,6,97,7,2503.8563040818794,-1381951.771430671,-7.825587344024548
1,6,97,8,2461.7586229722356,-1378957.4288879444,-7.808631260903227
1,6,97,9,2429.2626093103277,-1376610.8083333208,-7.795343037324716
1,6,97,10,2403.759235310285,-1374747.0532016824,-7.784789138938369
1,6,97,11,2382.3779476543436,-1373169.232890093,-7.775854405529594
1,6,97,12,2364.732375284522,-1371856.3851377096,-7.768420133966667
1,6,97,13,2349.0033752929658,-1370677.8475697099,-7.761746421564209
1,6,97,14,2336.1306067811297,-1369707.4337409039,-7.756251252822315
1,6,97,15,2324.969003668876,-1368861.677986988,-7.751461986177266
1,6,97,16,2315.2997312247435,-1368125.712866432,-7.747294431670567
1,6,97,17,2306.9278267513573,-1367486.0084396312,-7.743671973224635
1,6,97,18,2299.4750227157215,-1366914.5770354436,-7.740436124870854
1,6,97,19,2292.471511473104,-1366375.9039415172,-7.737385777215065
1,6,97,20,2286.747549598054,-1365934.4234897904,-7.734885802970601
1,6,97,21,2281.40968929507,-1365521.725554029,-7.732548815667741
1,6,97,22,2275.983341158606,-1365101.1952336254,-7.730167475869086
1,6,97,23,2270.539515798007,-1364678.3017893848,-7.727772754393608
1,6,97,24,2265.7544752985254,-1364305.7466785249,-7.725663084128141
1,6,97,25,2261.1498407107315,-1363946.4940572756,-7.723628741957686
1,6,97,26,2257.2538044904377,-1363641.9542928706,-7.721904222639901
1,6,97,27,2253.851762197184,-1363375.5981361594,-7.7203959258873995
1,6,97,28,2250.5712329631037,-1363118.3745660768,-7.718939344292993
1,6,97,29,2247.571248591585,-1362882.8198584053,-7.717605467107632
1,6,97,30,2244.5640806132383,-1362646.38535126,-7.716266607876031
1,6,97,31,2241.6710610531313,-1362418.626461731,-7.714976876121108
1,6,97,32,2239.0170229188543,-1362209.4232070905,-7.7137922194813555
1,6,97,33,2236.4465704119134,-1362006.5720251037,-7.712643532765007
1,6,97,34,2234.001207134394,-1361813.3759305782,-7.71154951997564
1,6,97,35,2231.7070661867065,-1361631.9348075313,-7.710522072140227
1,6,97,36,2229.731115628233,-1361475.5094480312,-7.709636281232835
1,6,97,37,2227.8850676129564,-1361329.2424710437,-7.708808014264605
1,6,97,38,2226.4752261820945,-1361217.4555793088,-7.708174997900884
1,6,97,39,2225.2945174756396,-1361123.7822358059,-7.707644553245331
1,6,97,40,2223.944795386848,-1361016.639053298,-7.707037832844253
1,6,97,41,2222.6229751286023,-1360911.6477226324,-7.706443297748692
1,6,97,42,2221.3922197297215,-1360813.8334646083,-7.705889404309366
1,6,97,43,2220.0936788237127,-1360710.5731843654,-7.705304671644368
1,6,97,44,2218.9926328404927,-1360622.9704189778,-7.704808602891252
1,6,97,45,2217.9915920764383,-1360543.2866577897,-7.704357377135065
1,6,97,46,2217.0109181771577,-1360465.1892366533,-7.703915134357075
1,6,97,47,2216.2303023300533,-1360402.9990378928,-7.703562969511381
1,6,97,48,2215.5599584518645,-1360349.5765152725,-7.70326045344277
1,6,97,49,2214.943381288962,-1360300.4246154276,-7.70298212065771
1,6,97,50,2214.4120786567073,-1360258.0595994163,-7.702742220004169
1,6,97,51,2213.735206404908,-1360204.072425246,-7.702436506479529
1,6,97,52,2213.1199762616643,-1360154.9874888149,-7.702158552888631
1,6,97,53,2212.6277171675133,-1360115.7037298423,-7.7019361004894975
1,6,97,54,2212.252190977293,-1360085.729731193,-7.7017663665311
1,6,97,55,2211.8941516165487,-1360057.146769368,-7.701604509606034
1,6,97,56,2211.5795666648482,-1360032.0290367478,-7.701462275257074
1,6,97,57,2211.21019213278,-1360002.5321219836,-7.701295242884716
1,6,97,58,2210.875771132837,-1359975.822219613,-7.701143992545687
1,6,97,59,2210.462616024995,-1359942.8183158454,-7.7009571011237385
1,6,97,60,2209.9827879102418,-1359904.4806558648,-7.700740006205561
1,6,97,61,2209.5301977417666,-1359868.3116441432,-7.700535191706078
1,6,97,62,2209.0951775338367,-1359833.539762699,-7.700338288745366
1,6,97,63,2208.7289607834264,-1359804.2621459605,-7.700172498193373
1,6,97,64,2208.37998449731,-1359776.358320557,-7.700014487018568
1,6,97,65,2208.109479888301,-1359754.7259850253,-7.699891989450521
1,6,97,66,2207.864230068083,-1359735.1109919837,-7.699780915501001
1,6,97,67,2207.608555887338,-1359714.6599424523,-7.699665107208922
1,6,97,68,2207.3972226460023,-1359697.7538796652,-7.699569373136489
1,6,97,69,2207.154051893074,-1359678.2989030138,-7.69945920531283
1,6,97,70,2206.8947638661953,-1359657.552095816,-7.6993417222318765
1,6,97,71,2206.6880308857967,-1359641.008708883,-7.699248041886378
1,6,97,72,2206.5435027499725,-1359629.4422177835,-7.6991825442415
1,6,97,73,2206.3981930716272,-1359617.8124165689,-7.69911668809002
1,6,97,74,2206.23021931722,-1359604.3677507471,-7.699040554892846
1,6,97,75,2206.0537766604834,-1359590.2441292538,-7.698960576968944
1,6,97,76,2205.8526067098537,-1359574.1397955716,-7.698869382853164
1,6,97,77,2205.692773826489,-1359561.3435866323,-7.698796921677023
1,6,97,78,2205.4963751850546,-1359545.6186559903,-7.698707876009323
1,6,97,79,2205.32155879158,-1359531.6205600963,-7.698628608900055
1,6,97,80,2205.1536149676867,-1359518.1717272687,-7.69855245210635
1,6,97,81,2205.0302394189475,-1359508.2912404777,-7.6984965018091085
1,6,97,82,2204.891318803551,-1359497.165170846,-7.69843349814176
1,6,97,83,2204.7454053555693,-1359485.4782945549,-7.698367318790869
1,6,97,84,2204.6321976519175,-1359476.4104382617,-7.698315970181669
1,6,97,85,2204.572220563574,-1359471.606127581,-7.6982887647801235
1,6,2026,1,3894.850601439114,-1459975.1076855175,-8.267410601070917
1,6,2026,2,3138.74045123541,-1421860.1654714334,-8.051576868248262
1,6,2026,3,2838.7460975377107,-1404119.6824174,-7.951117718707317
1,6,2026,4,2670.007718572406,-1393297.8119999433,-7.889836642241205
1,6,2026,5,2562.9548118063412,-1386071.4889213638,-7.848916095231797
1,6,2026,6,2491.5370120517614,-1381080.7619507562,-7.820655072939942
1,6,2026,7,2441.3056034214983,-1377484.1047304943,-7.800288258550655
1,6,2026,8,2403.846991727877,-1374753.5001759469,-7.784825646261747
1,6,2026,9,2374.5446536072504,-1372587.6325172177,-7.772560973290246
1,6,2026,10,2351.6161916556057,-1370874.1654098125,-7.762858111882694
1,6,2026,11,2334.2868413754973,-1369568.0038383005,-7.755461702199964
1,6,2026,12,2320.7785711007737,-1368543.1047379214,-7.749657999354007
1,6,2026,13,2309.6915482802633,-1367697.4431100388,-7.744869265717061
1,6,2026,14,2300.643531952547,-1367004.2928643527,-7.740944159282607
1,6,2026,15,2293.358230237364,-1366444.1965839514,-7.737772498408504
1,6,2026,16,2286.5150220215373,-1365916.4656427437,-7.734784112952556
1,6,2026,17,2280.5229825454094,-1365453.0760999552,-7.732160073954694
1,6,2026,18,2275.10335552945,-1365032.9037707336,-7.72978076135505
1,6,2026,19,2270.308947460812,-1364660.3681431497,-7.727671201417657
1,6,2026,20,2265.8715312738987,-1364314.8698422147,-7.725714745926899
1,6,2026,21,2261.7484471260364,-1363993.238553921,-7.723893442324886
1,6,2026,22,2258.1457353259025,-1363711.7198295048,-7.72229928440097
1,6,2026,23,2254.6972919624113,-1363441.8347383644,-7.7207710043283715
1,6,2026,24,2251.915829958772,-1363223.84861435,-7.719536612876711
1,6,2026,25,2249.4913837079066,-1363033.6224551501,-7.718459417959558
1,6,2026,26,2247.300209149637,-1362861.5227246743,-7.717484867689017
1,6,2026,27,2245.042410267875,-1362684.0145499534,-7.71647969098584
1,6,2026,28,2243.1090624606163,-1362531.8727847445,-7.715618156815886
1,6,2026,29,2241.428256602499,-1362399.4978160514,-7.714868556213979
1,6,2026,30,2239.888274916074,-1362278.1265472625,-7.714181266335563
1,6,2026,31,2238.4260546861306,-1362162.8066704257,-7.713528243713975
1,6,2026,32,2237.0096059550924,-1362051.02476827,-7.712895255604778
1,6,2026,33,2235.9078467040267,-1361964.0282702676,-7.712402619965954
1,6,2026,34,2234.6061254879505,-1361861.1872258785,-7.711820261310568
1,6,2026,35,2233.4502460485423,-1361769.8180213282,-7.711302864317747
1,6,2026,36,2232.2398237151874,-1361674.0866456924,-7.710760765630159
1,6,2026,37,2231.080161589546,-1361582.3211533243,-7.710241124575718
1,6,2026,38,2229.99933408123,-1361496.7509872138,-7.709756565835837
1,6,2026,39,2229.0025313185774,-1361417.7963712197,-7.709309469014913
1,6,2026,40,2227.859075325015,-1361327.18217227,-7.70879634739725
1,6,2026,41,2226.7997542328835,-1361243.1938087936,-7.708320745941502
1,6,2026,42,2225.906355061707,-1361172.329515719,-7.707919462245145
1,6,2026,43,2225.070670497236,-1361106.0173865552,-7.707543956117168
1,6,2026,44,2224.243582207032,-1361040.3628506393,-7.707172173746782
1,6,2026,45,2223.6760977756194,-1360995.3016294686,-7.706917005274633
1,6,2026,46,2223.0809605671434,-1360948.0322781447,-7.706649332809409
1,6,2026,47,2222.5292591578077,-1360904.2015532881,-7.706401132276794
1,6,2026,48,2222.1355694274266,-1360872.9176445527,-7.706223980681974
1,6,2026,49,2221.5752002659783,-1360828.3792677994,-7.7059717729243316
1,6,2026,50,2221.1029834036162,-1360790.8385495846,-7.7057591908535095
1,6,2026,51,2220.477326111025,-1360741.0871922032,-7.705477463516332
1,6,2026,52,2220.0418520366984,-1360706.4506527162,-7.705281326957406
1,6,2026,53,2219.7127453656003,-1360680.2698076684,-7.705133072514743
1,6,2026,54,2219.3177949430606,-1360648.8458854996,-7.704955128064937
1,6,2026,55,2218.87786464475,-1360613.8365901404,-7.704756880698893
1,6,2026,56,2218.5807090906205,-1360590.1852648908,-7.704622950184552
1,6,2026,57,2218.268048071277,-1360565.296402023,-7.704482011857837
1,6,2026,58,2217.97290488873,-1360541.7987986202,-7.704348951825205
1,6,2026,59,2217.6776341036516,-1360518.2879072013,-7.704215816546436
1,6,2026,60,2217.212950816431,-1360481.2812306432,-7.704006258596799
1,6,2026,61,2216.7316568573624,-1360442.943527644,-7.703789163435021
1,6,2026,62,2216.454938336707,-1360420.8976112583,-7.703664323879964
1,6,2026,63,2216.255153953,-1360404.9792575894,-7.703574182914422
1,6,2026,64,2216.0055411924463,-1360385.0886785302,-7.703461548402156
1,6,2026,65,2215.7320746759824,-1360363.2947230863,-7.703338135627973
1,6,2026,66,2215.452775076461,-1360341.0331225367,-7.70321207471679
1,6,2026,67,2215.2615812629256,-1360325.7923836343,-7.703125770884822
1,6,2026,68,2215.1103089781896,-1360313.7329996715,-7.703057482132301
1,6,2026,69,2214.919198922637,-1360298.496582347,-7.702971202772161
1,6,2026,70,2214.7088537508703,-1360281.7251086028,-7.702876230837983
1,6,2026,71,2214.508708997104,-1360265.7654668964,-7.702785856070401
1,6,2026,72,2214.2972054459606,-1360248.8985014611,-7.702690343394799
1,6,2026,73,2214.047894159186,-1360229.0143793195,-7.7025777454461615
1,6,2026,74,2213.8138053733906,-1360210.34230784,-7.702472010984745
1,6,2026,75,2213.5516019042507,-1360189.4253266451,-7.7023535642583845
1,6,2026,76,2213.3594542665055,-1360174.0953958964,-7.702266755359164
1,6,2026,77,2213.191257579589,-1360160.6752285121,-7.7021907608894535
1,6,2026,78,2213.0481173091657,-1360149.2534725775,-7.702126082837342
1,6,2026,79,2212.9001523652387,-1360137.4459593734,-7.7020592203550144
1,6,2026,80,2212.7627750888273,-1360126.482628837,-7.701997138231406
1,6,2026,81,2212.679425053638,-1360119.8305857414,-7.701959469663417
1,6,31415,1,3951.0167820523498,-1462503.5164521697,-8.28172823794789
1,6,31415,2,3172.4163055097924,-1423744.7677656384,-8.062248817998563
1,6,31415,3,2865.280860076186,-1405762.7018815686,-7.960421655784277
1,6,31415,4,2688.919022669488,-1394544.1946658313,-7.896894541523672
1,6,31415,5,2580.3644412468234,-1387267.0001047354,-7.85568592423715
1,6,31415,6,2510.8334400757676,-1382443.1761682015,-7.8283700248490975
1,6,31415,7,2462.51945145011,-1379011.9984078864,-7.808940272081081
1,6,31415,8,2426.45947828207,-1376406.9185031932,-7.7941884690487395
1,6,31415,9,2399.1586785390964,-1374408.745953674,-7.7828734042700995
1,6,31415,10,2378.829316935572,-1372905.9941884931,-7.7743637620105615
1,6,31415,11,2361.7906667387533,-1371636.5668309378,-7.767175367401711
1,6,31415,12,2346.830299358811,-1370514.4038766415,-7.760820887893368
1,6,31415,13,2335.245495745282,-1369640.5132888982,-7.755872301940599
1,6,31415,14,2325.03843027502,-1368866.951235369,-7.751491847035398
1,6,31415,15,2315.7726271530883,-1368161.7781996413,-7.747498659069058
1,6,31415,16,2308.1896780764096,-1367582.5760257072,-7.744218807126557
1,6,31415,17,2302.056841186222,-1367112.7430863625,-7.74155828106483
1,6,31415,18,2296.360963955978,-1366675.2629353004,-7.73908095934913
1,6,31415,19,2290.6026577362954,-1366231.8834160336,-7.7365702312424744
1,6,31415,20,2285.5614124752833,-1365842.8003271848,-7.734366967887838
1,6,31415,21,2280.789737333115,-1365473.7312481229,-7.732277037997457
1,6,31415,22,2277.002319238139,-1365180.2402521707,-7.730615084613128
1,6,31415,23,2273.743177502086,-1364927.2948942948,-7.729182729278995
1,6,31415,24,2270.527378891827,-1364677.3578240746,-7.727767408995065
1,6,31415,25,2267.4100451890035,-1364434.735476931,-7.726393509841394
1,6,31415,26,2264.582630978791,-1364214.3889382244,-7.725145752054002
1,6,31415,27,2261.9121822229695,-1364006.022287313,-7.723965832855662
1,6,31415,28,2259.5856514023667,-1363824.289845936,-7.722936735370035
1,6,31415,29,2257.7700460534834,-1363682.337318963,-7.72213289986615
1,6,31415,30,2256.411914897052,-1363576.0776144362,-7.721531182341621
1,6,31415,31,2254.9987549662646,-1363465.4445591718,-7.720904699815236
1,6,31415,32,2253.442706099985,-1363343.5448265143,-7.720214417401012
1,6,31415,33,2251.9350797529314,-1363225.3581661615,-7.719545161025637
1,6,31415,34,2250.5391247980115,-1363115.8551391552,-7.718925077517668
1,6,31415,35,2249.219973276325,-1363012.3143737866,-7.718338756547712
1,6,31415,36,2248.0801066068257,-1362922.7968342102,-7.717831844990261
1,6,31415,37,2246.764044887156,-1362819.3856358987,-7.717246257720527
1,6,31415,38,2245.419229937571,-1362713.6525240587,-7.716647522135852
1,6,31415,39,2244.057741874604,-1362606.5439981115,-7.716040997984708
1,6,31415,40,2242.983635365454,-1362521.9979676416,-7.7155622386244245
1,6,31415,41,2241.9324672567545,-1362439.2182767224,-7.715093481526679
1,6,31415,42,2241.042965117571,-1362369.1394885613,-7.714696645914138
1,6,31415,43,2240.1294939419154,-1362297.1433614308,-7.714288952973662
1,6,31415,44,2239.1384118742735,-1362218.9970423495,-7.713846433300959
1,6,31415,45,2238.357321641364,-1362157.3840969894,-7.713497537271874
1,6,31415,46,2237.6665329839657,-1362102.8762851031,-7.7131888755286315
1,6,31415,47,2236.8705964444116,-1362040.0507392723,-7.712833112898922
1,6,31415,48,2236.098508778187,-1361979.0862892722,-7.712487889108759
1,6,31415,49,2235.385497873665,-1361922.767873036,-7.712168974444409
1,6,31415,50,2234.7856193091984,-1361875.3714968918,-7.711900582674903
1,6,31415,51,2234.159361388821,-1361825.8773131894,-7.7116203116368025
1,6,31415,52,2233.3998025011106,-1361765.8295159077,-7.711280278581989
1,6,31415,53,2232.9538260404083,-1361730.5628201137,-7.711080573632818
1,6,31415,54,2232.5455324573004,-1361698.269814818,-7.710897707820299
1,6,31415,55,2232.154490961456,-1361667.3357848802,-7.710722537486439
1,6,31415,56,2231.808072518946,-1361639.9272133748,-7.710567330789125
1,6,31415,57,2231.435293647875,-1361610.4282563562,-7.71040028685208
1,6,31415,58,2231.090537170082,-1361583.1423972403,-7.710245775039017
1,6,31415,59,2230.6833132710217,-1361550.907102561,-7.710063236024786
1,6,31415,60,2230.286989434855,-1361519.5289910925,-7.709885550987534
1,6,31415,61,2230.0758675718776,-1361502.811582445,-7.7097908852081325
1,6,31415,62,2229.807476625696,-1361481.5571113527,-7.70967052737552
1,6,31415,63,2229.6226692717632,-1361466.9203219821,-7.7095876435325215
1,6,31415,64,2229.4056865631483,-1361449.7336878467,-7.709490320666879
1,6,31415,65,2229.221693939128,-1361435.1588015906,-7.709407787363051
1,6,31415,66,2228.9558386117683,-1361414.0970760793,-7.709288520992103
1,6,31415,67,2228.624321818028,-1361387.8299649227,-7.70913977804978
1,6,31415,68,2228.457005134859,-1361374.5714577546,-7.709064699014432
1,6,31415,69,2228.240825526897,-1361357.439481045,-7.708967685657751
1,6,31415,70,2228.0171990357653,-1361339.715598635,-7.708867320512786
1,6,31415,71,2227.737409427271,-1361317.5379113387,-7.708741734777732
1,6,31415,72,2227.5567345065297,-1361303.2151277289,-7.70866062905721
1,6,31415,73,2227.3096125623892,-1361283.6229562704,-7.7085496843396175
1,6,31415,74,2226.9755654777346,-1361257.135783303,-7.708399695251838
1,6,31415,75,2226.720889906247,-1361236.939446004,-7.708285329320385
1,6,31415,76,2226.5361700850603,-1361222.2893094043,-7.708202369895944
1,6,31415,77,2226.3627367289796,-1361208.533196481,-7.7081244730652285
1,6,31415,78,2226.145045927454,-1361191.265224672,-7.708026689608208
1,6,31415,79,2225.9786575819985,-1361178.0655988539,-7.707951944000667
1,6,31415,80,2225.730467709368,-1361158.3748054174,-7.707840440815755
1,6,31415,81,2225.457736809369,-1361136.7344530432,-7.7077178978506815
1,6,31415,82,2225.136097890066,-1361111.2099924774,-7.707573360320721
1,6,31415,83,2224.8760914352374,-1361090.5738333017,-7.707456503807047
1,6,31415,84,2224.527223824214,-1361062.8811641224,-7.707299688347976
1,6,31415,85,2224.211961503534,-1361037.8523044693,-7.707157957260549
1,6,31415,86,2223.987626113188,-1361020.0400264112,-7.707057091556968
1,6,31415,87,2223.809896098206,-1361005.9269494892,-7.70697717334388
1,6,31415,88,2223.597409411109,-1360989.0524554425,-7.706881618035961
1,6,31415,89,2223.443338593285,-1360976.816011679,-7.706812326645746
1,6,31415,90,2223.2615035616805,-1360962.3734180152,-7.7067305424760475
1,6,31415,91,2223.1119642742206,-1360950.495090146,-7.706663278991053
1,6,31415,92,2222.92435754376,-1360935.591827743,-7.706578886189469
1,6,31415,93,2222.7653839764644,-1360922.9621663014,-7.706507368122934
1,6,31415,94,2222.6006247378714,-1360909.871908745,-7.706433241835764
1,6,31415,95,2222.4709747521024,-1360899.5704280687,-7.706374907573693
1,6,31415,96,2222.3630522483195,-1360890.994869782,-7.706326346703636
1,6,31415,97,2222.2853391196018,-1360884.8195006433,-7.706291377400383
1,7,11,1,4177.569809618032,-1472349.8210023295,-8.337484971190015
1,7,11,2,3276.54889750476,-1429448.253157443,-8.094545982068716
1,7,11,3,2944.224137262372,-1410562.3422162388,-7.987600610531722
1,7,11,4,2763.817832849797,-1399395.8912688007,-7.924368275642438
1,7,11,5,2648.578903928063,-1391874.7946313675,-7.881778512471361
1,7,11,6,2566.274691556338,-1386300.0889191043,-7.850210589935696
1,7,11,7,2505.287234496065,-1382052.6644198578,-7.8261586714149844
1,7,11,8,2457.7254101270396,-1378667.8695179094,-7.80699157116272
1,7,11,9,2418.9857035197183,-1375862.149229152,-7.791103600513901
1,7,11,10,2387.742320958606,-1373566.4205857057,-7.778103562894015
1,7,11,11,2362.7092572307893,-1371705.2376210764,-7.767564229934632
1,7,11,12,2342.087045136868,-1370157.1228839313,-7.758797710476751
1,7,11,13,2325.489939806254,-1368901.241478569,-7.751686022620072
1,7,11,14,2311.1891634880876,-1367811.9104100047,-7.745517460446021
1,7,11,15,2299.2459066146416,-1366896.980608346,-7.740336481467921
1,7,11,16,2289.5008797074843,-1366146.9214096586,-7.73608911633271
1,7,11,17,2281.5484524382664,-1365532.4662786887,-7.732609637239594
1,7,11,18,2274.152889053631,-1364959.1129485646,-7.729362905583228
1,7,11,19,2267.6473958579004,-1364453.2202280534,-7.726498183562597
1,7,11,20,2261.529229944071,-1363976.1215684842,-7.723796513859385
1,7,11,21,2256.08109770041,-1363550.184906363,-7.72138455953409
1,7,11,22,2251.225356352779,-1363169.693751383,-7.719229949779625
1,7,11,23,2246.7616233039807,-1362819.1953011411,-7.717245179910649
1,7,11,24,2242.580327138106,-1362490.241954847,-7.715382413642859
1,7,11,25,2238.6119544087173,-1362177.472069988,-7.713611289568094
1,7,11,26,2234.8567502506316,-1361880.992213913,-7.711932411145979
1,7,11,27,2231.697898383998,-1361631.2093618393,-7.710517964154158
1,7,11,28,2228.668564787236,-1361391.3356995035,-7.709159629995943
1,7,11,29,2225.6522799120253,-1361152.17111696,-7.70780531114851
1,7,11,30,2223.3241520493857,-1360967.34952683,-7.706758720720013
1,7,11,31,2220.7344572055545,-1360761.535579163,-7.70559325673105
1,7,11,32,2218.2389323062584,-1360562.9785112,-7.7044688863222985
1,7,11,33,2216.137100778113,-1360395.572381495,-7.703520914535574
1,7,11,34,2214.2733934838243,-1360246.9994464286,-7.702679589603433
1,7,11,35,2212.3656856556495,-1360094.7892612102,-7.701817667991043
1,7,11,36,2210.241874328834,-1359925.182367001,-7.70085723392075
1,7,11,37,2207.990737053667,-1359745.2292475807,-7.6998382122132165
1,7,11,38,2205.892035503843,-1359577.2963193555,-7.698887257321061
1,7,11,39,2203.956314247695,-1359422.2629692936,-7.698009348954629
1,7,11,40,2202.3410342046604,-1359292.7897385333,-7.697276180043112
1,7,11,41,2201.079940205154,-1359191.6403634762,-7.696703400814729
1,7,11,42,2200.0408346376435,-1359108.2525986836,-7.696231200373079
1,7,11,43,2199.220373446621,-1359042.383118153,-7.695858200834417
1,7,11,44,2198.4460381086465,-1358980.1942373738,-7.695506043452064
1,7,11,45,2197.7247890570593,-1358922.24914781,-7.6951779174140125
1,7,11,46,2197.0431600705806,-1358867.4696501908,-7.69486771719419
1,7,11,47,2196.3064657929285,-1358808.2456859876,-7.694532349264344
1,7,11,48,2195.527372159804,-1358745.591556725,-7.694177557316359
1,7,11,49,2194.838494875718,-1358690.174035822,-7.693863744157911
1,7,11,50,2194.1994508439943,-1358638.7498540622,-7.693572544107174
1,7,11,51,2193.5088367987582,-1358583.1589671043,-7.693257749227631
1,7,11,52,2192.8574529098055,-1358530.7098647112,-7.692960745352114
1,7,11,53,2192.1605515140936,-1358474.578461836,-7.692642889689548
1,7,11,54,2191.5772773376766,-1358427.5853593561,-7.692376781540461
1,7,11,55,2191.114691352672,-1358390.3069421994,-7.692165684803557
1,7,11,56,2190.6095782988714,-1358349.5924063097,-7.691935130334607
1,7,11,57,2190.122246100158,-1358310.302193576,-7.691712641389719
1,7,11,58,2189.641120662201,-1358271.5038116465,-7.691492937538345
1,7,11,59,2189.153682928219,-1358232.1877060004,-7.6912703019694915
1,7,11,60,2188.7701130089,-1358201.2432904907,-7.691095072825185
1,7,11,61,2188.301843520145,-1358163.4584045059,-7.690881108103932
1,7,11,62,2187.8387942565246,-1358126.0867893163,-7.6906694836139184
1,7,11,63,2187.540562625637,-1358102.0130291183,-7.690533160974429
1,7,11,64,2187.1922167969747,-1358073.8898103992,-7.690373907439659
1,7,11,65,2186.892714115295,-1358049.7062943098,-7.690236963284765
1,7,11,66,2186.6372130979166,-1358029.0730998581,-7.690120123559454
1,7,11,67,2186.28590486059,-1358000.6989778704,-7.689959449233102
1,7,11,68,2185.946169200387,-1357973.2552016561,-7.689804043181853
1,7,11,69,2185.6639605695486,-1357950.4552036948,-7.68967493348412
1,7,11,70,2185.50947407229,-1357937.9727941467,-7.689604249261848
1,7,11,71,2185.369651051839,-1357926.6744233728,-7.689540269903693
1,7,11,72,2185.2381839699756,-1357916.050593124,-7.689480110270587
1,7,11,73,2185.0621637067957,-1357901.8254278493,-7.689399557334051
1,7,11,74,2184.863989807363,-1357885.8085340206,-7.6893088583645
1,7,11,75,2184.5508523859708,-1357860.4970486683,-7.689165526850676
1,7,11,76,2184.3172260841275,-1357841.610232932,-7.68905857635555
1,7,11,77,2184.200419946252,-1357832.1666345363,-7.689005100029085
1,7,11,78,2184.0810130083837,-1357822.512243392,-7.688950430045143
1,7,11,79,2183.878937287271,-1357806.1726430634,-7.688857903683383
1,7,11,80,2183.696719803501,-1357791.4374595776,-7.688774462663384
1,7,11,81,2183.5126649174176,-1357776.5524445903,-7.688690173191559
1,7,11,82,2183.3317220184567,-1357761.9178812827,-7.688607301954102
1,7,11,83,2183.175869209074,-1357749.311618517,-7.688535916387402
1,7,11,84,2183.103681576487,-1357743.4723667502,-7.6885028504181925
1,7,42,1,4235.958432816664,-1474800.9320618592,-8.35136489383478
1,7,42,2,3285.3926934436217,-1429924.2592979972,-8.097241465157351
1,7,42,3,2919.6246921333463,-1409080.6737682188,-7.979210356910308
1,7,42,4,2721.1904818428907,-1396650.996256608,-7.90882474068546
1,7,42,5,2599.6092199019013,-1388579.1797800455,-7.8631164126756605
1,7,42,6,2518.1144665824227,-1382954.5302395502,-7.831265672896872
1,7,42,7,2459.3916735207313,-1378787.554334847,-7.807669311159196
1,7,42,8,2414.1525823266575,-1375508.9623605018,-7.789103606920404
1,7,42,9,2378.5731801107277,-1372886.9786746625,-7.774256082735894
1,7,42,10,2349.7119889276587,-1370731.1118802517,-7.762048041724247
1,7,42,11,2326.038744491202,-1368942.9119149186,-7.751921990072814
1,7,42,12,2307.117016502407,-1367500.4902125876,-7.743753979255171
1,7,42,13,2290.9273026264464,-1366256.9101386887,-7.73671195022871
1,7,42,14,2276.6843842307308,-1365155.5809295403,-7.730475446105419
1,7,42,15,2265.056536988551,-1364251.3406489852,-7.725354998748458
1,7,42,16,2255.2906021839926,-1363488.2982891914,-7.721034113781847
1,7,42,17,2246.3868848116567,-1362789.738643144,-7.71707837550055
1,7,42,18,2238.742301721451,-1362187.7542822207,-7.7136695147186245
1,7,42,19,2232.0038405091395,-1361655.4168680268,-7.710655044157938
1,7,42,20,2226.0400888370114,-1361182.9390693698,-7.7079795410340655
1,7,42,21,2221.275867601621,-1360804.5835781388,-7.705837024916695
1,7,42,22,2217.193224781814,-1360479.7101073768,-7.703997361786793
1,7,42,23,2213.5920623243187,-1360192.6531719393,-7.7023718425990655
1,7,42,24,2210.381133211498,-1359936.3085286715,-7.700920238109288
1,7,42,25,2207.243850939501,-1359685.483562465,-7.6994998899309435
1,7,42,26,2204.5128036615656,-1359466.8465603075,-7.698261812747361
1,7,42,27,2202.1004732649258,-1359273.4993842118,-7.697166944427398
1,7,42,28,2200.153758887762,-1359117.3166273786,-7.696282527307715
1,7,42,29,2198.397375183534,-1358976.2852600508,-7.695483908060584
1,7,42,30,2196.6921354198003,-1358839.2527262557,-7.69470793303428
1,7,42,31,2195.0315017808994,-1358705.702450769,-7.693951677014899
1,7,42,32,2193.3034395054456,-1358566.6221620818,-7.69316410615356
1,7,42,33,2191.6398839759895,-1358432.630036031,-7.692405348064096
1,7,42,34,2190.288609764721,-1358323.7159239135,-7.691788599408324
1,7,42,35,2189.0863888670115,-1358226.7591651937,-7.691239561735923
1,7,42,36,2187.88835261576,-1358130.0869056843,-7.690692135099066
1,7,42,37,2186.753028441693,-1358038.4261617593,-7.690173087204318
1,7,42,38,2185.815962448805,-1357962.7359966293,-7.689744476010676
1,7,42,39,2184.8468934786297,-1357884.4266993147,-7.689301033440064
1,7,42,40,2183.8666873147604,-1357805.1820763813,-7.688852294394947
1,7,42,41,2183.100249860564,-1357743.194770719,-7.688501278473328
1,7,42,42,2182.4021249123543,-1357686.7134462018,-7.688181441307189
1,7,42,43,2181.783599489448,-1357636.6569700746,-7.687897986172093
1,7,42,44,2181.108908800342,-1357582.0389256119,-7.687588700214118
1,7,42,45,2180.5205179937375,-1357534.3932975384,-7.687318897004079
1,7,42,46,2179.981177610343,-1357490.7082893446,-7.687071521622165
1,7,42,47,2179.3199458321888,-1357437.135681158,-7.686768155663034
1,7,42,48,2178.736652257274,-1357389.8640848098,-7.686500470484896
1,7,42,49,2178.192159406846,-1357345.7255757428,-7.686250527060618
1,7,42,50,2177.6283506340983,-1357300.0096208537,-7.6859916510235555
1,7,42,51,2177.0135432977277,-1357250.1449981707,-7.685709282298213
1,7,42,52,2176.4683656399375,-1357205.9159852488,-7.685458826377163
1,7,42,53,2176.01185674866,-1357168.8719426235,-7.685249056834453
1,7,42,54,2175.4578151742094,-1357123.903035241,-7.684994411108197
1,7,42,55,2175.0635628020445,-1357091.8964789908,-7.684813167372566
1,7,42,56,2174.6159121887313,-1357055.5478638154,-7.684607335831429
1,7,42,57,2174.1797493271915,-1357020.1248406963,-7.68440674564649
1,7,42,58,2173.843715006762,-1356992.8289231895,-7.684252176875712
1,7,42,59,2173.511766727859,-1356965.860769918,-7.684099464137615
1,7,42,60,2173.231850240801,-1356943.1165841368,-7.683970670487881
1,7,42,61,2172.99937268593,-1356924.2247492305,-7.683863691570668
1,7,42,62,2172.6474809368037,-1356895.62510744,-7.683701740191852
1,7,42,63,2172.27221960107,-1356865.1210221841,-7.683529004508557
1,7,42,64,2171.964559154667,-1356840.1081180861,-7.6833873637727566
1,7,42,65,2171.752195855757,-1356822.8408391392,-7.683289584239211
1,7,42,66,2171.5657985883504,-1356807.6834690813,-7.683203752500545
1,7,42,67,2171.3726603668106,-1356791.9765685855,-7.683114808932271
1,7,42,68,2171.1723945901213,-1356775.6885466324,-7.683022574643716
1,7,42,69,2170.9694323557665,-1356759.1796833717,-7.682929089795643
1,7,42,70,2170.7340148411927,-1356740.028987745,-7.682820645026133
1,7,42,71,2170.4125160723124,-1356713.8724167603,-7.682672528040365
1,7,42,72,2170.1176379072026,-1356689.8782441951,-7.682536656082285
1,7,42,73,2169.8881384620295,-1356671.2016676434,-7.682430896109966
1,7,42,74,2169.654833243177,-1356652.2133538388,-7.682323370861064
1,7,42,75,2169.466598671956,-1356636.891774845,-7.682236609255383
1,7,42,76,2169.292724961613,-1356622.7379342052,-7.682156460209323
1,7,42,77,2169.101085978431,-1356607.1366328513,-7.682068114618001
1,7,42,78,2168.8697368871613,-1356588.3007009695,-7.681961452263211
1,7,42,79,2168.6474041149277,-1356570.1969645056,-7.681858936116208
1,7,42,80,2168.452072915596,-1356554.290334731,-7.68176886153964
1,7,42,81,2168.249876040763,-1356537.8230951743,-7.681675612394386
1,7,42,82,2168.128137274175,-1356527.9077530678,-7.681619464721722
1,7,42,83,2167.952090561185,-1356513.5681691037,-7.681538263865725
1,7,42,84,2167.7654032512123,-1356498.3606013206,-7.681452147872072
1,7,42,85,2167.620173663835,-1356486.5292782201,-7.6813851505612885
1,7,42,86,2167.4544349702583,-1356473.0261847281,-7.681308686505363
1,7,42,87,2167.27298770663,-1356458.2420956874,-7.681224968547558
1,7,42,88,2167.1257955646042,-1356446.2481604551,-7.681157050411991
1,7,42,89,2166.9460054098327,-1356431.59687452,-7.6810740844792
1,7,42,90,2166.860606138351,-1356424.637173591,-7.681034673735184
1,7,97,1,4158.440837023157,-1471539.3451382588,-8.332895484208176
1,7,97,2,3245.247966565339,-1427753.13779101,-8.084947041184922
1,7,97,3,2917.9247262228732,-1408977.8210925614,-7.978627932390463
1,7,97,4,2746.8250680683705,-1398306.78792127,-7.918201002985775
1,7,97,5,2640.1480344059996,-1391311.7698237346,-7.87859026820693
1,7,97,6,2564.168123747016,-1386155.0693681543,-7.849389386775056
1,7,97,7,2507.957319360929,-1382240.7745374255,-7.827223883809334
1,7,97,8,2464.531879127053,-1379156.2561592676,-7.809757161394315
1,7,97,9,2430.143398546512,-1376674.8252505434,-7.795705546341005
1,7,97,10,2402.6272808343947,-1374663.8737188256,-7.784318117936202
1,7,97,11,2380.0581230943135,-1372997.1918906257,-7.77488018783552
1,7,97,12,2360.8377087014196,-1371565.2986046236,-7.766771796349953
1,7,97,13,2344.130087635317,-1370311.1016943906,-7.7596696472948725
1,7,97,14,2330.9926038223443,-1369318.6114106951,-7.754049466067336
1,7,97,15,2319.4210023781843,-1368439.7736229377,-7.749072865572657
1,7,97,16,2309.3443161865566,-1367670.8925023922,-7.744718917417308
1,7,97,17,2300.7557100512645,-1367012.9032796316,-7.740992917537581
1,7,97,18,2292.767494927792,-1366398.702710435,-7.737514879953085
1,7,97,19,2285.6569434689713,-1365850.1813792319,-7.73440876461959
1,7,97,20,2278.875452925334,-1365325.452308129,-7.731437377873139
1,7,97,21,2272.9799978626875,-1364868.0113437872,-7.728847023929393
1,7,97,22,2267.784764826644,-1364463.917570584,-7.726558759474184
1,7,97,23,2263.119440139701,-1364100.2512463115,-7.724499423798722
1,7,97,24,2258.7913797487117,-1363762.2040089713,-7.722585161494566
1,7,97,25,2255.104496814372,-1363473.7252458371,-7.720951590913831
1,7,97,26,2252.016014630877,-1363231.7048664421,-7.71958110052687
1,7,97,27,2248.7583260957604,-1362976.065144882,-7.718133487801862
1,7,97,28,2245.8529882962607,-1362747.7627360923,-7.716840678256863
1,7,97,29,2242.948380818628,-1362519.2222940826,-7.715546520799589
1,7,97,30,2240.2985378760272,-1362310.4689384974,-7.714364411806162
1,7,97,31,2237.8490924551866,-1362117.283075282,-7.713270456953701
1,7,97,32,2235.526022925532,-1361933.8689117848,-7.712231836369213
1,7,97,33,2233.3125837720017,-1361758.9330323564,-7.71124122581943
1,7,97,34,2231.520772930607,-1361617.1928886902,-7.710438592979887
1,7,97,35,2229.770011009836,-1361478.5899230996,-7.709653725059173
1,7,97,36,2227.964698618958,-1361335.5543345998,-7.708843756495689
1,7,97,37,2226.338835849078,-1361206.637380237,-7.7081137376141715
1,7,97,38,2225.017150671296,-1361101.7697040273,-7.707519902737507
1,7,97,39,2223.796635096839,-1361004.87388274,-7.706971210135905
1,7,97,40,2222.6961811071924,-1360917.4640593813,-7.70647623395688
1,7,97,41,2221.7868565205695,-1360845.203116126,-7.7060670414404
1,7,97,42,2220.8519683994414,-1360770.879885359,-7.705646170794925
1,7,97,43,2219.7438424927673,-1360682.7437888714,-7.705147081944299
1,7,97,44,2218.6331449252107,-1360594.3589892497,-7.704646584760805
1,7,97,45,2217.638896161912,-1360515.2031721945,-7.704198348597316
1,7,97,46,2216.733251088036,-1360443.0705305988,-7.703789882615484
1,7,97,47,2215.808356040098,-1360369.3742484462,-7.703372562196033
1,7,97,48,2214.826951377665,-1360291.1415952183,-7.702929553638393
1,7,97,49,2214.0009409462473,-1360225.2693186868,-7.702556538266797
1,7,97,50,2213.3616372824736,-1360174.26956884,-7.702267741649433
1,7,97,51,2212.7117767656646,-1360122.4125578082,-7.701974090613544
1,7,97,52,2212.0519516308577,-1360069.7448142304,-7.701675848637159
1,7,97,53,2211.45527205792,-1360022.1038687932,-7.701406071943516
1,7,97,54,2210.7823482193207,-1359968.3598941474,-7.701101735586415
1,7,97,55,2210.0864256348627,-1359912.76188381,-7.700786900369264
1,7,97,56,2209.522603565559,-1359867.7046878503,-7.700531754690704
1,7,97,57,2208.9564538547866,-1359822.4499106873,-7.700275490167771
1,7,97,58,2208.4856273325513,-1359784.8058906167,-7.700062323128853
1,7,97,59,2208.058700161094,-1359750.664819426,-7.699868992261492
1,7,97,60,2207.588504383882,-1359713.055948269,-7.699656024260559
1,7,97,61,2207.0740639429596,-1359671.8989654966,-7.699422964344749
1,7,97,62,2206.570888479023,-1359631.633937738,-7.699194955308435
1,7,97,63,2206.1458174090894,-1359597.6118122495,-7.6990022979956825
1,7,97,64,2205.8171356221205,-1359571.3000629384,-7.698853302280589
1,7,97,65,2205.5160701479927,-1359547.1956237855,-7.698716805915181
1,7,97,66,2205.2101960446917,-1359522.7028177371,-7.6985781103420114
1,7,97,67,2204.889536693185,-1359497.0224381306,-7.6984326898882784
1,7,97,68,2204.6652746915233,-1359479.0599336831,-7.698330973496739
1,7,97,69,2204.3351495234797,-1359452.6148810973,-7.69818122292432
1,7,97,70,2204.047356863968,-1359429.5576908865,-7.698050656822352
1,7,97,71,2203.783819001332,-1359408.4410902215,-7.6979310797095115
1,7,97,72,2203.5510523387306,-1359389.7880051923,-7.697825452762791
1,7,97,73,2203.362309484474,-1359374.661383501,-7.697739795143103
1,7,97,74,2203.0858067766867,-1359352.4989896843,-7.697614296010534
1,7,97,75,2202.8161982416277,-1359330.8865027768,-7.697491910839421
1,7,97,76,2202.61449739421,-1359314.7159342514,-7.69740034165516
1,7,97,77,2202.4101999766767,-1359298.3356863952,-7.69730758511838
1,7,97,78,2202.1841861878984,-1359280.212483416,-7.697204958738213
1,7,97,79,2201.986824562888,-1359264.3852692842,-7.6971153338691245
1,7,97,80,2201.8305652192566,-1359251.853204442,-7.697044368463493
1,7,97,81,2201.718905302969,-1359242.8974875172,-7.696993654866628
1,7,97,82,2201.5693897469373,-1359230.9048364153,-7.696925744002714
1,7,97,83,2201.4110055204833,-1359218.1999403732,-7.696853799904715
1,7,97,84,2201.256022359184,-1359205.7669781598,-7.696783395688188
1,7,97,85,2201.1861636121716,-1359200.1625272438,-7.696751659327292
1,7,2026,1,4126.649415582209,-1470184.090901707,-8.325221077169706
1,7,2026,2,3226.2659248877058,-1426717.174850166,-8.079080687057125
1,7,2026,3,2879.28538791807,-1406623.731377058,-7.965297413145735
1,7,2026,4,2687.9201738845986,-1394478.5833659952,-7.896523003986518
1,7,2026,5,2570.872633700516,-1386616.2056899192,-7.852000666443476
1,7,2026,6,2493.1004841544823,-1381191.5422439158,-7.821282389231321
1,7,2026,7,2440.396629021078,-1377418.3410196083,-7.799915857954451
1,7,2026,8,2401.9792563007395,-1374616.2372498221,-7.784048366591289
1,7,2026,9,2372.717672632559,-1372451.7083268103,-7.7717912744873
1,7,2026,10,2349.775650591949,-1370735.896345626,-7.762075134747648
1,7,2026,11,2331.0149433259694,-1369320.303824216,-7.75405904970846
1,7,2026,12,2314.5227729655803,-1368066.4422710766,-7.74695879968219
1,7,2026,13,2300.897913317425,-1367023.8177228505,-7.7410547228266555
1,7,2026,14,2289.631961799008,-1366157.0317566078,-7.736146368260574
1,7,2026,15,2280.439439381041,-1365446.606754144,-7.732123439947812
1,7,2026,16,2272.4252049274673,-1364824.9027100273,-7.728602912386759
1,7,2026,17,2265.3529771009603,-1364274.4509418285,-7.725485865555051
1,7,2026,18,2259.356040981126,-1363806.3441296495,-7.7228351140449245
1,7,2026,19,2254.1467552764866,-1363398.7099485165,-7.7205268012985515
1,7,2026,20,2249.309565654491,-1363019.3484396052,-7.718378588398276
1,7,2026,21,2245.054986894699,-1362685.003818845,-7.7164852929252685
1,7,2026,22,2240.7768926951894,-1362348.1717589765,-7.714577911814538
1,7,2026,23,2236.8081313837315,-1362035.1192474966,-7.712805187308157
1,7,2026,24,2233.3182888304987,-1361759.3841460163,-7.711243780343706
1,7,2026,25,2230.159677547519,-1361509.4481551957,-7.709828466172099
1,7,2026,26,2227.2578792856734,-1361279.5211949723,-7.70852645726906
1,7,2026,27,2224.3332816206303,-1361047.4843992747,-7.707212500986866
1,7,2026,28,2222.128475599892,-1360872.3538943492,-7.706220788330007
1,7,2026,29,2220.3184601649505,-1360728.4521717054,-7.705405915103035
1,7,2026,30,2218.5143737115095,-1360584.9050400045,-7.7045930498205175
1,7,2026,31,2216.5946510791605,-1360432.0287441507,-7.703727356219071
1,7,2026,32,2215.093654353233,-1360312.4052473314,-7.7030499634604315
1,7,2026,33,2213.691325134102,-1360200.5718954995,-7.702416684006815
1,7,2026,34,2212.3577835963356,-1360094.1585070977,-7.7018140962156005
1,7,2026,35,2211.1002609527645,-1359993.752463923,-7.701245526257535
1,7,2026,36,2210.1524650739952,-1359918.0385980343,-7.700816780853451
1,7,2026,37,2209.2776838261802,-1359848.1286248073,-7.700420901190342
1,7,2026,38,2208.2662742195953,-1359767.2651980333,-7.699962995334118
1,7,2026,39,2207.3653316301475,-1359695.202547862,-7.6995549256931834
1,7,2026,40,2206.550885736136,-1359630.0330916438,-7.699185890186778
1,7,2026,41,2205.719129086664,-1359563.4536506743,-7.698808870350489
1,7,2026,42,2204.9587469190883,-1359502.5655361458,-7.698464078825701
1,7,2026,43,2204.2137203084185,-1359442.886659207,-7.698126134858529
1,7,2026,44,2203.4857901475084,-1359384.5577737195,-7.697795835496787
1,7,2026,45,2202.7002206419725,-1359321.588637877,-7.697439259758978
1,7,2026,46,2201.976922119367,-1359263.5911155574,-7.697110836809616
1,7,2026,47,2201.3622358567354,-1359214.287665301,-7.696831645839049
1,7,2026,48,2200.7022608747284,-1359161.336318072,-7.696531797898411
1,7,2026,49,2200.0140265154855,-1359106.1007375482,-7.69621901501494
1,7,2026,50,2199.437931612,-1359059.8518388509,-7.6959571210734845
1,7,2026,51,2199.0112014151805,-1359025.5861282176,-7.695763084409537
1,7,2026,52,2198.569841113777,-1358990.1386489903,-7.695562355736834
1,7,2026,53,2198.1303582034648,-1358954.8348794342,-7.695362440849826
1,7,2026,54,2197.7069289672254,-1358920.8140283923,-7.695169790753889
1,7,2026,55,2197.3580845001566,-1358892.7808412798,-7.695011047041688
1,7,2026,56,2196.9899632309407,-1358863.1937412769,-7.694843503976788
1,7,2026,57,2196.600131502557,-1358831.8562960722,-7.694666049220654
1,7,2026,58,2196.1842558448075,-1358798.4191229045,-7.694476704321237
1,7,2026,59,2195.719949818022,-1358761.080576816,-7.694265267091838
1,7,2026,60,2195.333938629986,-1358730.0323311568,-7.694089449987864
1,7,2026,61,2194.9011103995804,-1358695.2119318324,-7.693892272284632
1,7,2026,62,2194.4685736351944,-1358660.4081202988,-7.693695188513193
1,7,2026,63,2194.0439330404397,-1358626.2329954426,-7.693501664809918
1,7,2026,64,2193.5450876296227,-1358586.0774081976,-7.693274275503118
1,7,2026,65,2193.1643918066584,-1358555.4263707197,-7.693100707672513
1,7,2026,66,2192.739181794604,-1358521.1850629281,-7.692906809194696
1,7,2026,67,2192.362366436234,-1358490.8353294828,-7.6927349475604085
1,7,2026,68,2192.081226574481,-1358468.188162625,-7.692606703300368
1,7,2026,69,2191.8481767806534,-1358449.4126799277,-7.692500383251569
1,7,2026,70,2191.523061602056,-1358423.216682905,-7.692352043007719
1,7,2026,71,2191.144082691509,-1358392.6757361745,-7.692179098588709
1,7,2026,72,2190.8881314279233,-1358372.0462860544,-7.692062280066448
1,7,2026,73,2190.616841024963,-1358350.1778834015,-7.691938445719568
1,7,2026,74,2190.2894321585545,-1358323.7822301476,-7.69178897488107
1,7,2026,75,2190.016090622365,-1358301.742454587,-7.6916641700997035
1,7,2026,76,2189.7260735645236,-1358278.3551087263,-7.691531734423176
1,7,2026,77,2189.299960367046,-1358243.9871768393,-7.691337118910265
1,7,2026,78,2188.851954849811,-1358207.846317354,-7.691132463828635
1,7,2026,79,2188.4436602725095,-1358174.9025186559,-7.690945912764057
1,7,2026,80,2188.11593456372,-1358148.4550808126,-7.690796148684624
1,7,2026,81,2187.8286205552417,-1358125.2656050562,-7.690664833488432
1,7,2026,82,2187.6002876058105,-1358106.8343930517,-7.690560462943541
1,7,2026,83,2187.3956716561875,-1358090.316001094,-7.690466924137253
1,7,2026,84,2187.226747888337,-1358076.6778302926,-7.690389695178164
1,7,2026,85,2186.99885307325,-1358058.2769243114,-7.690285496247389
1,7,2026,86,2186.832425508272,-1358044.8378556543,-7.690209394745316
1,7,2026,87,2186.72306568758,-1358036.0064651675,-7.690159385172585
1,7,2026,88,2186.61781970399,-1358027.5068719655,-7.690111254470511
1,7,2026,89,2186.4372738482766,-1358012.9251600136,-7.690028682514772
1,7,2026,90,2186.189404549644,-1357992.9041364098,-7.689915309333328
1,7,2026,91,2185.961958255322,-1357974.530732745,-7.689811266140102
1,7,2026,92,2185.802277602706,-1357961.6303823788,-7.689738215241621
1,7,2026,93,2185.641087008663,-1357948.6070903433,-7.689664468160545
1,7,2026,94,2185.465539791933,-1357934.422771426,-7.689584146524944
1,7,2026,95,2185.31376742917,-1357922.158556394,-7.689514697874186
1,7,2026,96,2185.130162707657,-1357907.3209368165,-7.6894306767886595
1,7,2026,97,2185.0085814442673,-1357897.494923095,-7.689375034956425
1,7,2026,98,2184.931290249405,-1357891.248081414,-7.689339660925139
1,7,31415,1,4157.414517278506,-1471495.7556571565,-8.33264864976815
1,7,31415,2,3255.9374006061985,-1428333.8600776447,-8.088235501079565
1,7,31415,3,2915.5958911554276,-1408836.8227662598,-7.977829500244967
1,7,31415,4,2727.2857612954977,-1397046.1123149924,-7.911062166976184
1,7,31415,5,2613.8409772129103,-1389543.320262218,-7.868576057296499
1,7,31415,6,2540.709639494118,-1384532.0503967272,-7.840198706619291
1,7,31415,7,2487.551972929232,-1380798.0860832671,-7.819054362454371
1,7,31415,8,2448.4964386280744,-1378003.495600288,-7.803229416629603
1,7,31415,9,2417.6242672152957,-1375762.731872554,-7.790540629197786
1,7,31415,10,2394.282409081037,-1374049.4549099407,-7.780838844524394
1,7,31415,11,2374.2145564109055,-1372563.081605366,-7.772421948680963
1,7,31415,12,2356.381838207466,-1371231.6782504218,-7.764882602185928
1,7,31415,13,2341.61648992987,-1370121.639328714,-7.758596777516303
1,7,31415,14,2329.463145838645,-1369202.702955652,-7.7533931105000855
1,7,31415,15,2319.5554824766195,-1368450.0122514747,-7.749130843921507
1,7,31415,16,2310.861399755045,-1367786.8647693403,-7.745375634332651
1,7,31415,17,2302.982836036627,-1367183.7631636162,-7.741960446921278
1,7,31415,18,2295.843741174772,-1366635.4831580145,-7.738855698143847
1,7,31415,19,2289.736472448477,-1366165.092236519,-7.736192012392942
1,7,31415,20,2284.6427796682974,-1365771.8078562662,-7.733964958357963
1,7,31415,21,2280.197193241376,-1365427.8465597788,-7.732017206472354
1,7,31415,22,2276.2718637123016,-1365123.580337106,-7.730294236141126
1,7,31415,23,2272.862770144859,-1364858.903368583,-7.7287954481385714
1,7,31415,24,2269.394480038659,-1364589.222763408,-7.727268326009989
1,7,31415,25,2266.2411163015922,-1364343.671641111,-7.72587784206208
1,7,31415,26,2263.320979385317,-1364115.9769019107,-7.724588473571643
1,7,31415,27,2260.6442569655683,-1363907.003954747,-7.7234051210955466
1,7,31415,28,2257.900453754143,-1363692.5370080224,-7.722190657712167
1,7,31415,29,2255.397795275844,-1363496.6915343895,-7.721081642266382
1,7,31415,30,2253.2573914599684,-1363329.0218039704,-7.720132177786168
1,7,31415,31,2251.4071065087887,-1363183.9502945642,-7.719310680400038
1,7,31415,32,2249.8604795398733,-1363062.5955657125,-7.718623484182433
1,7,31415,33,2248.4653483764732,-1362953.056234862,-7.718003195096447
1,7,31415,34,2246.8787012670505,-1362828.3973130165,-7.717297288203543
1,7,31415,35,2245.320409890399,-1362705.880518192,-7.716603511547346
1,7,31415,36,2244.0869429792256,-1362608.8419364498,-7.716054010535181
1,7,31415,37,2242.7181098510882,-1362501.0914449159,-7.7154438511213055
1,7,31415,38,2241.474368848682,-1362403.130795254,-7.714889128709095
1,7,31415,39,2240.2274853766057,-1362304.868058146,-7.714332695664326
1,7,31415,40,2239.096750897156,-1362215.711337903,-7.713827827320878
1,7,31415,41,2238.050670761562,-1362133.1893829936,-7.713360529706522
1,7,31415,42,2237.1628250740378,-1362063.1197769085,-7.712963746089383
1,7,31415,43,2236.254218338964,-1361991.3828928117,-7.712557521166131
1,7,31415,44,2235.287719565226,-1361915.043281341,-7.712125232348443
1,7,31415,45,2234.297224590892,-1361836.7740574437,-7.711682016701834
1,7,31415,46,2233.4476408399955,-1361769.6120330966,-7.71130169786684
1,7,31415,47,2232.749626904445,-1361714.4129155707,-7.7109891214626245
1,7,31415,48,2232.144877459491,-1361666.5752235353,-7.710718230650731
1,7,31415,49,2231.459931156114,-1361612.3780382404,-7.710411327894721
1,7,31415,50,2230.8351642252305,-1361562.9281073168,-7.710131307447121
1,7,31415,51,2230.2184079383915,-1361514.0986285177,-7.709854800437827
1,7,31415,52,2229.643521884724,-1361468.5719149462,-7.709596996018813
1,7,31415,53,2229.0530238441866,-1361421.796625123,-7.709332121278882
1,7,31415,54,2228.447771390872,-1361373.8397285086,-7.70906055544644
1,7,31415,55,2227.8591418724327,-1361327.1874472331,-7.708796377267818
1,7,31415,56,2227.274810183524,-1361280.8636006447,-7.70853405891845
1,7,31415,57,2226.72131789674,-1361236.9733885364,-7.708285521526985
1,7,31415,58,2226.270630491113,-1361201.227223754,-7.7080831014856335
1,7,31415,59,2225.9201562746443,-1361173.4244422133,-7.707925662492572
1,7,31415,60,2225.5346266673696,-1361142.83569361,-7.707752447385585
1,7,31415,61,2225.048815219154,-1361104.282821454,-7.707534133784014
1,7,31415,62,2224.569215425349,-1361066.2146341482,-7.707318564810516
1,7,31415,63,2224.1853847605166,-1361035.7421991928,-7.707146008353583
1,7,31415,64,2223.644294217524,-1360992.7759209324,-7.706902702928369
1,7,31415,65,2223.04274447327,-1360944.996495369,-7.706632142062408
1,7,31415,66,2222.4238156371143,-1360895.8232002286,-7.706353688122069
1,7,31415,67,2221.9192754653695,-1360855.7278405116,-7.706126639866086
1,7,31415,68,2221.5023152010667,-1360822.5855065566,-7.705938964554608
1,7,31415,69,2220.977082166824,-1360780.8281928652,-7.705702505140975
1,7,31415,70,2220.345589119821,-1360730.6098718166,-7.705418133525582
1,7,31415,71,2219.806972726173,-1360687.7661079767,-7.705175521863578
1,7,31415,72,2219.426372614036,-1360657.4853404933,-7.705004050763295
1,7,31415,73,2219.0015121268652,-1360623.6770574485,-7.704812604377547
1,7,31415,74,2218.5486026554,-1360587.629646867,-7.704608478469637
1,7,31415,75,2218.045016744682,-1360547.5402186578,-7.704381463802042
1,7,31415,76,2217.658143529739,-1360516.7358630802,-7.70420702777603
1,7,31415,77,2217.160478296926,-1360477.1019109453,-7.703982592335783
1,7,31415,78,2216.6963923706103,-1360440.1341906234,-7.70377325498388
1,7,31415,79,2216.3209449005285,-1360410.2214852825,-7.703603868111502
1,7,31415,80,2216.035283056209,-1360387.4587987063,-7.7034749696971945
1,7,31415,81,2215.8434510280185,-1360372.1712029756,-7.703388400528758
1,7,31415,82,2215.65260375156,-1360356.9607713094,-7.703302268317777
1,7,31415,83,2215.4637293213077,-1360341.906284517,-7.703217019176852
1,7,31415,84,2215.254289099645,-1360325.2110733218,-7.70312247909511
1,7,31415,85,2215.089757163606,-1360312.0945512536,-7.7030482040797175
1,7,31415,86,2214.898199559259,-1360296.8223094626,-7.702961721856137
1,7,31415,87,2214.6338818329386,-1360275.746979717,-7.702842378448401
1,7,31415,88,2214.3157227864567,-1360250.375284951,-7.702698705986336
1,7,31415,89,2213.978542220831,-1360223.4827338431,-7.702546421361106
1,7,31415,90,2213.6427381188087,-1360196.695894612,-7.702394735351213
1,7,31415,91,2213.3926565438273,-1360176.7444364636,-7.702281756098529
1,7,31415,92,2213.1689320706187,-1360158.8938321674,-7.702180673364709
1,7,31415,93,2212.9048349460463,-1360137.8196385922,-7.7020613363907735
1,7,31415,94,2212.6125043891225,-1360114.4895650726,-7.701929225030707
1,7,31415,95,2212.352866295987,-1360093.7659997423,-7.701811873561629
1,7,31415,96,2212.1525542489067,-1360077.7760066001,-7.7017213269227724
1,7,31415,97,2212.007377378299,-1360066.1862970537,-7.7016556977986435
1,7,31415,98,2211.7968869289894,-1360049.381145554,-7.701560535157219
1,7,31415,99,2211.542765896814,-1360029.090481428,-7.701445635080625
1,7,31415,100,2211.3458819655357,-1360013.3683940088,-7.701356605513261
1,7,31415,101,2211.1099916224875,-1359994.5296218558,-7.701249927074849
1,7,31415,102,2210.872748787414,-1359975.5808092002,-7.701142625509362
1,7,31415,103,2210.7421382420384,-1359965.1479518637,-7.701083547299816
1,7,31415,104,2210.510052956023,-1359946.6080146406,-7.700978561075917
1,7,31415,105,2210.2653736804064,-1359927.059909219,-7.700867865891361
1,7,31415,106,2210.0885046868325,-1359912.9280075987,-7.700787841079531
1,7,31415,107,2209.9238210579847,-1359899.768704582,-7.7007133238081815
1,7,31415,108,2209.7265693827007,-1359884.0057100956,-7.700624062596099
1,7,31415,109,2209.538880101002,-1359869.0055697279,-7.70053912120303
1,7,31415,110,2209.3272369040624,-1359852.0895022303,-7.700443330476858
1,7,31415,111,2209.0565002886424,-1359830.447895359,-7.700320780407936
1,7,31415,112,2208.79848899983,-1359809.8210320063,-7.700203976533779
1,7,31415,113,2208.5455637992022,-1359789.5984401526,-7.700089461930488
1,7,31415,114,2208.2350403073556,-1359764.7674193142,-7.699948851146212
1,7,31415,115,2207.964442006089,-1359743.1261702424,-7.6998263031034035
1,7,31415,116,2207.7859696858504,-1359728.851295986,-7.699745468679491
1,7,31415,117,2207.5994113739816,-1359713.9284406959,-7.699660964929136
1,7,31415,118,2207.4273446217467,-1359700.1636516068,-7.69958301896784
1,7,31415,119,2207.297268168712,-1359689.757239806,-7.699524090511603
1,7,31415,120,2207.116026568931,-1359675.2564774384,-7.699441976949604
1,7,31415,121,2206.909957897032,-1359658.7679061433,-7.699348607008977
1,7,31415,122,2206.63223575416,-1359636.543551187,-7.699222757008658
1,7,31415,123,2206.4529718378317,-1359622.1967028629,-7.699141515016721
1,7,31415,124,2206.2454294473614,-1359605.5852159236,-7.699047449040871
1,7,31415,125,2206.019504909069,-1359587.5006636388,-7.698945041528244
1,7,31415,126,2205.8553156382854,-1359574.3566641929,-7.698870610916526
1,7,31415,127,2205.7500782907337,-1359565.9314844692,-7.6988229015961425
1,7,31415,128,2205.62894516168,-1359556.2332093113,-7.698767983109909
1,7,31415,129,2205.4666306193967,-1359543.2369938358,-7.698694389355447
1,7,31415,130,2205.2101116023364,-1359522.6960555639,-7.698578072049808
1,7,31415,131,2204.977352060662,-1359504.0556059778,-7.6984725166538945
1,7,31415,132,2204.7905300371317,-1359489.092619569,-7.698387785652791
1,7,31415,133,2204.6334564552667,-1359476.5112700718,-7.698316541162621
1,7,31415,134,2204.438449830602,-1359460.8902955763,-7.698228084168071
1,7,31415,135,2204.246905810619,-1359445.5453471586,-7.698141190228199
1,7,31415,136,2204.022981839896,-1359427.604689836,-7.698039597550517
1,7,31415,137,2203.789629158332,-1359408.9066701499,-7.69793371615202
1,7,31415,138,2203.5091832691724,-1359386.4325591242,-7.697806451856372
1,7,31415,139,2203.212149471516,-1359362.6260224353,-7.697671642425197
1,7,31415,140,2202.9197725387103,-1359339.189587457,-7.697538928771403
1,7,31415,141,2202.6792962344784,-1359319.9110866908,-7.697429760278893
1,7,31415,142,2202.480619290183,-1359303.9819685668,-7.697339558357401
1,7,31415,143,2202.2907791703014,-1359288.7600089605,-7.697253360867077
1,7,31415,144,2202.117556785692,-1359274.869365101,-7.697174702227148
1,7,31415,145,2201.8869358809925,-1359256.3742576824,-7.6970699698612774
1,7,31415,146,2201.5241926809153,-1359227.2794169106,-7.696905214315948
1,7,31415,147,2201.1874341801517,-1359200.2644607471,-7.696752236546809
1,7,31415,148,2200.952176818794,-1359181.389530744,-7.696645353357101
1,7,31415,149,2200.7813824743353,-1359167.68526806,-7.696567750139076
1,7,31415,150,2200.5957719781545,-1359152.7909752822,-7.696483408129847
1,7,31415,151,2200.342293732834,-1359132.4486134334,-7.696368215304219
1,7,31415,152,2200.0222704168636,-1359106.762470053,-7.696222762211927
1,7,31415,153,2199.808726193236,-1359089.6206167927,-7.696125692927239
1,7,31415,154,2199.613891711067,-1359073.979200382,-7.696037120176122
1,7,31415,155,2199.454563091679,-1359061.1871838388,-7.69596468274029
1,7,31415,156,2199.2539211147373,-1359045.0769235531,-7.695873455063893
1,7,31415,157,2199.022466629141,-1359026.4907912305,-7.695768207250702
1,7,31415,158,2198.8367878782597,-1359011.579102859,-7.69568376673533
1,7,31415,159,2198.6600351209954,-1358997.383082855,-7.69560337883991
1,7,31415,160,2198.411692214099,-1358977.4353221331,-7.695490420524667
1,7,31415,161,2198.1974182660992,-1358960.2222869725,-7.695392948157766
1,7,31415,162,2197.925655692019,-1358938.3886670938,-7.6952693107755294
1,7,31415,163,2197.6569024334703,-1358916.7941628972,-7.6951470274352305
1,7,31415,164,2197.4135331870984,-1358897.2370024978,-7.695036280974993
1,7,31415,165,2197.2273491844007,-1358882.2737876768,-7.694951548680458
1,7,31415,166,2196.9862612129114,-1358862.8961729067,-7.69484181893443
1,7,31415,167,2196.767495288763,-1358845.310868048,-7.694742238513472
1,7,31415,168,2196.612166595738,-1358832.8238456014,-7.694671528169708
1,7,31415,169,2196.3693789117797,-1358813.304142247,-7.694560993817723
1,7,31415,170,2196.1548196633844,-1358796.052159456,-7.694463300901821
1,7,31415,171,2195.958065278176,-1358780.230323891,-7.694373706489976
1,7,31415,172,2195.7135812134566,-1358760.5683717027,-7.6942623666245895
1,7,31415,173,2195.4516942333585,-1358739.5044096257,-7.694143087588625
1,7,31415,174,2195.287399527686,-1358726.2886577225,-7.694068250663797
1,7,31415,175,2195.1270261406676,-1358713.3873799962,-7.693995194513948
1,7,31415,176,2194.9737538137197,-1358701.0564679408,-7.693925368177519
1,7,31415,177,2194.815412214666,-1358688.316823599,-7.693853227310095
1,7,31415,178,2194.6610466889856,-1358675.8961962606,-7.6937828929423455
1,7,31415,179,2194.468415710487,-1358660.395411729,-7.693695116548292
1,7,31415,180,2194.272844820794,-1358644.6566640257,-7.693605992638627
1,7,31415,181,2194.0453557723245,-1358626.3475081145,-7.6935023132615745
1,7,31415,182,2193.773518855946,-1358604.4665828329,-7.693378408002723
1,7,31415,183,2193.5675979359103,-1358587.8896183292,-7.693284537517295
1,7,31415,184,2193.404323352934,-1358574.7446462451,-7.693210101397812
1,7,31415,185,2193.2040894686374,-1358558.6228048312,-7.693118808140884
1,7,31415,186,2193.016680565996,-1358543.5322339237,-7.693033354666205
1,7,31415,187,2192.8552411737446,-1358530.5317502995,-7.692959736742469
1,7,31415,188,2192.7270733196747,-1358520.2098945435,-7.6929012871023
1,7,31415,189,2192.6214554754984,-1358511.7036253358,-7.6928531185959645
1,7,31415,190,2192.5346076380306,-1358504.7087513604,-7.6928135086773075
1,8,11,1,4390.885906929995,-1481144.434537007,-8.387286286833115
1,8,11,2,3339.5949436528945,-1432813.9268036664,-8.113604804260996
1,8,11,3,2969.444981669895,-1412068.6411692202,-7.996130339474842
1,8,11,4,2780.72637805702,-1400472.9705651994,-7.930467459626032
1,8,11,5,2662.1311442346196,-1392776.086359961,-7.886882263043823
1,8,11,6,2577.147532848317,-1387046.7052035313,-7.854438458857783
1,8,11,7,2511.9406077524973,-1382521.0292310745,-7.828810883897949
1,8,11,8,2462.1713103006027,-1378987.0304896017,-7.808798886086739
1,8,11,9,2422.0645095717728,-1376086.769394334,-7.792375558593916
1,8,11,10,2390.640876380231,-1373780.6635786886,-7.779316758093076
1,8,11,11,2365.4003411400167,-1371906.2605937026,-7.768702564037864
1,8,11,12,2344.3635365009213,-1370328.6875854302,-7.7597692310352
1,8,11,13,2326.891400977323,-1369007.634150795,-7.752288493101662
1,8,11,14,2312.543651516435,-1367915.3742022654,-7.746103345539856
1,8,11,15,2301.18713761417,-1367046.0143032966,-7.741180415548074
1,8,11,16,2291.5540404215944,-1366305.2150314318,-7.7369854866611085
1,8,11,17,2282.8232121824935,-1365631.1063302297,-7.7331682069052725
1,8,11,18,2275.2887020758976,-1365047.2898225847,-7.729862225345055
1,8,11,19,2268.2650402054146,-1364501.3129935625,-7.726770518780721
1,8,11,20,2261.8282928864955,-1363999.4726836968,-7.723928744372384
1,8,11,21,2256.0781736451245,-1363549.9560267567,-7.721383263456044
1,8,11,22,2250.896114049854,-1363143.864943463,-7.719083688819908
1,8,11,23,2246.254473944688,-1362779.3291923194,-7.717019429835212
1,8,11,24,2242.059903871565,-1362449.2560019009,-7.715150322218767
1,8,11,25,2238.0610455486776,-1362134.0080065096,-7.7133651653312665
1,8,11,26,2234.2080724496395,-1361829.7275252421,-7.711642114257801
1,8,11,27,2230.7013134544113,-1361552.3320971094,-7.710071305350745
1,8,11,28,2227.2954109184643,-1361282.4969641368,-7.708543308176591
1,8,11,29,2224.4920044827813,-1361060.085256053,-7.707283855941045
1,8,11,30,2222.202866991812,-1360878.2657278527,-7.706254265308293
1,8,11,31,2219.815770553056,-1360688.4660068331,-7.705179485185415
1,8,11,32,2217.5005408341185,-1360504.1853807084,-7.704135958077332
1,8,11,33,2214.9514175520376,-1360301.0653330546,-7.702985748853611
1,8,11,34,2212.670165340146,-1360119.0915662309,-7.7019552848127955
1,8,11,35,2210.594268822887,-1359953.3357531023,-7.701016658284553
1,8,11,36,2208.7968408287975,-1359809.6892602646,-7.700203230349075
1,8,11,37,2207.221328787453,-1359683.6816332361,-7.699489686134501
1,8,11,38,2205.6390245315874,-1359557.0402136745,-7.6987725529388005
1,8,11,39,2204.102464821624,-1359433.9730284174,-7.698075659583097
1,8,11,40,2202.842196180868,-1359332.970677114,-7.6975037129070865
1,8,11,41,2201.586175498552,-1359232.2512630753,-7.696933368421777
1,8,11,42,2200.509686885742,-1359145.8826605629,-7.696444288370856
1,8,11,43,2199.6009349256997,-1359072.9389735938,-7.696031229677077
1,8,11,44,2198.651916164327,-1358996.730975818,-7.695599686149121
1,8,11,45,2197.7436314080014,-1358923.7631826315,-7.695186490948908
1,8,11,46,2197.0516216992114,-1358868.149777917,-7.694871568557918
1,8,11,47,2196.2716478497796,-1358805.446127417,-7.694516496185697
1,8,11,48,2195.499745516424,-1358743.3694345062,-7.694164974090321
1,8,11,49,2194.7444023680755,-1358682.6033063536,-7.6938208733385824
1,8,11,50,2193.9158491511052,-1358615.9234905783,-7.693443285109224
1,8,11,51,2193.1625239602217,-1358555.2759713172,-7.693099856004832
1,8,11,52,2192.628685769843,-1358512.2859531657,-7.69285641614758
1,8,11,53,2192.045007913815,-1358465.2703642682,-7.692590180664508
1,8,11,54,2191.493788792956,-1358420.857849879,-7.692338685628498
1,8,11,55,2190.9282899801956,-1358375.2831899764,-7.69208060970348
1,8,11,56,2190.301546050628,-1358324.7589205839,-7.691794505592398
1,8,11,57,2189.7838980447737,-1358283.0183958667,-7.691558141249797
1,8,11,58,2189.3571615731908,-1358248.6010981933,-7.691363246192925
1,8,11,59,2188.9947443380656,-1358219.3660295003,-7.691197696578028
1,8,11,60,2188.6284783513183,-1358189.8155759668,-7.691030361031331
1,8,11,61,2188.2377611339593,-1358158.2869375802,-7.690851823604314
1,8,11,62,2187.734267593564,-1358117.6495943426,-7.6906217062547
1,8,11,63,2187.308618198489,-1358083.2878148248,-7.690427125580851
1,8,11,64,2186.9055942185096,-1358050.7463737954,-7.690242852949678
1,8,11,65,2186.5252270656865,-1358020.028815933,-7.6900689084336555
1,8,11,66,2186.1692923261103,-1357991.2795222146,-7.689906109619888
1,8,11,67,2185.7124307906,-1357954.3713845268,-7.689697109666958
1,8,11,68,2185.3209778097457,-1357922.7412223094,-7.68951799734028
1,8,11,69,2184.9350863703853,-1357891.5548972893,-7.689341398333404
1,8,11,70,2184.57848650351,-1357862.7309122023,-7.689178176564336
1,8,11,71,2184.2549291294454,-1357836.5736818463,-7.689030055844741
1,8,11,72,2183.947463445235,-1357811.7137553834,-7.6888892813763965
1,8,11,73,2183.6861207757524,-1357790.5803216647,-7.688769608942913
1,8,11,74,2183.473880587656,-1357773.415691198,-7.688672410677588
1,8,11,75,2183.2983892243906,-1357759.221810727,-7.688592034897714
1,8,11,76,2183.141735098477,-1357746.550537133,-7.688520281193772
1,8,11,77,2182.933016168672,-1357729.6664878128,-7.688424671777143
1,8,11,78,2182.8420910689183,-1357722.310714016,-7.688383018188704
1,8,42,1,4424.803563339436,-1482503.303673825,-8.394981163990991
1,8,42,2,3356.068761631178,-1433682.9021316674,-8.118525556540241
1,8,42,3,2968.0049709149425,-1411982.982421348,-7.9956452791224395
1,8,42,4,2756.261408419828,-1398912.4126841729,-7.921630478295825
1,8,42,5,2626.3504978079045,-1390386.4613905337,-7.873350518084044
1,8,42,6,2536.7900022322133,-1384259.4025940814,-7.8386547821221635
1,8,42,7,2471.8225402078,-1379677.891289029,-7.812711028058875
1,8,42,8,2422.8385595871105,-1376143.1967728059,-7.792695090279431
1,8,42,9,2385.271005533207,-1373383.5509872448,-7.777068026021523
1,8,42,10,2355.8661730827657,-1371193.0286007528,-7.7646637405617
1,8,42,11,2331.8366238362664,-1369382.5420693958,-7.754411486626928
1,8,42,12,2313.090997297026,-1367957.166513404,-7.746340003133765
1,8,42,13,2297.326597843505,-1366749.5061880038,-7.739501377102301
1,8,42,14,2283.811388992667,-1365707.5328953394,-7.733600988115901
1,8,42,15,2271.864027346062,-1364781.2872668856,-7.728355930931321
1,8,42,16,2261.0778770708116,-1363940.8736649281,-7.7235969153251425
1,8,42,17,2251.6115955837427,-1363199.9891103527,-7.719401503507212
1,8,42,18,2243.3383873113585,-1362549.925996414,-7.715720386855804
1,8,42,19,2236.3896562275986,-1362002.0779175817,-7.712618083952918
1,8,42,20,2229.9992942826752,-1361496.74783556,-7.709756547988946
1,8,42,21,2224.5424239836752,-1361064.0878240187,-7.707306521308871
1,8,42,22,2219.907549586203,-1360695.7671945032,-7.705220829668637
1,8,42,23,2215.721435834455,-1360362.4468046431,-7.703333334114654
1,8,42,24,2211.392339141905,-1360017.078339384,-7.701377613845226
1,8,42,25,2207.640691203717,-1359717.230535297,-7.699679663721853
1,8,42,26,2204.547283599139,-1359469.6085775972,-7.698277453240751
1,8,42,27,2201.412869780917,-1359218.3494885797,-7.696854646752323
1,8,42,28,2198.684202760178,-1358999.3241908706,-7.695614370764979
1,8,42,29,2196.260598434991,-1358804.5576830092,-7.694511465185732
1,8,42,30,2194.3391423931484,-1358649.9921794585,-7.6936362060968015
1,8,42,31,2192.560143795472,-1358506.765506091,-7.692825155475787
1,8,42,32,2190.819508132513,-1358366.5148981903,-7.692030957440175
1,8,42,33,2189.1022403019165,-1358228.0378987214,-7.691246802828643
1,8,42,34,2187.3922187608678,-1358090.037239878,-7.69046534559429
1,8,42,35,2185.7630711355982,-1357958.4628090726,-7.689720278203521
1,8,42,36,2184.3561345018957,-1357844.755807142,-7.689076388819224
1,8,42,37,2183.120970284573,-1357744.870866534,-7.6885107697120745
1,8,42,38,2181.8891852217457,-1357645.2028935354,-7.687946379228826
1,8,42,39,2180.7039751578527,-1357549.250333451,-7.687403028038614
1,8,42,40,2179.5162157239497,-1357453.0390480221,-7.686858211762699
1,8,42,41,2178.4786833060793,-1357368.9535878468,-7.686382060476839
1,8,42,42,2177.611942136383,-1357298.6789745286,-7.6859841159638975
1,8,42,43,2176.6577509327426,-1357221.2816353692,-7.685545837544702
1,8,42,44,2175.992607297506,-1357167.3097486482,-7.685240210588401
1,8,42,45,2175.2234303182377,-1357104.8756889657,-7.684886664829868
1,8,42,46,2174.6251741572923,-1357056.299998748,-7.684611594950837
1,8,42,47,2174.081188758983,-1357012.1192470887,-7.684361412319154
1,8,42,48,2173.5688773263273,-1356970.5008444197,-7.684125739517875
1,8,42,49,2173.0710932947063,-1356930.0532001434,-7.683896696377812
1,8,42,50,2172.71504352748,-1356901.1165471398,-7.683732836603395
1,8,42,51,2172.227104842992,-1356861.453397911,-7.683508235828573
1,8,42,52,2171.6708777551753,-1356816.2284099965,-7.683252139993411
1,8,42,53,2171.181866490683,-1356776.4589493712,-7.683026937208349
1,8,42,54,2170.815388713983,-1356746.6488077021,-7.682858131123946
1,8,42,55,2170.4729297851245,-1356718.7878651563,-7.68270036278218
1,8,42,56,2169.9718379884857,-1356678.0133317325,-7.682469468564801
1,8,42,57,2169.523335924491,-1356641.5101116127,-7.682262761541234
1,8,42,58,2169.098859279727,-1356606.9553495375,-7.682067088063794
1,8,42,59,2168.7040047374385,-1356574.8059202437,-7.681885035280042
1,8,42,60,2168.4369966960935,-1356553.0625560796,-7.681761908989431
1,8,42,61,2168.073167328978,-1356523.430395205,-7.681594110758039
1,8,42,62,2167.8604381465716,-1356506.1023174778,-7.681495986938842
1,8,42,63,2167.673884210767,-1356490.9049723248,-7.681409928832943
1,8,42,64,2167.553713184908,-1356481.1147217928,-7.681354489517156
1,8,42,65,2167.3841156814833,-1356467.2968066495,-7.6812762427186065
1,8,42,66,2167.2426655523313,-1356455.7713649555,-7.681210977524466
1,8,42,67,2167.023127379432,-1356437.8817725815,-7.681109674012602
1,8,42,68,2166.901199610016,-1356427.9454142635,-7.6810534073313
1,8,42,69,2166.7535827984843,-1356415.914809827,-7.68098528154879
1,8,42,70,2166.6464704425834,-1356407.1847599128,-7.680935845837983
1,8,42,71,2166.473568506179,-1356393.0917071935,-7.68085604101608
1,8,42,72,2166.262026915954,-1356375.8476475037,-7.680758392966373
1,8,42,73,2166.099595599889,-1356362.6057261953,-7.680683407851882
1,8,42,74,2165.971413144849,-1356352.155180751,-7.680624229479774
1,8,42,75,2165.874346459993,-1356344.2410512555,-7.680579414086863
1,8,97,1,4350.608094577874,-1479517.0536041392,-8.378070906169741
1,8,97,2,3296.5671789997696,-1430523.882825487,-8.100636957232336
1,8,97,3,2952.648074059649,-1411066.8868810758,-7.990457698908659
1,8,97,4,2776.615861984123,-1400211.7332411695,-7.928988149320869
1,8,97,5,2666.4956654992275,-1393065.372312264,-7.88852040449995
1,8,97,6,2588.739467622862,-1387839.2388246646,-7.858926344183067
1,8,97,7,2529.200781822519,-1383730.3010426827,-7.835658635302914
1,8,97,8,2481.629395448072,-1380377.1345963257,-7.816670637713205
1,8,97,9,2442.8641701593647,-1377596.8090616737,-7.8009264701047245
1,8,97,10,2412.047928684179,-1375354.9408986697,-7.788231428580074
1,8,97,11,2388.2045066954365,-1373600.5998725402,-7.778297110165353
1,8,97,12,2367.4424870895864,-1372058.6555737546,-7.769565532089168
1,8,97,13,2350.1606905320023,-1370764.8310963933,-7.762238983750259
1,8,97,14,2335.151448985315,-1369633.4012195265,-7.755832028378804
1,8,97,15,2322.163985413488,-1368648.4930167652,-7.750254782250615
1,8,97,16,2310.674955762072,-1367772.6163082311,-7.745294949478641
1,8,97,17,2301.0516278569416,-1367035.6149253875,-7.741121526922702
1,8,97,18,2292.486345173279,-1366377.0466095768,-7.737392247808968
1,8,97,19,2284.984411294945,-1365798.2126779584,-7.734114481114638
1,8,97,20,2278.577140995257,-1365302.3340876014,-7.731306466174397
1,8,97,21,2272.966639442312,-1364866.973488715,-7.72884114686068
1,8,97,22,2267.699069001724,-1364457.2442501348,-7.726520970418784
1,8,97,23,2262.649131915973,-1364063.5487020088,-7.724291588060799
1,8,97,24,2257.694761535543,-1363676.4487583255,-7.7220995546752755
1,8,97,25,2253.403427902008,-1363340.466712069,-7.72019698694219
1,8,97,26,2249.7239129470618,-1363051.8759797264,-7.718562782312686
1,8,97,27,2246.200349405096,-1362775.0740270163,-7.716995334082791
1,8,97,28,2242.948018590295,-1362519.1937747658,-7.715546359303067
1,8,97,29,2240.0303017856827,-1362289.3236672953,-7.714244672340483
1,8,97,30,2237.2520843485813,-1362070.165458925,-7.713003643719068
1,8,97,31,2234.5619028899537,-1361857.6924163653,-7.711800471229856
1,8,97,32,2232.134020730507,-1361665.716301751,-7.71071336682872
1,8,97,33,2230.1078530390187,-1361505.3444115561,-7.7098052278761235
1,8,97,34,2228.056193893615,-1361342.806327768,-7.708884822404883
1,8,97,35,2226.1307661439128,-1361190.1324448527,-7.70802027500851
1,8,97,36,2224.3724278057616,-1361050.5922611423,-7.707230099896612
1,8,97,37,2222.5156497889066,-1360903.1201995825,-7.7063950088880855
1,8,97,38,2220.8142425486963,-1360767.8800386481,-7.705629183543315
1,8,97,39,2219.411079242206,-1360656.2684823703,-7.704997160052835
1,8,97,40,2218.0975534221116,-1360551.7229796343,-7.704405149550009
1,8,97,41,2216.8781372696735,-1360454.6123767952,-7.703855240703507
1,8,97,42,2215.641607547613,-1360356.084339483,-7.703297305341534
1,8,97,43,2214.6536588482154,-1360277.3239837852,-7.702851308559664
1,8,97,44,2213.698016680793,-1360201.10570308,-7.702419706802496
1,8,97,45,2212.707561057631,-1360122.0761066438,-7.701972185389333
1,8,97,46,2211.8065961026573,-1360050.1563424363,-7.701564924869681
1,8,97,47,2211.0598576117145,-1359990.5255397873,-7.701227253133103
1,8,97,48,2210.3202896864404,-1359931.4474894668,-7.700892711470757
1,8,97,49,2209.6370912272955,-1359876.8547686518,-7.700583568913167
1,8,97,50,2208.911426029095,-1359818.8501453404,-7.700255105752973
1,8,97,51,2208.1685436973526,-1359759.4495618655,-7.69991873768002
1,8,97,52,2207.420443574124,-1359699.6115675203,-7.6995798926776695
1,8,97,53,2206.8798460124444,-1359656.3583767442,-7.699334962551073
1,8,97,54,2206.3400986570814,-1359613.1626393264,-7.699090357765986
1,8,97,55,2205.695888310923,-1359561.592940886,-7.698798333696989
1,8,97,56,2205.1673415147,-1359519.2709787143,-7.698558676844708
1,8,97,57,2204.709220202143,-1359482.5799402108,-7.69835090626075
1,8,97,58,2204.228551208483,-1359444.0748557649,-7.698132863266956
1,8,97,59,2203.7118346595116,-1359402.6727338308,-7.697898415200011
1,8,97,60,2203.3078984723306,-1359370.3004225825,-7.697715100301157
1,8,97,61,2202.965951707406,-1359342.8914374947,-7.6975598912618475
1,8,97,62,2202.5663226592383,-1359310.853496138,-7.697378469801567
1,8,97,63,2202.2213272436884,-1359283.1908139018,-7.697221824149755
1,8,97,64,2201.8533198256687,-1359253.6781887368,-7.6970547028140075
1,8,97,65,2201.640583157299,-1359236.6153654102,-7.6969580810526415
1,8,97,66,2201.4569176837335,-1359221.8829091557,-7.696874655476153
1,8,97,67,2201.2919893773555,-1359208.652379791,-7.696799734870896
1,8,97,68,2201.049476885362,-1359189.1962556432,-7.6966895605493
1,8,97,69,2200.779339530917,-1359167.521339139,-7.696566821857702
1,8,97,70,2200.5530658065977,-1359149.363845713,-7.696464001300797
1,8,97,71,2200.352023665828,-1359133.2295119294,-7.696372637303246
1,8,97,72,2200.079008465535,-1359111.3167283905,-7.696248551640433
1,8,97,73,2199.773769581911,-1359086.8143833256,-7.696109802050612
1,8,97,74,2199.588669858587,-1359071.9542752942,-7.696025653619569
1,8,97,75,2199.2864473951554,-1359047.68867449,-7.695888244643023
1,8,97,76,2199.0741440440584,-1359030.6407325428,-7.695791707150542
1,8,97,77,2198.9310958697074,-1359019.1530475894,-7.695726655761743
1,8,97,78,2198.7533711847072,-1359004.879575595,-7.69564582927843
1,8,97,79,2198.529727779427,-1358986.9166277214,-7.695544110375899
1,8,97,80,2198.331518904112,-1358970.9950435788,-7.695453951117132
1,8,97,81,2198.1623722299655,-1358957.4068123526,-7.695377004951202
1,8,97,82,2197.9144867674845,-1358937.4912891204,-7.695264229187404
1,8,97,83,2197.7010849803705,-1358920.344441491,-7.695167131621068
1,8,97,84,2197.5487146276796,-1358908.1004547777,-7.695097797517343
1,8,97,85,2197.3803602718144,-1358894.5710582265,-7.695021184514913
1,8,97,86,2197.2901719739248,-1358887.3228642321,-7.694980140119325
1,8,2026,1,4243.543310752343,-1475116.8572970724,-8.353153885732654
1,8,2026,2,3254.8232560728216,-1428273.4212896065,-8.087893253958836
1,8,2026,3,2881.8487958628643,-1406780.8818540426,-7.966187310180655
1,8,2026,4,2691.554637561543,-1394717.2031564834,-7.897874237836412
1,8,2026,5,2577.3320824109824,-1387059.350649014,-7.8545100663047105
1,8,2026,6,2500.653495270584,-1381725.7365464894,-7.824307374805993
1,8,2026,7,2445.854487735887,-1377812.8461237021,-7.802149824590315
1,8,2026,8,2405.5357808697067,-1374877.5202658717,-7.78552793563695
1,8,2026,9,2374.926206306074,-1372616.0061695375,-7.772721644957006
1,8,2026,10,2350.4015859076667,-1370782.931347174,-7.762341480158862
1,8,2026,11,2330.3674606984546,-1369271.2447520574,-7.753781242579348
1,8,2026,12,2313.8216359909165,-1368012.9386538388,-7.746655824398557
1,8,2026,13,2300.5420105661115,-1366996.500060714,-7.740900030922421
1,8,2026,14,2288.9013568262453,-1366100.6728981365,-7.735827224583715
1,8,2026,15,2279.182737094039,-1365349.2626845255,-7.73157220904745
1,8,2026,16,2271.158818835579,-1364726.4622761616,-7.728045473097397
1,8,2026,17,2263.704354836911,-1364145.8869641093,-7.724757845476683
1,8,2026,18,2256.9054179403834,-1363614.6965150605,-7.721749869843032
1,8,2026,19,2250.517500061928,-1363114.158293742,-7.718915468780038
1,8,2026,20,2244.6781998374804,-1362655.3636014995,-7.716317449072446
1,8,2026,21,2239.406518187448,-1362240.1405016938,-7.713966162506619
1,8,2026,22,2234.7156679840245,-1361869.84381784,-7.711869281050546
1,8,2026,23,2230.5972947221944,-1361544.0972374356,-7.710024673756955
1,8,2026,24,2226.561576615851,-1361224.304374491,-7.708213780618204
1,8,2026,25,2222.583786657504,-1360908.5340547038,-7.706425665960926
1,8,2026,26,2218.9966494961104,-1360623.2900760283,-7.704810413015325
1,8,2026,27,2215.9174623162507,-1360378.0695127854,-7.703421800926336
1,8,2026,28,2213.385981131396,-1360176.2118425034,-7.702278740175223
1,8,2026,29,2211.354490626911,-1360014.0558644766,-7.70136049845678
1,8,2026,30,2209.1842240493347,-1359840.6579546153,-7.700378596977334
1,8,2026,31,2207.173315931891,-1359679.8402085798,-7.699467933273949
1,8,2026,32,2205.1525682000024,-1359518.0878995776,-7.698551977414734
1,8,2026,33,2202.9978066687436,-1359345.4449741787,-7.697574351190746
1,8,2026,34,2201.216803338835,-1359202.6206356592,-7.69676557887391
1,8,2026,35,2199.379368728584,-1359055.1497322943,-7.695930494423901
1,8,2026,36,2197.890484892604,-1358935.5628199913,-7.6952533088326405
1,8,2026,37,2196.540818986553,-1358827.0878469967,-7.6946390468928545
1,8,2026,38,2195.3191193814505,-1358728.8402577494,-7.694082699625975
1,8,2026,39,2194.300697611827,-1358646.898228731,-7.69361868596176
1,8,2026,40,2193.3071641935417,-1358566.922055384,-7.693165804361326
1,8,2026,41,2192.4816406002074,-1358500.4425591512,-7.6927893504827525
1,8,2026,42,2191.5776801414677,-1358427.6178166766,-7.692376965336742
1,8,2026,43,2190.491309297759,-1358340.0580009064,-7.691881139794706
1,8,2026,44,2189.325226498466,-1358246.0251896956,-7.69134865957901
1,8,2026,45,2188.3091913755356,-1358164.051368863,-7.6908844658870805
1,8,2026,46,2187.3329356144172,-1358085.251088705,-7.690438243024706
1,8,2026,47,2186.505355046249,-1358018.4238514423,-7.690059819990726
1,8,2026,48,2185.600041340839,-1357945.2906781614,-7.689645688291569
1,8,2026,49,2184.793431053783,-1357880.1054541995,-7.689276563497058
1,8,2026,50,2184.0586956033894,-1357820.7077590665,-7.688940211779939
1,8,2026,51,2183.432143316779,-1357770.040051066,-7.688653295418112
1,8,2026,52,2182.969693859495,-1357732.633599342,-7.688441473659026
1,8,2026,53,2182.4304483961005,-1357689.005290026,-7.688194419346218
1,8,2026,54,2181.8087679119535,-1357638.6940954656,-7.687909521815382
1,8,2026,55,2181.205084675025,-1357589.825656435,-7.687632794185731
1,8,2026,56,2180.6519445457707,-1357545.0368300912,-7.687379168205552
1,8,2026,57,2180.0768740363956,-1357498.4602112065,-7.687115418480846
1,8,2026,58,2179.526045643907,-1357453.835509621,-7.686862721891011
1,8,2026,59,2178.8373775472146,-1357398.028022695,-7.68654670046941
1,8,2026,60,2178.2354386314014,-1357349.2343458114,-7.686270396195859
1,8,2026,61,2177.736589141343,-1357308.7869661355,-7.68604135455415
1,8,2026,62,2177.2820931272327,-1357271.9277582823,-7.685832631676514
1,8,2026,63,2176.840820136054,-1357236.1335630226,-7.685629939652665
1,8,2026,64,2176.5333329409286,-1357211.1872147801,-7.685488675803143
1,8,2026,65,2176.2078353827073,-1357184.7758506853,-7.685339115998762
1,8,2026,66,2175.8248544225034,-1357153.6951375192,-7.685163115040823
1,8,2026,67,2175.466860423997,-1357124.6372869047,-7.684998568959901
1,8,2026,68,2175.1445078901434,-1357098.468310341,-7.68485038172498
1,8,2026,69,2174.796213549237,-1357070.1889865948,-7.68469024421325
1,8,2026,70,2174.4925108824555,-1357045.5265315485,-7.684550587967589
1,8,2026,71,2174.2676394052396,-1357027.2634164027,-7.684447169305881
1,8,2026,72,2173.9202987228814,-1356999.0501554012,-7.68428740588809
1,8,2026,73,2173.53015757294,-1356967.3549873435,-7.684107925452413
1,8,2026,74,2173.0941800914597,-1356931.929332103,-7.683907320362544
1,8,2026,75,2172.7546302962437,-1356904.3340524354,-7.683751056391697
1,8,2026,76,2172.4190427877074,-1356877.0565509778,-7.6835965919056015
1,8,2026,77,2172.0940393280816,-1356850.6353341595,-7.683446976308139
1,8,2026,78,2171.7492908977074,-1356822.6046250325,-7.6832882466280426
1,8,2026,79,2171.5400698930316,-1356805.591172297,-7.683191904437846
1,8,2026,80,2171.3022923142644,-1356786.2535632914,-7.683082401232722
1,8,2026,81,2171.0564139468984,-1356766.254918596,-7.682969154776471
1,8,2026,82,2170.746221388594,-1356741.0220145076,-7.682826268245283
1,8,2026,83,2170.4424732971083,-1356716.309847252,-7.682686330493969
1,8,2026,84,2170.0571968684308,-1356684.9597673097,-7.682508804191024
1,8,2026,85,2169.6672983987755,-1356653.2279232212,-7.682329116069749
1,8,2026,86,2169.480224358517,-1356638.0008985982,-7.682242889897721
1,8,2026,87,2169.267794505476,-1356620.7084274362,-7.682144967708054
1,8,2026,88,2169.0098259488836,-1356599.7066828166,-7.682026040991294
1,8,2026,89,2168.7848410368374,-1356581.388164471,-7.681922308597523
1,8,2026,90,2168.6361071220513,-1356569.2770425521,-7.681853726868139
1,8,2026,91,2168.471592444237,-1356555.8799553502,-7.681777863094727
1,8,2026,92,2168.2777778814684,-1356540.095557407,-7.68168848068115
1,8,2026,93,2168.09848821141,-1356525.4928208964,-7.681605789669504
1,8,2026,94,2167.9142187343987,-1356510.483232022,-7.681520794772314
1,8,2026,95,2167.709197558537,-1356493.7818232137,-7.681426219595307
1,8,2026,96,2167.431254806309,-1356471.1375638207,-7.6812979917993855
1,8,2026,97,2167.163793030762,-1356449.3444577383,-7.681174583834888
1,8,2026,98,2166.97718986043,-1356434.1382148347,-7.68108847534364
1,8,2026,99,2166.7223195628126,-1356413.36678604,-7.680970852837808
1,8,2026,100,2166.531893882667,-1356397.8458722301,-7.6808829624575585
1,8,2026,101,2166.3653259384587,-1356384.2683982851,-7.680806077206956
1,8,2026,102,2166.138599682476,-1356365.7855545657,-7.680701414286815
1,8,2026,103,2165.923030641451,-1356348.2104586826,-7.6806018916762895
1,8,2026,104,2165.80420074263,-1356338.5216458666,-7.680547026772521
1,8,2026,105,2165.6640574204503,-1356327.094356841,-7.6804823173881385
1,8,2026,106,2165.5848500574043,-1356320.6354599406,-7.680445742550374
1,8,31415,1,4354.81823726162,-1479687.8633879954,-8.379038151851113
1,8,31415,2,3317.693202753055,-1431651.97319691,-8.10702500196445
1,8,31415,3,2933.319276419998,-1409907.0564719364,-7.98388991965716
1,8,31415,4,2726.880575615586,-1397019.8742592859,-7.910913588566349
1,8,31415,5,2603.64846050799,-1388853.356398883,-7.864668994410247
1,8,31415,6,2524.5815989986727,-1383407.4853227807,-7.833830624612278
1,8,31415,7,2469.0353327194175,-1379478.6529445662,-7.811582799781228
1,8,31415,8,2428.333752304576,-1376543.2726371197,-7.794960602495666
1,8,31415,9,2397.646294418161,-1374297.389343677,-7.782242824465594
1,8,31415,10,2373.1460093614505,-1372483.5852207018,-7.7719717839830444
1,8,31415,11,2353.6781470035444,-1371028.9395598718,-7.763734552475576
1,8,31415,12,2336.920549239267,-1369767.137388531,-7.756589337058625
1,8,31415,13,2322.886531009516,-1368703.4320179936,-7.75056588569257
1,8,31415,14,2311.605879521991,-1367843.7480972938,-7.745697747926282
1,8,31415,15,2301.370913537633,-1367060.1167763495,-7.741260273714563
1,8,31415,16,2292.38524712563,-1366369.2586886853,-7.737348147098346
1,8,31415,17,2284.831587452089,-1365786.4013605125,-7.734047597090005
1,8,31415,18,2278.405093667161,-1365288.9995937159,-7.7312309568485675
1,8,31415,19,2272.648060961354,-1364842.2203795905,-7.728700977267577
1,8,31415,20,2266.843401183935,-1364390.5977007193,-7.726143570567059
1,8,31415,21,2261.9297683475734,-1364007.395281384,-7.723973607718178
1,8,31415,22,2257.7950399878173,-1363684.292236567,-7.722143969990866
1,8,31415,23,2254.076617216019,-1363393.2151184569,-7.720495685688397
1,8,31415,24,2250.489688794935,-1363111.9759809051,-7.718903110982849
1,8,31415,25,2247.73509285098,-1362895.6928022976,-7.717678362811294
1,8,31415,26,2245.2785332133235,-1362702.586895223,-7.716584860726996
1,8,31415,27,2242.879358310139,-1362513.7878629926,-7.715515747211075
1,8,31415,28,2240.5971429234205,-1362334.0052417608,-7.714497690984749
1,8,31415,29,2238.496721260095,-1362168.3816126743,-7.713559812975947
1,8,31415,30,2236.813436551595,-1362035.5380852546,-7.712807559063471
1,8,31415,31,2235.0625248728684,-1361897.2513727157,-7.712024481990984
1,8,31415,32,2233.289031172506,-1361757.070655492,-7.711230679725766
1,8,31415,33,2231.669840187262,-1361628.9891059767,-7.710505391496747
1,8,31415,34,2230.053457872634,-1361501.037006804,-7.709780836307032
1,8,31415,35,2228.6653664208825,-1361391.0822689477,-7.709158194893075
1,8,31415,36,2227.4956814245916,-1361298.3749566397,-7.708633220588693
1,8,31415,37,2226.3381078760845,-1361206.579637147,-7.708113410631998
1,8,31415,38,2225.155183267127,-1361112.7246632546,-7.7075819374568475
1,8,31415,39,2223.8308051950166,-1361007.5873448718,-7.706986575675685
1,8,31415,40,2222.5895175765777,-1360908.9894006953,-7.706428244451653
1,8,31415,41,2221.3679642685315,-1360811.9052178715,-7.705878485213946
1,8,31415,42,2220.619142286549,-1360752.3654366129,-7.7055413289047925
1,8,31415,43,2219.992407277217,-1360702.5175083545,-7.7052590547150785
1,8,31415,44,2219.184379997354,-1360638.229565849,-7.7048950109621455
1,8,31415,45,2218.4530286540194,-1360580.0218988403,-7.704565398025077
1,8,31415,46,2217.703335466156,-1360520.3344986627,-7.704227405793304
1,8,31415,47,2216.9246900677927,-1360458.3206809987,-7.703876239742
1,8,31415,48,2216.2438895518035,-1360404.081693644,-7.703569100273191
1,8,31415,49,2215.6339207227484,-1360355.4716729305,-7.703293835990637
1,8,31415,50,2214.864660505041,-1360294.1482179016,-7.702946579260346
1,8,31415,51,2214.239424483611,-1360244.290310486,-7.702664248561593
1,8,31415,52,2213.60663691423,-1360193.8158869226,-7.702378426712814
1,8,31415,53,2212.88600710812,-1360136.317135049,-7.702052828154122
1,8,31415,54,2212.3234159984977,-1360091.4152081802,-7.701798561718859
1,8,31415,55,2211.8518301924523,-1360053.7678639798,-7.70158537585637
1,8,31415,56,2211.3221627717107,-1360011.474212817,-7.701345879321024
1,8,31415,57,2210.8103095943684,-1359970.5933930005,-7.701114383234994
1,8,31415,58,2210.3091407535467,-1359930.5567409042,-7.700887667423039
1,8,31415,59,2209.7597079474035,-1359886.6540141418,-7.700639059164761
1,8,31415,60,2209.1430967467304,-1359837.3703598543,-7.700359980292956
1,8,31415,61,2208.532189854519,-1359788.5290641899,-7.700083406368223
1,8,31415,62,2207.8876585434,-1359736.9848872,-7.699791526819711
1,8,31415,63,2207.3027716350807,-1359690.1975420446,-7.699526583813972
1,8,31415,64,2206.983486739567,-1359664.6514883288,-7.69938192400834
1,8,31415,65,2206.6891715302886,-1359641.099990894,-7.69924855878962
1,8,31415,66,2206.2960296815586,-1359609.6353524905,-7.699070383775726
1,8,31415,67,2205.736905559873,-1359564.8768626412,-7.698816929582212
1,8,31415,68,2205.291301133583,-1359529.1976220484,-7.698614888512908
1,8,31415,69,2204.90091276682,-1359497.9335682038,-7.698437849350509
1,8,31415,70,2204.472164501914,-1359463.591102731,-7.6982433780464286
1,8,31415,71,2204.113372390011,-1359434.8469471196,-7.698080608328254
1,8,31415,72,2203.7456979984822,-1359405.3863447676,-7.69791378158243
1,8,31415,73,2203.482662071889,-1359384.3070801229,-7.697794415892515
1,8,31415,74,2203.2590662858524,-1359366.3865044652,-7.697692936931409
1,8,31415,75,2202.8556629608534,-1359334.0502575214,-7.6975098262541275
1,8,31415,76,2202.397953558186,-1359297.3537394174,-7.6973020246408
1,8,31415,77,2202.057801434491,-1359270.0773504183,-7.69714756645423
1,8,31415,78,2201.764978381833,-1359246.5928476022,-7.697014580606375
1,8,31415,79,2201.5113946262463,-1359226.2528253142,-7.696899401028994
1,8,31415,80,2201.295072258972,-1359208.8996972835,-7.69680113535728
1,8,31415,81,2201.043358249197,-1359188.7053462164,-7.696686780673276
1,8,31415,82,2200.7632833316547,-1359166.232959725,-7.696559526143159
1,8,31415,83,2200.5827311527523,-1359151.7444685253,-7.696477482069183
1,8,31415,84,2200.391543349187,-1359136.4012209177,-7.6963905977605
1,8,31415,85,2200.2547745872425,-1359125.4244047822,-7.696328439271902
1,8,31415,86,2200.078341136647,-1359111.2631638162,-7.696248248319967
1,8,31415,87,2199.8966562370956,-1359096.679234049,-7.69616566380539
1,8,31415,88,2199.717066616237,-1359082.262309509,-7.696084024992407
1,8,31415,89,2199.5363463239573,-1359067.7534297893,-7.696001865464225
1,8,31415,90,2199.391113732939,-1359056.0927673117,-7.695935834554468
1,8,31415,91,2199.2344482443395,-1359043.5132990594,-7.695864600717234
1,8,31415,92,2199.0880370093946,-1359031.7563868638,-7.69579802477357
1,8,31415,93,2198.891563054852,-1359015.9781774555,-7.69570867740385
1,8,31415,94,2198.6534009125025,-1358996.8502295883,-7.695600361448228
1,8,31415,95,2198.413679219107,-1358977.5949341862,-7.695491324360885
1,8,31415,96,2198.1915814555286,-1358959.7533813657,-7.695390292882916
1,8,31415,97,2198.0526032078255,-1358948.5880667688,-7.695327066982847
1,8,31415,98,2197.815523992124,-1358929.5398306313,-7.695219202411358
1,8,31415,99,2197.5853864360897,-1358911.0473597802,-7.695114484975595
1,8,31415,100,2197.4488775676864,-1358900.0774124868,-7.6950523653832335
1,8,31415,101,2197.260883207406,-1358884.9689398517,-7.694966810536325
1,8,31415,102,2197.0426232806003,-1358867.4265040646,-7.694867472870339
1,8,31415,103,2196.9063117926867,-1358856.4697126863,-7.694805427776064
1,8,31415,104,2196.708731868472,-1358840.5869242246,-7.694715488205854
1,8,31415,105,2196.419667767027,-1358817.3474550534,-7.694583889911624
1,8,31415,106,2196.091811278592,-1358790.9855483845,-7.694434610170133
1,8,31415,107,2195.8383899154896,-1358770.606038604,-7.69431920698667
1,8,31415,108,2195.5543901574383,-1358747.764696071,-7.694189863166761
1,8,31415,109,2195.3152498562554,-1358728.5289884089,-7.694080936999042
1,8,31415,110,2195.192880896049,-1358718.6851965194,-7.69402519449426
1,8,31415,111,2195.098346347282,-1358711.080127405,-7.693982129219594
1,9,11,1,4632.774773426939,-1490614.2849354977,-8.440911270685854
1,9,11,2,3425.6849811671927,-1437308.5833302268,-8.139056725201462
1,9,11,3,3018.8761503796604,-1414984.1314671682,-8.012639905473392
1,9,11,4,2810.9581726907136,-1402382.5223336872,-7.941280690927705
1,9,11,5,2684.216452176256,-1394235.0842964377,-7.895144140211093
1,9,11,6,2595.9542826878906,-1388330.7216143357,-7.861709466993984
1,9,11,7,2530.4971998060987,-1383820.796421353,-7.836171084076203
1,9,11,8,2478.185474188083,-1380131.8932134458,-7.815281907728721
1,9,11,9,2439.2595383783396,-1377336.0387500592,-7.799449804353824
1,9,11,10,2408.6037759190267,-1375102.6028936997,-7.786802512507218
1,9,11,11,2382.118727599504,-1373150.0171325726,-7.7757455923336725
1,9,11,12,2359.922630731813,-1371496.8362090054,-7.7663841138940475
1,9,11,13,2341.5897789666174,-1370119.6248986104,-7.758585370389766
1,9,11,14,2326.117670933353,-1368948.9039473792,-7.75195592119426
1,9,11,15,2312.820937136213,-1367936.5474420649,-7.746223243383494
1,9,11,16,2301.240417481713,-1367050.1029738153,-7.741203568489389
1,9,11,17,2291.464228866352,-1366298.2937490556,-7.736946293470082
1,9,11,18,2282.7046856392744,-1365621.9371489887,-7.733116284522627
1,9,11,19,2274.592834603009,-1364993.2725825864,-7.729556341566454
1,9,11,20,2267.0549330918307,-1364407.075911308,-7.726236881838046
1,9,11,21,2260.598131971445,-1363903.4007870723,-7.723384717414365
1,9,11,22,2254.622248686091,-1363435.9570478525,-7.720737720691827
1,9,11,23,2248.9610132159632,-1362991.981357802,-7.718223616644971
1,9,11,24,2243.8762406781016,-1362592.2603555992,-7.715960113908736
1,9,11,25,2239.214372136658,-1362224.9876943699,-7.713880356605377
1,9,11,26,2235.306156142946,-1361916.49981669,-7.712133480280701
1,9,11,27,2231.878706159699,-1361645.516080952,-7.710598978906146
1,9,11,28,2228.1938049015685,-1361353.7129323583,-7.708946583306105
1,9,11,29,2225.094524792314,-1361107.9105861108,-7.707554676750687
1,9,11,30,2222.24230682488,-1360881.3999043847,-7.706272013230262
1,9,11,31,2219.5563338398388,-1360667.8257154096,-7.705062605272034
1,9,11,32,2217.2881388960645,-1360487.2696218814,-7.704040169099072
1,9,11,33,2215.035730938669,-1360307.7873562577,-7.7030238136984135
1,9,11,34,2212.93069473126,-1360139.8832864072,-7.702073022222766
1,9,11,35,2211.1695998557025,-1359999.2902689923,-7.7012768852225575
1,9,11,36,2209.6401627086125,-1359877.1002409952,-7.700584958951013
1,9,11,37,2208.301850859395,-1359770.1102220207,-7.699979105870079
1,9,11,38,2206.976168698592,-1359664.0659269604,-7.699378608146145
1,9,11,39,2205.7589950589763,-1359566.6453661567,-7.6988269440986485
1,9,11,40,2204.677615286108,-1359480.0484142865,-7.698336570972323
1,9,11,41,2203.482417033181,-1359384.2874419524,-7.697794304687319
1,9,11,42,2202.3009509924177,-1359289.5756499392,-7.697257979602587
1,9,11,43,2200.991591207609,-1359184.551926697,-7.696663261077369
1,9,11,44,2199.833301498521,-1359091.5934370514,-7.696136864429434
1,9,11,45,2198.6649222657006,-1358997.7756126046,-7.695605601620692
1,9,11,46,2197.5763016087662,-1358910.317317925,-7.695110350962802
1,9,11,47,2196.600860161905,-1358831.9148760776,-7.694666380942034
1,9,11,48,2195.7169532090575,-1358760.839569977,-7.694263902340833
1,9,11,49,2194.842441546348,-1358690.4915797908,-7.693865542316222
1,9,11,50,2194.09857160292,-1358630.6306841196,-7.693526567630382
1,9,11,51,2193.2174619427565,-1358559.6995361336,-7.693124905354279
1,9,11,52,2192.2572630645222,-1358482.3690877578,-7.692687005717962
1,9,11,53,2191.3804488544592,-1358411.7245040343,-7.692286966171185
1,9,11,54,2190.4521086935247,-1358336.8976809278,-7.691863243830072
1,9,11,55,2189.5745342606833,-1358266.133553629,-7.691462527343109
1,9,11,56,2188.8291254441247,-1358206.0044581622,-7.691122033920531
1,9,11,57,2188.034342746591,-1358141.8700119997,-7.690758859372344
1,9,11,58,2187.2700362265336,-1358080.1728429412,-7.690409486409171
1,9,11,59,2186.7556928076865,-1358038.6413258659,-7.690174305615513
1,9,11,60,2186.247646588574,-1357997.6086956763,-7.689941949871889
1,9,11,61,2185.671992288354,-1357951.1041372775,-7.689678608204568
1,9,11,62,2185.151222769624,-1357909.0229236018,-7.689440314640372
1,9,11,63,2184.708876987922,-1357873.2709272187,-7.689237861576377
1,9,11,64,2184.1958653160004,-1357831.7983893855,-7.689003014764858
1,9,11,65,2183.7526290810465,-1357795.9587451934,-7.688800065377042
1,9,11,66,2183.3956505966426,-1357767.0885284853,-7.68863658181187
1,9,11,67,2182.9008433393105,-1357727.0637645707,-7.6884099333192
1,9,11,68,2182.4654148588243,-1357691.8346209938,-7.688210441017214
1,9,11,69,2182.0160487799067,-1357655.4704598526,-7.688004521443835
1,9,11,70,2181.6202307595254,-1357623.4333773805,-7.687823104847166
1,9,11,71,2181.2205271929606,-1357591.075904006,-7.687639873970837
1,9,11,72,2180.8047380180624,-1357557.4099487169,-7.6874492335454025
1,9,11,73,2180.3801946403087,-1357523.0285525387,-7.687254541788162
1,9,11,74,2179.992456905619,-1357491.621990223,-7.687076695642111
1,9,11,75,2179.59992301114,-1357459.8212507465,-7.686896617386471
1,9,11,76,2179.2116207324307,-1357428.3576960138,-7.686718448509088
1,9,11,77,2178.7981247753505,-1357394.8465707398,-7.686528684840593
1,9,11,78,2178.338122634857,-1357357.5589516764,-7.686317535995993
1,9,11,79,2177.936187522356,-1357324.9717799765,-7.686133004405453
1,9,11,80,2177.580197628185,-1357296.1046267152,-7.68596953818768
1,9,11,81,2177.192457817852,-1357264.6575089598,-7.685791462388075
1,9,11,82,2176.8323368391025,-1357235.445362835,-7.685626042576956
1,9,11,83,2176.3845109531053,-1357199.1120637802,-7.685420297766516
1,9,11,84,2175.8746094355497,-1357157.7333009297,-7.685185981975207
1,9,11,85,2175.6052366763165,-1357135.8696523379,-7.68506217454918
1,9,11,86,2175.3252781817273,-1357113.1439433002,-7.684933485527822
1,9,11,87,2175.090047636687,-1357094.0467768,-7.684825343878048
1,9,11,88,2174.8660619561188,-1357075.8606037386,-7.684722360916784
1,9,11,89,2174.6559781622245,-1357058.8014707186,-7.684625760052542
1,9,11,90,2174.485372704583,-1357044.9468278033,-7.684547305275396
1,9,11,91,2174.3346393049387,-1357032.7050638702,-7.684477983758622
1,9,11,92,2174.1467181668654,-1357017.4419212926,-7.684391553061217
1,9,11,93,2174.012713307374,-1357006.5571069072,-7.684329915551532
1,9,11,94,2173.845842180225,-1356993.0017258083,-7.684253155406233
1,9,11,95,2173.6310714871906,-1356975.553805302,-7.684154352952546
1,9,11,96,2173.383285245945,-1356955.4215674286,-7.684040349997331
1,9,11,97,2173.168102790486,-1356937.9364730732,-7.6839413370390455
1,9,11,98,2173.058170259683,-1356929.003010281,-7.683890749460802
1,9,11,99,2172.986150057591,-1356923.150177391,-7.6838576065856765
1,9,42,1,4643.369371112929,-1491017.673060593,-8.443195539262902
1,9,42,2,3453.9046979689297,-1438757.3501468445,-8.147260666539319
1,9,42,3,3032.110254625324,-1415756.5896996332,-8.017014109763826
1,9,42,4,2810.7295954846572,-1402368.1617484633,-7.941199371147736
1,9,42,5,2674.1398608436384,-1393570.9001461153,-7.891383060274501
1,9,42,6,2583.2825978504015,-1387466.5989534606,-7.856816193944645
1,9,42,7,2517.8747213500537,-1382937.716236177,-7.831170460129885
1,9,42,8,2466.6088696153065,-1379305.0185242707,-7.810599559012598
1,9,42,9,2426.3834596889624,-1376401.3858998907,-7.794157139539796
1,9,42,10,2394.380312180359,-1374056.6757567327,-7.7808797340607985
1,9,42,11,2368.401215784999,-1372130.1552887675,-7.769970413993496
1,9,42,12,2346.021469281272,-1370453.5306391437,-7.760476180612839
1,9,42,13,2327.33572026888,-1369041.3515088728,-7.752479424606005
1,9,42,14,2311.041312450251,-1367800.613004425,-7.745453486553479
1,9,42,15,2297.473426995568,-1366760.7924886688,-7.739565288110971
1,9,42,16,2285.6801626129854,-1365851.9753232894,-7.73441892319835
1,9,42,17,2275.3864236150907,-1365054.8742082058,-7.729905173495169
1,9,42,18,2266.022233258092,-1364326.6146304156,-7.725781253215939
1,9,42,19,2257.444475757205,-1363656.8706392634,-7.72198868953228
1,9,42,20,2249.241329217985,-1363013.9910942952,-7.7183482513239134
1,9,42,21,2242.9560003523043,-1362519.8222016222,-7.715549917899941
1,9,42,22,2237.179060256088,-1362064.4013221336,-7.712971003103919
1,9,42,23,2231.9756616331006,-1361653.187368347,-7.710642419155504
1,9,42,24,2227.134832187781,-1361269.7648126243,-7.70847120973886
1,9,42,25,2222.6532266446416,-1360914.0512791185,-7.706456908383742
1,9,42,26,2218.4944285584584,-1360583.3173963847,-7.704584059460597
1,9,42,27,2215.065752827316,-1360310.1808388554,-7.70303736728799
1,9,42,28,2211.603443214244,-1360033.9355621412,-7.701473071350902
1,9,42,29,2208.470549872251,-1359783.6002689544,-7.700055496047173
1,9,42,30,2205.5183394311034,-1359547.3773234705,-7.698717834827177
1,9,42,31,2202.885033893497,-1359336.4047903167,-7.697523159282404
1,9,42,32,2200.0857475023117,-1359111.857650618,-7.696251614724272
1,9,42,33,2197.1562946465797,-1358876.562950358,-7.694919209884583
1,9,42,34,2194.8061974761335,-1358687.5754077407,-7.693849028889661
1,9,42,35,2192.2569745650444,-1358482.345848113,-7.692686874118674
1,9,42,36,2189.377567675097,-1358250.2470509093,-7.691372566740146
1,9,42,37,2186.6023073975466,-1358026.2540741805,-7.690104160244292
1,9,42,38,2184.1044219183127,-1357824.4049620512,-7.688961147955487
1,9,42,39,2181.6957759077936,-1357629.5483687744,-7.687857732248968
1,9,42,40,2179.436188821253,-1357446.5547969704,-7.6868214933518155
1,9,42,41,2177.345780631544,-1357277.093219701,-7.685861882168709
1,9,42,42,2175.5786923604624,-1357133.715035576,-7.685049973586735
1,9,42,43,2173.8492664323758,-1356993.279897285,-7.684254730609675
1,9,42,44,2172.325552789678,-1356869.456669166,-7.683553556005108
1,9,42,45,2171.01567749985,-1356762.941379816,-7.682950391178727
1,9,42,46,2169.8697152687487,-1356669.7023096129,-7.68242240568543
1,9,42,47,2168.7985056955044,-1356582.5008101724,-7.681928609183621
1,9,42,48,2167.7861528732415,-1356500.0509323918,-7.681461719720895
1,9,42,49,2166.7918493820857,-1356419.0335721294,-7.681002942184499
1,9,42,50,2165.790927114169,-1356337.439345663,-7.680540898024072
1,9,42,51,2164.87834586445,-1356263.0137243837,-7.6801194475711725
1,9,42,52,2163.996901988776,-1356191.097721718,-7.6797122083520275
1,9,42,53,2163.0494696262263,-1356113.7651216316,-7.679274296531204
1,9,42,54,2162.3257389826213,-1356054.6689811556,-7.678939652429616
1,9,42,55,2161.595101508985,-1355994.9887973561,-7.6786017010620755
1,9,42,56,2160.919143404138,-1355939.7569856017,-7.678288939520039
1,9,42,57,2160.3642486097788,-1355894.4042128422,-7.678032120076799
1,9,42,58,2159.735506267703,-1355843.0016377906,-7.67774104237851
1,9,42,59,2159.032529801241,-1355785.5123602105,-7.677415497469962
1,9,42,60,2158.3367146798914,-1355728.5902997402,-7.677093164545456
1,9,42,61,2157.5642660897583,-1355665.377641067,-7.676735209809319
1,9,42,62,2156.9042907162775,-1355611.3511993492,-7.676429273924081
1,9,42,63,2156.382635508067,-1355568.636127589,-7.67618739100756
1,9,42,64,2156.1171933973574,-1355546.8967717548,-7.676064287414945
1,9,42,65,2155.7176060360007,-1355514.1660508548,-7.67587894294741
1,9,42,66,2155.1590532761506,-1355468.4040982777,-7.675619806438937
1,9,42,67,2154.5634792645114,-1355419.5959456011,-7.675343420193218
1,9,42,68,2154.145199770847,-1355385.3092696439,-7.675149264808792
1,9,42,69,2153.7975851638457,-1355356.8099802583,-7.674987881696198
1,9,42,70,2153.4911989396987,-1355331.686998415,-7.674845617622428
1,9,42,71,2153.2115945790647,-1355308.7569496522,-7.674715771485171
1,9,42,72,2152.9208434710777,-1355284.9096100822,-7.674580730999254
1,9,42,73,2152.5254943086566,-1355252.4779945388,-7.674397080277579
1,9,42,74,2152.079259928928,-1355215.8649632223,-7.67418975142543
1,9,42,75,2151.6565965699465,-1355181.1789062966,-7.673993334463779
1,9,42,76,2151.1775001650217,-1355141.8534064149,-7.673770645698126
1,9,42,77,2150.8622860018277,-1355115.9750171849,-7.673624103974002
1,9,42,78,2150.5609830511175,-1355091.2351624733,-7.673484009436749
1,9,42,79,2150.2949596598937,-1355069.3892157895,-7.6733603022514325
1,9,42,80,2150.0281630280792,-1355047.4770556495,-7.673236220118744
1,9,42,81,2149.7737790553606,-1355026.5818218987,-7.673117896541778
1,9,42,82,2149.3844732843,-1354994.599252527,-7.6729367886368
1,9,42,83,2149.075868953052,-1354969.2424182065,-7.672793200325076
1,9,42,84,2148.804809780092,-1354946.9675217022,-7.672667064122803
1,9,42,85,2148.531031276503,-1354924.466305639,-7.67253964633928
1,9,42,86,2148.251690457184,-1354901.5049804284,-7.672409623092678
1,9,42,87,2147.983283190204,-1354879.4395611682,-7.6722846730985665
1,9,42,88,2147.775108247579,-1354862.323865872,-7.672187751938753
1,9,42,89,2147.601032325119,-1354848.0104448996,-7.672106699236099
1,9,42,90,2147.374296030609,-1354829.3652764556,-7.672001117118677
1,9,42,91,2147.226818431726,-1354817.2367185694,-7.671932436654527
1,9,42,92,2147.102913396681,-1354807.0461243994,-7.6718747303102
1,9,42,93,2146.960552384825,-1354795.336888736,-7.671808424344746
1,9,42,94,2146.7521584798155,-1354778.195027709,-7.671711355016076
1,9,42,95,2146.5025470137844,-1354757.6605426595,-7.671595074253142
1,9,42,96,2146.2812364990555,-1354739.4522605545,-7.6714919660948535
1,9,42,97,2146.04163700913,-1354719.7371395747,-7.671380325150202
1,9,42,98,2145.7842991699836,-1354698.5599906892,-7.671260405170556
1,9,42,99,2145.4502298476373,-1354671.0645752647,-7.671104706701613
1,9,42,100,2145.142181784131,-1354645.7070327152,-7.670961114379397
1,9,42,101,2144.9097899139174,-1354626.5748589144,-7.670852774493552
1,9,42,102,2144.7596338364215,-1354614.2118258968,-7.67078276626554
1,9,42,103,2144.5390823777875,-1354596.0512514545,-7.670679928261745
1,9,42,104,2144.4080425589837,-1354585.2603300023,-7.670618822440186
1,9,42,105,2144.240077981206,-1354571.4277488114,-7.670540492592112
1,9,42,106,2144.0928590719623,-1354559.302768568,-7.670471832387103
1,9,42,107,2143.9732476889003,-1354549.4509369684,-7.670416044355802
1,9,42,108,2143.828127858891,-1354537.4973556218,-7.670348354732448
1,9,42,109,2143.691535220282,-1354526.2454233505,-7.670284638341905
1,9,42,110,2143.5409802097633,-1354513.8424984133,-7.670214404217659
1,9,42,111,2143.368285707341,-1354499.6146194984,-7.670133835914575
1,9,42,112,2143.2121785234485,-1354486.752342784,-7.670061000616013
1,9,42,113,2143.0906035505086,-1354476.7346600078,-7.670004273418167
1,9,42,114,2142.8906088200597,-1354460.2540140578,-7.669910948356444
1,9,42,115,2142.7147196665733,-1354445.7585265795,-7.669828864664595
1,9,42,116,2142.5968221903076,-1354436.041619547,-7.669773840671523
1,9,42,117,2142.421626662947,-1354421.601318136,-7.66969206948218
1,9,42,118,2142.332493494789,-1354414.2541601623,-7.6696504646826185
1,9,97,1,4594.478965805962,-1489148.4427960725,-8.432610636805737
1,9,97,2,3391.3836543917814,-1435531.4383591742,-8.12899327473852
1,9,97,3,3002.9861721342845,-1414052.1668420294,-8.00736246328884
1,9,97,4,2808.288216619482,-1402214.7068562158,-7.940330401124704
1,9,97,5,2688.4262439925596,-1394511.828599082,-7.896711261985583
1,9,97,6,2602.762334243492,-1388793.2441299006,-7.864328596271111
1,9,97,7,2537.7025367877045,-1384322.9155967275,-7.839014437618082
1,9,97,8,2486.017765051352,-1380689.137409034,-7.818437418083479
1,9,97,9,2445.6168338401812,-1377795.6863575163,-7.802052653869986
1,9,97,10,2412.9211633397936,-1375418.8617236598,-7.78859339345425
1,9,97,11,2387.174991321411,-1373524.456713299,-7.777865933798991
1,9,97,12,2365.752776296468,-1371932.570430898,-7.768851548925207
1,9,97,13,2347.922638452296,-1370596.58095216,-7.761286232556939
1,9,97,14,2332.244875980867,-1369413.4570006253,-7.754586548810408
1,9,97,15,2318.684540986414,-1368383.6926808828,-7.748755295654908
1,9,97,16,2306.897856820991,-1367483.7142437745,-7.743658981866737
1,9,97,17,2296.3643047100422,-1366675.51984469,-7.739082414151614
1,9,97,18,2286.424094239025,-1365909.4428941705,-7.734744345188231
1,9,97,19,2277.787418312518,-1365241.1184903784,-7.7309598202112095
1,9,97,20,2270.1236107537575,-1364645.9513006818,-7.727589563069424
1,9,97,21,2263.2948937855394,-1364113.9415799235,-7.7245769481405
1,9,97,22,2257.235185479138,-1363640.4976470848,-7.721895974082272
1,9,97,23,2251.9586371071973,-1363227.205495464,-7.7195556219093735
1,9,97,24,2247.2355916042684,-1362856.4449719037,-7.717456113865158
1,9,97,25,2243.183400336708,-1362537.725110691,-7.715651296820339
1,9,97,26,2239.2959617816596,-1362231.4220846903,-7.713916792669571
1,9,97,27,2235.511080443291,-1361932.6885356673,-7.712225152245644
1,9,97,28,2232.2679534495537,-1361676.311993954,-7.710773367124331
1,9,97,29,2229.350653593796,-1361445.3744040246,-7.709465635321838
1,9,97,30,2226.9822688527024,-1361257.667344599,-7.708402705327469
1,9,97,31,2224.5555793843896,-1361065.1321547267,-7.707312435047208
1,9,97,32,2221.9497654008605,-1360858.1511070924,-7.706140362113619
1,9,97,33,2219.340157080019,-1360650.6252608227,-7.70496520414523
1,9,97,34,2217.1264008103526,-1360474.3876618098,-7.703967222339433
1,9,97,35,2214.94739342457,-1360300.7444964864,-7.702983932050276
1,9,97,36,2213.0784725305275,-1360151.675703326,-7.70213979921926
1,9,97,37,2211.078669887709,-1359992.0280413693,-7.7012357613586495
1,9,97,38,2209.313927971834,-1359851.02570117,-7.70043730648363
1,9,97,39,2207.850298900766,-1359733.996716799,-7.699774605687617
1,9,97,40,2206.42550642208,-1359619.9984879547,-7.699129067170769
1,9,97,41,2205.070578380722,-1359511.5218326615,-7.698514795704619
1,9,97,42,2203.69283298854,-1359401.1500322244,-7.697889792587655
1,9,97,43,2202.2370301733868,-1359284.4500121698,-7.697228954620031
1,9,97,44,2201.021306256092,-1359186.9360629518,-7.696676761741349
1,9,97,45,2200.0407870829513,-1359108.2487815393,-7.696231178757711
1,9,97,46,2199.025169333924,-1359026.7078336494,-7.695769436298228
1,9,97,47,2197.892423174603,-1358935.7185551487,-7.6952541907151355
1,9,97,48,2196.80756169976,-1358848.5317019667,-7.6947604771507905
1,9,97,49,2195.805481820128,-1358767.959479656,-7.694304220299988
1,9,97,50,2194.9536837743426,-1358699.441749436,-7.69391622450047
1,9,97,51,2194.2352060143558,-1358641.627485404,-7.6935888392890135
1,9,97,52,2193.5135228484855,-1358583.5362290363,-7.693259885551243
1,9,97,53,2192.6135846794828,-1358511.069709325,-7.69284952891562
1,9,97,54,2191.790149760561,-1358444.7374659507,-7.692473908886773
1,9,97,55,2191.0053821757447,-1358381.4968938802,-7.692115796085258
1,9,97,56,2190.2537501020743,-1358320.9053097202,-7.691772683724929
1,9,97,57,2189.5816166500767,-1358266.7047629806,-7.691465761934044
1,9,97,58,2188.8072837713557,-1358204.242270534,-7.691112055169111
1,9,97,59,2188.127411733998,-1358149.381354444,-7.690801393900381
1,9,97,60,2187.3492873901237,-1358086.5712419557,-7.6904457186651625
1,9,97,61,2186.651412591171,-1358030.219854864,-7.690126617296533
1,9,97,62,2185.898973739865,-1357969.442424724,-7.689782452544957
1,9,97,63,2185.2673487325533,-1357918.4074472885,-7.689493456444095
1,9,97,64,2184.6645512396526,-1357869.687959858,-7.689217572283645
1,9,97,65,2184.0200390899436,-1357817.5821247774,-7.688922512230185
1,9,97,66,2183.350488037068,-1357763.4357230358,-7.688615897046535
1,9,97,67,2182.6389800794673,-1357705.8780773776,-7.6882899649896235
1,9,97,68,2181.967116255107,-1357651.510229046,-7.687982095818918
1,9,97,69,2181.3725150391624,-1357603.3805776087,-7.687709551726608
1,9,97,70,2180.811398266933,-1357557.9492717348,-7.687452287573388
1,9,97,71,2180.2286168475166,-1357510.7514921976,-7.687185020398188
1,9,97,72,2179.738608333672,-1357471.0573571783,-7.686960244159928
1,9,97,73,2179.434692599613,-1357446.4335620124,-7.686820806833825
1,9,97,74,2179.061145024932,-1357416.1633665035,-7.686649395599531
1,9,97,75,2178.6594645427895,-1357383.6076477598,-7.6864650421178515
1,9,97,76,2178.3028080769254,-1357354.6960400238,-7.686301324167434
1,9,97,77,2177.9590320254,-1357326.8240752993,-7.686143493410304
1,9,97,78,2177.709848643186,-1357306.6185493732,-7.686029075446353
1,9,97,79,2177.460242264626,-1357286.3764059236,-7.685914450128111
1,9,97,80,2177.137331218339,-1357260.1860852567,-7.685766142027797
1,9,97,81,2176.7650415413696,-1357229.9859945122,-7.685595127776211
1,9,97,82,2176.392837314299,-1357199.7876717017,-7.685424123535917
1,9,97,83,2176.0007643511044,-1357167.9717380402,-7.685243959240066
1,9,97,84,2175.534897142855,-1357130.1600961336,-7.6850298430078805
1,9,97,85,2175.1469469073186,-1357098.666327326,-7.684851503037057
1,9,97,86,2174.9244658187863,-1357080.602796108,-7.684749214560562
1,9,97,87,2174.6758715528886,-1357060.4169158272,-7.684634907844135
1,9,97,88,2174.4318237038156,-1357040.597960343,-7.684522678915155
1,9,97,89,2174.1873911160146,-1357020.7455307217,-7.684410260431961
1,9,97,90,2173.900535707996,-1356997.4447397306,-7.68427831489026
1,9,97,91,2173.613745693721,-1356974.1461867753,-7.6841463820219
1,9,97,92,2173.3552525869336,-1356953.1438139626,-7.684027451747865
1,9,97,93,2173.149219201065,-1356936.401965423,-7.6839326475725285
1,9,97,94,2172.902988662347,-1356916.3916969213,-7.683819335294072
1,9,97,95,2172.678631313966,-1356898.157009333,-7.6837160776092785
1,9,97,96,2172.447292876404,-1356879.3529604771,-7.683609595798709
1,9,97,97,2172.264160899827,-1356864.4658920793,-7.683525294699023
1,9,97,98,2172.110097905095,-1356851.9409120097,-7.683454369412379
1,9,97,99,2171.9792399939356,-1356841.3017560565,-7.683394122994306
1,9,97,100,2171.748821002054,-1356822.5664158515,-7.6832880302606625
1,9,97,101,2171.500234021672,-1356802.3516095139,-7.683173559744464
1,9,97,102,2171.2801059840303,-1356784.4491195562,-7.683072183197369
1,9,97,103,2171.1094316190165,-1356770.5673300163,-7.682993574696854
1,9,97,104,2170.998330330039,-1356761.5303267424,-7.682942400799249
1,9,97,105,2170.783010260469,-1356744.0148281883,-7.682843215670908
1,9,97,106,2170.5230343330663,-1356722.8644239057,-7.682723447138101
1,9,97,107,2170.300231452229,-1356704.7362258364,-7.682620792472204
1,9,97,108,2170.141249503124,-1356691.7996347288,-7.682547536353041
1,9,97,109,2170.050646418052,-1356684.426706715,-7.682505785625304
1,9,2026,1,4435.282624494554,-1482921.0287724906,-8.397346618642143
1,9,2026,2,3362.468403421062,-1434019.3261645422,-8.120430627113844
1,9,2026,3,2950.889914719006,-1410961.7023627849,-7.989862069848267
1,9,2026,4,2736.2427648881694,-1397625.135377452,-7.914341004662967
1,9,2026,5,2605.3021854535355,-1388965.4856674036,-7.865303949553232
1,9,2026,6,2518.1173782544042,-1382954.734433407,-7.831266829186761
1,9,2026,7,2455.8591314885634,-1378533.7215764462,-7.8062319307363
1,9,2026,8,2408.948772098639,-1375127.895510579,-7.786945737174417
1,9,2026,9,2372.6689467892393,-1372448.081776535,-7.771770738397312
1,9,2026,10,2344.308507279683,-1370324.5423476293,-7.759745757769966
1,9,2026,11,2321.5095813932244,-1368598.7204293269,-7.749972934693856
1,9,2026,12,2302.530256787322,-1367149.055725553,-7.741763908884521
1,9,2026,13,2287.174254487357,-1365967.3726859803,-7.735072384599592
1,9,2026,14,2274.3098644965285,-1364971.3020871268,-7.729431929097969
1,9,2026,15,2263.7672524605123,-1364150.793606892,-7.724785630354893
1,9,2026,16,2254.7823848357652,-1363448.499316966,-7.7208087438812525
1,9,2026,17,2246.394098942418,-1362790.3057628023,-7.717081586932751
1,9,2026,18,2239.2026954886783,-1362224.0668216855,-7.713875141973598
1,9,2026,19,2233.1396401828288,-1361745.25739063,-7.711163784673488
1,9,2026,20,2227.6774716592777,-1361312.7865467705,-7.7087148291944825
1,9,2026,21,2222.5833295919183,-1360908.4977388408,-7.7064254603148505
1,9,2026,22,2217.671743397248,-1360517.8188287509,-7.704213160292824
1,9,2026,23,2213.390463962602,-1360176.5695028026,-7.702280765500541
1,9,2026,24,2209.763184867633,-1359886.93187366,-7.700640632601674
1,9,2026,25,2206.3095649046136,-1359610.7187210938,-7.699076518574209
1,9,2026,26,2203.293939664608,-1359369.1816277462,-7.697708764894313
1,9,2026,27,2200.7723278437375,-1359166.9587094213,-7.696563635850716
1,9,2026,28,2198.342526898258,-1358971.879323695,-7.695458958535936
1,9,2026,29,2196.1203012727733,-1358793.2764951347,-7.694447583129294
1,9,2026,30,2194.2749218284207,-1358644.8238204995,-7.693606939196686
1,9,2026,31,2192.738751010333,-1358521.1503693697,-7.692906612735255
1,9,2026,32,2191.2387004065763,-1358400.3012319854,-7.692222279533763
1,9,2026,33,2189.6556079509364,-1358272.6722039366,-7.691499553801016
1,9,2026,34,2188.0878498559373,-1358146.188462926,-7.690783313492679
1,9,2026,35,2186.4222134259157,-1358011.7087567726,-7.690021794380175
1,9,2026,36,2185.249648074316,-1357916.9770306842,-7.689485356414624
1,9,2026,37,2184.3064113146884,-1357840.7358965036,-7.689053625244932
1,9,2026,38,2183.507720732938,-1357776.1525777534,-7.688687908863004
1,9,2026,39,2182.5100080113134,-1357695.4428352027,-7.688230873275438
1,9,2026,40,2181.509828335761,-1357614.4964878713,-7.68777249786443
1,9,2026,41,2180.4328262612944,-1357527.291256962,-7.687278680232409
1,9,2026,42,2179.3895952928697,-1357442.779405175,-7.686800114415977
1,9,2026,43,2178.4154366867374,-1357363.8265532258,-7.686353027584322
1,9,2026,44,2177.5545869631765,-1357294.0276807651,-7.68595777705225
1,9,2026,45,2176.664881004047,-1357221.860102861,-7.685549113236355
1,9,2026,46,2175.8718831712836,-1357157.5120371622,-7.6851847290234225
1,9,2026,47,2174.8805439124085,-1357077.0365005531,-7.684729019675375
1,9,2026,48,2174.0719745424053,-1357011.3708027257,-7.684357174098359
1,9,2026,49,2173.4292867602862,-1356959.1592907785,-7.684061515627816
1,9,2026,50,2172.75545990731,-1356904.4014803476,-7.683751438216177
1,9,2026,51,2172.144596292223,-1356854.7456316247,-7.683470251716506
1,9,2026,52,2171.5773641901837,-1356808.6239934037,-7.683209078413784
1,9,2026,53,2170.918130726603,-1356755.0065859484,-7.682905458769541
1,9,2026,54,2170.3431035240897,-1356708.2246260915,-7.682640546259168
1,9,2026,55,2169.6962526117336,-1356655.5845546594,-7.6823424609820234
1,9,2026,56,2169.2159555645458,-1356616.4883143909,-7.682121070446283
1,9,2026,57,2168.821861532188,-1356584.4025444295,-7.68193937814665
1,9,2026,58,2168.415329331001,-1356551.297992113,-7.681751916781505
1,9,2026,59,2168.0318774285106,-1356520.0672162194,-7.6815750660623765
1,9,2026,60,2167.6556318847206,-1356489.418002878,-7.681401508561322
1,9,2026,61,2167.309203355079,-1356461.1929988842,-7.681241678646411
1,9,2026,62,2166.878623940763,-1356426.1055756477,-7.681042988865124
1,9,2026,63,2166.399519269637,-1356387.055688776,-7.680821860815068
1,9,2026,64,2166.090248048397,-1356361.8436536326,-7.6806790924585915
1,9,2026,65,2165.878893683091,-1356344.6118075158,-7.680581513570766
1,9,2026,66,2165.627071505332,-1356324.0784013208,-7.680465238917069
1,9,2026,67,2165.330476573712,-1356299.891193363,-7.680328273856206
1,9,2026,68,2165.0007120130945,-1356272.995124497,-7.680175969310945
1,9,2026,69,2164.68160089028,-1356246.96406464,-7.680028563057862
1,9,2026,70,2164.459605578316,-1356228.8528327418,-7.679926004466413
1,9,2026,71,2164.2458911806766,-1356211.4154347042,-7.679827261598379
1,9,2026,72,2164.005468157254,-1356191.7967666015,-7.679716166838066
1,9,2026,73,2163.8008249900313,-1356175.0960396966,-7.6796215955224785
1,9,2026,74,2163.623165123024,-1356160.5961124217,-7.679539486689365
1,9,2026,75,2163.4525704942753,-1356146.6717026238,-7.679460636842836
1,9,2026,76,2163.301822151488,-1356134.3662882457,-7.679390954892271
1,9,2026,77,2163.145275185253,-1356121.5866312452,-7.679318587444903
1,9,2026,78,2162.992533784619,-1356109.1167488208,-7.679247974160055
1,9,2026,79,2162.856563815844,-1356098.0153534035,-7.679185110215543
1,9,2026,80,2162.7151182887255,-1356086.4661602515,-7.6791197105238655
1,9,2026,81,2162.5450179959657,-1356072.5762714732,-7.679041056159741
1,9,2026,82,2162.4271815679313,-1356062.9534553175,-7.678986564975693
1,9,2026,83,2162.2974800551447,-1356052.3611005445,-7.678926583578969
1,9,2026,84,2162.1732444712143,-1356042.2145369013,-7.678869126566595
1,9,2026,85,2161.952309113928,-1356024.1688728542,-7.678766939266647
1,9,2026,86,2161.7699007397987,-1356009.2686443583,-7.678682563645188
1,9,2026,87,2161.6088913636904,-1355996.115371816,-7.678608080522646
1,9,2026,88,2161.422071843353,-1355980.8523738522,-7.678521650644145
1,9,2026,89,2161.256768504881,-1355967.346129763,-7.678445168747313
1,9,2026,90,2161.1073921670327,-1355955.1403257002,-7.678376050860733
1,9,2026,91,2161.0288664090904,-1355948.7235091678,-7.6783397143117424
1,9,31415,1,4532.555249762375,-1486752.1497073285,-8.419041132243047
1,9,31415,2,3385.047077220063,-1435201.1754583842,-8.127123092847912
1,9,31415,3,2975.747934953563,-1412443.0828954366,-7.99825069308944
1,9,31415,4,2758.4635639931844,-1399053.4487227558,-7.9224291239949025
1,9,31415,5,2624.616800317904,-1390269.8502717467,-7.872690183538211
1,9,31415,6,2536.373615271414,-1384230.4141976233,-7.838490629339747
1,9,31415,7,2473.1475073877687,-1379772.5253343424,-7.813246912886862
1,9,31415,8,2424.1957184392454,-1376242.0886323843,-7.793255085860133
1,9,31415,9,2385.9468069365803,-1373433.576988369,-7.7773513085856205
1,9,31415,10,2353.7922957658625,-1371037.503813979,-7.76378304933338
1,9,31415,11,2327.9013913870235,-1369084.2683887365,-7.7527224503025955
1,9,31415,12,2306.832146826238,-1367478.6840444326,-7.74363049732399
1,9,31415,13,2290.3016329088846,-1366208.6743834603,-7.736438805301767
1,9,31415,14,2276.6110788018545,-1365149.8948065934,-7.730443247259779
1,9,31415,15,2265.653048316906,-1364297.8412335603,-7.725618317913181
1,9,31415,16,2256.26373244943,-1363564.4800021946,-7.721465508466848
1,9,31415,17,2248.0867517798283,-1362923.3188333788,-7.7178348009183715
1,9,31415,18,2241.051098058742,-1362369.780362489,-7.714700274995124
1,9,31415,19,2234.961033045076,-1361889.2322436853,-7.711979072016519
1,9,31415,20,2229.3360516617986,-1361444.2177344717,-7.709459085441587
1,9,31415,21,2224.5155920344823,-1361061.9577725702,-7.707294459452587
1,9,31415,22,2220.13069927849,-1360713.5178959991,-7.705321346682215
1,9,31415,23,2216.203473377162,-1360400.8612362486,-7.7035508637680135
1,9,31415,24,2212.526028359313,-1360107.5875673625,-7.7018901410430844
1,9,31415,25,2209.3081586760554,-1359850.564551518,-7.700434695128476
1,9,31415,26,2206.1133059485123,-1359595.009368146,-7.698987561118419
1,9,31415,27,2203.134315091866,-1359356.3872554423,-7.697636314118499
1,9,31415,28,2200.4375059823315,-1359140.0899464495,-7.69641148593072
1,9,31415,29,2197.7417652863937,-1358923.613235197,-7.695185641840589
1,9,31415,30,2195.0972490166732,-1358710.9918479663,-7.693981629319039
1,9,31415,31,2192.64095532282,-1358513.2741384387,-7.692862011950795
1,9,31415,32,2190.484721713878,-1358339.5269193484,-7.691878132435691
1,9,31415,33,2188.573169311884,-1358185.3527957266,-7.6910050896164455
1,9,31415,34,2187.0003812857635,-1358058.4003231262,-7.690286195018666
1,9,31415,35,2185.440008645755,-1357932.3597448159,-7.689572464210652
1,9,31415,36,2183.827428998307,-1357802.0075028185,-7.688834317716449
1,9,31415,37,2182.1814650856268,-1357668.8573549294,-7.688080327502234
1,9,31415,38,2180.569907457988,-1357538.3931609667,-7.687341547056903
1,9,31415,39,2179.1005680086664,-1357419.3582283964,-7.686667487164889
1,9,31415,40,2177.927925963134,-1357324.301905182,-7.6861292111010675
1,9,31415,41,2176.8428677342918,-1357236.2996722714,-7.685630880280595
1,9,31415,42,2175.711969433524,-1357144.5329437677,-7.68511123222628
1,9,31415,43,2174.54752899917,-1357049.9945839068,-7.684575889236933
1,9,31415,44,2173.5559736661744,-1356969.452469211,-7.684119802876718
1,9,31415,45,2172.6825685960353,-1356898.477028939,-7.683717889786397
1,9,31415,46,2171.895091294598,-1356834.4598659468,-7.683355379378386
1,9,31415,47,2171.0792532319124,-1356768.1126591214,-7.682979674615907
1,9,31415,48,2170.3873560019024,-1356711.82527448,-7.682660935674372
1,9,31415,49,2169.736575746458,-1356658.8664691101,-7.682361045500471
1,9,31415,50,2169.2439018779523,-1356618.7633850067,-7.682133953503555
1,9,31415,51,2168.670167273423,-1356572.0505697099,-7.681869432538534
1,9,31415,52,2168.0429437481766,-1356520.9686054876,-7.6815801703652875
1,9,31415,53,2167.438037666799,-1356471.6902044585,-7.681301121241144
1,9,31415,54,2166.884452812651,-1356426.5806102925,-7.6810456788469175
1,9,31415,55,2166.48572156265,-1356394.0823266343,-7.680861650603273
1,9,31415,56,2166.1051440787082,-1356363.0580723458,-7.68068596935539
1,9,31415,57,2165.7270493445044,-1356332.230810956,-7.680511403620486
1,9,31415,58,2165.4013579789607,-1356305.6718472375,-7.680361008002749
1,9,31415,59,2164.977912490159,-1356271.1354114118,-7.680165438301481
1,9,31415,60,2164.49942274653,-1356232.1014072641,-7.67994440019063
1,9,31415,61,2164.093493020491,-1356198.97990305,-7.679756842831863
1,9,31415,62,2163.7632224850663,-1356172.0271646024,-7.67960421738339
1,9,31415,63,2163.480658201398,-1356148.9643751886,-7.67947361957478
1,9,31415,64,2163.1224282446096,-1356119.7214518746,-7.679308025481469
1,9,31415,65,2162.7220038992264,-1356087.028395913,-7.679122894299427
1,9,31415,66,2162.3539996296918,-1356056.9769720407,-7.678952721904712
1,9,31415,67,2162.012205621001,-1356029.0613106783,-7.678794643706345
1,9,31415,68,2161.698355386454,-1356003.4240402668,-7.6786494673673324
1,9,31415,69,2161.372618967874,-1355976.811894617,-7.678498770595927
1,9,31415,70,2161.1027988057763,-1355954.7649806791,-7.678373925392024
1,9,31415,71,2160.801264210828,-1355930.1234340041,-7.678234387544334
1,9,31415,72,2160.561759549327,-1355910.5485517257,-7.678123540730295
1,9,31415,73,2160.324719941746,-1355891.1730033506,-7.678013822685656
1,9,31415,74,2160.0211026213633,-1355866.352306413,-7.6778732703626
1,9,31415,75,2159.769997856155,-1355845.8218715258,-7.677757012534547
1,9,31415,76,2159.5920761174953,-1355831.273467851,-7.677674629193807
1,9,31415,77,2159.3756882279663,-1355813.5781271677,-7.677574425672264
1,9,31415,78,2159.173051919736,-1355797.0057282462,-7.677480581040387
1,9,31415,79,2158.906074395996,-1355775.1688755585,-7.677356925351702
1,9,31415,80,2158.67439947368,-1355756.2173347508,-7.67724960833749
1,9,31415,81,2158.5144009561673,-1355743.1279010843,-7.677175486715767
1,9,31415,82,2158.4607706116117,-1355738.7402005808,-7.677150640455399
1,10,11,1,4855.2452278203655,-1498897.182651896,-8.487814889814468
1,10,11,2,3541.288738366207,-1443169.608404591,-8.172245990263491
1,10,11,3,3073.6436691826148,-1418159.1316404683,-8.030618999742167
1,10,11,4,2838.2175152698887,-1404086.7970710634,-7.950931498641309
1,10,11,5,2695.854489112153,-1394999.093069838,-7.89947049769436
1,10,11,6,2599.847671170574,-1388595.3772653798,-7.863208134281911
1,10,11,7,2531.316075173819,-1383877.9334471945,-7.836494634286525
1,10,11,8,2481.55527355752,-1380371.85996642,-7.816640769031904
1,10,11,9,2444.20689582364,-1377693.8476758956,-7.801475971300812
1,10,11,10,2413.5817489446217,-1375467.2012594056,-7.788867126059807
1,10,11,11,2389.141608892139,-1373669.8796037731,-7.778689420952994
1,10,11,12,2368.9300020779547,-1372169.578534773,-7.770193656266765
1,10,11,13,2352.6520688680876,-1370951.937209075,-7.763298510759568
1,10,11,14,2338.279210181531,-1369869.7774422353,-7.757170557562744
1,10,11,15,2325.742893354384,-1368920.4493232523,-7.751794791007918
1,10,11,16,2314.9305812069474,-1368097.5545788386,-7.747134979551053
1,10,11,17,2305.3755743287657,-1367367.1444140773,-7.7429988811289014
1,10,11,18,2297.176209878309,-1366737.9455846276,-7.739435912797873
1,10,11,19,2289.754456015035,-1366166.479198521,-7.73619986635175
1,10,11,20,2283.300432362011,-1365668.0191373497,-7.733377233299827
1,10,11,21,2277.1133902082006,-1365188.8542040957,-7.730663862895091
1,10,11,22,2270.973132378997,-1364712.023631717,-7.727963711290967
1,10,11,23,2265.4016270408088,-1364278.2433729924,-7.725507340979831
1,10,11,24,2260.1310666911154,-1363866.910688779,-7.723178084695851
1,10,11,25,2254.7535662570267,-1363446.2422385663,-7.720795962708621
1,10,11,26,2249.7339903518987,-1363052.6670124545,-7.718567261698894
1,10,11,27,2245.5305357332877,-1362722.406100348,-7.7166970910696175
1,10,11,28,2241.6332977858633,-1362415.6515281168,-7.714960029945053
1,10,11,29,2237.7548065372384,-1362109.8425922666,-7.713228323681816
1,10,11,30,2234.1649298105367,-1361826.3174557576,-7.711622804035005
1,10,11,31,2230.7188176594577,-1361553.717816228,-7.7100791522714704
1,10,11,32,2227.794050252696,-1361322.027804415,-7.70876715972465
1,10,11,33,2224.869382061571,-1361090.0412926697,-7.707453488185724
1,10,11,34,2222.432725823891,-1360896.531203067,-7.706357697334377
1,10,11,35,2220.1191589886735,-1360712.599953989,-7.705316148645985
1,10,11,36,2217.924413545264,-1360537.9378975697,-7.704327088675548
1,10,11,37,2215.83489196505,-1360371.4890780337,-7.703384537855384
1,10,11,38,2213.986572921363,-1360224.123287006,-7.702550048625695
1,10,11,39,2212.356203095547,-1360094.0323489066,-7.701813381818786
1,10,11,40,2210.6699117833314,-1359959.3784107734,-7.701050876081709
1,10,11,41,2209.286388645585,-1359848.8244250051,-7.700424841302678
1,10,11,42,2207.7165655602016,-1359723.2997864725,-7.699714032110221
1,10,11,43,2206.2591469406507,-1359606.6831986988,-7.699053666595121
1,10,11,44,2205.1886815995294,-1359520.9799250762,-7.6985683541064605
1,10,11,45,2204.265631212139,-1359447.0455327781,-7.698149685339129
1,10,11,46,2203.18990129055,-1359360.842755623,-7.697661544308543
1,10,11,47,2202.0398785263487,-1359268.6400171572,-7.697139427257762
1,10,11,48,2201.0955943591966,-1359192.8963014358,-7.696710512822835
1,10,11,49,2200.1739503256463,-1359118.937273393,-7.696291704550511
1,10,11,50,2199.4726735791,-1359062.641267184,-7.695972916787569
1,10,11,51,2198.730713789852,-1359003.0598259792,-7.695635524570366
1,10,11,52,2197.894998426999,-1358935.9254687584,-7.695255362406188
1,10,11,53,2197.1160308500803,-1358873.3267627244,-7.694900884303682
1,10,11,54,2196.2345492461022,-1358802.463142067,-7.694499604415025
1,10,11,55,2195.3718084699567,-1358733.0785778903,-7.694106699989186
1,10,11,56,2194.590660274188,-1358670.2324433634,-7.693750820771733
1,10,11,57,2193.9372581241546,-1358617.6467461633,-7.6934530433999075
1,10,11,58,2193.1981345547783,-1358558.1433221006,-7.693116092970886
1,10,11,59,2192.416789249363,-1358495.2190130942,-7.692759771074296
1,10,11,60,2191.678628894447,-1358435.7519264936,-7.692423026413659
1,10,11,61,2191.2256140872328,-1358399.2465899794,-7.6922163074055705
1,10,11,62,2190.771350046123,-1358362.6330071678,-7.692008975430467
1,10,11,63,2190.4028945781324,-1358332.929999967,-7.691840776017119
1,10,11,64,2189.9702325819558,-1358298.0446098037,-7.691643230289838
1,10,11,65,2189.3275396287268,-1358246.2117698824,-7.691349716127855
1,10,11,66,2188.9371126249894,-1358214.7166128021,-7.691171368295651
1,10,11,67,2188.517302976346,-1358180.8449338393,-7.6909795629174225
1,10,11,68,2188.068778807379,-1358144.6492891556,-7.6907745976032915
1,10,11,69,2187.554718425858,-1358103.1557833778,-7.690539632056456
1,10,11,70,2187.0502262827404,-1358062.4251176182,-7.690308986248787
1,10,11,71,2186.5663479010664,-1358023.3498956216,-7.690087714733353
1,10,11,72,2186.0858837085575,-1357984.54182699,-7.689867956029027
1,10,11,73,2185.563055974545,-1357942.3022773033,-7.689628765854464
1,10,11,74,2184.95392812867,-1357893.0777467033,-7.689350021782752
1,10,11,75,2184.5542248361917,-1357860.7696694746,-7.6891670706223
1,10,11,76,2184.234960193463,-1357834.9592135195,-7.689020913584377
1,10,11,77,2183.8729771724434,-1357805.6906923763,-7.688855174538072
1,10,11,78,2183.5016923677554,-1357775.6650252796,-7.688685147996419
1,10,11,79,2183.1295039108168,-1357745.5611554682,-7.688514678615741
1,10,11,80,2182.785135831009,-1357717.702921018,-7.688356925609126
1,10,11,81,2182.4670385157765,-1357691.9659990065,-7.688211184972347
1,10,11,82,2182.0850021961683,-1357661.050880402,-7.688036121727817
1,10,11,83,2181.540546888392,-1357616.983148174,-7.687786579092007
1,10,11,84,2181.012457940558,-1357574.2295862087,-7.68754447821675
1,10,11,85,2180.608658768649,-1357541.5314176793,-7.687359318083736
1,10,11,86,2180.2709461708278,-1357514.1800463866,-7.687204435294441
1,10,11,87,2179.9869492055645,-1357491.1758290406,-7.687074169162263
1,10,11,88,2179.676120736634,-1357465.994780939,-7.686931576276312
1,10,11,89,2179.2541870440305,-1357431.8070543718,-7.686737981213245
1,10,11,90,2178.937369462658,-1357406.1321461727,-7.686592591742487
1,10,11,91,2178.612382539294,-1357379.7913151474,-7.686443431346181
1,10,11,92,2178.2531178291583,-1357350.667628699,-7.68627851245625
1,10,11,93,2177.8830796219722,-1357320.6655698307,-7.686108619601066
1,10,11,94,2177.569046251874,-1357295.2002874892,-7.685964417180024
1,10,11,95,2177.367001630251,-1357278.8143440245,-7.685871628390684
1,10,11,96,2177.2360711855727,-1357268.1949922408,-7.685811494117811
1,10,11,97,2177.005780887193,-1357249.5153293412,-7.6857057166684095
1,10,11,98,2176.6986187492384,-1357224.5972431777,-7.685564612858748
1,10,11,99,2176.4298104694935,-1357202.7876732624,-7.685441111664397
1,10,11,100,2176.187277331709,-1357183.107606712,-7.685329669222692
1,10,11,101,2175.9544135031756,-1357164.2100808977,-7.685222658079536
1,10,11,102,2175.667757310756,-1357140.944382852,-7.685090911258888
1,10,11,103,2175.3532331514416,-1357115.4133272178,-7.68494633638299
1,10,11,104,2175.0324590142372,-1357089.3711359748,-7.684798867096134
1,10,11,105,2174.7377758731286,-1357065.443768831,-7.684663373437552
1,10,11,106,2174.515968402955,-1357047.4315438725,-7.684561375493349
1,10,11,107,2174.281748379494,-1357028.409343459,-7.684453658354525
1,10,11,108,2174.000569100931,-1357005.5706361432,-7.684324329457078
1,10,11,109,2173.730073828091,-1356983.5969463282,-7.684199898899895
1,10,11,110,2173.4474255935343,-1356960.633088786,-7.684069861313442
1,10,11,111,2173.227689400398,-1356942.7784793214,-7.683968755899529
1,10,11,112,2173.047687497526,-1356928.1511244958,-7.683885925481589
1,10,11,113,2172.8500689058974,-1356912.0908029925,-7.683794980593862
1,10,11,114,2172.7283405278704,-1356902.1972978387,-7.683738956577453
1,10,11,115,2172.5640402395384,-1356888.8428707535,-7.683663334375763
1,10,11,116,2172.3784742453663,-1356873.7587396812,-7.683577917367981
1,10,11,117,2172.299518684324,-1356867.340276278,-7.683541571493245
1,10,42,1,4825.083893223776,-1497796.7390841541,-8.481583400818568
1,10,42,2,3526.3875350327667,-1442424.9599801889,-8.168029264755251
1,10,42,3,3065.905376971913,-1417713.9729853242,-8.028098196911131
1,10,42,4,2821.159085900087,-1403022.2185454026,-7.944903102854019
1,10,42,5,2672.3702124411534,-1393453.9979811078,-7.890721077619329
1,10,42,6,2574.440455079903,-1386861.1104950423,-7.8533874904868926
1,10,42,7,2504.9788645084154,-1382030.926536643,-7.826035576161381
1,10,42,8,2452.531061904735,-1378294.247049363,-7.804875856763894
1,10,42,9,2411.3748411531,-1375305.6550591707,-7.787952337334058
1,10,42,10,2378.7788683374706,-1372902.2490630492,-7.77434255446419
1,10,42,11,2352.421804613952,-1370934.6523430685,-7.763200631635664
1,10,42,12,2330.2516772808926,-1369262.4705286163,-7.753731556726821
1,10,42,13,2311.6314307646476,-1367845.7000611853,-7.74570880132499
1,10,42,14,2296.0822889844135,-1366653.8310632973,-7.73895959694722
1,10,42,15,2283.1184703576296,-1365653.9453526605,-7.733297537587124
1,10,42,16,2271.617247707217,-1364762.1038254024,-7.728247300731636
1,10,42,17,2261.9317163979435,-1364007.54737004,-7.723974468951607
1,10,42,18,2253.509021124402,-1363348.7416141133,-7.720243845284173
1,10,42,19,2246.756852118142,-1362818.8202886442,-7.717243056324927
1,10,42,20,2240.7469395059898,-1362345.8111541057,-7.71456454440188
1,10,42,21,2235.191070293693,-1361907.4075527033,-7.712081993457894
1,10,42,22,2229.684703324283,-1361471.8335699625,-7.709615465814029
1,10,42,23,2224.6628804069637,-1361073.649927884,-7.707360668697034
1,10,42,24,2220.018548735312,-1360704.5969737868,-7.7052708301175965
1,10,42,25,2215.7966196752045,-1360368.4388890748,-7.703367265530397
1,10,42,26,2212.096905048567,-1360073.333528853,-7.701696170474948
1,10,42,27,2208.4019647593927,-1359778.1159723708,-7.700024440085002
1,10,42,28,2204.9009360787327,-1359497.9354352918,-7.69843785992328
1,10,42,29,2201.8582952914066,-1359254.0772327585,-7.6970569624832015
1,10,42,30,2198.7841347152066,-1359007.3503469746,-7.695659820531698
1,10,42,31,2196.043914353969,-1358787.1339781983,-7.694412799858423
1,10,42,32,2193.2480537403458,-1358562.162716516,-7.693138853621958
1,10,42,33,2190.562474341117,-1358345.7951227443,-7.6919136274321005
1,10,42,34,2188.5206414409904,-1358181.1143182188,-7.690981088362112
1,10,42,35,2186.620656203769,-1358027.7359510998,-7.690112551678425
1,10,42,36,2184.585174165577,-1357863.2715195527,-7.689181237865118
1,10,42,37,2182.7641186770143,-1357716.0025607306,-7.688347296967794
1,10,42,38,2180.9545351775296,-1357569.539586293,-7.687517920123521
1,10,42,39,2179.264989689053,-1357432.6824353063,-7.686742938238594
1,10,42,40,2177.9168745815473,-1357323.405818306,-7.686124136824048
1,10,42,41,2176.6609490797855,-1357221.5411034292,-7.685547306836185
1,10,42,42,2175.202621358077,-1357103.1863199398,-7.684877098428824
1,10,42,43,2173.8942530742884,-1356996.9343773648,-7.68427542485795
1,10,42,44,2172.546617724206,-1356887.426698916,-7.683655315010226
1,10,42,45,2171.2710772011005,-1356783.7147913582,-7.6830680249122745
1,10,42,46,2170.1912231537217,-1356695.866165074,-7.68257056392105
1,10,42,47,2169.3070574887615,-1356623.9046877322,-7.6821630671921595
1,10,42,48,2168.2101309473637,-1356534.5860100805,-7.681657281731432
1,10,42,49,2167.013888801466,-1356437.1289052519,-7.681105410745846
1,10,42,50,2166.0778465808767,-1356360.832601103,-7.680673367164813
1,10,42,51,2165.029221381165,-1356275.3205510748,-7.680189137519252
1,10,42,52,2164.10697962306,-1356200.0804311375,-7.679763074799469
1,10,42,53,2163.172798696252,-1356123.8335704755,-7.679331311202393
1,10,42,54,2162.4689667302487,-1356066.3657957306,-7.679005888058091
1,10,42,55,2161.7691424917957,-1356009.2067034128,-7.678682212891791
1,10,42,56,2161.085427567387,-1355953.3454883704,-7.678365887223634
1,10,42,57,2160.429438886454,-1355899.7329614717,-7.678062295216551
1,10,42,58,2159.7759806108597,-1355846.3110519117,-7.677759782619521
1,10,42,59,2159.1990552567345,-1355799.132471,-7.677492624160505
1,10,42,60,2158.679859306499,-1355756.6639850182,-7.677252137586883
1,10,42,61,2158.251449603208,-1355721.6138172124,-7.677053658772169
1,10,42,62,2157.7893705635925,-1355683.8012062416,-7.676839537052457
1,10,42,63,2157.175316051536,-1355633.5396856454,-7.676554920810704
1,10,42,64,2156.66402030799,-1355591.678246719,-7.676317871766419
1,10,42,65,2156.1856377162258,-1355552.5025265084,-7.676096031159091
1,10,42,66,2155.811928544814,-1355521.8926773295,-7.675922696565736
1,10,42,67,2155.526278837636,-1355498.492042985,-7.675790185640424
1,10,42,68,2155.1990902525076,-1355471.6847026115,-7.675638383538577
1,10,42,69,2154.928108044134,-1355449.4794033398,-7.6755126414450086
1,10,42,70,2154.630740659113,-1355425.108790051,-7.675374637813578
1,10,42,71,2154.3066151989574,-1355398.5413991183,-7.675224194475001
1,10,42,72,2153.9872353978244,-1355372.359082563,-7.675075931699622
1,10,42,73,2153.6389845520775,-1355343.8055327202,-7.674914241325981
1,10,42,74,2153.448863160595,-1355328.2152786013,-7.674825958291908
1,10,42,75,2153.274246722607,-1355313.8952424717,-7.674744868129561
1,10,42,76,2153.1218871264773,-1355301.3995083617,-7.674674108454204
1,10,42,77,2152.9615014186097,-1355288.24455935,-7.674599615838307
1,10,42,78,2152.7146972442897,-1355267.9995922896,-7.6744849745307855
1,10,42,79,2152.48027727745,-1355248.7683333524,-7.674376073554891
1,10,42,80,2152.258695320813,-1355230.588348766,-7.6742731256371455
1,10,42,81,2152.0376948480734,-1355212.4542083726,-7.674170437321611
1,10,42,82,2151.8679926273235,-1355198.5280695756,-7.674091577684267
1,10,42,83,2151.6831463362105,-1355183.3579252465,-7.674005673608653
1,10,42,84,2151.5460387747935,-1355172.1048073354,-7.673941950504181
1,10,42,85,2151.3921005270136,-1355159.4694544394,-7.67387040020861
1,10,42,86,2151.2661145873635,-1355149.12777266,-7.673811838299489
1,10,42,87,2151.0932019610345,-1355134.933080816,-7.673731457925048
1,10,42,88,2150.917213712445,-1355120.4847342125,-7.67364964117814
1,10,42,89,2150.6971226149194,-1355102.413952282,-7.673547311642989
1,10,42,90,2150.4682583982667,-1355083.6208839233,-7.673440892011752
1,10,42,91,2150.3044568189753,-1355070.1691727901,-7.673364718919046
1,10,42,92,2150.184708554369,-1355060.3345589906,-7.673309028387094
1,10,42,93,2150.0181391628385,-1355046.6537368598,-7.6732315579060435
1,10,42,94,2149.7900135499017,-1355027.9154057074,-7.673125448235543
1,10,42,95,2149.591851859769,-1355011.6367095471,-7.6730332667562156
1,10,42,96,2149.3492115748786,-1354991.7021173378,-7.672920383010396
1,10,42,97,2149.1251605794787,-1354973.2927664418,-7.672816136258547
1,10,42,98,2148.80277686715,-1354946.8004518985,-7.672666118055531
1,10,42,99,2148.412837120436,-1354914.7513177586,-7.672484633213805
1,10,42,100,2148.1072403899298,-1354889.6302671668,-7.672342380076145
1,10,42,101,2147.9296230911937,-1354875.0279021184,-7.672259691167981
1,10,42,102,2147.731674562575,-1354858.752632694,-7.672167529093254
1,10,42,103,2147.5763412452206,-1354845.9801228968,-7.672095202118401
1,10,42,104,2147.3951334541653,-1354831.0788790302,-7.672010820747195
1,10,42,105,2147.2746681796516,-1354821.171973179,-7.6719547208465695
1,10,42,106,2147.1194570196185,-1354808.4067919648,-7.671882435371331
1,10,42,107,2146.987865253523,-1354797.5834405182,-7.671821145908232
1,10,42,108,2146.9241276394428,-1354792.3408178282,-7.6717914584744
1,10,97,1,4612.439935888485,-1489837.4471433973,-8.436512266234399
1,10,97,2,3356.5694063932033,-1433709.2437455177,-8.118674721369455
1,10,97,3,2933.6560752173987,-1409927.3315347512,-7.984004731388106
1,10,97,4,2722.1007415923295,-1396710.0584691896,-7.9091591926633384
1,10,97,5,2589.613743945946,-1387898.868574957,-7.859264009960457
1,10,97,6,2499.3309032423094,-1381632.3115261402,-7.8237783363315865
1,10,97,7,2435.4580922769587,-1377060.6124547233,-7.797890146067949
1,10,97,8,2388.4678406797925,-1373620.0708340376,-7.778407368506504
1,10,97,9,2353.4095177854733,-1371008.783441454,-7.763620414291844
1,10,97,10,2325.876111749394,-1368930.5643258907,-7.751852069299584
1,10,97,11,2304.660977425777,-1367312.3971143193,-7.742688863236119
1,10,97,12,2287.0982297093474,-1365961.5026729037,-7.735039144438111
1,10,97,13,2272.250382156869,-1364811.3164146913,-7.728525977183207
1,10,97,14,2260.526240180411,-1363897.7846359108,-7.723352914798412
1,10,97,15,2250.4662700021518,-1363110.138318715,-7.718892704841132
1,10,97,16,2241.5418043500345,-1362408.4436045175,-7.714919213588896
1,10,97,17,2233.7333419727715,-1361792.2003750978,-7.71142960901898
1,10,97,18,2227.014434667278,-1361260.2179930334,-7.708417148901058
1,10,97,19,2220.666355415839,-1360756.1200051308,-7.70556258992452
1,10,97,20,2215.716999505114,-1360362.0932268354,-7.703331331907287
1,10,97,21,2211.282429868918,-1360008.3011540056,-7.701327911220118
1,10,97,22,2207.297386022645,-1359689.766668666,-7.69952414390447
1,10,97,23,2203.695785555531,-1359401.3866374618,-7.697891132413682
1,10,97,24,2200.315739794262,-1359130.3174475066,-7.696356147136973
1,10,97,25,2197.2219620481123,-1358881.8408160445,-7.694949096889161
1,10,97,26,2194.7340246155322,-1358681.768287404,-7.69381614487131
1,10,97,27,2192.4814038613686,-1358500.4234909592,-7.692789242505177
1,10,97,28,2190.3089496929324,-1358325.355841406,-7.691797885779845
1,10,97,29,2188.29779971522,-1358163.1320727665,-7.690879260183055
1,10,97,30,2186.284167881873,-1358000.5586759362,-7.68995865474442
1,10,97,31,2184.679441040372,-1357870.891549904,-7.689224387860878
1,10,97,32,2183.3592133596435,-1357764.1414441487,-7.688619893338101
1,10,97,33,2182.0041812718305,-1357654.5100010964,-7.687999082647748
1,10,97,34,2180.505756992777,-1357533.1978430562,-7.687312127496156
1,10,97,35,2179.053800528624,-1357415.5681577965,-7.686646025107288
1,10,97,36,2177.6939937359225,-1357305.33284472,-7.6860217948781955
1,10,97,37,2176.818060376478,-1357234.2871909973,-7.685619484189708
1,10,97,38,2175.953360932598,-1357164.1246573739,-7.685222174351189
1,10,97,39,2175.0387610754833,-1357089.8828086106,-7.684801764548119
1,10,97,40,2174.0785899687307,-1357011.9081551374,-7.68436021696738
1,10,97,41,2173.1177001179294,-1356933.8406496684,-7.683918143593035
1,10,97,42,2172.2559556033584,-1356863.798842055,-7.683521517390483
1,10,97,43,2171.5205024392476,-1356803.999900485,-7.683182893532537
1,10,97,44,2170.583191523721,-1356727.7587519293,-7.682751162281444
1,10,97,45,2169.8414623116155,-1356667.4029387524,-7.682409385023004
1,10,97,46,2169.1761383404087,-1356613.246798766,-7.6821027146945315
1,10,97,47,2168.568685433563,-1356563.786748122,-7.681822636941923
1,10,97,48,2168.0341197196344,-1356520.2498588078,-7.681576100313758
1,10,97,49,2167.532385051177,-1356479.3770767436,-7.68134464974316
1,10,97,50,2167.06677428536,-1356441.4385892977,-7.681129815221908
1,10,97,51,2166.469167197265,-1356392.7329465111,-7.6808540094596145
1,10,97,52,2165.9294745875213,-1356348.7358515537,-7.68060486682194
1,10,97,53,2165.498166397037,-1356313.566644006,-7.6804057139200985
1,10,97,54,2165.071628503643,-1356278.7795205754,-7.68020872464849
1,10,97,55,2164.555571629874,-1356236.6823404788,-7.679970340671137
1,10,97,56,2164.072121001066,-1356197.235898437,-7.6797469670455225
1,10,97,57,2163.7250323680128,-1356168.9102777923,-7.679586567368044
1,10,97,58,2163.39760409911,-1356142.1849581345,-7.679435229725441
1,10,97,59,2163.10371088196,-1356118.1933884616,-7.679299372506776
1,10,97,60,2162.838376132456,-1356096.5303500434,-7.679176701077293
1,10,97,61,2162.5685210580505,-1356074.49552733,-7.679051924342447
1,10,97,62,2162.288181107831,-1356051.601657476,-7.6789222830757335
1,10,97,63,2162.060604414271,-1356033.0144987372,-7.678817029450248
1,10,97,64,2161.808326433204,-1356012.4075938787,-7.678700338595188
1,10,97,65,2161.467755760977,-1355984.58483342,-7.678542786467378
1,10,97,66,2161.0955831227166,-1355954.1753518737,-7.6783705864971274
1,10,97,67,2160.8536053232274,-1355934.4010205688,-7.67825861026178
1,10,97,68,2160.6052282758988,-1355914.101442101,-7.678143659705884
1,10,97,69,2160.405168158793,-1355897.749055458,-7.678051060938978
1,10,97,70,2160.20813007685,-1355881.6422017938,-7.67795985255328
1,10,97,71,2159.9854525021938,-1355863.4376825278,-7.677856765702843
1,10,97,72,2159.799326488229,-1355848.2199163602,-7.677770591958732
1,10,97,73,2159.6354246772516,-1355834.8181274277,-7.677694701560799
1,10,97,74,2159.4380256662266,-1355818.6760166818,-7.677603293524593
1,10,97,75,2159.2980057561467,-1355807.2251311315,-7.677538450520014
1,10,97,76,2159.149437812318,-1355795.0743719405,-7.67746964433639
1,10,97,77,2159.0751577322503,-1355788.9989971328,-7.67743524127169
1,10,2026,1,4609.581928429415,-1489727.9902384342,-8.435892443902025
1,10,2026,2,3438.3312155874128,-1437959.2961444329,-8.142741520914827
1,10,2026,3,3007.798480978905,-1414334.9336016872,-8.008963688470091
1,10,2026,4,2789.3018913045707,-1401016.7327544473,-7.933546625335217
1,10,2026,5,2653.0997577165062,-1392175.9655994219,-7.883483955283995
1,10,2026,6,2555.7576492021317,-1385574.8888172663,-7.8461039945709725
1,10,2026,7,2485.6691340508455,-1380664.3707074078,-7.818297171520028
1,10,2026,8,2433.7296286886044,-1376935.2378217313,-7.797180186312849
1,10,2026,9,2392.9278490201436,-1373949.5189669258,-7.78027293660558
1,10,2026,10,2360.8840810539987,-1371568.7672881235,-7.7667914384867185
1,10,2026,11,2334.27991677907,-1369567.4799763768,-7.755458735723619
1,10,2026,12,2313.1792641781753,-1367963.9051606213,-7.746378162115481
1,10,2026,13,2296.0131349590097,-1366648.5122774988,-7.738929478224056
1,10,2026,14,2281.032075992955,-1365492.49373166,-7.732383284435825
1,10,2026,15,2268.702144915316,-1364535.340160271,-7.726963204640423
1,10,2026,16,2258.3052525865437,-1363724.1941334275,-7.722369922723464
1,10,2026,17,2249.0584207693596,-1362999.6298749947,-7.718266927953355
1,10,2026,18,2241.2600505023497,-1362386.2449704246,-7.7147935092382784
1,10,2026,19,2234.4591336441817,-1361849.5705337236,-7.711754479391845
1,10,2026,20,2228.3788684156066,-1361368.3794075232,-7.709029635251046
1,10,2026,21,2223.0162946438477,-1360942.895362147,-7.706620243961555
1,10,2026,22,2218.237239616302,-1360562.8437561023,-7.704468123243724
1,10,2026,23,2214.1402620917174,-1360236.3815561892,-7.702619463606856
1,10,2026,24,2210.6269789309704,-1359955.9487907693,-7.701031455150058
1,10,2026,25,2207.4603850280014,-1359702.8068615182,-7.699597986689911
1,10,2026,26,2204.204071439397,-1359442.113623412,-7.698121757383672
1,10,2026,27,2201.361880369698,-1359214.2591480121,-7.696831484354011
1,10,2026,28,2198.9276699790234,-1359018.8779174536,-7.695725097780523
1,10,2026,29,2196.304828968592,-1358808.1140770938,-7.694531604001799
1,10,2026,30,2193.7704924226073,-1358604.2229613592,-7.693377028445809
1,10,2026,31,2191.7779323702757,-1358443.7530998911,-7.692468334710642
1,10,2026,32,2189.685406043604,-1358275.0753802867,-7.691513162283467
1,10,2026,33,2187.4028288436652,-1358090.893818045,-7.6904701961450845
1,10,2026,34,2185.518166836044,-1357938.6751872902,-7.6896082267081
1,10,2026,35,2183.932512602229,-1357810.5048260244,-7.6888824355642
1,10,2026,36,2182.5744526080407,-1357700.6571806376,-7.688260400583472
1,10,2026,37,2181.3461979696904,-1357601.2500544775,-7.687697487199324
1,10,2026,38,2180.0522769864046,-1357496.4677512147,-7.6871041357646055
1,10,2026,39,2179.093941386797,-1357418.8212070863,-7.6866644461708
1,10,2026,40,2177.9804496813863,-1357328.5606602803,-7.686153327181446
1,10,2026,41,2176.8787105378083,-1357239.2073566194,-7.6856473456437895
1,10,2026,42,2175.845431182935,-1357155.3651778453,-7.685172571989113
1,10,2026,43,2174.98880733257,-1357085.8269578659,-7.684778797455553
1,10,2026,44,2174.247019531932,-1357025.588662519,-7.684437685666098
1,10,2026,45,2173.433939451459,-1356959.5373276765,-7.684063656339833
1,10,2026,46,2172.604738189873,-1356892.1509189366,-7.683682066881868
1,10,2026,47,2171.6691804766874,-1356816.0903921607,-7.683251358438909
1,10,2026,48,2170.8904713515976,-1356752.756611287,-7.682892717823295
1,10,2026,49,2170.3317544376573,-1356707.3011841683,-7.682635317078543
1,10,2026,50,2169.7230144490445,-1356657.7627170389,-7.682354795276391
1,10,2026,51,2169.127901438931,-1356609.3197584748,-7.682080477017763
1,10,2026,52,2168.6609060209184,-1356571.2964277745,-7.681865162054059
1,10,2026,53,2168.184589185756,-1356532.50570045,-7.681645501548466
1,10,2026,54,2167.598280593917,-1356484.7456611637,-7.681375050461305
1,10,2026,55,2167.083457441141,-1356442.7980923394,-7.681137513688684
1,10,2026,56,2166.549497710452,-1356399.2807542842,-7.680891087773561
1,10,2026,57,2166.0422505511215,-1356357.930536923,-7.68065693362698
1,10,2026,58,2165.6211319570116,-1356323.5940658376,-7.680462496267356
1,10,2026,59,2165.1317566263424,-1356283.683800932,-7.680236496148974
1,10,2026,60,2164.5263021955916,-1356234.294394661,-7.67995681843472
1,10,2026,61,2163.905835405562,-1356183.6660333578,-7.679670124881694
1,10,2026,62,2163.4828401888044,-1356149.1424797112,-7.679474628128426
1,10,2026,63,2163.1431534505678,-1356121.4134178215,-7.679317606588115
1,10,2026,64,2162.690025997789,-1356084.4172663894,-7.679108108239178
1,10,2026,65,2162.269555224368,-1356050.0804756745,-7.678913669069586
1,10,2026,66,2162.0671003467137,-1356033.5450763574,-7.6788200339556125
1,10,2026,67,2161.756878999853,-1356008.2049011406,-7.678676539979505
1,10,2026,68,2161.4501229053826,-1355983.144206238,-7.678534628618402
1,10,2026,69,2161.2129327564885,-1355963.7643208958,-7.67842488601479
1,10,2026,70,2160.935318307176,-1355941.0788213334,-7.678296424687891
1,10,2026,71,2160.567358489431,-1355911.006181758,-7.678126132154874
1,10,2026,72,2160.2576479098097,-1355885.6901691398,-7.677982775004472
1,10,2026,73,2159.8561303628,-1355852.8643717002,-7.677796892146393
1,10,2026,74,2159.4932016737753,-1355823.188129223,-7.677628844293821
1,10,2026,75,2159.2967867282914,-1355807.125435274,-7.67753788597163
1,10,2026,76,2159.0788434570563,-1355789.300457843,-7.677436948355228
1,10,2026,77,2158.763005737003,-1355763.4657708015,-7.677290654103772
1,10,2026,78,2158.436741334376,-1355736.77423953,-7.677139507794886
1,10,2026,79,2158.133786495899,-1355711.9860395046,-7.676999139492308
1,10,2026,80,2157.9267967529618,-1355695.0478404283,-7.6769032234415
1,10,2026,81,2157.746440926982,-1355680.2877995274,-7.676819641661253
1,10,2026,82,2157.5814887145925,-1355666.7872862483,-7.676743192216317
1,10,2026,83,2157.4441542087343,-1355655.546356649,-7.676679538130678
1,10,2026,84,2157.3233680526787,-1355645.6593301345,-7.676623550800902
1,10,2026,85,2157.205500097319,-1355636.0106410887,-7.67656891310627
1,10,2026,86,2157.059325250684,-1355624.044013206,-7.67650114960421
1,10,2026,87,2156.9234643017235,-1355612.921007112,-7.676438163284777
1,10,2026,88,2156.8484958058816,-1355606.782997649,-7.676403405538404
1,10,31415,1,4748.0964503924615,-1494956.3426655503,-8.465499069422236
1,10,31415,2,3459.745616489673,-1439055.737066559,-8.148950344103191
1,10,31415,3,3018.835457964461,-1414981.751083064,-8.01262642605674
1,10,31415,4,2796.0597248750078,-1401444.0617354102,-7.935966463953533
1,10,31415,5,2662.8660931573454,-1392824.8328907469,-7.887158300342859
1,10,31415,6,2574.5333638775173,-1386867.4834682927,-7.853423578764243
1,10,31415,7,2510.042941725301,-1382387.569434938,-7.828055140236577
1,10,31415,8,2459.898411283977,-1378823.9363523074,-7.80787533184767
1,10,31415,9,2420.3077617252798,-1375958.6375096159,-7.791649985331415
1,10,31415,10,2388.069563737573,-1373590.621334309,-7.778240604631579
1,10,31415,11,2361.8460196106844,-1371640.705584917,-7.767198803950967
1,10,31415,12,2339.0289985054965,-1369926.394673561,-7.757491164329258
1,10,31415,13,2319.2174341385585,-1368424.2738463446,-7.748985094886262
1,10,31415,14,2302.721375751896,-1367163.7131059277,-7.741846909328333
1,10,31415,15,2288.069983251779,-1366036.5188645124,-7.735463939117481
1,10,31415,16,2274.981123119799,-1365023.4158105622,-7.7297270338208675
1,10,31415,17,2263.744730975451,-1364149.0367218093,-7.724775681630232
1,10,31415,18,2254.36720950289,-1363415.979893333,-7.720624595928135
1,10,31415,19,2245.571579893251,-1362725.6338837286,-7.7167153690597
1,10,31415,20,2237.621830513221,-1362099.3483836686,-7.71316889805808
1,10,31415,21,2230.7722358641076,-1361557.9465972877,-7.7101030986176635
1,10,31415,22,2225.217995178965,-1361117.709506689,-7.707610165162401
1,10,31415,23,2220.0002316863415,-1360703.1399164607,-7.705262579229537
1,10,31415,24,2215.450444040457,-1360340.8473152863,-7.703211022544856
1,10,31415,25,2211.5403092590977,-1360028.8943162311,-7.701444524254681
1,10,31415,26,2207.727669655727,-1359724.1879945623,-7.6997190617719875
1,10,31415,27,2204.2205927266127,-1359443.4372527886,-7.698129252708408
1,10,31415,28,2200.8214525346657,-1359170.9005205485,-7.696585957170393
1,10,31415,29,2197.324837678876,-1358890.1088900783,-7.694995916566125
1,10,31415,30,2194.1127103142157,-1358631.768647368,-7.6935330115823195
1,10,31415,31,2191.0226173588712,-1358382.8860360442,-7.692123662389686
1,10,31415,32,2188.344754698425,-1358166.9212642305,-7.690900717262368
1,10,31415,33,2185.7869403506415,-1357960.3912601485,-7.689731198456054
1,10,31415,34,2183.6542999098606,-1357788.0069596411,-7.688755036748933
1,10,31415,35,2181.581193818692,-1357620.2734547188,-7.687805211132421
1,10,31415,36,2179.6678962756905,-1357465.328446532,-7.686927803020102
1,10,31415,37,2178.0653553457682,-1357335.4448077704,-7.686192310088511
1,10,31415,38,2176.373498127424,-1357198.2184699096,-7.685415237606655
1,10,31415,39,2174.885018903767,-1357077.3998565145,-7.684731077253557
1,10,31415,40,2173.455329578533,-1356961.2752914785,-7.684073497918834
1,10,31415,41,2172.1450984658904,-1356854.7864580257,-7.6834704829044345
1,10,31415,42,2170.9403146010486,-1356756.811130787,-7.682915677377414
1,10,31415,43,2169.907552744535,-1356672.7816709655,-7.682439843205123
1,10,31415,44,2168.970650891842,-1356596.5171433245,-7.68200797956513
1,10,31415,45,2167.9372370424776,-1356512.3582478699,-7.681531412436832
1,10,31415,46,2166.908426104109,-1356428.5343443772,-7.6810567422697105
1,10,31415,47,2165.9559356298987,-1356350.8932776512,-7.680617083692828
1,10,31415,48,2165.1822246542024,-1356287.8000617623,-7.680259805326129
1,10,31415,49,2164.4599348083784,-1356228.8796939726,-7.679926156573681
1,10,31415,50,2163.6979767902303,-1356166.7021032306,-7.679574063123496
1,10,31415,51,2163.1585582415173,-1356122.6710248191,-7.679324728047494
1,10,31415,52,2162.5798032744465,-1356075.4168236987,-7.679057141373425
1,10,31415,53,2162.1006304390653,-1356036.2837366026,-7.678835542184913
1,10,31415,54,2161.6348988421296,-1355998.240056368,-7.678620111987769
1,10,31415,55,2161.0518955991515,-1355950.6053882968,-7.678350370841007
1,10,31415,56,2160.4175348458257,-1355898.7599197677,-7.678056785166924
1,10,31415,57,2159.8057303783435,-1355848.743523753,-7.677773556993743
1,10,31415,58,2159.3318312983674,-1355809.9914658386,-7.677554115461673
1,10,31415,59,2158.8937815009763,-1355774.1633396025,-7.677351231296661
1,10,31415,60,2158.5644351040705,-1355747.221284898,-7.67719866634709
1,10,31415,61,2158.158037235206,-1355713.9703979457,-7.677010376331844
1,10,31415,62,2157.738931912568,-1355679.6732466894,-7.676816161628874
1,10,31415,63,2157.2988483122977,-1355643.6521838233,-7.676612184920344
1,10,31415,64,2156.9931686418117,-1355618.6278249677,-7.676470479319613
1,10,31415,65,2156.7572270941223,-1355599.3101278865,-7.676361088869874
1,10,31415,66,2156.5394378529395,-1355581.4767738292,-7.676260103819095
1,10,31415,67,2156.3166397374266,-1355563.2314117127,-7.676156785687581
1,10,31415,68,2156.0767113249644,-1355543.5811086607,-7.676045511787834
1,10,31415,69,2155.8135019615397,-1355522.0215641996,-7.675923426414259
1,10,31415,70,2155.5460356103936,-1355500.1106321777,-7.6757993512360425
1,10,31415,71,2155.297259489451,-1355479.7283694309,-7.675683932463339
1,10,31415,72,2155.0721347187587,-1355461.2818372867,-7.675579475164993
1,10,31415,73,2154.8333294857594,-1355441.7122334011,-7.675468658240943
1,10,31415,74,2154.6366512496606,-1355425.5932226619,-7.675377381013296
1,10,31415,75,2154.4798656821686,-1355412.7426114478,-7.675304611773037
1,10,31415,76,2154.2234598580803,-1355391.7248124806,-7.675185594145218
1,10,31415,77,2154.0323625168985,-1355376.0587771838,-7.675096881984573
1,10,31415,78,2153.8222330831304,-1355358.830898929,-7.674999325565585
1,10,31415,79,2153.6622588880314,-1355345.713970441,-7.674925048248756
1,10,31415,80,2153.491935716553,-1355331.7474167487,-7.674845959753721
1,10,31415,81,2153.3644623499163,-1355321.293837788,-7.6747867642036995
1,10,31415,82,2153.219593044088,-1355309.4129364176,-7.6747194861457215
1,10,31415,83,2153.069123424738,-1355297.071900449,-7.674649602480543
1,10,31415,84,2152.9218989392207,-1355284.9961851628,-7.67458122124853
1,10,31415,85,2152.7037654991714,-1355267.1028243613,-7.674479896397167
1,10,31415,86,2152.4007868128097,-1355242.2466483603,-7.674339143166587
1,10,31415,87,2152.1611936379377,-1355222.5881012843,-7.674227822583351
1,10,31415,88,2151.9724509671482,-1355207.1002814446,-7.674140119604543
1,10,31415,89,2151.833223258873,-1355195.6746829,-7.6740754197928585
1,10,31415,90,2151.641516940052,-1355179.9412638692,-7.673986326057902
1,10,31415,91,2151.5269331149066,-1355170.536651311,-7.673933070496795
1,10,31415,92,2151.4359795872356,-1355163.0711687615,-7.673890795659884
1,11,11,1,5072.987372666615,-1506644.4071032861,-8.531685148438147
1,11,11,2,3603.014216216123,-1446221.1644041103,-8.189526056401181
1,11,11,3,3113.8046893553933,-1420451.6096975983,-8.043600630245638
1,11,11,4,2872.424133942642,-1406202.4107750102,-7.96291159821404
1,11,11,5,2725.2515814058765,-1396914.3483462138,-7.910316026287495
1,11,11,6,2621.4820861480966,-1390058.8089658292,-7.871495118553457
1,11,11,7,2544.6012658797795,-1384802.3339710825,-7.8417292431854
1,11,11,8,2488.1054631697916,-1380837.3745822043,-7.819276841694532
1,11,11,9,2443.3103849138356,-1377629.06286173,-7.801109113909477
1,11,11,10,2407.092160462927,-1374991.739486978,-7.786174725568127
1,11,11,11,2378.6952259459645,-1372896.0395728052,-7.774307391943131
1,11,11,12,2354.4160982476014,-1371084.2985889276,-7.764048034411858
1,11,11,13,2333.7638906160405,-1369528.4370160426,-7.755237646896512
1,11,11,14,2315.4597384511567,-1368137.9166167402,-7.747363537927337
1,11,11,15,2298.682620532776,-1366853.7120180444,-7.740091464138331
1,11,11,16,2284.6890842795606,-1365775.3869863295,-7.733985225921206
1,11,11,17,2271.828970195311,-1364778.5622225294,-7.728340499804803
1,11,11,18,2260.935213747409,-1363929.731066959,-7.723533818062669
1,11,11,19,2251.303671640866,-1363175.836969961,-7.719264737023686
1,11,11,20,2242.2812468763045,-1362466.6890406893,-7.715249040401652
1,11,11,21,2234.4738219143514,-1361850.7313747602,-7.7117610528939835
1,11,11,22,2227.5385884719853,-1361301.7765588132,-7.708652482863592
1,11,11,23,2221.0876374066866,-1360789.6184259055,-7.705752281651163
1,11,11,24,2215.5164969411394,-1360346.1123267836,-7.7032408367599325
1,11,11,25,2210.2255499301073,-1359923.8780746753,-7.700849848096058
1,11,11,26,2205.4558974715205,-1359542.3775774648,-7.698689522732736
1,11,11,27,2201.165810545916,-1359198.529659448,-7.696742412876134
1,11,11,28,2197.542054452721,-1358907.5652453823,-7.695094766783596
1,11,11,29,2193.7661531764156,-1358603.873660645,-7.693375050458368
1,11,11,30,2190.7823854375542,-1358363.5225472862,-7.692014012635119
1,11,11,31,2187.98691710039,-1358138.0422954196,-7.690737184136605
1,11,11,32,2185.2755702984514,-1357919.0718403559,-7.689497218707068
1,11,11,33,2182.6714279932166,-1357708.5033692103,-7.688304831246873
1,11,11,34,2180.507853793295,-1357533.3676578854,-7.687313089107701
1,11,11,35,2178.4054497150496,-1357363.0169540597,-7.686348443061823
1,11,11,36,2176.340338744533,-1357195.527850548,-7.68540000141878
1,11,11,37,2174.5674540859527,-1357051.6126835842,-7.684585052060569
1,11,11,38,2173.0265991849046,-1356926.4373620364,-7.68387622094769
1,11,11,39,2171.521738443454,-1356804.1004157066,-7.683183462720741
1,11,11,40,2170.0976874770677,-1356688.2547642544,-7.682527462791796
1,11,11,41,2168.754143572055,-1356578.8885958837,-7.681908154274119
1,11,11,42,2167.518802564172,-1356478.2704758726,-7.681338383387162
1,11,11,43,2166.428700607968,-1356389.4343887845,-7.680835330695179
1,11,11,44,2165.330644948015,-1356299.9049251655,-7.680328351615374
1,11,11,45,2164.3689893795467,-1356221.4594806342,-7.679884138083028
1,11,11,46,2163.428672555521,-1356144.7209984749,-7.67944959057768
1,11,11,47,2162.5483330684133,-1356072.8469809615,-7.679042589108132
1,11,11,48,2161.8462267891623,-1356015.5035745488,-7.678717870225198
1,11,11,49,2161.033702603692,-1355949.1187107346,-7.678341952222242
1,11,11,50,2160.396988637923,-1355897.080450761,-7.678047274826783
1,11,11,51,2159.755088005385,-1355844.602760566,-7.677750109066933
1,11,11,52,2159.04172834157,-1355786.2647358917,-7.677419757952658
1,11,11,53,2158.4746305994654,-1355739.8741488415,-7.67715706167164
1,11,11,54,2158.008553541095,-1355701.738282742,-7.676941109452994
1,11,11,55,2157.5008059634247,-1355660.183430846,-7.676705796521094
1,11,11,56,2156.898437027645,-1355610.8719348323,-7.676426559989763
1,11,11,57,2156.377537470426,-1355568.2186302913,-7.676185026842878
1,11,11,58,2155.815121083414,-1355522.1541949215,-7.6759241774631155
1,11,11,59,2155.3384069244566,-1355483.0997469723,-7.675703023585016
1,11,11,60,2155.045122311333,-1355459.06833413,-7.675566940746175
1,11,11,61,2154.6953289736084,-1355430.4023828895,-7.675404613876403
1,11,11,62,2154.2373133465994,-1355392.8604584017,-7.675192024974811
1,11,11,63,2153.6552815419404,-1355345.141847562,-7.674921808484784
1,11,11,64,2153.1110342123025,-1355300.5093755887,-7.6746690678935225
1,11,11,65,2152.679086749159,-1355265.078326504,-7.6744684322598955
1,11,11,66,2152.3191391478013,-1355235.5477281034,-7.674301209146988
1,11,11,67,2151.9656227295613,-1355206.5399454138,-7.6741369465860325
1,11,11,68,2151.661034846122,-1355181.543170806,-7.673995397186801
1,11,11,69,2151.359783599249,-1355156.8167448733,-7.673855378692783
1,11,11,70,2150.9058353555474,-1355119.5505490843,-7.673644351161899
1,11,11,71,2150.370432826721,-1355075.5873768681,-7.6733954006187535
1,11,11,72,2149.82358674947,-1355030.6732468326,-7.6731410650805385
1,11,11,73,2149.338503498111,-1354990.8223222776,-7.672915400989148
1,11,11,74,2148.945255891792,-1354958.509347206,-7.67273242209365
1,11,11,75,2148.5625012765813,-1354927.0528973208,-7.672554293448933
1,11,11,76,2148.1274019760817,-1354891.2877255885,-7.672351765776802
1,11,11,77,2147.7183304669006,-1354857.6554311302,-7.672161315962774
1,11,11,78,2147.3499755100906,-1354827.3652141797,-7.6719897913529325
1,11,11,79,2147.04072676878,-1354801.931351216,-7.671845766850606
1,11,11,80,2146.737921302397,-1354777.0238592366,-7.6717047230327
1,11,11,81,2146.4137287468666,-1354750.3532615374,-7.67155369526449
1,11,11,82,2146.176142719918,-1354730.8050316146,-7.67144299937492
1,11,11,83,2145.8217951366328,-1354701.6458110507,-7.671277879265721
1,11,11,84,2145.419200617447,-1354668.5105120544,-7.67109024379115
1,11,11,85,2145.233731537691,-1354653.2434992203,-7.671003791177618
1,11,11,86,2145.1165768715578,-1354643.5991533608,-7.670949178077176
1,11,11,87,2144.9508419976733,-1354629.9547130873,-7.670871913615906
1,11,11,88,2144.6873083731007,-1354608.2566325848,-7.670749043753383
1,11,11,89,2144.4698689701318,-1354590.351719161,-7.67064765348291
1,11,11,90,2144.233429415375,-1354570.8801894842,-7.6705373919243245
1,11,11,91,2144.0444246283896,-1354555.31351563,-7.670449242418373
1,11,11,92,2143.911912717495,-1354544.3988483346,-7.670387435860418
1,11,11,93,2143.6825434421826,-1354525.5046929955,-7.670280443803274
1,11,11,94,2143.3905276523783,-1354501.447143423,-7.6701442129598
1,11,11,95,2143.0377131407176,-1354472.3763541724,-7.669979593611178
1,11,11,96,2142.808921709266,-1354453.522112513,-7.66987282757349
1,11,11,97,2142.711402632189,-1354445.4851496255,-7.669827316611127
1,11,42,1,4969.685677147259,-1503011.2901104388,-8.51111187305593
1,11,42,2,3582.6107782213717,-1445218.2914694233,-8.1838470812679
1,11,42,3,3104.463750028484,-1419921.0584367975,-8.040596274147465
1,11,42,4,2856.6698180801,-1405231.1840185986,-7.957411826101672
1,11,42,5,2704.1328615836537,-1395540.5432468667,-7.902536571156816
1,11,42,6,2601.9292610869884,-1388736.71216463,-7.864008472341245
1,11,42,7,2529.622437397578,-1383759.7394482438,-7.835825336354824
1,11,42,8,2473.261245674101,-1379780.6465794488,-7.813292901114697
1,11,42,9,2427.693023533167,-1376496.6712230262,-7.79469671236297
1,11,42,10,2392.684433158145,-1373931.554377136,-7.78017120840536
1,11,42,11,2363.3941504909244,-1371756.4206066325,-7.767854064162047
1,11,42,12,2339.7549678166106,-1369981.1960178753,-7.757801488260504
1,11,42,13,2319.3963713828725,-1368437.898280308,-7.74906224605767
1,11,42,14,2302.712967393918,-1367163.068273993,-7.741843257834315
1,11,42,15,2288.6222845470247,-1366079.1405177498,-7.735705293032321
1,11,42,16,2276.8031138787014,-1365164.7901097422,-7.730527594990442
1,11,42,17,2265.6507888381357,-1364297.6651207202,-7.7256173206378485
1,11,42,18,2256.527035636554,-1363585.0871012025,-7.721582200421319
1,11,42,19,2248.7339888691577,-1362974.1539428637,-7.71812266522568
1,11,42,20,2242.19849746973,-1362460.171875025,-7.7152121356049745
1,11,42,21,2236.1032571495075,-1361979.4612875076,-7.7124900126137215
1,11,42,22,2230.2706006358494,-1361518.2313221293,-7.709878202669
1,11,42,23,2224.9727806385818,-1361098.2481313145,-7.7074999611046495
1,11,42,24,2220.451741646571,-1360739.0524544953,-7.7054659413937925
1,11,42,25,2215.994660580749,-1360384.22159791,-7.70345663837905
1,11,42,26,2211.8627094858507,-1360054.6364633983,-7.701590294479984
1,11,42,27,2208.3644493549486,-1359775.1160422359,-7.700007452360985
1,11,42,28,2204.8020132565593,-1359490.0123724176,-7.698392993943269
1,11,42,29,2201.547574362119,-1359229.1549550935,-7.696915834938296
1,11,42,30,2198.7637148909234,-1359005.7103336887,-7.695650533617726
1,11,42,31,2196.209814139113,-1358800.4742397054,-7.6944883418446
1,11,42,32,2193.891740386678,-1358613.982902684,-7.6934322961294495
1,11,42,33,2191.6525460761363,-1358433.6502969188,-7.6924111255021055
1,11,42,34,2189.515486143404,-1358261.3711289358,-7.691435559129618
1,11,42,35,2187.615159500493,-1358108.0349224433,-7.690567261189187
1,11,42,36,2185.675493151763,-1357951.3869935249,-7.689680209936492
1,11,42,37,2183.8517222353926,-1357803.971951104,-7.688845441810616
1,11,42,38,2182.1526344917575,-1357666.5242109594,-7.688067115592599
1,11,42,39,2180.4781135420544,-1357530.959051223,-7.687299449874985
1,11,42,40,2179.01762254931,-1357412.6362122367,-7.686629422359971
1,11,42,41,2177.470479029459,-1357287.206614882,-7.685919151357815
1,11,42,42,2175.992527919965,-1357167.3033067156,-7.6852401741096275
1,11,42,43,2174.495783749232,-1357045.7923260718,-7.684552093083977
1,11,42,44,2173.078677685171,-1356930.6695423867,-7.6839001865430685
1,11,42,45,2171.805789055727,-1356827.1986663349,-7.683314261335803
1,11,42,46,2170.5264808653706,-1356723.144833942,-7.682725035017849
1,11,42,47,2169.3340120700254,-1356626.098931159,-7.682175492548778
1,11,42,48,2168.1988400163814,-1356533.6663963269,-7.681652074228608
1,11,42,49,2167.1478026955324,-1356448.0414608507,-7.681167205345882
1,11,42,50,2166.194053898386,-1356370.306390147,-7.680727014452059
1,11,42,51,2165.3810807213754,-1356304.0181774553,-7.680351643756047
1,11,42,52,2164.8376369179464,-1356259.6929727558,-7.680100643129188
1,11,42,53,2164.254836943081,-1356212.1453724194,-7.679831395021458
1,11,42,54,2163.646802534244,-1356162.5253773062,-7.679550411550258
1,11,42,55,2163.051271664884,-1356113.9122422067,-7.679275129631849
1,11,42,56,2162.3875972303067,-1356059.7207820697,-7.678968259295727
1,11,42,57,2161.8479339258975,-1356015.6430247936,-7.678718659891013
1,11,42,58,2161.2585764435107,-1355967.4938544505,-7.678446005268868
1,11,42,59,2160.577246803978,-1355911.8144014212,-7.678130708865654
1,11,42,60,2160.009341201667,-1355865.3907408977,-7.677867825299261
1,11,42,61,2159.5690988082274,-1355829.394559059,-7.677663989484689
1,11,42,62,2159.02909207958,-1355785.231178017,-7.677413905217715
1,11,42,63,2158.478666311959,-1355740.2043273554,-7.677158931375672
1,11,42,64,2158.050392289981,-1355705.1619950284,-7.676960496930974
1,11,42,65,2157.530331207604,-1355662.6000905663,-7.6767194813559145
1,11,42,66,2156.859295454302,-1355607.6672268112,-7.67640841266867
1,11,42,67,2156.2131794767033,-1355554.7582128937,-7.676108804449153
1,11,42,68,2155.5679313941673,-1355501.9044442037,-7.675809509067147
1,11,42,69,2155.0141072222123,-1355456.5268012385,-7.67555254879123
1,11,42,70,2154.487963867568,-1355413.4063857014,-7.675308370531849
1,11,42,71,2154.13688063217,-1355384.6272762422,-7.6751454028802915
1,11,42,72,2153.8487873984327,-1355361.0080998964,-7.675011654415758
1,11,42,73,2153.5609105327944,-1355337.4035064857,-7.674877988530107
1,11,42,74,2153.1924047038715,-1355307.1830997206,-7.674706859234859
1,11,42,75,2152.8668497079902,-1355280.4806993795,-7.67455565137762
1,11,42,76,2152.6634618931835,-1355263.79654426,-7.674461173903191
1,11,42,77,2152.4672971367213,-1355247.7034121507,-7.67437004321863
1,11,42,78,2152.2235432147804,-1355227.7040757367,-7.674256792845378
1,11,42,79,2152.0507090471506,-1355213.5221369355,-7.674176484687676
1,11,42,80,2151.8496455503223,-1355197.0224021557,-7.674083051531511
1,11,42,81,2151.666925788251,-1355182.0266594193,-7.673998135040938
1,11,42,82,2151.5846362551524,-1355175.2727722249,-7.673959889759702
1,11,97,1,4833.658115730947,-1498110.269903337,-8.483358833841109
1,11,97,2,3435.007590816462,-1437788.5109539807,-8.141774414498684
1,11,97,3,2977.7451307847027,-1412561.565544174,-7.998921625560178
1,11,97,4,2747.903703862922,-1398376.1200466054,-7.9185936104658445
1,11,97,5,2609.0774665008303,-1389221.1985775705,-7.866751976723844
1,11,97,6,2514.626647362532,-1382709.7618193277,-7.829879621161125
1,11,97,7,2448.9724471198656,-1378037.823636188,-7.803423806223246
1,11,97,8,2400.3238303806647,-1374494.4880427304,-7.783358936559171
1,11,97,9,2364.082670056489,-1371807.859642565,-7.768145348327605
1,11,97,10,2335.0852276759088,-1369628.3932138414,-7.755803669512222
1,11,97,11,2312.7327063154034,-1367929.810504274,-7.746185094081758
1,11,97,12,2294.7499038649403,-1366551.3262386771,-7.738379142205721
1,11,97,13,2279.7317005034383,-1365391.7919515758,-7.731813039806425
1,11,97,14,2266.787474751775,-1364386.2408076983,-7.726118898760424
1,11,97,15,2256.173452088242,-1363557.4137674954,-7.721425494453353
1,11,97,16,2247.1929518132824,-1362853.0941871812,-7.717437139354572
1,11,97,17,2238.9287465569073,-1362202.460605636,-7.713752792312514
1,11,97,18,2231.8751768229813,-1361645.2368273442,-7.7105973975749125
1,11,97,19,2225.5249039364903,-1361142.064202721,-7.707748078659077
1,11,97,20,2220.229917004594,-1360721.4097122909,-7.705366035722
1,11,97,21,2215.7226767160764,-1360362.5457034416,-7.7033338941495275
1,11,97,22,2211.332296308116,-1360012.2834651538,-7.70135046187953
1,11,97,23,2207.2452435358964,-1359685.5949792848,-7.699500520851698
1,11,97,24,2203.7291919190843,-1359404.0636488213,-7.697906291543434
1,11,97,25,2200.788237456893,-1359168.2353212885,-7.696570864929094
1,11,97,26,2198.3964167846307,-1358976.2082732718,-7.695483472107047
1,11,97,27,2195.823355799327,-1358769.3969588235,-7.694312360322681
1,11,97,28,2193.4959207325564,-1358582.119123329,-7.693251860897476
1,11,97,29,2191.470991022622,-1358419.0207603031,-7.692328282729329
1,11,97,30,2189.5092254104056,-1358260.8661727158,-7.691432699710725
1,11,97,31,2187.864990836258,-1358128.201264623,-7.690681457267082
1,11,97,32,2186.626939934901,-1358028.2434317265,-7.6901154253922925
1,11,97,33,2185.4658322218224,-1357934.4464008813,-7.689584280331616
1,11,97,34,2184.215693167888,-1357833.4014799502,-7.689012092596295
1,11,97,35,2182.993423549416,-1357734.5532311618,-7.6884523439707
1,11,97,36,2182.099945360689,-1357662.2602119162,-7.6880429698173
1,11,97,37,2181.1262646969913,-1357583.4441443088,-7.687596657555233
1,11,97,38,2180.086183988248,-1357499.2143488915,-7.6871196889412525
1,11,97,39,2179.2713452709318,-1357433.1974511466,-7.686745854622164
1,11,97,40,2178.461924695281,-1357367.595079489,-7.686374367642666
1,11,97,41,2177.622063019664,-1357299.4997282515,-7.685988763651379
1,11,97,42,2176.9594562493935,-1357245.7575349435,-7.685684437381471
1,11,97,43,2176.2129450282705,-1357185.190485572,-7.685341463954449
1,11,97,44,2175.39847071324,-1357119.0856498564,-7.684967131668439
1,11,97,45,2174.591411870747,-1357053.5582556722,-7.68459606926437
1,11,97,46,2173.8992903576045,-1356997.3435752722,-7.684277742025619
1,11,97,47,2173.305955057898,-1356949.1381427464,-7.6840047688072435
1,11,97,48,2172.7238248102744,-1356901.8302710701,-7.683736878212567
1,11,97,49,2172.2221187459127,-1356861.0480462625,-7.6835059404411385
1,11,97,50,2171.7586113173465,-1356823.3625056318,-7.683292538283474
1,11,97,51,2171.4157586276706,-1356795.4816411538,-7.683134657129652
1,11,97,52,2171.0136407277596,-1356762.7757053333,-7.682949453012749
1,11,97,53,2170.637333915119,-1356732.1636060071,-7.68277610567747
1,11,97,54,2170.1763423139914,-1356694.655269005,-7.682563706971953
1,11,97,55,2169.8525145391804,-1356668.3024294009,-7.6824144785745885
1,11,97,56,2169.441321601948,-1356634.8342161307,-7.68222495790418
1,11,97,57,2168.90576517466,-1356591.2341766183,-7.681978063674974
1,11,97,58,2168.3020184543216,-1356542.069804359,-7.681699660262291
1,11,97,59,2167.9124123717106,-1356510.3360892325,-7.6815199615458765
1,11,97,60,2167.4301167248627,-1356471.0448372776,-7.681297466716183
1,11,97,61,2166.9150730199804,-1356429.07603947,-7.681059809730059
1,11,97,62,2166.5839392891103,-1356402.0880420033,-7.680906984620108
1,11,97,63,2166.389482093855,-1356386.23750676,-7.680817227690409
1,11,97,64,2166.186124866763,-1356369.6599928536,-7.680723354093875
1,11,97,65,2166.0383768188653,-1356357.6147173743,-7.680655145233555
1,11,97,66,2165.8624188135504,-1356343.2685310356,-7.680573906990246
1,11,97,67,2165.6363337703597,-1356324.833682299,-7.680469515851608
1,11,97,68,2165.4945733832888,-1356313.273637433,-7.68040405470986
1,11,97,69,2165.3422207034455,-1356300.8489858313,-7.680333697553888
1,11,97,70,2165.2447927038397,-1356292.9030883757,-7.680288702268343
1,11,2026,1,4687.515915587093,-1492688.6984362395,-8.452658065598149
1,11,2026,2,3434.183618883757,-1437746.1454131943,-8.141534510873496
1,11,2026,3,2991.473938915244,-1413373.875961846,-8.003521501080705
1,11,2026,4,2769.6185854280384,-1399766.1416516067,-7.926464894909264
1,11,2026,5,2635.009909132477,-1390967.7564723967,-7.876642221549977
1,11,2026,6,2542.416848046307,-1384650.6714065091,-7.840870422588022
1,11,2026,7,2476.7185333143684,-1380027.3289418356,-7.814689790943269
1,11,2026,8,2425.491623679719,-1376336.4654774626,-7.793789514238664
1,11,2026,9,2382.5105330331844,-1373179.0605208937,-7.775910056518872
1,11,2026,10,2348.2204716373394,-1370618.9804201138,-7.7614130741707745
1,11,2026,11,2320.7284110818355,-1368539.2878920485,-7.749636385675892
1,11,2026,12,2298.3772393600475,-1366830.249855471,-7.739958604796715
1,11,2026,13,2280.3125640382827,-1365436.7814339914,-7.732067802043056
1,11,2026,14,2265.0959430316766,-1364254.4128947034,-7.725372395974402
1,11,2026,15,2251.99339984394,-1363229.9314972872,-7.719571058457746
1,11,2026,16,2241.303029311437,-1362389.6313365179,-7.714812685235726
1,11,2026,17,2232.1007418145236,-1361663.0834398153,-7.710698457704199
1,11,2026,18,2224.246438845241,-1361040.5896535164,-7.707173458064919
1,11,2026,19,2217.7393611179314,-1360523.203170128,-7.704243650237992
1,11,2026,20,2211.8936780421527,-1360057.1089599612,-7.701604295502459
1,11,2026,21,2206.827373630967,-1359652.1594993498,-7.6993111855405605
1,11,2026,22,2201.864932514275,-1359254.6095521958,-7.697059976851964
1,11,2026,23,2197.5042380163895,-1358904.5262986622,-7.695077558120107
1,11,2026,24,2193.876348981353,-1358612.7439904276,-7.693425280532904
1,11,2026,25,2190.141647485824,-1358311.8665597346,-7.691721499936207
1,11,2026,26,2186.868573429436,-1358047.7568965268,-7.6902259244171765
1,11,2026,27,2183.705359710042,-1357792.1361612899,-7.688778419206145
1,11,2026,28,2180.8172836878093,-1357558.4258505956,-7.687454986299623
1,11,2026,29,2178.385640049991,-1357361.4110620536,-7.686339349366647
1,11,2026,30,2176.243077669436,-1357187.6356538201,-7.685355310224697
1,11,2026,31,2174.377159271898,-1357036.1583950603,-7.6844975389597625
1,11,2026,32,2172.568254491865,-1356889.1854203583,-7.683665274133653
1,11,2026,33,2170.74085960618,-1356740.585823596,-7.6828237982241525
1,11,2026,34,2168.5514370542755,-1356562.3821477392,-7.681814683102139
1,11,2026,35,2166.4449367075076,-1356390.7578512263,-7.680842825074613
1,11,2026,36,2164.520710653752,-1356233.8382052332,-7.679954235167861
1,11,2026,37,2163.03252040213,-1356112.3813608582,-7.679266460700013
1,11,2026,38,2161.4949782866356,-1355986.8089260121,-7.67855538085106
1,11,2026,39,2160.291168880165,-1355888.4303776133,-7.677998292000936
1,11,2026,40,2159.080298768429,-1355789.419489703,-7.677437622397719
1,11,2026,41,2157.8137162115017,-1355685.79364867,-7.676850819669241
1,11,2026,42,2156.7317913257166,-1355597.2274500048,-7.676349295276197
1,11,2026,43,2155.785000586734,-1355519.6868515497,-7.67591020562165
1,11,2026,44,2155.005521727821,-1355455.823256045,-7.675548564821257
1,11,2026,45,2154.2226974539426,-1355391.6623138483,-7.675185240233803
1,11,2026,46,2153.414560446686,-1355325.402255357,-7.674810028966766
1,11,2026,47,2152.6541792268895,-1355263.0350379983,-7.674456861716696
1,11,2026,48,2151.96012956752,-1355206.089166514,-7.674134393957406
1,11,2026,49,2151.3187791782025,-1355153.450871906,-7.673836318741894
1,11,2026,50,2150.575588509237,-1355092.4344902455,-7.673490800877977
1,11,2026,51,2149.917925415144,-1355038.4223835105,-7.67318494616754
1,11,2026,52,2149.229484067174,-1354981.864838089,-7.672864677384787
1,11,2026,53,2148.4979802513376,-1354921.7497250794,-7.67252426314076
1,11,2026,54,2147.7607807437007,-1354861.1458283535,-7.672181081057984
1,11,2026,55,2147.2088825091864,-1354815.7616114656,-7.671924083555871
1,11,2026,56,2146.8640023859475,-1354787.3951806915,-7.6717634527826055
1,11,2026,57,2146.474534306444,-1354755.355906065,-7.671582023772411
1,11,2026,58,2145.9751142250325,-1354714.2630115754,-7.6713493267697395
1,11,2026,59,2145.4539598005886,-1354671.3715908877,-7.671106445240992
1,11,2026,60,2144.997811743824,-1354633.8216942665,-7.670893811195548
1,11,2026,61,2144.4408140598143,-1354587.9590730036,-7.670634104629849
1,11,2026,62,2143.96215602038,-1354548.5373401316,-7.6704108709250125
1,11,2026,63,2143.484910092889,-1354509.2231438896,-7.6701882461685535
1,11,2026,64,2143.107585738065,-1354478.1340131394,-7.670012197544307
1,11,2026,65,2142.711954448798,-1354445.5306282137,-7.669827574143027
1,11,2026,66,2142.299525451865,-1354411.5365598893,-7.66963507570976
1,11,2026,67,2141.876975396619,-1354376.701484965,-7.6694378149029125
1,11,2026,68,2141.355347511587,-1354333.6889429218,-7.6691942474994725
1,11,2026,69,2140.9723193658274,-1354302.098425888,-7.6690153596718345
1,11,2026,70,2140.64367273649,-1354274.9885575194,-7.66886184444273
1,11,2026,71,2140.495164890452,-1354262.7368667575,-7.668792466713238
1,11,2026,72,2140.297280080779,-1354246.4103241588,-7.668700014293571
1,11,2026,73,2140.0837794475024,-1354228.79370062,-7.668600256524118
1,11,2026,74,2139.9698656672826,-1354219.3935894175,-7.668547026452866
1,11,2026,75,2139.8375708585095,-1354208.4760564142,-7.668485203667249
1,11,2026,76,2139.6902594965454,-1354196.3184989938,-7.668416358987246
1,11,2026,77,2139.553130798016,-1354185.0005611305,-7.668352268826407
1,11,2026,78,2139.4113747509477,-1354173.299941809,-7.668286011652768
1,11,2026,79,2139.23863061798,-1354159.0405013799,-7.668205264626091
1,11,2026,80,2138.9466930731364,-1354134.9394328317,-7.668068787347428
1,11,2026,81,2138.7107912949614,-1354115.4620254845,-7.667958492505321
1,11,2026,82,2138.5246327645496,-1354100.0901900437,-7.667871446312127
1,11,2026,83,2138.403057630409,-1354090.0505350397,-7.667814594692004
1,11,2026,84,2138.300417516035,-1354081.5740865478,-7.667766595051631
1,11,2026,85,2138.205685389487,-1354073.7503515847,-7.667722291536433
1,11,31415,1,4921.805359492169,-1501301.6504161083,-8.501430685165454
1,11,31415,2,3539.737738605037,-1443092.2475143033,-8.17180791824356
1,11,31415,3,3079.6659017990755,-1418504.7961886136,-8.032576396642092
1,11,31415,4,2843.637628372869,-1404423.7151090791,-7.952839366621058
1,11,31415,5,2697.6498239396037,-1395116.6587013185,-7.900136237365474
1,11,31415,6,2599.5434352969605,-1388574.710910868,-7.863091106780909
1,11,31415,7,2528.3397830082886,-1383670.174099905,-7.835318154070381
1,11,31415,8,2473.330766650601,-1379785.610395868,-7.8133210097504335
1,11,31415,9,2429.3694857968003,-1376618.5774938113,-7.795387031800691
1,11,31415,10,2392.1741224435723,-1373893.8864671555,-7.779957906084893
1,11,31415,11,2361.3078726140193,-1371600.464028826,-7.76697092782782
1,11,31415,12,2335.9713106847653,-1369695.3917369626,-7.756183062487755
1,11,31415,13,2315.153287243959,-1368114.5428455947,-7.747231179120439
1,11,31415,14,2297.2354028404193,-1366742.4959483445,-7.739461680172285
1,11,31415,15,2280.690033080191,-1365466.0113090987,-7.7322333222482005
1,11,31415,16,2266.56963279968,-1364369.2690224163,-7.72602279252079
1,11,31415,17,2254.877397029123,-1363455.9404917276,-7.7208508810702945
1,11,31415,18,2244.4632730324875,-1362638.4540055515,-7.71622169499276
1,11,31415,19,2235.5551197227023,-1361936.1673803814,-7.712244851922383
1,11,31415,20,2227.8391835944285,-1361325.6054226486,-7.708787418726846
1,11,31415,21,2220.699064318455,-1360758.7210952924,-7.705577319134808
1,11,31415,22,2214.067584901254,-1360230.5849196187,-7.702586638954997
1,11,31415,23,2208.1906586548303,-1359761.2181538763,-7.699928752697579
1,11,31415,24,2202.815656074944,-1359330.8430386896,-7.69749166471505
1,11,31415,25,2197.783358528133,-1358926.9553236733,-7.695204567106885
1,11,31415,26,2193.2008110264555,-1358558.358828645,-7.693117313321205
1,11,31415,27,2188.847830114377,-1358207.5135382393,-7.6911305793981635
1,11,31415,28,2185.185118521655,-1357911.7622031295,-7.689455826376488
1,11,31415,29,2181.8839732581623,-1357644.7810560733,-7.687943990487068
1,11,31415,30,2178.6667476874727,-1357384.1979912822,-7.686468385059981
1,11,31415,31,2175.890272841538,-1357159.0045385042,-7.685193180620543
1,11,31415,32,2173.584634690108,-1356971.7810641734,-7.684132989026657
1,11,31415,33,2171.2922450790447,-1356785.4364105773,-7.683077773936698
1,11,31415,34,2169.023974756999,-1356600.858630789,-7.682032564134619
1,11,31415,35,2166.800903032945,-1356419.7714450727,-7.681007120542446
1,11,31415,36,2164.9931278457516,-1356272.3765007772,-7.680172466226357
1,11,31415,37,2163.1583215609876,-1356122.651702905,-7.6793246186331645
1,11,31415,38,2161.477672253824,-1355985.39501859,-7.678547374308243
1,11,31415,39,2159.924572738472,-1355858.460263585,-7.677828580040007
1,11,31415,40,2158.3977994234474,-1355733.5881513194,-7.6771214659123155
1,11,31415,41,2156.735187117071,-1355597.505498443,-7.676350869782909
1,11,31415,42,2155.2294241362624,-1355474.1702011414,-7.6756524581873755
1,11,31415,43,2153.9523897901254,-1355369.502252718,-7.675059754310554
1,11,31415,44,2152.697785496376,-1355266.6122626327,-7.674477118490055
1,11,31415,45,2151.524663879221,-1355170.3503958606,-7.6739320157868365
1,11,31415,46,2150.3758096229867,-1355076.028932778,-7.673397901020294
1,11,31415,47,2149.077026345188,-1354969.3375234816,-7.67279373887834
1,11,31415,48,2147.935577486873,-1354875.5174475308,-7.672262463319993
1,11,31415,49,2146.916388744027,-1354791.704258323,-7.671787853824722
1,11,31415,50,2145.8619756891203,-1354704.952505982,-7.6712966041087585
1,11,31415,51,2144.859097435513,-1354622.4012133093,-7.670829140363258
1,11,31415,52,2143.9363700330523,-1354546.4133856497,-7.670398843594062
1,11,31415,53,2143.108484171334,-1354478.2080448363,-7.670012616764082
1,11,31415,54,2142.4386983595537,-1354423.0084861473,-7.6697000378616895
1,11,31415,55,2141.6533312631354,-1354358.261455682,-7.669333394428362
1,11,31415,56,2140.954760678407,-1354300.6501252567,-7.669007158370368
1,11,31415,57,2140.375000190343,-1354252.8228239398,-7.668736326398065
1,11,31415,58,2139.766559701094,-1354202.6156338372,-7.668452017813952
1,11,31415,59,2139.180400754781,-1354154.233564805,-7.668178044354876
1,11,31415,60,2138.594227133142,-1354105.8370249253,-7.667903988951636
1,11,31415,61,2137.9280066718115,-1354050.815429962,-7.667592417805599
1,11,31415,62,2137.2188373594086,-1353992.227946878,-7.667260654081554
1,11,31415,63,2136.646810353389,-1353944.9562046048,-7.666992968077086
1,11,31415,64,2136.0805457633296,-1353898.1481959173,-7.666727908059828
1,11,31415,65,2135.6256525676677,-1353860.5372715846,-7.666514928432362
1,11,31415,66,2135.194251372274,-1353824.8612821156,-7.666312905773218
1,11,31415,67,2134.7072729242796,-1353784.5805065855,-7.666084807561896
1,11,31415,68,2134.2671166834393,-1353748.1647568636,-7.665878595857524
1,11,31415,69,2133.8622306947677,-1353714.6604130734,-7.665688870590583
1,11,31415,70,2133.5142512030375,-1353685.8600057226,-7.665525782335315
1,11,31415,71,2133.1640091888744,-1353656.8675977588,-7.665361606836918
1,11,31415,72,2132.920879461304,-1353636.7389541534,-7.665247624234987
1,11,31415,73,2132.632472242196,-1353612.8588240368,-7.665112398065828
1,11,31415,74,2132.3059585665874,-1353585.819579706,-7.664959282759924
1,11,31415,75,2132.0633019517263,-1353565.7220226359,-7.664845476191919
1,11,31415,76,2131.813359855733,-1353545.018668364,-7.664728239172135
1,11,31415,77,2131.4424250884754,-1353514.2887015224,-7.664554224387705
1,11,31415,78,2131.181024059173,-1353492.629808131,-7.6644315764302915
1,11,31415,79,2130.9289136526,-1353471.7381906733,-7.664313273331333
1,11,31415,80,2130.7332497511334,-1353455.5224186506,-7.664221448172931
1,11,31415,81,2130.5092439075956,-1353436.9559615531,-7.664116311774767
1,11,31415,82,2130.3149814951103,-1353420.8531726657,-7.664025126406705
1,11,31415,83,2130.1630607863353,-1353408.2591466478,-7.663953810133117
1,11,31415,84,2130.008203097707,-1353395.4207244418,-7.663881109915636
1,11,31415,85,2129.803518590256,-1353378.449995077,-7.663785009655351
1,11,31415,86,2129.6451468423725,-1353365.318013614,-7.663710647097942
1,11,31415,87,2129.4606414608434,-1353350.0178332543,-7.663624006666446
1,11,31415,88,2129.2744333492938,-1353334.5751092087,-7.663536559051885
1,11,31415,89,2129.1708696895853,-1353325.9857205353,-7.663487919864408
1,11,31415,90,2129.0729750811865,-1353317.866128934,-7.6634419409998875
1,12,11,1,5189.20851082935,-1510644.49313508,-8.554336461799835
1,12,11,2,3597.1818735618904,-1445935.0730446237,-8.187906004986713
1,12,11,3,3098.5684873666437,-1419585.3941074489,-8.038695505551994
1,12,11,4,2859.0361824878582,-1405377.4076977235,-7.958239847886811
1,12,11,5,2713.599751548548,-1396157.7009352874,-7.906031354039704
1,12,11,6,2612.6781992922934,-1389464.7442154968,-7.868131104202276
1,12,11,7,2538.724637562236,-1384394.0273690105,-7.839417122716573
1,12,11,8,2482.3435456896977,-1380427.9465770256,-7.816958371048991
1,12,11,9,2437.06560287743,-1377177.1338941413,-7.798549972785833
1,12,11,10,2399.8001486840963,-1374455.9561021829,-7.7831407414871565
1,12,11,11,2369.3640559594137,-1372201.9325045429,-7.7703768673032085
1,12,11,12,2344.5297475156303,-1370341.207327794,-7.759840126662254
1,12,11,13,2322.8102051443298,-1368697.629362072,-7.7505330269548915
1,12,11,14,2304.446534622153,-1367295.9647302225,-7.742595811467108
1,12,11,15,2288.294791134056,-1366053.8687590912,-7.735562186479106
1,12,11,16,2273.740251030361,-1364927.0676049134,-7.729181442205927
1,12,11,17,2261.986702426254,-1364011.8401984181,-7.723998777978969
1,12,11,18,2251.3197532476192,-1363177.0984191184,-7.71927188024009
1,12,11,19,2241.912892980573,-1362437.6764306282,-7.715084750504706
1,12,11,20,2233.559486555418,-1361778.455216781,-7.711351774220987
1,12,11,21,2225.8218765650154,-1361165.6272217468,-7.7078815091211865
1,12,11,22,2219.000543566509,-1360623.599976841,-7.704812167892685
1,12,11,23,2213.4127431312745,-1360178.3470236585,-7.702290831079529
1,12,11,24,2207.5332307564804,-1359708.6343302284,-7.699630985935131
1,12,11,25,2201.9636269303573,-1359262.5248656468,-7.697104798949267
1,12,11,26,2197.13718124354,-1358875.0267251083,-7.694910510691803
1,12,11,27,2192.726070381004,-1358520.1291216128,-7.692900829708896
1,12,11,28,2188.879888049358,-1358210.0999206435,-7.691145225322737
1,12,11,29,2185.000226225198,-1357896.8196468558,-7.689371211065245
1,12,11,30,2181.3868409163915,-1357604.5403316803,-7.687716119073583
1,12,11,31,2178.104238894228,-1357338.5973945595,-7.686210162262362
1,12,11,32,2175.2017440683408,-1357103.1150970876,-7.6848766951147125
1,12,11,33,2172.6405293731623,-1356895.060079563,-7.6836985406047935
1,12,11,34,2170.0059619029935,-1356680.790340665,-7.682485193951465
1,12,11,35,2167.28814521229,-1356459.47715708,-7.681231962337792
1,12,11,36,2164.8618554060763,-1356261.6685554495,-7.6801118302742415
1,12,11,37,2162.6399081561754,-1356080.3248571365,-7.679084934126507
1,12,11,38,2160.394693638977,-1355896.892854101,-7.678046212521949
1,12,11,39,2158.0576692436052,-1355705.7574696227,-7.6769638689288575
1,12,11,40,2155.989861448548,-1355536.4675046292,-7.67600522953571
1,12,11,41,2154.0086276615175,-1355374.112912202,-7.675085863122201
1,12,11,42,2152.1445223179676,-1355221.2201431172,-7.674220076237682
1,12,11,43,2150.6040407154765,-1355094.7708208999,-7.67350403083287
1,12,11,44,2149.14923874691,-1354975.271262696,-7.6728273399022395
1,12,11,45,2147.7062399572897,-1354856.6612982247,-7.6721556864798615
1,12,11,46,2146.229559189093,-1354735.2002489415,-7.671467888200854
1,12,11,47,2144.9880731022704,-1354633.019926749,-7.670889271021377
1,12,11,48,2143.842905924459,-1354538.714668093,-7.670355248015748
1,12,11,49,2142.8955486991067,-1354460.6611052977,-7.6699132535946735
1,12,11,50,2142.0060806894494,-1354387.345669127,-7.669498089794257
1,12,11,51,2141.1493249353543,-1354316.6977876807,-7.669098031573443
1,12,11,52,2140.315674836356,-1354247.9280523444,-7.668708608742904
1,12,11,53,2139.47213667152,-1354178.3153578974,-7.66831441248229
1,12,11,54,2138.6908167745737,-1354113.812715564,-7.667949152947235
1,12,11,55,2138.0318936278004,-1354059.3963397634,-7.667641008979713
1,12,11,56,2137.3870997476583,-1354006.1305749298,-7.667339380584447
1,12,11,57,2136.6919482688927,-1353948.686816897,-7.667014093439738
1,12,11,58,2136.0753050648145,-1353897.714936483,-7.666725454638793
1,12,11,59,2135.568601111353,-1353855.8196472956,-7.666488213910414
1,12,11,60,2135.0934530320837,-1353816.5244283376,-7.666265696616746
1,12,11,61,2134.5953974253066,-1353775.325345546,-7.6660323983008825
1,12,11,62,2134.0491703859493,-1353730.1304754731,-7.66577647301422
1,12,11,63,2133.64588580876,-1353696.755252596,-7.665587478921118
1,12,11,64,2133.218971619228,-1353661.4176043896,-7.665387372189257
1,12,11,65,2132.7202191654883,-1353620.1246148378,-7.665153542106967
1,12,11,66,2132.348920229626,-1353589.3775566765,-7.66497943053941
1,12,11,67,2131.9643086271594,-1353557.5224382249,-7.664799044351591
1,12,11,68,2131.56651613148,-1353524.5695777563,-7.664612441972866
1,12,11,69,2131.2032988145365,-1353494.4755300793,-7.664442028212053
1,12,11,70,2130.8230526211937,-1353462.9650742968,-7.664263593747788
1,12,11,71,2130.4544016175237,-1353432.4101263012,-7.664090570043723
1,12,11,72,2130.0771561613556,-1353401.1373692018,-7.663913481597346
1,12,11,73,2129.6776972283074,-1353368.0171294427,-7.663725931398817
1,12,11,74,2129.396287202461,-1353344.6809195725,-7.663593785290398
1,12,11,75,2129.181452948808,-1353326.8634966973,-7.663492890453227
1,12,11,76,2128.9217824337084,-1353305.3251485336,-7.663370925108064
1,12,11,77,2128.5997848007864,-1353278.6134341247,-7.663219664507994
1,12,11,78,2128.2271194970936,-1353247.6934750623,-7.663044573853371
1,12,11,79,2127.87334093929,-1353218.335535154,-7.662878328454839
1,12,11,80,2127.549969550615,-1353191.4966319685,-7.662726347622051
1,12,11,81,2127.3662032032703,-1353176.2427312825,-7.662639969258766
1,12,11,82,2127.232245946061,-1353165.1225054045,-7.66257699868288
1,12,11,83,2127.065445986173,-1353151.2749214955,-7.662498583878815
1,12,11,84,2126.863191764913,-1353134.482499705,-7.662403493321998
1,12,11,85,2126.7752201657536,-1353127.178044046,-7.662362130333115
1,12,42,1,5058.805529165956,-1506150.0365351085,-8.528885672984973
1,12,42,2,3586.929403095841,-1445431.0368656504,-8.185051796016005
1,12,42,3,3109.395801967009,-1420201.3901551582,-8.042183710404421
1,12,42,4,2859.883786634367,-1405429.7538779648,-7.9585362689443855
1,12,42,5,2708.089015065932,-1395798.7119281963,-7.903998504638868
1,12,42,6,2605.8268120191833,-1389001.0426087466,-7.865505298077775
1,12,42,7,2533.3620082163116,-1384020.6076758069,-7.837302556575008
1,12,42,8,2477.2050321017105,-1380062.0136784867,-7.8148862004285915
1,12,42,9,2431.8197380460824,-1376796.599727643,-7.796395119469761
1,12,42,10,2394.7613287129534,-1374084.7748353335,-7.781038850897162
1,12,42,11,2365.07058304386,-1371881.6400845565,-7.7685631453195265
1,12,42,12,2341.1742775079447,-1370088.2865420755,-7.758407910473037
1,12,42,13,2321.309296247028,-1368583.484360007,-7.749886657304366
1,12,42,14,2304.6449129944504,-1367311.1661774914,-7.742681892802085
1,12,42,15,2290.156372995209,-1366197.4737440608,-7.736375379367707
1,12,42,16,2277.2627275899085,-1365200.4351912222,-7.730729442626716
1,12,42,17,2266.701098249583,-1364379.5115210642,-7.726080792784943
1,12,42,18,2257.2460008766934,-1363641.3437838773,-7.721900765506628
1,12,42,19,2248.2677270493346,-1362937.5344148732,-7.717915299584772
1,12,42,20,2240.096904294711,-1362294.5742340488,-7.714274404759215
1,12,42,21,2233.1600859533833,-1361746.8742102017,-7.711172940248263
1,12,42,22,2226.807532506059,-1361243.810655446,-7.70832423896308
1,12,42,23,2221.3496765245236,-1360810.4513753694,-7.705870252530491
1,12,42,24,2216.234706764733,-1360403.3499923781,-7.703564956863643
1,12,42,25,2211.8548239001234,-1360054.0068811,-7.701586729340181
1,12,42,26,2208.2261778982092,-1359764.058685238,-7.699944837793119
1,12,42,27,2204.579729638803,-1359472.2076299316,-7.698292170911422
1,12,42,28,2201.249105477005,-1359205.2120759594,-7.696780253439864
1,12,42,29,2198.3013393782376,-1358968.570677768,-7.695440222644982
1,12,42,30,2195.4058630974846,-1358735.817884384,-7.694122211878002
1,12,42,31,2192.552271246094,-1358506.1314311333,-7.692821564895372
1,12,42,32,2189.8437338483864,-1358287.8437576517,-7.69158546585757
1,12,42,33,2187.3868917958953,-1358089.6071792836,-7.690462910287346
1,12,42,34,2185.3060418797127,-1357921.5342579007,-7.6895111626550205
1,12,42,35,2183.6611347086005,-1357788.5596948245,-7.688758166726075
1,12,42,36,2181.889185836477,-1357645.2029432894,-7.687946379510569
1,12,42,37,2179.9681224807086,-1357489.650727706,-7.6870655329609505
1,12,42,38,2178.1299116456926,-1357340.6788501083,-7.6862219489343255
1,12,42,39,2176.6168159841104,-1357217.960518721,-7.685527031035715
1,12,42,40,2175.2533252183553,-1357107.3026689442,-7.684900408105283
1,12,42,41,2173.9069771840013,-1356997.9680039322,-7.6842812779818805
1,12,42,42,2172.6393245519994,-1356894.9621506857,-7.6836979860623
1,12,42,43,2171.4295323644615,-1356796.6018096663,-7.683141000315222
1,12,42,44,2170.4420776211055,-1356716.2776538099,-7.682686148191953
1,12,42,45,2169.769572926823,-1356661.5520761216,-7.682376253304878
1,12,42,46,2168.816717770455,-1356583.9837186362,-7.681937006459088
1,12,42,47,2167.8843993201654,-1356508.0541848724,-7.681507039791116
1,12,42,48,2166.943863028173,-1356431.4222822906,-7.68107309581464
1,12,42,49,2166.076175296888,-1356360.6963461484,-7.6806725955929895
1,12,42,50,2165.1191422344955,-1356282.6549340298,-7.6802306699776315
1,12,42,51,2164.1138323916025,-1356200.6396252546,-7.679766241351658
1,12,42,52,2163.346205371994,-1356137.9893287113,-7.679411471107237
1,12,42,53,2162.645913827678,-1356080.8152596657,-7.67908771113212
1,12,42,54,2161.904925066709,-1356020.2983757579,-7.678745021777399
1,12,42,55,2161.028182053822,-1355948.6675853182,-7.678339397631393
1,12,42,56,2160.1634143884885,-1355877.9867188386,-7.677939152626015
1,12,42,57,2159.25683874233,-1355803.8583346452,-7.677519385339508
1,12,42,58,2158.31945027733,-1355727.177729552,-7.677085165575002
1,12,42,59,2157.4938426420895,-1355659.6134738156,-7.676702569021686
1,12,42,60,2156.7196516761314,-1355596.233448191,-7.676343666535619
1,12,42,61,2155.782854970814,-1355519.511090476,-7.675909210338268
1,12,42,62,2154.9398748857543,-1355450.4436804997,-7.675518101863595
1,12,42,63,2154.1441439622977,-1355385.2227158216,-7.675148774679896
1,12,42,64,2153.4731736855765,-1355330.2088567584,-7.674837247339991
1,12,42,65,2153.0832099522668,-1355298.2272688847,-7.674656144992948
1,12,42,66,2152.6631542425807,-1355263.771306105,-7.674461030986925
1,12,42,67,2152.2715551834735,-1355231.64350436,-7.674279100673636
1,12,42,68,2151.914411849134,-1355202.3374424882,-7.6741131490452
1,12,42,69,2151.2852004878887,-1355150.694496806,-7.6738207101985685
1,12,42,70,2150.6774781382883,-1355100.800934571,-7.673538177597036
1,12,42,71,2150.0923213122514,-1355052.746660572,-7.67326606034504
1,12,42,72,2149.5812638921325,-1355010.766881091,-7.673028341172922
1,12,42,73,2149.1946766417072,-1354979.0048213652,-7.67284848194936
1,12,42,74,2148.857680201292,-1354951.3124879175,-7.672691668391438
1,12,42,75,2148.5464756661936,-1354925.735720281,-7.672546834661886
1,12,42,76,2148.231322858071,-1354899.8306827357,-7.672400142036172
1,12,42,77,2147.8732809442486,-1354870.3956201817,-7.672233459914729
1,12,42,78,2147.511913735199,-1354840.6822053548,-7.672065201566048
1,12,42,79,2147.2614498807397,-1354820.0848838107,-7.671948564978486
1,12,42,80,2147.015362944305,-1354799.845165509,-7.671833953393145
1,12,42,81,2146.789182235736,-1354781.240612989,-7.671728601271782
1,12,42,82,2146.5568005519754,-1354762.123956066,-7.671620349253463
1,12,42,83,2146.302899412193,-1354741.2346556627,-7.671502059275302
1,12,42,84,2146.091030715489,-1354723.8016142107,-7.671403341077334
1,12,42,85,2145.9677893737385,-1354713.6602427042,-7.6713459134665065
1,12,42,86,2145.801451174012,-1354699.9715626235,-7.67126839848819
1,12,42,87,2145.6099691138265,-1354684.2123730949,-7.671179158822468
1,12,42,88,2145.450286120651,-1354671.0692071486,-7.671104732930613
1,12,42,89,2145.2926417128633,-1354658.0928731991,-7.671031251759398
1,12,42,90,2145.1670673198087,-1354647.7556665232,-7.670972715191475
1,12,42,91,2145.019058955592,-1354635.5709321965,-7.670903716616626
1,12,42,92,2144.7944987987203,-1354617.0824940184,-7.670799022016707
1,12,42,93,2144.6552467525476,-1354605.6166523327,-7.670734094319925
1,12,42,94,2144.438230508563,-1354587.7463182744,-7.670632899862252
1,12,42,95,2144.272686357971,-1354574.1132689454,-7.670555699904557
1,12,42,96,2144.0731296863646,-1354557.677788971,-7.6704626306045
1,12,42,97,2143.8690060154854,-1354540.8645884092,-7.670367422383599
1,12,42,98,2143.683874378937,-1354525.614333937,-7.670281064667751
1,12,42,99,2143.4525510077383,-1354506.5571753117,-7.670173149570833
1,12,42,100,2143.251617874968,-1354490.0019924596,-7.670079402428506
1,12,42,101,2142.992014149602,-1354468.6105531158,-7.66995826898488
1,12,42,102,2142.6560654021773,-1354440.924409913,-7.669801490480497
1,12,42,103,2142.310233203099,-1354412.4192188608,-7.6696400739484965
1,12,42,104,2141.9299102399073,-1354381.0658160218,-7.669462528828962
1,12,42,105,2141.6403145663285,-1354357.1881365282,-7.669327316536962
1,12,42,106,2141.3641321112814,-1354334.4133927047,-7.669198349846001
1,12,42,107,2141.1962360758916,-1354320.5668009745,-7.669119940660354
1,12,42,108,2140.96778917044,-1354301.7247610053,-7.669013243717257
1,12,42,109,2140.7730392025455,-1354285.660418378,-7.668922276059084
1,12,42,110,2140.6940652899375,-1354279.1456799556,-7.668885385007167
1,12,97,1,5005.236181500077,-1504270.053324016,-8.518239879746854
1,12,97,2,3539.6686880839075,-1443088.802618787,-8.171788410811166
1,12,97,3,3039.160028546326,-1416166.701019758,-8.019336449821386
1,12,97,4,2782.910031408562,-1400611.5921685477,-7.931252433086898
1,12,97,5,2628.8819984619954,-1390556.59577047,-7.874313939151217
1,12,97,6,2529.6905926035147,-1383764.497327571,-7.8358522788292415
1,12,97,7,2462.6912886424166,-1379024.3208926497,-7.809010050696228
1,12,97,8,2413.708325796915,-1375476.4622370193,-7.7889195682583745
1,12,97,9,2375.4977749669947,-1372658.5015749966,-7.772962283967726
1,12,97,10,2344.7027187051845,-1370354.2353337554,-7.759913900436908
1,12,97,11,2320.889128142,-1368551.5171066679,-7.749705636129584
1,12,97,12,2302.0912165289446,-1367115.380047293,-7.741573213400755
1,12,97,13,2285.9504809298405,-1365872.8591595502,-7.734537182234675
1,12,97,14,2271.78548223544,-1364775.1817804317,-7.728321357353203
1,12,97,15,2260.017014715956,-1363857.999080512,-7.72312762087337
1,12,97,16,2249.412865972024,-1363027.4583937332,-7.718424512688615
1,12,97,17,2239.9396751278255,-1362282.178921191,-7.71420421373994
1,12,97,18,2231.6121986670382,-1361624.4278228069,-7.710479562288678
1,12,97,19,2224.3355070813673,-1361047.661082697,-7.707213501493239
1,12,97,20,2218.02135702123,-1360545.65649337,-7.704370796818521
1,12,97,21,2212.6987791421643,-1360121.3752292732,-7.701968216526457
1,12,97,22,2208.3774746843383,-1359776.157622232,-7.700013350522849
1,12,97,23,2204.171558798888,-1359439.508792191,-7.698107006988861
1,12,97,24,2200.3343878310293,-1359131.8141042774,-7.696364622265068
1,12,97,25,2196.374618088134,-1358813.7253856019,-7.694563379195227
1,12,97,26,2192.757493885864,-1358522.6598356543,-7.692915160399868
1,12,97,27,2189.6551919760677,-1358272.638655888,-7.691499363828261
1,12,97,28,2186.5572261890316,-1358022.613195829,-7.690083543018614
1,12,97,29,2183.874724156338,-1357805.831958262,-7.688855974485328
1,12,97,30,2181.5699542595976,-1357619.3636358143,-7.687800059094954
1,12,97,31,2179.193336315082,-1357426.8759987282,-7.686710058092167
1,12,97,32,2176.8219844451196,-1357234.6055301207,-7.685621286850746
1,12,97,33,2174.713041458623,-1357063.4352627557,-7.684651999857049
1,12,97,34,2172.6613197923866,-1356896.749933764,-7.683708109753242
1,12,97,35,2170.5143426810096,-1356722.157268694,-7.682719442725652
1,12,97,36,2168.6385002867587,-1356569.4719200118,-7.681854830402005
1,12,97,37,2166.897889745514,-1356427.6756730042,-7.681051879865705
1,12,97,38,2165.4308919446767,-1356308.0804009938,-7.680374646935874
1,12,97,39,2164.1081738074895,-1356200.177878144,-7.679763626613271
1,12,97,40,2162.7578169919525,-1356089.95263903,-7.679139453430071
1,12,97,41,2161.5164403012514,-1355988.5623625137,-7.678565310047418
1,12,97,42,2160.286856029756,-1355888.0778213115,-7.677996295578057
1,12,97,43,2159.2852759253587,-1355806.1840435378,-7.677532555146482
1,12,97,44,2158.2924602984904,-1355724.9693918917,-7.677072660406875
1,12,97,45,2157.345443351402,-1355647.4663588884,-7.676633783474458
1,12,97,46,2156.527022151688,-1355580.460077997,-7.67625434656895
1,12,97,47,2155.742677615752,-1355516.2198749718,-7.675890573150683
1,12,97,48,2155.1180182036787,-1355465.0416473409,-7.675600765866003
1,12,97,49,2154.462321893019,-1355411.3046121588,-7.6752964688050485
1,12,97,50,2153.5530573089873,-1355336.7595336467,-7.674874341900895
1,12,97,51,2152.8603130124247,-1355279.9445106369,-7.674552615098117
1,12,97,52,2152.1047505066454,-1355217.9566410272,-7.67420159598303
1,12,97,53,2151.389577235931,-1355159.262333512,-7.673869227343579
1,12,97,54,2150.632492971896,-1355097.1071247654,-7.673517260636066
1,12,97,55,2150.0136048813474,-1355046.2813084903,-7.673229448953477
1,12,97,56,2149.521212551799,-1355005.83342977,-7.673000404485827
1,12,97,57,2149.0955390263566,-1354970.8587413335,-7.672802353088629
1,12,97,58,2148.5914222701763,-1354929.4299468908,-7.672567753983095
1,12,97,59,2148.0816839743848,-1354887.5292843068,-7.672330482826748
1,12,97,60,2147.720902843772,-1354857.8669421289,-7.672162513687492
1,12,97,61,2147.333172662416,-1354825.9833743654,-7.671981966399568
1,12,97,62,2146.926579365847,-1354792.5424830476,-7.671792600445358
1,12,97,63,2146.4534257849077,-1354753.619264646,-7.671572189681677
1,12,97,64,2146.0462123810576,-1354720.1136384995,-7.671382457153128
1,12,97,65,2145.7055635042443,-1354692.0800750412,-7.671223711309791
1,12,97,66,2145.4837313180897,-1354673.822090867,-7.671120321703269
1,12,97,67,2145.2483137437744,-1354654.443891192,-7.671010588645096
1,12,97,68,2144.988064764216,-1354633.019240288,-7.67088926713415
1,12,97,69,2144.679870271045,-1354607.6441766492,-7.670745575595146
1,12,97,70,2144.408909254346,-1354585.3317031583,-7.6706192266054245
1,12,97,71,2144.0895096770346,-1354559.0269020135,-7.670470270235758
1,12,97,72,2143.7528906296266,-1354531.2997149434,-7.6703132593120005
1,12,97,73,2143.486850113744,-1354509.3829751466,-7.67018915124606
1,12,97,74,2143.207945606193,-1354486.403563258,-7.670059025579906
1,12,97,75,2142.9189757750587,-1354462.5916979667,-7.66992418597442
1,12,97,76,2142.594210332046,-1354435.8263486316,-7.669772621655501
1,12,97,77,2142.4082972075694,-1354420.5026038885,-7.669685847785817
1,12,97,78,2142.058294100624,-1354391.650261368,-7.6695224654369225
1,12,97,79,2141.843224468718,-1354373.9187582303,-7.669422057138013
1,12,97,80,2141.6382526388425,-1354357.0181153556,-7.669326353756954
1,12,97,81,2141.4131804297635,-1354338.458262714,-7.669221254757886
1,12,97,82,2141.16160675593,-1354317.710743469,-7.669103767644818
1,12,97,83,2140.9329952916282,-1354298.854825178,-7.668996992112858
1,12,97,84,2140.667059422371,-1354276.9178491149,-7.668872769454879
1,12,97,85,2140.4388061901336,-1354258.087129858,-7.668766136617655
1,12,97,86,2140.272339547375,-1354244.3524912314,-7.668688361389579
1,12,97,87,2140.0463485208365,-1354225.7049734711,-7.668582765968669
1,12,97,88,2139.793643547772,-1354204.8508377334,-7.66846467511769
1,12,97,89,2139.559357214914,-1354185.514475111,-7.668355178970469
1,12,97,90,2139.363144642805,-1354169.318826338,-7.668263467764126
1,12,97,91,2139.2082859736497,-1354156.5355353372,-7.66819107973848
1,12,97,92,2139.0760984331364,-1354145.6229711224,-7.6681292850896545
1,12,97,93,2138.993945535996,-1354138.8406096508,-7.668090878566944
1,12,2026,1,4902.587643263384,-1500610.7705404,-8.497518435169937
1,12,2026,2,3534.5752243154784,-1442834.5068078735,-8.170348408257775
1,12,2026,3,3058.3964142575096,-1417280.931482384,-8.025646009957212
1,12,2026,4,2821.372041390829,-1403035.5482590015,-7.944978585110488
1,12,2026,5,2672.3242413639105,-1393450.9601212319,-7.8907038751103205
1,12,2026,6,2567.5944490655,-1386390.882531611,-7.850724727519684
1,12,2026,7,2489.0526182323897,-1380904.586392803,-7.81965744245446
1,12,2026,8,2430.232447469518,-1376681.296151564,-7.795742189154581
1,12,2026,9,2383.6768300387744,-1373265.4864382262,-7.7763994611268
1,12,2026,10,2346.181846141593,-1370465.602405595,-7.760544539483758
1,12,2026,11,2315.8762625241075,-1368169.6809509718,-7.747543410030759
1,12,2026,12,2291.943791891427,-1366335.2478900685,-7.737155553926342
1,12,2026,13,2273.0186695317407,-1364871.0158254092,-7.728864037427145
1,12,2026,14,2257.0139270310524,-1363623.1867218616,-7.721797947392672
1,12,2026,15,2243.2057968057456,-1362539.4882577918,-7.715661281004971
1,12,2026,16,2231.0844694812513,-1361582.662130357,-7.7102430554285935
1,12,2026,17,2221.257047073508,-1360803.0873180523,-7.705828552034907
1,12,2026,18,2212.4809800107705,-1360103.991971673,-7.701869780239832
1,12,2026,19,2204.731865948923,-1359484.3938222555,-7.6983611777424805
1,12,2026,20,2197.7221940272,-1358922.040628993,-7.695176736633141
1,12,2026,21,2191.5103518556907,-1358422.192522358,-7.692346243487083
1,12,2026,22,2186.0712543748195,-1357983.3600521907,-7.689861263985134
1,12,2026,23,2181.244763349416,-1357593.0380788443,-7.687650985191141
1,12,2026,24,2176.970173806225,-1357246.6269363312,-7.685689360546401
1,12,2026,25,2172.9142267803463,-1356917.3050276537,-7.68382450721799
1,12,2026,26,2169.5940281595217,-1356647.2641963754,-7.682295345234693
1,12,2026,27,2166.862647759656,-1356424.8035608067,-7.681035615937159
1,12,2026,28,2164.3203836886946,-1356217.493627402,-7.679861680619965
1,12,2026,29,2161.5899842177278,-1355994.5707338615,-7.678599333691188
1,12,2026,30,2159.2647149685154,-1355804.5024876357,-7.677523032988866
1,12,2026,31,2157.149455917561,-1355631.4226709371,-7.676542932777655
1,12,2026,32,2155.1073570667463,-1355464.1680536647,-7.675595818961373
1,12,2026,33,2153.1790116482725,-1355306.0846653164,-7.6747006391231665
1,12,2026,34,2151.522278394352,-1355170.1545986403,-7.673930907044635
1,12,2026,35,2149.890977734189,-1355036.2088903633,-7.673172411805403
1,12,2026,36,2148.4011517618223,-1354913.7908087748,-7.6724791941332935
1,12,2026,37,2147.261427764544,-1354820.0830649417,-7.671948554678764
1,12,2026,38,2146.0073457121885,-1354716.9153463861,-7.671364346163438
1,12,2026,39,2144.757155965179,-1354614.0078042245,-7.670781610950681
1,12,2026,40,2143.597636881033,-1354518.5100536759,-7.670240835213404
1,12,2026,41,2142.560653907066,-1354433.0605847323,-7.669756959946161
1,12,2026,42,2141.5796544565374,-1354352.186193361,-7.669298992000639
1,12,2026,43,2140.686504263098,-1354278.5219409761,-7.668881852956364
1,12,2026,44,2139.799674208886,-1354205.3485385613,-7.668467493451427
1,12,2026,45,2138.955346941511,-1354135.653905121,-7.668072833194338
1,12,2026,46,2137.9370814400872,-1354051.5650090978,-7.667596662452279
1,12,2026,47,2137.024234044282,-1353976.1475428012,-7.667169595472107
1,12,2026,48,2135.9871930769746,-1353890.4303762082,-7.666684204311631
1,12,2026,49,2135.180869131393,-1353823.7544831205,-7.666306638295302
1,12,2026,50,2134.5047308181315,-1353767.8243835873,-7.6659899225544885
1,12,2026,51,2133.751334026903,-1353705.4825970072,-7.665636899311456
1,12,2026,52,2133.2164039576537,-1353661.205045854,-7.665386168532645
1,12,2026,53,2132.8676323370746,-1353632.3303330364,-7.665222659507324
1,12,2026,54,2132.3722152460277,-1353591.3067614222,-7.664990355059754
1,12,2026,55,2131.6666310171663,-1353532.8636060283,-7.664659408621064
1,12,2026,56,2131.008675804447,-1353478.3481032539,-7.664350703326579
1,12,2026,57,2130.4971492668474,-1353435.9534561397,-7.664110634880798
1,12,2026,58,2130.1193669971917,-1353404.6368229492,-7.663933297976993
1,12,2026,59,2129.681619481039,-1353368.3423644123,-7.6637277731090085
1,12,2026,60,2129.1683311112743,-1353325.7751700473,-7.663486727578781
1,12,2026,61,2128.718680425759,-1353288.477039196,-7.6632755192090105
1,12,2026,62,2128.28901600502,-1353252.8293897745,-7.663073657031238
1,12,2026,63,2127.883010772445,-1353219.138040925,-7.662882872809523
1,12,2026,64,2127.45371078676,-1353183.5066411605,-7.66268110264879
1,12,2026,65,2127.236942113306,-1353165.512361305,-7.662579206322441
1,12,2026,66,2127.120532403304,-1353155.848266806,-7.662524481391248
1,12,2026,67,2126.9169067865964,-1353138.9424155068,-7.662428748516409
1,12,2026,68,2126.698341048474,-1353120.7943716696,-7.6623259814697535
1,12,2026,69,2126.4039519624753,-1353096.3475830648,-7.6621875464798626
1,12,2026,70,2126.1309695021964,-1353073.6754284338,-7.662059160721394
1,12,2026,71,2125.9067739751777,-1353055.0530232138,-7.661953707505429
1,12,2026,72,2125.578167283156,-1353027.7543400063,-7.661799123073299
1,12,2026,73,2125.3811201597314,-1353011.382816599,-7.661706415940513
1,12,2026,74,2125.1298325974394,-1352990.5025618153,-7.661588177185042
1,12,2026,75,2124.8504944262654,-1352967.2885978553,-7.661456723319338
1,12,2026,76,2124.6706656212314,-1352952.3425901432,-7.6613720884636125
1,12,2026,77,2124.45794140976,-1352934.6609321346,-7.661271962423042
1,12,2026,78,2124.215906020295,-1352914.5407726928,-7.661158027864439
1,12,2026,79,2123.9960546729553,-1352896.262763391,-7.661054524861496
1,12,2026,80,2123.893600193123,-1352887.7442528433,-7.661006287036045
1,12,2026,81,2123.7907830363865,-1352879.1951746435,-7.66095787611495
1,12,2026,82,2123.683508284251,-1352870.275013492,-7.660907363859995
1,12,2026,83,2123.5674353043933,-1352860.6227503777,-7.660852705926462
1,12,2026,84,2123.469835671182,-1352852.5062642107,-7.660806744647104
1,12,31415,1,5126.692829511885,-1508504.1024871706,-8.542216057664307
1,12,31415,2,3582.4304486616725,-1445209.4024435927,-8.183796745323129
1,12,31415,3,3093.0257244719505,-1419269.217401221,-8.036905089647558
1,12,31415,4,2844.412380757743,-1404471.8217970587,-7.953111780678045
1,12,31415,5,2690.5689485091875,-1394652.519850099,-7.897507955253854
1,12,31415,6,2585.7055746339074,-1387632.156768324,-7.857753699266816
1,12,31415,7,2510.603913948937,-1382427.0322102022,-7.828278606352437
1,12,31415,8,2453.9617876671887,-1378397.2361294257,-7.805459053701857
1,12,31415,9,2409.1983558159236,-1375146.19091993,-7.787049338708734
1,12,31415,10,2373.4226598174864,-1372504.1705378408,-7.772088352593184
1,12,31415,11,2344.197957304455,-1370316.2145517836,-7.7596985999059065
1,12,31415,12,2318.679260242945,-1368383.290492203,-7.748753018178438
1,12,31415,13,2297.2329832350783,-1366742.3099473757,-7.739460626903381
1,12,31415,14,2278.6595868103004,-1365308.7236772291,-7.731342648545415
1,12,31415,15,2262.828629231894,-1364077.5574545416,-7.724370915515485
1,12,31415,16,2248.6878696480812,-1362970.5321444275,-7.718102156043963
1,12,31415,17,2236.665936146743,-1362023.8927039602,-7.71274161468657
1,12,31415,18,2226.8508538232395,-1361247.246161281,-7.708343693224464
1,12,31415,19,2218.5351000837036,-1360586.5548539148,-7.704602392232549
1,12,31415,20,2210.699943559358,-1359961.7774100108,-7.7010644609103975
1,12,31415,21,2203.5770689067385,-1359391.872977394,-7.697837259348527
1,12,31415,22,2197.1388326736537,-1358875.1594580766,-7.694911262319652
1,12,31415,23,2191.8503371480847,-1358449.5867374842,-7.6925013688884345
1,12,31415,24,2187.288902716105,-1358081.6960634103,-7.690418111959694
1,12,31415,25,2182.819651543266,-1357720.4953257304,-7.6883727381775735
1,12,31415,26,2178.5671692014275,-1357376.1263735986,-7.686422677857677
1,12,31415,27,2174.6675797367534,-1357059.7435797271,-7.684631094939393
1,12,31415,28,2171.1446053053087,-1356773.4282690145,-7.683009775354851
1,12,31415,29,2168.00999789991,-1356518.2850408691,-7.681564974126353
1,12,31415,30,2165.013211581989,-1356274.0146818971,-7.68018174276531
1,12,31415,31,2162.2037897543005,-1356044.7092840886,-7.678883253587826
1,12,31415,32,2159.783789602026,-1355846.9495526198,-7.6777633982616615
1,12,31415,33,2157.6833936108424,-1355675.127813999,-7.676790422177419
1,12,31415,34,2155.755212380618,-1355517.2466941066,-7.675896387726121
1,12,31415,35,2154.0305563825723,-1355375.9107048407,-7.675096043494347
1,12,31415,36,2152.4600531613314,-1355247.1090966207,-7.674366677784187
1,12,31415,37,2151.023693530856,-1355129.2266939287,-7.67369914433066
1,12,31415,38,2149.709655972776,-1355021.3143278763,-7.67308806826889
1,12,31415,39,2148.2315872516742,-1354899.8524170436,-7.67240026511118
1,12,31415,40,2146.612433797116,-1354766.7007601736,-7.671646266352048
1,12,31415,41,2145.1332951949175,-1354644.9754627524,-7.6709569717133785
1,12,31415,42,2144.00175927991,-1354551.7993535963,-7.670429342750015
1,12,31415,43,2142.865079235292,-1354458.150127686,-7.6698990346653115
1,12,31415,44,2141.54869108663,-1354349.6329449385,-7.669284533704081
1,12,31415,45,2140.2270887020322,-1354240.618801779,-7.668667218601873
1,12,31415,46,2139.322538445617,-1354165.9669508708,-7.668244487076972
1,12,31415,47,2138.395524576097,-1354089.4284378483,-7.667811071938165
1,12,31415,48,2137.268913452706,-1353996.3655830747,-7.667284084301135
1,12,31415,49,2136.258799002032,-1353912.8841285824,-7.666811353322211
1,12,31415,50,2135.373575797931,-1353839.6919177242,-7.666396887310578
1,12,31415,51,2134.637096824358,-1353778.7750820906,-7.6660519331465995
1,12,31415,52,2133.7558540843047,-1353705.8566866016,-7.665639017671052
1,12,31415,53,2133.080324045587,-1353649.9395865896,-7.665322375542711
1,12,31415,54,2132.5032004652808,-1353602.154067175,-7.66505178016906
1,12,31415,55,2131.948454223135,-1353556.2091877998,-7.664791607799811
1,12,31415,56,2131.3882445569525,-1353509.7996858773,-7.664528804409421
1,12,31415,57,2130.8264579530996,-1353463.2472942125,-7.664265191876352
1,12,31415,58,2130.259737191393,-1353416.2735968032,-7.663999193612485
1,12,31415,59,2129.700021757384,-1353369.8682814878,-7.663736413929623
1,12,31415,60,2129.0117882546724,-1353312.79097095,-7.663413201869542
1,12,31415,61,2128.347428461674,-1353257.6760754173,-7.66310110238976
1,12,31415,62,2127.849754222495,-1353216.3780428206,-7.6628672437501875
1,12,31415,63,2127.411399013246,-1353179.9944239035,-7.662661213993134
1,12,31415,64,2127.074486972594,-1353152.0255239585,-7.662502834320297
1,12,31415,65,2126.645976844946,-1353116.4461677778,-7.662301358867106
1,12,31415,66,2126.2961575681575,-1353087.395226781,-7.6621368519133215
1,12,31415,67,2125.987252621515,-1353061.7380656837,-7.661991562939193
1,12,31415,68,2125.642118540515,-1353033.0673596023,-7.661829209144152
1,12,31415,69,2125.2151172213594,-1352997.5893997338,-7.661628307868522
1,12,31415,70,2124.8909439287777,-1352970.6502797601,-7.6614757595374705
1,12,31415,71,2124.472997245293,-1352935.9124329279,-7.6612790493047775
1,12,31415,72,2124.0800174970645,-1352903.2434910007,-7.661094054673436
1,12,31415,73,2123.7703283385736,-1352877.4943506597,-7.660948244847841
1,12,31415,74,2123.469397289374,-1352852.4698070858,-7.660806538201104
1,12,31415,75,2123.2131109321454,-1352831.1549887843,-7.660685838639956
1,12,31415,76,2123.0422192391466,-1352816.9408422937,-7.66060534809956
1,12,31415,77,2122.9089575552343,-1352805.8558284363,-7.660542576919013
1,12,31415,78,2122.6947708112707,-1352788.0378235937,-7.660441678786333
1,12,31415,79,2122.4981685317616,-1352771.6810721017,-7.660349055302568
1,12,31415,80,2122.329216259859,-1352757.6235122457,-7.660269451466333
1,12,31415,81,2122.104618424421,-1352738.9342680576,-7.660163619760906
1,12,31415,82,2121.832334535821,-1352716.2743173456,-7.66003530310965
1,12,31415,83,2121.7191969201285,-1352706.8579480792,-7.659981980973755
1,12,31415,84,2121.6300732137984,-1352699.4398871108,-7.6599399746713415
2,2,11,1,2867.371975873597,-1256492.5718155885,-7.961151201406522
2,2,11,2,2716.5635358984964,-1247965.4016786502,-7.907122954600262
2,2,11,3,2624.9133568379707,-1242548.7783299936,-7.8728031675621155
2,2,11,4,2558.365856785698,-1238495.886112751,-7.847123996456592
2,2,11,5,2514.4381593091557,-1235762.4101430513,-7.829804661676326
2,2,11,6,2483.889432514135,-1233833.1630504015,-7.817580930192371
2,2,11,7,2460.3908421042875,-1232332.9392581102,-7.808075495210674
2,2,11,8,2441.911574166528,-1231143.065820504,-7.80053644360002
2,2,11,9,2426.0948206067474,-1230117.456910878,-7.79403817390373
2,2,11,10,2412.4338470502694,-1229226.2397613581,-7.788391411925375
2,2,11,11,2401.0411559836157,-1228479.1333560648,-7.783657737258691
2,2,11,12,2391.647439430707,-1227860.4437144876,-7.779737712664975
2,2,11,13,2383.840141181326,-1227344.3869369875,-7.776467971063357
2,2,11,14,2377.2216737410818,-1226905.5855970217,-7.773687720791125
2,2,11,15,2371.6127264067795,-1226532.757539886,-7.771325477987975
2,2,11,16,2367.044673658009,-1226228.4659265897,-7.769397482871161
2,2,11,17,2363.539354702926,-1225994.5677110709,-7.767915501121923
2,2,11,18,2360.4120450788596,-1225785.5998137826,-7.766591478152056
2,2,11,19,2357.903626474102,-1225617.7862309667,-7.765528209385956
2,2,11,20,2355.7753514125634,-1225475.2642557477,-7.764625188532755
2,2,11,21,2353.686903871923,-1225335.284146689,-7.763738272972407
2,2,11,22,2352.0422056711845,-1225224.9592928127,-7.763039253445604
2,2,11,23,2350.438584589617,-1225117.315549367,-7.762357221464931
2,2,11,24,2348.9739464234553,-1225018.9369037605,-7.761733893249364
2,2,11,25,2347.6125367932686,-1224927.437017237,-7.761154148929449
2,2,11,26,2346.3717997938356,-1224844.0012706877,-7.760625499091971
2,2,11,27,2345.292988295239,-1224771.4186494255,-7.760165614779542
2,2,11,28,2344.3536207800576,-1224708.1906450458,-7.759765001425893
2,2,11,29,2343.3923272068546,-1224643.4605825034,-7.75935487101467
2,2,11,30,2342.5014108886367,-1224583.4457591954,-7.758974616412774
2,2,11,31,2341.823373160325,-1224537.7557849665,-7.7586851242172905
2,2,11,32,2341.2183230907604,-1224496.9729565808,-7.758426723753585
2,2,11,33,2340.5617945359095,-1224452.7083449028,-7.758146262671407
2,2,11,34,2340.0655048119875,-1224419.2391495018,-7.757934201469332
2,2,11,35,2339.709084793933,-1224395.1982228968,-7.7577818778853995
2,2,11,36,2339.3414177845575,-1224370.394836465,-7.757624723347345
2,2,11,37,2338.8761169361037,-1224338.999330802,-7.757425801066996
2,2,11,38,2338.484551464854,-1224312.574173658,-7.7572583709712974
2,2,11,39,2338.0076211458772,-1224280.3821135128,-7.757054401712705
2,2,11,40,2337.6184475215505,-1224254.1086288413,-7.7568879326155145
2,2,11,41,2337.24994574592,-1224229.2266884435,-7.75673028035864
2,2,11,42,2336.917908464393,-1224206.8035398568,-7.7565882070346
2,2,11,43,2336.6475013876684,-1224188.5400496046,-7.756472489352996
2,2,11,44,2336.3514071637583,-1224168.5392063996,-7.756345763783356
2,2,11,45,2336.1067062796806,-1224152.0080143674,-7.756241021962944
2,2,11,46,2335.7925912495243,-1224130.7848912233,-7.7561065520137324
2,2,11,47,2335.388669216463,-1224103.489779671,-7.755933609877024
2,2,11,48,2335.0123230208437,-1224078.0538620315,-7.755772447614058
2,2,11,49,2334.651027855014,-1224053.6313333558,-7.755617706195072
2,2,11,50,2334.237091135509,-1224025.6457388964,-7.7554403891508255
2,2,11,51,2333.9917586441984,-1224009.0568621638,-7.755335281839495
2,2,11,52,2333.747754253601,-1223992.5560592,-7.755230732564565
2,2,11,53,2333.4888761093616,-1223975.0475319808,-7.755119798337309
2,2,11,54,2333.1225471449416,-1223950.268538115,-7.754962798350832
2,2,11,55,2332.8335367685336,-1223930.716733972,-7.754838917897788
2,2,11,56,2332.6672864987736,-1223919.4686606866,-7.754767649977739
2,2,11,57,2332.487918797833,-1223907.3321960794,-7.754690753200189
2,2,11,58,2332.3148531250545,-1223895.6212576535,-7.754616552561354
2,2,11,59,2332.1525689941896,-1223884.639090774,-7.754546969427314
2,2,11,60,2332.068086208886,-1223878.9216301194,-7.754510743531689
2,2,42,1,2855.9982431853455,-1255865.285522008,-7.957176708328104
2,2,42,2,2684.096930052807,-1246067.7814787861,-7.895099611468093
2,2,42,3,2606.9201036482073,-1241463.174064297,-7.865924766608567
2,2,42,4,2564.8861455036513,-1238897.6171550383,-7.849669368901831
2,2,42,5,2533.974025978151,-1236983.9118913456,-7.837544110622612
2,2,42,6,2508.5516254213803,-1235392.4869158189,-7.8274608239084245
2,2,42,7,2487.14334051332,-1234039.7832391998,-7.81889007805459
2,2,42,8,2468.697006991516,-1232864.8618664478,-7.8114457628966205
2,2,42,9,2453.1451123404895,-1231867.4578301935,-7.805126199598256
2,2,42,10,2439.682774815882,-1230998.946115666,-7.799623299513813
2,2,42,11,2427.8893025371954,-1230234.1525983117,-7.794777559104289
2,2,42,12,2417.424297582868,-1229552.3914135876,-7.79045791249707
2,2,42,13,2408.009460596595,-1228936.5185814868,-7.786555735240178
2,2,42,14,2399.781888720017,-1228396.336037194,-7.783133132506234
2,2,42,15,2393.0127420906197,-1227950.5161484254,-7.780308412629099
2,2,42,16,2386.9986446319476,-1227553.3650130937,-7.77779205852633
2,2,42,17,2381.4873499131854,-1227188.537681659,-7.775480508412063
2,2,42,18,2376.6906681670876,-1226870.3272489272,-7.7734643234972705
2,2,42,19,2372.613193490393,-1226599.323392305,-7.771747239984699
2,2,42,20,2368.7021138583927,-1226338.9407869924,-7.77009745284102
2,2,42,21,2365.5202905733904,-1226126.7915307311,-7.768753272744577
2,2,42,22,2362.4841422020563,-1225924.0889749986,-7.767468947049944
2,2,42,23,2359.5741302718093,-1225729.5630311975,-7.766236428461347
2,2,42,24,2356.9997705846104,-1225557.2743786292,-7.765144805602486
2,2,42,25,2354.909629634211,-1225417.253525282,-7.764257631885863
2,2,42,26,2353.035021918982,-1225291.5657256101,-7.7634612725600665
2,2,42,27,2350.936209967462,-1225150.7267202947,-7.762568915023283
2,2,42,28,2349.2939971087753,-1225040.4397044727,-7.761870135238821
2,2,42,29,2347.8660359767932,-1224944.4786322955,-7.761262124795952
2,2,42,30,2346.7514615879304,-1224869.5370422546,-7.760787294030556
2,2,42,31,2345.6577965070824,-1224795.966743497,-7.760321151782301
2,2,42,32,2344.661248449397,-1224728.899583371,-7.759896213494253
2,2,42,33,2343.7011910123747,-1224664.2612584783,-7.759486664333821
2,2,42,34,2342.972402546538,-1224615.1760279338,-7.759175659755771
2,2,42,35,2342.1218726923375,-1224557.8719826287,-7.75881258067408
2,2,42,36,2341.251098536564,-1224499.1824245322,-7.758440722967612
2,2,42,37,2340.578051705402,-1224453.8045892497,-7.758153208488036
2,2,42,38,2339.899639177265,-1224408.0517835268,-7.757863318191492
2,2,42,39,2339.085707672097,-1224353.1419373227,-7.757515408782489
2,2,42,40,2338.331715513551,-1224302.2586978497,-7.757193011999453
2,2,42,41,2337.653692820193,-1224256.4882528835,-7.756903009940464
2,2,42,42,2337.0026578915363,-1224212.527142729,-7.756624471847384
2,2,42,43,2336.4791021517613,-1224177.1651749774,-7.756400418018206
2,2,42,44,2336.140634681136,-1224154.3002096878,-7.756255545338519
2,2,42,45,2335.7998138813127,-1224131.272919044,-7.756109644163544
2,2,42,46,2335.474852624821,-1224109.3140367542,-7.755970512436033
2,2,42,47,2335.0897081591315,-1224083.2843865578,-7.755805588276844
2,2,42,48,2334.747726495375,-1224060.168257622,-7.755659124221444
2,2,42,49,2334.420823304663,-1224038.0681872058,-7.75551909792436
2,2,42,50,2334.212377446187,-1224023.9747292027,-7.755429801614433
2,2,42,51,2333.955077954516,-1224006.576439788,-7.755319565855159
2,2,42,52,2333.666559157695,-1223987.064856261,-7.7551959402403945
2,2,42,53,2333.4105362469077,-1223969.7488431854,-7.75508622578494
2,2,42,54,2333.173186224807,-1223953.6940666945,-7.754984502538805
2,2,42,55,2332.9639567137383,-1223939.54005695,-7.754894822572357
2,2,42,56,2332.791210778122,-1223927.8531404445,-7.754820774136683
2,2,42,57,2332.5918774471465,-1223914.3664104652,-7.7547353220624045
2,2,42,58,2332.369491119795,-1223899.3185733978,-7.754639978795891
2,2,42,59,2332.128606275827,-1223883.0174098455,-7.754536694438538
2,2,42,60,2331.92546174797,-1223869.2689008894,-7.75444958372969
2,2,42,61,2331.7187515545043,-1223855.277843706,-7.754360936232519
2,2,42,62,2331.6198923779552,-1223848.5861803677,-7.75431853777763
2,2,97,1,2845.4116563409193,-1255279.1632195537,-7.953463030764843
2,2,97,2,2664.4344749766997,-1244907.3508091862,-7.887747109569824
2,2,97,3,2573.3139464144742,-1239415.364277067,-7.852949820545574
2,2,97,4,2513.9900100479117,-1235734.2778920142,-7.829626415414339
2,2,97,5,2474.1636738647176,-1233213.9687932879,-7.813657708348885
2,2,97,6,2446.6101752821905,-1231446.4585773523,-7.802458743552173
2,2,97,7,2425.4168775635835,-1230073.3476097076,-7.793758696870692
2,2,97,8,2408.499784111688,-1228968.6525507479,-7.786759336434269
2,2,97,9,2395.3395190861806,-1228103.9010994602,-7.781280261420409
2,2,97,10,2384.5400600702083,-1227390.7199870069,-7.776761537794351
2,2,97,11,2375.3027015358907,-1226778.1301490346,-7.772880161625532
2,2,97,12,2367.842624614479,-1226281.6621261258,-7.769734534595419
2,2,97,13,2362.0399502351133,-1225894.41151814,-7.767280910346327
2,2,97,14,2356.8676646288063,-1225548.4281312178,-7.7650887556784465
2,2,97,15,2352.1322601917263,-1225231.0020639612,-7.763077540512211
2,2,97,16,2347.9911927344806,-1224952.8916822649,-7.76131542997608
2,2,97,17,2344.4285548636767,-1224713.235322366,-7.759796964558672
2,2,97,18,2341.6449632321096,-1224525.7313278157,-7.758608937120256
2,2,97,19,2339.157939968088,-1224358.0156804072,-7.75754628887401
2,2,97,20,2337.0463996738317,-1224215.4811887525,-7.75664318871653
2,2,97,21,2335.04865375745,-1224080.5095076968,-7.7557880066128755
2,2,97,22,2333.5673423887883,-1223980.3545929505,-7.75515342393587
2,2,97,23,2332.538455084314,-1223910.7517013014,-7.754712419224101
2,2,97,24,2331.3641468847127,-1223831.27374721,-7.754208846004574
2,2,97,25,2329.9817660053004,-1223737.6619793174,-7.753615720780327
2,2,97,26,2328.641066356858,-1223646.8197035762,-7.753040143089795
2,2,97,27,2327.5883530273913,-1223575.4539579356,-7.75258796891512
2,2,97,28,2326.687745811793,-1223514.3741962803,-7.752200966851764
2,2,97,29,2325.8111816006653,-1223454.902338206,-7.751824152483755
2,2,97,30,2325.0844405214107,-1223405.5784654256,-7.751511635865788
2,2,97,31,2324.4057294025392,-1223359.500458885,-7.751219685093171
2,2,97,32,2323.7560067551226,-1223315.3778863563,-7.750940123972656
2,2,97,33,2323.2207935674605,-1223279.0223670648,-7.750709774989639
2,2,97,34,2322.5592365575963,-1223234.0730927635,-7.750424975877307
2,2,97,35,2321.763138599505,-1223179.965500908,-7.750082149560965
2,2,97,36,2321.2209274430415,-1223143.102956659,-7.7498485880620605
2,2,97,37,2320.738182049225,-1223110.2759805943,-7.749640595968994
2,2,97,38,2320.2304600845505,-1223075.7432143814,-7.7494217959701786
2,2,97,39,2319.8330812793547,-1223048.7101784495,-7.749250514347578
2,2,97,40,2319.386172923827,-1223018.3021945672,-7.749057849016443
2,2,97,41,2319.0791671258103,-1222997.4098917868,-7.748925475148813
2,2,97,42,2318.753561038639,-1222975.248783087,-7.74878506211247
2,2,97,43,2318.4052844741404,-1222951.5412520075,-7.748634850926372
2,2,97,44,2318.0900405800007,-1222930.0792166067,-7.74849886722639
2,2,97,45,2317.795412351594,-1222910.0180720561,-7.748371759586741
2,2,97,46,2317.5419500119747,-1222892.7578594545,-7.748262398683722
2,2,97,47,2317.336816546215,-1222878.7873517948,-7.748173881388567
2,2,97,48,2317.1286063254897,-1222864.6060386377,-7.748084028427387
2,2,97,49,2316.9234428630207,-1222850.6309953572,-7.747995482394487
2,2,97,50,2316.5607306170587,-1222825.921232108,-7.747838921053983
2,2,97,51,2316.3317406331907,-1222810.3193024592,-7.747740067050582
2,2,97,52,2316.1197815075234,-1222795.8763731597,-7.747648556486553
2,2,97,53,2315.861966985332,-1222778.3070679854,-7.747537237169484
2,2,97,54,2315.695163606741,-1222766.93886377,-7.7474652080985
2,2,97,55,2315.529925327382,-1222755.676518855,-7.7473938497532435
2,2,97,56,2315.3632492281963,-1222744.315360477,-7.747321865324765
2,2,97,57,2315.1916906283027,-1222732.620541576,-7.747247766819424
2,2,97,58,2315.036840187896,-1222722.0639415486,-7.747180880081789
2,2,97,59,2314.921903117091,-1222714.2278941795,-7.747131230796687
2,2,97,60,2314.7875132466065,-1222705.0651227927,-7.747073175373145
2,2,97,61,2314.6231854051234,-1222693.8604419965,-7.7470021823884005
2,2,97,62,2314.415357947032,-1222679.6886040347,-7.746912389462166
2,2,97,63,2314.3072216857017,-1222672.3142455318,-7.746865665442962
2,2,97,64,2314.1314183743343,-1222660.3245932115,-7.746789698869729
2,2,97,65,2313.843112901401,-1222640.6604071045,-7.7466651063632845
2,2,97,66,2313.6776836909503,-1222629.3760228367,-7.746593608376439
2,2,97,67,2313.5415517878946,-1222620.0894838125,-7.746534768759742
2,2,97,68,2313.421445481958,-1222611.89571262,-7.746482852932433
2,2,97,69,2313.320722576211,-1222605.0239682293,-7.74643931348195
2,2,97,70,2313.1956272748066,-1222596.4890189318,-7.746385235946295
2,2,97,71,2313.0985021700662,-1222589.862090075,-7.746343247649815
2,2,2026,1,2800.0445484096635,-1252742.4845926566,-7.937390606183039
2,2,2026,2,2628.3402968225723,-1242754.695346864,-7.8741078601190155
2,2,2026,3,2550.9075197813518,-1238035.1022939617,-7.844204464948942
2,2,2026,4,2504.2611326407837,-1235122.3152207586,-7.825749012980958
2,2,2026,5,2471.4652184916467,-1233041.7391876485,-7.812566459612037
2,2,2026,6,2446.4933318675025,-1231438.920963472,-7.802410985145044
2,2,2026,7,2427.1906094287924,-1230188.726636773,-7.794489739696207
2,2,2026,8,2410.783831618854,-1229118.2543196809,-7.787707214940827
2,2,2026,9,2397.1643207697484,-1228224.0908055748,-7.782041784763
2,2,2026,10,2386.572256987877,-1227525.169806338,-7.777613413376193
2,2,2026,11,2378.1077534452,-1226964.4030528055,-7.774060388858792
2,2,2026,12,2371.0397764413283,-1226494.6237961496,-7.771083862154685
2,2,2026,13,2365.210331649687,-1226106.1096526084,-7.7686222321299665
2,2,2026,14,2359.9954009637004,-1225757.7386139478,-7.766414949273562
2,2,2026,15,2355.226905563995,-1225438.5161893885,-7.764392352367061
2,2,2026,16,2351.300352600719,-1225175.1712172364,-7.762723795633452
2,2,2026,17,2348.3359591641806,-1224976.0645977813,-7.761462253831901
2,2,2026,18,2345.566503858755,-1224789.8239819577,-7.7602822311754425
2,2,2026,19,2342.8888541041447,-1224609.5479126973,-7.75913999995373
2,2,2026,20,2340.2693729293337,-1224432.9886345644,-7.758021318362803
2,2,2026,21,2338.005289627445,-1224280.2247234893,-7.757053404487729
2,2,2026,22,2336.1952659829285,-1224157.9910184322,-7.75627893034463
2,2,2026,23,2334.759715337825,-1224060.9786964317,-7.755664259170944
2,2,2026,24,2333.3130522341257,-1223963.1550492828,-7.755044447431906
2,2,2026,25,2331.892049683878,-1223867.0075091268,-7.754435255525805
2,2,2026,26,2330.5823369935465,-1223778.3381362644,-7.7538734453725855
2,2,2026,27,2329.7378571695876,-1223721.1392496808,-7.753511032577748
2,2,2026,28,2329.0068636808855,-1223671.610353725,-7.753197216930615
2,2,2026,29,2328.256956624714,-1223620.7838012895,-7.752875179317292
2,2,2026,30,2327.486795079786,-1223568.5674148628,-7.75254433570002
2,2,2026,31,2326.76985401706,-1223519.9438070671,-7.752236255968948
2,2,2026,32,2326.0996577211354,-1223474.4769219728,-7.751948177268753
2,2,2026,33,2325.487858760053,-1223432.9603400985,-7.751685127734613
2,2,2026,34,2324.892299972831,-1223392.5353212506,-7.751428994356202
2,2,2026,35,2324.287562989468,-1223351.476712222,-7.751168846543211
2,2,2026,36,2323.738970415438,-1223314.220784979,-7.750932792565191
2,2,2026,37,2323.364538504952,-1223288.7873770152,-7.7507716462035585
2,2,2026,38,2323.045541870086,-1223267.116194276,-7.750634337343665
2,2,2026,39,2322.6082940463652,-1223237.40672725,-7.750446097823263
2,2,2026,40,2322.2348468377486,-1223212.027861105,-7.7502852970392135
2,2,2026,41,2321.832792061221,-1223184.700308467,-7.750112149355418
2,2,2026,42,2321.401570546783,-1223155.3850406767,-7.74992640748585
2,2,2026,43,2320.996616072422,-1223127.8504982388,-7.7497519483123325
2,2,2026,44,2320.6714591237765,-1223105.7382445647,-7.749611844821988
2,2,2026,45,2320.5048064553644,-1223094.4038517918,-7.749540029980686
2,2,2026,46,2320.3732112417115,-1223085.4532138708,-7.749483318637192
2,2,2026,47,2320.193233491954,-1223073.2109461902,-7.749405751490167
2,2,2026,48,2319.9304351811747,-1223055.3334348134,-7.749292479375101
2,2,2026,49,2319.6712262899205,-1223037.6981187167,-7.749180741812078
2,2,2026,50,2319.483216605873,-1223024.9056183612,-7.749099688384578
2,2,2026,51,2319.2473768268233,-1223008.8572103193,-7.748998005489009
2,2,2026,52,2318.93498263982,-1222987.5969208353,-7.748863300053446
2,2,2026,53,2318.710667021909,-1222972.3291371167,-7.7487665632024525
2,2,2026,54,2318.5952230429125,-1222964.471000193,-7.748716773957681
2,2,2026,55,2318.4362429411726,-1222953.6487697675,-7.748648204182829
2,2,2026,56,2318.256428776941,-1222941.407410706,-7.748570642792824
2,2,2026,57,2318.056763466306,-1222927.8135160056,-7.7484845117216565
2,2,2026,58,2317.9420587693867,-1222920.0034998243,-7.748435027370456
2,2,2026,59,2317.839895035151,-1222913.0470475967,-7.748390951210157
2,2,2026,60,2317.710725991259,-1222904.2513322518,-7.7483352214578645
2,2,2026,61,2317.5932616630816,-1222896.252219339,-7.748284538987625
2,2,2026,62,2317.500495299269,-1222889.9347075743,-7.748244511161355
2,2,31415,1,2866.0721920530946,-1256421.0119369787,-7.960697797203149
2,2,31415,2,2687.4000334884763,-1246261.8883649278,-7.896329474902601
2,2,31415,3,2596.988614903142,-1240860.754232025,-7.862107827711338
2,2,31415,4,2540.9520002256772,-1237417.9361147152,-7.84029409302985
2,2,31415,5,2501.3240659737344,-1234937.101547339,-7.824575497043231
2,2,31415,6,2470.8949836080487,-1233005.3197330043,-7.8123357055339
2,2,31415,7,2444.643906557594,-1231319.5658534048,-7.801654749812484
2,2,31415,8,2422.37425414933,-1229875.2321306234,-7.792503434945785
2,2,31415,9,2405.104460248334,-1228746.0013993967,-7.785348616211298
2,2,31415,10,2392.0611008328315,-1227887.7394208994,-7.779910658570719
2,2,31415,11,2382.3850406053225,-1227248.0190097138,-7.775857382781976
2,2,31415,12,2375.1797432364665,-1226769.959920974,-7.772828394967775
2,2,31415,13,2369.5507367100467,-1226395.4748948533,-7.7704556535903215
2,2,31415,14,2365.352457953972,-1226115.5933066078,-7.768682320669385
2,2,31415,15,2361.7914747578043,-1225877.807882599,-7.767175709523019
2,2,31415,16,2358.7272161879764,-1225672.904184022,-7.765877437362331
2,2,31415,17,2356.4036508464173,-1225517.3523188652,-7.764891858978541
2,2,31415,18,2354.3269003145324,-1225378.1936891703,-7.764010148320769
2,2,31415,19,2352.489708924575,-1225254.9850403138,-7.763229496922687
2,2,31415,20,2350.786155113988,-1225140.6526003943,-7.762505085285211
2,2,31415,21,2348.9887856412324,-1225019.9339504368,-7.761740210548425
2,2,31415,22,2347.3197859501947,-1224907.7543990673,-7.761029439637246
2,2,31415,23,2345.6694576847876,-1224796.7513659524,-7.760326123159087
2,2,31415,24,2344.1755717779024,-1224696.2034666487,-7.759689050527465
2,2,31415,25,2342.7250489874446,-1224598.5128447195,-7.759070081637729
2,2,31415,26,2341.394905928379,-1224508.8764449733,-7.758502144391193
2,2,31415,27,2340.2445848295765,-1224431.3169137903,-7.758010726320997
2,2,31415,28,2339.090368080759,-1224353.4563944815,-7.757517401186617
2,2,31415,29,2338.1569202800133,-1224290.460280584,-7.757118257093697
2,2,31415,30,2337.238606889976,-1224228.461005124,-7.756725428980435
2,2,31415,31,2336.474261138957,-1224176.838166634,-7.75639834608963
2,2,31415,32,2335.905573711802,-1224138.4188587572,-7.756154920918704
2,2,31415,33,2335.3164276611615,-1224098.6075445674,-7.755902675979975
2,2,31415,34,2334.628645562897,-1224052.1182295594,-7.755608119152238
2,2,31415,35,2333.8978303479116,-1224002.705163022,-7.7552950374016145
2,2,31415,36,2333.4104591303203,-1223969.743627148,-7.755086192736067
2,2,31415,37,2333.00135068313,-1223942.069786604,-7.754910850968168
2,2,31415,38,2332.5012906151564,-1223908.2369986803,-7.754696486039741
2,2,31415,39,2331.9729402174244,-1223872.4822778678,-7.75446994372271
2,2,31415,40,2331.435202023549,-1223836.0839436667,-7.754239323463939
2,2,31415,41,2331.076022109804,-1223811.7671560757,-7.754085252021667
2,2,31415,42,2330.7791167124556,-1223791.6635776844,-7.7539578755207215
2,2,31415,43,2330.4974091763447,-1223772.586684556,-7.753837004109258
2,2,31415,44,2330.1046102363784,-1223745.9829664158,-7.75366844264906
2,2,31415,45,2329.5671062880388,-1223709.5713139665,-7.753437738005719
2,2,31415,46,2329.232534043415,-1223686.9024411272,-7.7532941077700235
2,2,31415,47,2328.974511731529,-1223669.4179690625,-7.7531833259565
2,2,31415,48,2328.773023872473,-1223655.7631174005,-7.75309680866133
2,2,31415,49,2328.6305892709697,-1223646.1095979032,-7.753035643852188
2,2,31415,50,2328.4734290499155,-1223635.4573628316,-7.752968151169828
2,2,31415,51,2328.2658402622224,-1223621.3860046081,-7.752878994884356
2,2,31415,52,2328.049778543232,-1223606.7389781603,-7.752786191158478
2,2,31415,53,2327.9362989789443,-1223599.0455476483,-7.752737445495402
2,2,31415,54,2327.7502514610346,-1223586.4315078696,-7.7526575227961425
2,2,31415,55,2327.5616564036604,-1223573.6437156354,-7.752576499199352
2,2,31415,56,2327.4138801073605,-1223563.622938032,-7.75251300743868
2,2,31415,57,2327.238900976097,-1223551.7567011113,-7.75243782282682
2,2,31415,58,2327.093182288481,-1223541.8740848196,-7.752375206457787
2,2,31415,59,2326.9190500590466,-1223530.0636553888,-7.752300375442816
2,2,31415,60,2326.760972244905,-1223519.341343094,-7.752232438750373
2,2,31415,61,2326.6657515754914,-1223512.8822372751,-7.752191513782568
2,3,11,1,3101.981098362099,-1268904.9625996996,-8.039796250346578
2,3,11,2,2793.294591902774,-1252361.5555533106,-7.934977035464623
2,3,11,3,2645.338593794379,-1243772.1317744276,-7.880554348876166
2,3,11,4,2553.8623336466317,-1238217.814709292,-7.845362132887017
2,3,11,5,2494.159037346229,-1234484.3553803326,-7.821706892188538
2,3,11,6,2449.574435931343,-1231637.56386608,-7.8036695888313865
2,3,11,7,2414.725954170667,-1229376.124465691,-7.789341083113839
2,3,11,8,2387.7332029552085,-1227601.9264300105,-7.778099744215288
2,3,11,9,2366.0283748715633,-1226160.687379465,-7.768968037227013
2,3,11,10,2348.437043946499,-1224982.8582022479,-7.761505298186937
2,3,11,11,2333.8190901269527,-1223997.380327859,-7.7552612991855625
2,3,11,12,2321.454432889888,-1223158.9790172642,-7.749949178962315
2,3,11,13,2311.5972174127833,-1222487.3927414464,-7.745694000693454
2,3,11,14,2303.0845661586472,-1221905.1050305646,-7.742004619145935
2,3,11,15,2295.8189251236668,-1221406.411135594,-7.738844888965164
2,3,11,16,2289.4130558887864,-1220965.4187532845,-7.736050756223766
2,3,11,17,2283.5906319571313,-1220563.5200960464,-7.733504321768295
2,3,11,18,2278.085532212356,-1220182.5814791643,-7.731090690366502
2,3,11,19,2273.913144498212,-1219893.2493245048,-7.729257478549464
2,3,11,20,2270.6132589516337,-1219664.0441746858,-7.7278052321177855
2,3,11,21,2268.2224857313613,-1219497.7764302986,-7.726751757801522
2,3,11,22,2265.9922085489234,-1219342.5124036605,-7.725768003165855
2,3,11,23,2263.9535542129456,-1219200.4547389061,-7.724867924189029
2,3,11,24,2261.795991726701,-1219049.971909744,-7.7239144632748555
2,3,11,25,2259.7282207874955,-1218905.6169713624,-7.722999828746246
2,3,11,26,2257.661513562555,-1218761.2042419603,-7.722084828053072
2,3,11,27,2256.0541308776556,-1218648.795740805,-7.721372606513452
2,3,11,28,2254.6559297316185,-1218550.9507032924,-7.720752659244826
2,3,11,29,2253.4210244894966,-1218464.4825123507,-7.720204795805248
2,3,11,30,2252.157109213609,-1218375.933953442,-7.71964375113061
2,3,11,31,2250.9872897804526,-1218293.9333559524,-7.719124194413871
2,3,11,32,2250.0409219462617,-1218227.5648118288,-7.718703682564747
2,3,11,33,2249.204790608309,-1218168.903895419,-7.71833200633233
2,3,11,34,2248.3757776970824,-1218110.7208571176,-7.717963357941034
2,3,11,35,2247.661871537893,-1218060.5992206768,-7.717645786683458
2,3,11,36,2247.0449079654954,-1218017.2708648606,-7.7173712577290505
2,3,11,37,2246.474939807263,-1217977.2323480598,-7.717117573231998
2,3,11,38,2245.983018312044,-1217942.668202204,-7.71689857441141
2,3,11,39,2245.449296429132,-1217905.1584494882,-7.716660912192312
2,3,11,40,2244.8512798078114,-1217863.1194962978,-7.716394552907581
2,3,11,41,2244.274756147327,-1217822.5808364078,-7.716137699498238
2,3,11,42,2243.686539585943,-1217781.2092479006,-7.7158755686437175
2,3,11,43,2243.2224747780097,-1217748.5620867778,-7.715668715860163
2,3,11,44,2242.923466088668,-1217727.5231174205,-7.715535412711436
2,3,11,45,2242.5186309748274,-1217699.033476873,-7.715354902025452
2,3,11,46,2242.2359776650023,-1217679.1391412695,-7.715228851289185
2,3,11,47,2241.950782000549,-1217659.0633220396,-7.715101650670601
2,3,11,48,2241.7105805557812,-1217642.1528060145,-7.714994505449062
2,3,11,49,2241.498877737365,-1217627.2471306226,-7.714900062920537
2,3,11,50,2241.2452988709006,-1217609.3911728421,-7.7147869273693015
2,3,11,51,2241.0156598426656,-1217593.2192145765,-7.714684461658112
2,3,11,52,2240.8599907007724,-1217582.255523813,-7.714614995588951
2,3,11,53,2240.684433930563,-1217569.8902446514,-7.714536649039786
2,3,11,54,2240.514661454625,-1217557.9314587216,-7.714460878036354
2,3,11,55,2240.315525546523,-1217543.9031555667,-7.7143719945482845
2,3,11,56,2240.1027877622832,-1217528.9152786818,-7.714277031190168
2,3,11,57,2239.936045762676,-1217517.1669178733,-7.7142025934426925
2,3,11,58,2239.812768438163,-1217508.4804426332,-7.714147555836944
2,3,11,59,2239.5930369224793,-1217492.9963417538,-7.714049448397963
2,3,11,60,2239.3732817010323,-1217477.5090508696,-7.713951320747077
2,3,11,61,2239.1769953689636,-1217463.6744493486,-7.71386366455476
2,3,11,62,2238.891381089249,-1217443.5416926283,-7.71373610317959
2,3,11,63,2238.7143403608034,-1217431.0609223945,-7.71365702487768
2,3,11,64,2238.6379373411996,-1217425.6744640453,-7.713622896216421
2,3,42,1,3171.0168432603587,-1272378.9677116142,-8.061807586179983
2,3,42,2,2838.0138073433636,-1254868.2883419073,-7.950859722874948
2,3,42,3,2694.8864614370664,-1246700.946640024,-7.8991113531187365
2,3,42,4,2616.3875772892998,-1242035.314997761,-7.86954985805916
2,3,42,5,2564.4021084123256,-1238867.829550016,-7.849480634298198
2,3,42,6,2526.1142657200303,-1236493.6077036906,-7.834437537722652
2,3,42,7,2495.832590613527,-1234590.22071826,-7.822377656171655
2,3,42,8,2470.684354737504,-1232991.865275988,-7.81225045794148
2,3,42,9,2449.3138266441283,-1231620.771712262,-7.803563193554135
2,3,42,10,2431.5161896224226,-1230469.747031459,-7.79627028810768
2,3,42,11,2416.3450989902985,-1229481.9173200494,-7.79001138784024
2,3,42,12,2403.1886118907273,-1228620.229311028,-7.7845517228313605
2,3,42,13,2391.5427339398234,-1227853.5339084298,-7.779693932055338
2,3,42,14,2380.9617187459867,-1227153.6987511015,-7.775259768552484
2,3,42,15,2371.742581638929,-1226541.3990142238,-7.7713802304674955
2,3,42,16,2363.79292907189,-1226011.4995166394,-7.768022781234251
2,3,42,17,2356.3394602086473,-1225513.0528780767,-7.764864617672889
2,3,42,18,2349.664112048169,-1225065.3024503915,-7.762027665879257
2,3,42,19,2344.1771836865782,-1224696.3119927498,-7.759689738150073
2,3,42,20,2339.0920242865964,-1224353.5681454279,-7.757518109241882
2,3,42,21,2334.1155860701465,-1224017.430035077,-7.755388334358143
2,3,42,22,2329.897821718034,-1223731.9756697367,-7.753579692258261
2,3,42,23,2326.2881405434696,-1223487.2651366228,-7.752029203541975
2,3,42,24,2322.83803819435,-1223253.0177393355,-7.750545009373087
2,3,42,25,2319.8467635845336,-1223049.6410404632,-7.749256412299866
2,3,42,26,2317.1429211371556,-1222865.5810691607,-7.7480902062318515
2,3,42,27,2314.335049207807,-1222674.2119779128,-7.746877689496875
2,3,42,28,2312.020757648012,-1222516.3079800294,-7.745877207973423
2,3,42,29,2310.1010226041526,-1222385.2045715388,-7.745046535288662
2,3,42,30,2308.4842291584446,-1222274.705242215,-7.744346410283441
2,3,42,31,2306.861886426809,-1222163.7488316742,-7.743643389206441
2,3,42,32,2305.2571038707756,-1222053.9166126843,-7.742947491019871
2,3,42,33,2303.786142291285,-1221953.175994881,-7.742309197321648
2,3,42,34,2302.4319494596652,-1221860.3755463876,-7.741721212626325
2,3,42,35,2301.206770253736,-1221776.3691331777,-7.741188947038407
2,3,42,36,2299.968408142227,-1221691.4133501542,-7.740650666232571
2,3,42,37,2298.821108704996,-1221612.6639406965,-7.7401517090801155
2,3,42,38,2297.915678953362,-1221550.4884560907,-7.739757764503705
2,3,42,39,2296.831486196589,-1221476.005150942,-7.739285837436588
2,3,42,40,2295.782536922646,-1221403.909578332,-7.738829039069949
2,3,42,41,2294.826138045479,-1221338.146393161,-7.7384123627820225
2,3,42,42,2293.8624450548236,-1221271.8539277602,-7.737992332968549
2,3,42,43,2293.1068464536575,-1221219.8567987084,-7.737662878568495
2,3,42,44,2292.4194802589914,-1221172.540253189,-7.737363080398845
2,3,42,45,2291.7800260667573,-1221128.509108049,-7.737084098563304
2,3,42,46,2291.233099147432,-1221090.8394004246,-7.736845422868088
2,3,42,47,2290.5710935448933,-1221045.2315932943,-7.736556451284273
2,3,42,48,2289.979512470252,-1221004.4644164203,-7.736298149988724
2,3,42,49,2289.4575017076095,-1220968.4827379966,-7.73607016966569
2,3,42,50,2288.9469401938873,-1220933.2823078274,-7.735847139340468
2,3,42,51,2288.5368491884155,-1220905.00308441,-7.735667961859809
2,3,42,52,2288.103553425861,-1220875.11819165,-7.735478610839964
2,3,42,53,2287.7100740509923,-1220847.9745761158,-7.735306628583748
2,3,42,54,2287.2265396351017,-1220814.6122471835,-7.735095244488832
2,3,42,55,2286.885538176837,-1220791.0799955293,-7.734946143875163
2,3,42,56,2286.546564941601,-1220767.6842320578,-7.734797908052169
2,3,42,57,2286.011902274698,-1220730.7750310572,-7.734564050935558
2,3,42,58,2285.411327102303,-1220689.3054168483,-7.734301298989078
2,3,42,59,2284.870438520879,-1220651.947823682,-7.734064600854614
2,3,42,60,2284.467986184274,-1220624.1458787867,-7.73388844741609
2,3,42,61,2284.174314154907,-1220603.8555316473,-7.733759887546236
2,3,42,62,2283.8301485727948,-1220580.073170645,-7.733609202236897
2,3,42,63,2283.3888965038927,-1220549.5767433618,-7.73341597652737
2,3,42,64,2283.1144176708553,-1220530.6036068797,-7.733295762519196
2,3,42,65,2282.806162819839,-1220509.2930098851,-7.733160738334675
2,3,42,66,2282.47704410338,-1220486.5368536876,-7.733016555070631
2,3,42,67,2282.09694579321,-1220460.2517474021,-7.732850012338762
2,3,42,68,2281.790612965383,-1220439.0645919342,-7.732715770281155
2,3,42,69,2281.4536448342087,-1220415.7552956094,-7.732568082314985
2,3,42,70,2281.1050715847427,-1220391.6396086263,-7.732415285048447
2,3,42,71,2280.8349828150353,-1220372.9512567904,-7.732296875439025
2,3,42,72,2280.497918220241,-1220349.6255175304,-7.7321490832902295
2,3,42,73,2280.230721103709,-1220331.1323380885,-7.732031910295312
2,3,42,74,2279.874623926983,-1220306.482861346,-7.731875730930799
2,3,42,75,2279.53324944196,-1220282.8488922785,-7.731725985834443
2,3,42,76,2279.2923345678955,-1220266.1677922546,-7.7316202941952925
2,3,42,77,2279.027100810671,-1220247.8007979814,-7.731503920711036
2,3,42,78,2278.707757963132,-1220225.684003308,-7.731363788448868
2,3,42,79,2278.351109135593,-1220200.9798364716,-7.731207262567299
2,3,42,80,2278.0194223598924,-1220178.0012572864,-7.731061670028679
2,3,42,81,2277.739079750928,-1220158.577087492,-7.730938598268318
2,3,42,82,2277.4187506237863,-1220136.3794348773,-7.730797953689316
2,3,42,83,2277.016486192698,-1220108.499538691,-7.730621306350527
2,3,42,84,2276.7132971215697,-1220087.483041417,-7.730488145585175
2,3,42,85,2276.3680582457423,-1220063.5483224231,-7.730336494933872
2,3,42,86,2276.0463644838665,-1220041.2426716546,-7.7301951660773405
2,3,42,87,2275.7028118174308,-1220017.4178833188,-7.730044211947936
2,3,42,88,2275.5061396276014,-1220003.7773852767,-7.729957785597465
2,3,42,89,2275.2970586867127,-1219989.2749665503,-7.729865898107752
2,3,42,90,2275.000066702285,-1219968.672509307,-7.729735360704736
2,3,42,91,2274.6318392610547,-1219943.1246839345,-7.729573489393102
2,3,42,92,2274.4077369763895,-1219927.574317832,-7.729474962096916
2,3,42,93,2274.194016630633,-1219912.742922787,-7.729380990209513
2,3,42,94,2273.9343349057913,-1219894.7201036646,-7.72926679742292
2,3,42,95,2273.6495150359688,-1219874.9502425883,-7.7291415353586705
2,3,42,96,2273.42097337088,-1219859.0849622765,-7.729041012762479
2,3,42,97,2273.1388369481742,-1219839.4969532157,-7.728916902914665
2,3,42,98,2272.8831638564707,-1219821.7441254675,-7.728804420796484
2,3,42,99,2272.731463077569,-1219811.2097390285,-7.728737674804398
2,3,42,100,2272.555067787801,-1219798.95963527,-7.728660058007895
2,3,42,101,2272.4340611348384,-1219790.5555500295,-7.72860680962839
2,3,42,102,2272.3356945442283,-1219783.7235197618,-7.728563521807042
2,3,97,1,3146.527708122888,-1271155.3623857237,-8.054054808942164
2,3,97,2,2780.2257932952357,-1251621.4035544824,-7.930287423996265
2,3,97,3,2637.7648150624964,-1243319.6117020107,-7.877687176559361
2,3,97,4,2559.34340578893,-1238556.1805132504,-7.847506022462746
2,3,97,5,2508.876093306677,-1235412.8998127624,-7.827590160255229
2,3,97,6,2471.8757190679066,-1233067.951616011,-7.812732541855762
2,3,97,7,2445.1944795375625,-1231355.107245896,-7.801879940478851
2,3,97,8,2424.543958743751,-1230016.5343538343,-7.793398727436414
2,3,97,9,2409.5036789438823,-1229034.423659915,-7.787176062928727
2,3,97,10,2397.742620607587,-1228262.1611616274,-7.782282998971206
2,3,97,11,2388.0165955810908,-1227620.6574328046,-7.778218424061666
2,3,97,12,2379.6516731101083,-1227066.8352018823,-7.774709400118371
2,3,97,13,2372.258930009347,-1226575.7557616776,-7.771597915209454
2,3,97,14,2365.6090390943664,-1226132.7127392183,-7.768790789588782
2,3,97,15,2359.621041215804,-1225732.7007952442,-7.7662563093699735
2,3,97,16,2353.7985181200047,-1225342.7683349426,-7.763785692874158
2,3,97,17,2348.0801464502792,-1224958.8708874534,-7.761353314288044
2,3,97,18,2343.283560205531,-1224636.1349305059,-7.759308455600438
2,3,97,19,2339.4306923954477,-1224376.4177984546,-7.757662884902898
2,3,97,20,2335.699920498201,-1224124.5230640643,-7.756066877005755
2,3,97,21,2332.4463307288825,-1223904.5181106518,-7.754672923122968
2,3,97,22,2329.613945471404,-1223712.7446332905,-7.753457844192985
2,3,97,23,2326.9996883269337,-1223535.5330145508,-7.752335029364566
2,3,97,24,2324.4591072240264,-1223363.1247908913,-7.751242648901914
2,3,97,25,2322.1253604686535,-1223204.5865715006,-7.750238148943791
2,3,97,26,2320.1292257132686,-1223068.8568437397,-7.749378163847605
2,3,97,27,2318.6038848775297,-1222965.0606147435,-7.748720509762168
2,3,97,28,2317.046771369535,-1222859.0318657258,-7.748048710404527
2,3,97,29,2315.603415083293,-1222760.6855481116,-7.747425587019487
2,3,97,30,2313.9784006452337,-1222649.8881588564,-7.746723573503158
2,3,97,31,2312.768293400707,-1222567.3295823128,-7.746200481424797
2,3,97,32,2311.7119785305104,-1222495.2280459544,-7.745743645271779
2,3,97,33,2310.543301983855,-1222415.4185699553,-7.745237971525682
2,3,97,34,2309.4380395156622,-1222339.902521182,-7.7447595009832355
2,3,97,35,2308.561405711051,-1222279.9816123915,-7.744379841424789
2,3,97,36,2307.7832332056532,-1222226.7718020538,-7.744042703462338
2,3,97,37,2306.999219889115,-1222173.1444615796,-7.743702920024202
2,3,97,38,2306.2582455429315,-1222122.4442780362,-7.743381683085614
2,3,97,39,2305.5014172643287,-1222070.6424915767,-7.743053466378442
2,3,97,40,2304.7660173328236,-1222020.2910952552,-7.742734439359652
2,3,97,41,2303.985528012127,-1221966.8349397334,-7.742395740551318
2,3,97,42,2303.149757126259,-1221909.5724368296,-7.7420329246827535
2,3,97,43,2302.2970170943295,-1221851.125879136,-7.741662606629596
2,3,97,44,2301.5163076248796,-1221797.5972902752,-7.741323448882803
2,3,97,45,2300.8686730737677,-1221753.1790736173,-7.7410420145577294
2,3,97,46,2300.2582889284763,-1221711.3042415408,-7.7407766951462404
2,3,97,47,2299.6222723027263,-1221667.6590941017,-7.740500158996514
2,3,97,48,2298.880070644331,-1221616.7119832286,-7.740177357523561
2,3,97,49,2298.2229332306592,-1221571.590225311,-7.739891465553077
2,3,97,50,2297.511876260868,-1221522.751593416,-7.739582023426871
2,3,97,51,2296.776256846505,-1221472.2099910793,-7.739261791260608
2,3,97,52,2295.976493916338,-1221417.242962864,-7.738913519545734
2,3,97,53,2295.200615468628,-1221363.8991941994,-7.738575532821802
2,3,97,54,2294.347465467959,-1221305.2219747948,-7.738203753293425
2,3,97,55,2293.6408601621697,-1221256.6071592509,-7.737895729270161
2,3,97,56,2292.9504930954577,-1221209.0950763833,-7.737594692173653
2,3,97,57,2292.3639258637486,-1221168.7154098686,-7.73733884614814
2,3,97,58,2291.6963683064373,-1221122.7477444634,-7.737047594498209
2,3,97,59,2290.893971903555,-1221067.477422935,-7.736697401113458
2,3,97,60,2289.847850917152,-1220995.3898911339,-7.736240653693476
2,3,97,61,2288.7018516246862,-1220916.3819991772,-7.735740058792972
2,3,97,62,2287.8892990090562,-1220860.3387340717,-7.735384968028941
2,3,97,63,2287.1200555557652,-1220807.2642384889,-7.735048687422314
2,3,97,64,2286.20546730358,-1220744.1383420844,-7.7346487210259545
2,3,97,65,2285.2838641673493,-1220680.5027208638,-7.734245525007374
2,3,97,66,2284.256843937027,-1220609.5579314441,-7.733796018016094
2,3,97,67,2283.30189163987,-1220543.5628465083,-7.733377872408624
2,3,97,68,2282.4085375081168,-1220481.799710237,-7.732986540475942
2,3,97,69,2281.4113813272215,-1220412.8315340066,-7.732549557328273
2,3,97,70,2280.453001901401,-1220346.5169321084,-7.732129387257701
2,3,97,71,2279.4791495673353,-1220279.1031358447,-7.731702252679149
2,3,97,72,2278.480123537363,-1220209.916785842,-7.731263887179981
2,3,97,73,2277.492012082222,-1220141.4564649512,-7.730830121809509
2,3,97,74,2276.480526485179,-1220071.345918573,-7.730385900591612
2,3,97,75,2275.486023514608,-1220002.3821352883,-7.729948945277696
2,3,97,76,2274.6148524542223,-1219941.9460300033,-7.729566021428411
2,3,97,77,2273.6858100747077,-1219877.4696843997,-7.7291574985705935
2,3,97,78,2272.6556002493166,-1219805.941418293,-7.7287042946644
2,3,97,79,2271.5282979572958,-1219727.6347855595,-7.728208142950297
2,3,97,80,2270.5552491402514,-1219660.0119206547,-7.7277796837104615
2,3,97,81,2269.6101698069183,-1219594.3050710526,-7.727363364365338
2,3,97,82,2268.7223232883994,-1219532.5524152806,-7.726972098837219
2,3,97,83,2267.8894346762586,-1219474.6002904936,-7.726604913516573
2,3,97,84,2267.015887445961,-1219413.79628063,-7.7262196586197
2,3,97,85,2266.1911992718483,-1219356.371643242,-7.725855815465202
2,3,97,86,2265.374708772463,-1219299.4972353457,-7.725495458571012
2,3,97,87,2264.465412979953,-1219236.1341433113,-7.725093989300449
2,3,97,88,2263.5856633262442,-1219174.8057140366,-7.724705411676234
2,3,97,89,2262.6916520952127,-1219112.4586696231,-7.724310380094933
2,3,97,90,2261.8249324981293,-1219051.9913822636,-7.72392725867567
2,3,97,91,2261.096176275161,-1219001.1312697886,-7.723605008425555
2,3,97,92,2260.4740543998782,-1218957.7002283838,-7.723329828854093
2,3,97,93,2259.8593481161074,-1218914.7751362217,-7.723057854982777
2,3,97,94,2259.1651327898658,-1218866.2838665529,-7.7227506137475785
2,3,97,95,2258.4228759795783,-1218814.420390432,-7.722422006174012
2,3,97,96,2257.6761776914886,-1218762.2293746523,-7.722091323305448
2,3,97,97,2257.0024855263473,-1218715.1263599037,-7.721792878069188
2,3,97,98,2256.383366140089,-1218671.8265498194,-7.7215185299808615
2,3,97,99,2255.9636118688545,-1218642.4631264682,-7.721332482997112
2,3,97,100,2255.580383789237,-1218615.6500790708,-7.721162595224364
2,3,97,101,2255.1648177976786,-1218586.569318988,-7.720978339198291
2,3,97,102,2254.792524754338,-1218560.5121915631,-7.720813240943071
2,3,97,103,2254.4784447120537,-1218538.5260987647,-7.720673936809468
2,3,97,104,2254.2225671386223,-1218520.6120052834,-7.720560432909771
2,3,97,105,2253.96273460616,-1218502.4189425611,-7.720445161457797
2,3,97,106,2253.625947605859,-1218478.834528574,-7.720295730342994
2,3,97,107,2253.2473965649615,-1218452.3212679338,-7.720127742022543
2,3,97,108,2252.8720530001333,-1218426.0282568631,-7.719961149205864
2,3,97,109,2252.261984050192,-1218383.28326325,-7.719690316441
2,3,97,110,2251.7410871879274,-1218346.7770224488,-7.719459012484786
2,3,97,111,2251.4130617568235,-1218323.7835400498,-7.719313325519235
2,3,97,112,2250.9108353793076,-1218288.572663689,-7.719090229006824
2,3,97,113,2250.439597304056,-1218255.527219072,-7.718880852694528
2,3,97,114,2250.0418279376927,-1218227.6283621339,-7.7187040852202005
2,3,97,115,2249.6604377393737,-1218200.873679797,-7.7185345672491374
2,3,97,116,2249.3040812385207,-1218175.8710225422,-7.718376150128889
2,3,97,117,2249.0394384951815,-1218157.3006155645,-7.718258487819426
2,3,97,118,2248.7206409476626,-1218134.927176997,-7.718116729458632
2,3,97,119,2248.380991063422,-1218111.0868165079,-7.717965676663886
2,3,97,120,2248.0925273855783,-1218090.8364379734,-7.717837370035567
2,3,97,121,2247.778905498315,-1218068.816984774,-7.717697854530084
2,3,97,122,2247.6015671274276,-1218056.364663737,-7.717618956482607
2,3,97,123,2247.440234095817,-1218045.0353498617,-7.717547173821259
2,3,97,124,2247.1552042092403,-1218025.0176652374,-7.717420341544196
2,3,97,125,2246.978463328924,-1218012.6038557086,-7.717341687506074
2,3,97,126,2246.771541242345,-1217998.0689576522,-7.717249594226957
2,3,97,127,2246.5654945574775,-1217983.594220528,-7.717157882128189
2,3,97,128,2246.386166110968,-1217970.9953535877,-7.717078055564207
2,3,97,129,2246.218573495546,-1217959.2200878556,-7.717003447346831
2,3,97,130,2246.0191957306674,-1217945.2104136075,-7.716914681891727
2,3,97,131,2245.799473634798,-1217929.7697640501,-7.716816849760816
2,3,97,132,2245.639907574439,-1217918.5555451561,-7.716745796342576
2,3,97,133,2245.483481766909,-1217907.561248086,-7.716676136351508
2,3,97,134,2245.29321059128,-1217894.1871165347,-7.716591397702149
2,3,97,135,2245.102049637301,-1217880.749301236,-7.716506255551841
2,3,97,136,2244.9874673505333,-1217872.6940973958,-7.71645521768885
2,3,97,137,2244.8708307405927,-1217864.4940511335,-7.716403262102627
2,3,97,138,2244.7389503648246,-1217855.2217905284,-7.716344512954155
2,3,97,139,2244.638189131228,-1217848.1370910325,-7.716299624217708
2,3,97,140,2244.4969412718824,-1217838.2051702929,-7.716236695455134
2,3,97,141,2244.334891593546,-1217826.8097883335,-7.716164494185654
2,3,97,142,2244.2042538817773,-1217817.6227062515,-7.716106284729271
2,3,97,143,2244.069382789875,-1217808.1373511138,-7.716046185411422
2,3,97,144,2244.0141026524066,-1217804.249387102,-7.716021551227298
2,3,2026,1,3107.96796630969,-1269209.2793267244,-8.041724404584258
2,3,2026,2,2808.3046270930267,-1253207.3888274971,-7.940336244693572
2,3,2026,3,2659.0210673970823,-1244586.3609637083,-7.885713314264315
2,3,2026,4,2571.209047891957,-1239286.2125780978,-7.852131513914501
2,3,2026,5,2510.546726361115,-1235517.9607701374,-7.828255827674034
2,3,2026,6,2463.3573031101228,-1232523.1157864253,-7.809280455853368
2,3,2026,7,2425.2234797241563,-1230060.762222225,-7.793678955712707
2,3,2026,8,2394.0397783390436,-1228018.2384384198,-7.7807375018274305
2,3,2026,9,2368.819748666421,-1226346.778668072,-7.770147113744533
2,3,2026,10,2349.635436775901,-1225063.3763076442,-7.762015461816941
2,3,2026,11,2333.5548506234104,-1223979.5097252722,-7.755148070844667
2,3,2026,12,2320.202427776474,-1223073.8363736938,-7.749409714205932
2,3,2026,13,2309.1632166842696,-1222321.1198917762,-7.74464049403006
2,3,2026,14,2300.0904326879745,-1221699.7866734865,-7.740703719704276
2,3,2026,15,2292.0032848437445,-1221143.8835199233,-7.737181511011502
2,3,2026,16,2285.196515114867,-1220674.4700393456,-7.7342073018687785
2,3,2026,17,2279.8792759018734,-1220306.8049014865,-7.731877771380785
2,3,2026,18,2275.268297241551,-1219987.2798907687,-7.729853257284947
2,3,2026,19,2270.6774982586653,-1219668.5093199024,-7.7278335233285755
2,3,2026,20,2266.840525980251,-1219401.587270507,-7.726142302192938
2,3,2026,21,2264.0366097964534,-1219206.2447234956,-7.724904609597128
2,3,2026,22,2261.3584227269425,-1219019.435415085,-7.723720983697981
2,3,2026,23,2258.729488605147,-1218835.846303767,-7.722557761004176
2,3,2026,24,2256.3013277195323,-1218666.0880767289,-7.721482170950204
2,3,2026,25,2254.3907671224256,-1218532.3879838772,-7.7206350456438475
2,3,2026,26,2252.6642393506327,-1218411.4689189426,-7.7198689010754915
2,3,2026,27,2250.993303846784,-1218294.35503172,-7.719126866156321
2,3,2026,28,2249.516638839734,-1218190.7849491895,-7.718470644937461
2,3,2026,29,2248.2981596365685,-1218105.2722506912,-7.717928835508853
2,3,2026,30,2247.171682597012,-1218026.175013624,-7.717427674516713
2,3,2026,31,2246.0350637247493,-1217946.3254552456,-7.7169217468082065
2,3,2026,32,2244.9480671990045,-1217869.9241479977,-7.716437667258013
2,3,2026,33,2243.972715060086,-1217801.3384512253,-7.716003107504532
2,3,2026,34,2242.981401006564,-1217731.5997764193,-7.715561242469139
2,3,2026,35,2242.1134262809915,-1217670.51267705,-7.715174193913944
2,3,2026,36,2241.321817869388,-1217614.7795318693,-7.714821068073278
2,3,2026,37,2240.5630944345044,-1217561.3431738336,-7.71448249470204
2,3,2026,38,2239.7606800221124,-1217504.8099991754,-7.714124299865521
2,3,2026,39,2239.1339574754506,-1217460.6409017772,-7.713844443962904
2,3,2026,40,2238.584740282615,-1217421.923931196,-7.713599132797705
2,3,2026,41,2238.036720857479,-1217383.2819280636,-7.71335429662711
2,3,2026,42,2237.5152617080485,-1217346.5039595228,-7.713121271000854
2,3,2026,43,2237.041256965769,-1217313.0654632463,-7.712909404308781
2,3,2026,44,2236.551136895961,-1217278.4826654065,-7.712690287309011
2,3,2026,45,2236.1468173356457,-1217249.9482334408,-7.712509492824092
2,3,2026,46,2235.8201405732643,-1217226.8895925204,-7.71236339301341
2,3,2026,47,2235.529529196574,-1217206.3738128063,-7.712233404800203
2,3,2026,48,2235.2817260006877,-1217188.8779801228,-7.7121225510056695
2,3,2026,49,2235.029536448658,-1217171.070462783,-7.712009722373616
2,3,2026,50,2234.6830306031825,-1217146.5998401786,-7.711854676230952
2,3,2026,51,2234.2177573079744,-1217113.735761343,-7.711646449054306
2,3,2026,52,2233.9538299148257,-1217095.0904914194,-7.711528312412369
2,3,2026,53,2233.6666225620406,-1217074.7980952233,-7.711399739559668
2,3,2026,54,2233.4457179584583,-1217059.1884892206,-7.711300836918801
2,3,2026,55,2233.2200638199624,-1217043.2416764789,-7.711199797732208
2,3,2026,56,2232.923635956148,-1217022.290887564,-7.711067053295765
2,3,2026,57,2232.613547022992,-1217000.3715913112,-7.710928172385833
2,3,2026,58,2232.417359442403,-1216986.5020821688,-7.71084029501843
2,3,2026,59,2232.302799960411,-1216978.4027194844,-7.7107889773645
2,3,2026,60,2232.1609912815256,-1216968.376261112,-7.710725449610412
2,3,2026,61,2232.0033682234675,-1216957.230913399,-7.710654832560756
2,3,2026,62,2231.8818073323537,-1216948.63494304,-7.710600368394962
2,3,2026,63,2231.7606732175946,-1216940.0686857055,-7.710546092491228
2,3,2026,64,2231.6112820043345,-1216929.5035270534,-7.71047915152605
2,3,2026,65,2231.501382706391,-1216921.7308411715,-7.710429903700049
2,3,2026,66,2231.449428143136,-1216918.0561939897,-7.710406621093783
2,3,31415,1,3067.9115160421543,-1267161.9213418714,-8.028752321146257
2,3,31415,2,2723.3903306994584,-1248361.5300142525,-7.909632828232332
2,3,31415,3,2582.6795133830774,-1239988.7359621744,-7.856582710052553
2,3,31415,4,2499.2512768486636,-1234806.2589309039,-7.823746476739893
2,3,31415,5,2443.130769744313,-1231221.8463878355,-7.8010355981691175
2,3,31415,6,2404.277446227124,-1228691.7216716628,-7.785004699240076
2,3,31415,7,2376.334673221703,-1226846.6850562985,-7.773314526296338
2,3,31415,8,2354.8866263268574,-1225415.7118169805,-7.76424786360456
2,3,31415,9,2337.990125956172,-1224279.20109036,-7.7570469187366
2,3,31415,10,2325.2920283535755,-1223419.6690116925,-7.7516009137269215
2,3,31415,11,2314.7907288112538,-1222705.2843678775,-7.747074564512491
2,3,31415,12,2306.584580729447,-1222144.775335843,-7.743523172921427
2,3,31415,13,2299.4960807847565,-1221658.9980624109,-7.740445282601382
2,3,31415,14,2293.2346218609728,-1221228.6509703288,-7.737718598539732
2,3,31415,15,2288.081081541306,-1220873.5681263101,-7.735468789608372
2,3,31415,16,2283.592468069942,-1220563.6469970294,-7.733505125814364
2,3,31415,17,2279.5604997195574,-1220284.7356079502,-7.7317379400863615
2,3,31415,18,2275.97011095936,-1220035.9549310096,-7.730161662892576
2,3,31415,19,2272.922303228406,-1219824.4619227154,-7.728821640790705
2,3,31415,20,2270.2110423368026,-1219636.0840336015,-7.727628076346412
2,3,31415,21,2267.570021064046,-1219452.3699466162,-7.726464061805359
2,3,31415,22,2265.2894613877156,-1219293.5579629845,-7.725457827273897
2,3,31415,23,2263.3164568792827,-1219156.0342389604,-7.724586475397016
2,3,31415,24,2261.4804329794106,-1219027.9507014994,-7.723774936649386
2,3,31415,25,2259.895608047742,-1218917.3075002749,-7.723073900070171
2,3,31415,26,2258.2689334256893,-1218803.6618767101,-7.722353840108917
2,3,31415,27,2257.0709518174676,-1218719.9140081091,-7.721823212662577
2,3,31415,28,2256.0461344760965,-1218648.2363312214,-7.7213690620879785
2,3,31415,29,2254.8675715357217,-1218565.7651299932,-7.720846523620607
2,3,31415,30,2253.688335616078,-1218483.2036824687,-7.720323413351679
2,3,31415,31,2252.490473992687,-1218399.29395907,-7.7197917603915025
2,3,31415,32,2251.476906059665,-1218328.2590740742,-7.71934168255363
2,3,31415,33,2250.5068299272893,-1218260.242312056,-7.718910727577211
2,3,31415,34,2249.4007799608103,-1218182.6559823984,-7.718419139711575
2,3,31415,35,2248.660795051342,-1218130.7267958377,-7.718090115795915
2,3,31415,36,2248.069701892887,-1218089.233959381,-7.71782721671301
2,3,31415,37,2247.410844153384,-1218042.9714079185,-7.717534096661673
2,3,31415,38,2246.7440861197188,-1217996.1403176058,-7.7172373743417255
2,3,31415,39,2246.1528652485617,-1217954.6031048892,-7.716974194090334
2,3,31415,40,2245.5713726890403,-1217913.7387047901,-7.716715276787326
2,3,31415,41,2245.0813334944633,-1217879.29297435,-7.716497028248156
2,3,31415,42,2244.6168243286315,-1217846.6348533318,-7.716290106022581
2,3,31415,43,2244.152919082367,-1217814.0124460116,-7.716083410079401
2,3,31415,44,2243.7609991486684,-1217786.4468818854,-7.715908754352114
2,3,31415,45,2243.392560268408,-1217760.5284590125,-7.71574453493051
2,3,31415,46,2243.060264623931,-1217737.1489388796,-7.7155964020254935
2,3,31415,47,2242.7574823688724,-1217715.842893686,-7.715461406681235
2,3,31415,48,2242.467181371144,-1217695.4124228095,-7.715331958985791
2,3,31415,49,2242.1427755360055,-1217672.5786313629,-7.715187283823928
2,3,31415,50,2241.7340322879245,-1217643.8039204145,-7.715004966928647
2,3,31415,51,2241.28746196185,-1217612.3602604868,-7.71480573954233
2,3,31415,52,2240.8766439556866,-1217583.4284396404,-7.714622427196951
2,3,31415,53,2240.3819138289764,-1217548.5800747229,-7.714401627561161
2,3,31415,54,2239.9291790604316,-1217516.6830828348,-7.714199527858395
2,3,31415,55,2239.4726183450343,-1217484.5100079027,-7.7139956788903286
2,3,31415,56,2239.0989103996367,-1217458.1705479368,-7.713828791772922
2,3,31415,57,2238.6992546302567,-1217429.9973839787,-7.713650286286202
2,3,31415,58,2238.3097337869217,-1217402.5338269584,-7.713476276877096
2,3,31415,59,2237.970385261575,-1217378.603823591,-7.7133246561040565
2,3,31415,60,2237.6705804786097,-1217357.4593262023,-7.713190684328524
2,3,31415,61,2237.3935334795206,-1217337.9173608965,-7.713066866214464
2,3,31415,62,2237.142081268391,-1217320.178671103,-7.712954473674525
2,3,31415,63,2236.8498709040714,-1217299.562193497,-7.712823847438332
2,3,31415,64,2236.565726122944,-1217279.5121884826,-7.71269681037891
2,3,31415,65,2236.247613085985,-1217257.0622713168,-7.712554567448848
2,3,31415,66,2235.940784417205,-1217235.405690284,-7.7124173511055325
2,3,31415,67,2235.67943423974,-1217216.956728235,-7.712300458272518
2,3,31415,68,2235.438004228353,-1217199.9120335255,-7.712192462893311
2,3,31415,69,2235.2236636223674,-1217184.7782785243,-7.7120965752497925
2,3,31415,70,2235.031167711915,-1217171.18565541,-7.712010452235408
2,3,31415,71,2234.765807394647,-1217152.4459728533,-7.711891717393956
2,3,31415,72,2234.476912250883,-1217132.0417363087,-7.711762435919537
2,3,31415,73,2234.2813220670237,-1217118.2259933488,-7.711674899215277
2,3,31415,74,2234.075532233325,-1217103.6884803635,-7.711582789367942
2,3,31415,75,2233.9269277960766,-1217093.1898553781,-7.711516269960832
2,3,31415,76,2233.759962716535,-1217081.3932522447,-7.711441526549438
2,3,31415,77,2233.6369751970083,-1217072.7032367808,-7.711386466512791
2,3,31415,78,2233.491813233786,-1217062.4458104004,-7.711321475342781
2,3,31415,79,2233.2975945973035,-1217048.7209014427,-7.71123451416379
2,3,31415,80,2233.059782308307,-1217031.9137206392,-7.711128023675388
2,3,31415,81,2232.928901268758,-1217022.6630511102,-7.71106941132822
2,3,31415,82,2232.824921644971,-1217015.3133866563,-7.711022843770791
2,3,31415,83,2232.700734190224,-1217006.5349094407,-7.71096722323948
2,3,31415,84,2232.5942003090795,-1216999.0039267652,-7.71091950684774
2,3,31415,85,2232.4862760676256,-1216991.3742917457,-7.7108711653936295
2,3,31415,86,2232.3798573345885,-1216983.8507265148,-7.710823495998903
2,3,31415,87,2232.3364142932337,-1216980.779298046,-7.7108040353932505
2,4,11,1,3348.5794196214897,-1280978.051869348,-8.116291481038523
2,4,11,2,2899.7450115525453,-1258264.4884085197,-7.972378085057909
2,4,11,3,2708.1921235740147,-1247478.2850613857,-7.904036578182488
2,4,11,4,2594.237363166814,-1240693.462497267,-7.861047865380458
2,4,11,5,2520.360840220402,-1236133.7319432355,-7.83215736081833
2,4,11,6,2468.0798471851977,-1232825.4008572525,-7.811195737494313
2,4,11,7,2428.804068152879,-1230293.6068888258,-7.795154262164038
2,4,11,8,2398.5423463207994,-1228314.793193254,-7.7826164761211825
2,4,11,9,2375.1377940466264,-1226767.1724202721,-7.772810733331679
2,4,11,10,2356.385876819313,-1225516.1618395818,-7.764884316088285
2,4,11,11,2340.9861285038733,-1224481.3193012704,-7.758327542015804
2,4,11,12,2328.076956618546,-1223608.5814801,-7.752797865271688
2,4,11,13,2317.208652901233,-1222870.058205906,-7.748118573421104
2,4,11,14,2307.358691131513,-1222197.7349369845,-7.74385872555557
2,4,11,15,2298.8577772313383,-1221615.1814371634,-7.740167659966314
2,4,11,16,2291.24484480043,-1221091.6484792435,-7.736850549200671
2,4,11,17,2284.644678339129,-1220636.3526119,-7.733965789415693
2,4,11,18,2279.367967649268,-1220271.4048650684,-7.731653476348103
2,4,11,19,2274.427738095384,-1219928.9622495899,-7.7294837560482925
2,4,11,20,2269.8812828143273,-1219613.1570610744,-7.727482810788164
2,4,11,21,2265.7937542085615,-1219328.6893096715,-7.725680419885391
2,4,11,22,2261.9348341325235,-1219059.6600278378,-7.723975847301099
2,4,11,23,2258.6940244396205,-1218833.368237099,-7.7225420599456305
2,4,11,24,2256.0928423435107,-1218651.5038765415,-7.721389765292226
2,4,11,25,2253.4291902266496,-1218465.0544337158,-7.720208419505511
2,4,11,26,2251.0812648046362,-1218300.5222783284,-7.719165941900857
2,4,11,27,2248.865225921864,-1218145.0746463246,-7.718181023939508
2,4,11,28,2246.845279432543,-1218003.2487277787,-7.71728241330929
2,4,11,29,2245.254842400165,-1217891.490084994,-7.716574309279683
2,4,11,30,2243.667201605072,-1217779.8489473667,-7.71586694976409
2,4,11,31,2242.3729309350256,-1217688.778804905,-7.715289928307429
2,4,11,32,2241.0653781416295,-1217596.7206861575,-7.7147066470218055
2,4,11,33,2239.733680555801,-1217502.907430972,-7.714112245171782
2,4,11,34,2238.4729691085345,-1217414.0434784472,-7.713549202159612
2,4,11,35,2237.505358099553,-1217345.805385436,-7.713116844827508
2,4,11,36,2236.655855048091,-1217285.8721989323,-7.712737107477332
2,4,11,37,2235.794214257374,-1217225.0594263838,-7.712351797059988
2,4,11,38,2234.9056076636793,-1217162.3189119664,-7.711954272448275
2,4,11,39,2234.0603301622414,-1217102.6145145984,-7.71157598470866
2,4,11,40,2233.414527254818,-1217056.9843609945,-7.711286871537335
2,4,11,41,2232.7336748186967,-1217008.8634414645,-7.710981976844821
2,4,11,42,2232.1175762752523,-1216965.3065137805,-7.710705999656464
2,4,11,43,2231.595666203645,-1216928.3991146344,-7.710472153956423
2,4,11,44,2231.1208875089033,-1216894.8171601389,-7.710259378311446
2,4,11,45,2230.7038791121754,-1216865.315507845,-7.710072455507547
2,4,11,46,2230.189669617341,-1216828.9296781346,-7.709841914477372
2,4,11,47,2229.7634121735096,-1216798.761037875,-7.709650765630148
2,4,11,48,2229.4879460992893,-1216779.2616842282,-7.709527217504044
2,4,11,49,2229.206078216711,-1216759.3066731922,-7.709400782327547
2,4,11,50,2228.8244422932407,-1216732.284500778,-7.709229569536317
2,4,11,51,2228.49556972922,-1216708.994587113,-7.7090820043788995
2,4,11,52,2228.159680044282,-1216685.2041908074,-7.708931268157788
2,4,11,53,2227.7324297169885,-1216654.9377197162,-7.708739499453305
2,4,11,54,2227.280723404856,-1216622.932470068,-7.708536713828143
2,4,11,55,2226.8981274816065,-1216595.818898052,-7.7083649219279975
2,4,11,56,2226.618175857696,-1216575.976507479,-7.708239200316035
2,4,11,57,2226.297391921692,-1216553.2369399448,-7.708095122157949
2,4,11,58,2225.955702058966,-1216529.0117997194,-7.707941631394426
2,4,11,59,2225.660751500098,-1216508.0973937463,-7.707809117480715
2,4,11,60,2225.4256636048544,-1216491.4257550025,-7.707703485788342
2,4,11,61,2225.2629165362778,-1216479.8832514603,-7.707630352354844
2,4,11,62,2225.0228202589783,-1216462.8533717934,-7.707522450843915
2,4,11,63,2224.7339087154805,-1216442.3586194154,-7.707392595860148
2,4,11,64,2224.50864820307,-1216426.377285187,-7.707291337945022
2,4,11,65,2224.279829815346,-1216410.1418769592,-7.707188470214152
2,4,11,66,2224.144993900003,-1216400.574048482,-7.707127848344287
2,4,11,67,2223.995734963271,-1216389.9820996607,-7.707060737636292
2,4,11,68,2223.895192978723,-1216382.8468795768,-7.707015528800826
2,4,11,69,2223.7170678936536,-1216370.2049835245,-7.706935429603901
2,4,11,70,2223.631206484193,-1216364.1108646484,-7.706896817197508
2,4,42,1,3468.1095573572484,-1286513.6239092425,-8.151364928334912
2,4,42,2,3007.0696869576163,-1264000.4744321972,-8.008721357631075
2,4,42,3,2805.187964934666,-1253032.1337264671,-7.939225826383577
2,4,42,4,2681.413320335926,-1245909.9031895094,-7.894099292834665
2,4,42,5,2595.609170722943,-1240776.8983548004,-7.861576515921132
2,4,42,6,2530.9256306195552,-1236793.9289762352,-7.836340376715381
2,4,42,7,2481.6300746632746,-1233689.5366060873,-7.8166709114104425
2,4,42,8,2444.658678521207,-1231320.5195393069,-7.801660792377188
2,4,42,9,2416.285979649788,-1229478.0557849465,-7.789986921109984
2,4,42,10,2393.5018624576956,-1227982.7721409132,-7.78051278696374
2,4,42,11,2373.873578693449,-1226683.1428950452,-7.772278321305758
2,4,42,12,2357.367670233635,-1225581.9075310735,-7.765300881536062
2,4,42,13,2343.800842953908,-1224670.9718119956,-7.759529182477099
2,4,42,14,2332.49163334786,-1223907.5835412333,-7.754692345725938
2,4,42,15,2322.522357673644,-1223231.5669923308,-7.750409097196511
2,4,42,16,2313.8518551950906,-1222641.2567207068,-7.746668884613039
2,4,42,17,2305.7601108473546,-1222088.3509171847,-7.743165667164158
2,4,42,18,2298.75639135407,-1221608.2206398223,-7.740123556275327
2,4,42,19,2292.61475288255,-1221185.9837679295,-7.737448258660881
2,4,42,20,2287.5386482474178,-1220836.1475505785,-7.735231692415658
2,4,42,21,2282.863340414951,-1220513.2460886068,-7.73318578508634
2,4,42,22,2278.5548278595006,-1220215.091393402,-7.731296673552235
2,4,42,23,2274.4072972286103,-1219927.5438024069,-7.729474768750835
2,4,42,24,2270.690200178791,-1219669.3921899023,-7.727839117202919
2,4,42,25,2267.0429974512977,-1219415.683648232,-7.726231617002255
2,4,42,26,2264.001612207304,-1219203.8049916604,-7.72488915142852
2,4,42,27,2261.326565146547,-1219017.2119490632,-7.723706895792022
2,4,42,28,2258.716818160671,-1218834.960958032,-7.722552151443546
2,4,42,29,2256.2857192806423,-1218664.9962645744,-7.7214752532159965
2,4,42,30,2254.26664159976,-1218523.6978212765,-7.7205799846749406
2,4,42,31,2252.5036619736684,-1218400.218014729,-7.719797615218649
2,4,42,32,2250.625114362543,-1218268.5373792003,-7.71896328521682
2,4,42,33,2248.8618069662234,-1218144.8346998242,-7.718179503635756
2,4,42,34,2247.1822890090243,-1218026.919943287,-7.717432394399517
2,4,42,35,2245.6036625334345,-1217916.0081516593,-7.716729656028456
2,4,42,36,2244.360220755504,-1217828.5909968466,-7.7161757799430175
2,4,42,37,2243.1725161175336,-1217745.0470706092,-7.715646444677809
2,4,42,38,2242.131435065397,-1217671.7803555613,-7.715182225939385
2,4,42,39,2241.160713150725,-1217603.4345526656,-7.71474918615623
2,4,42,40,2239.996369709447,-1217521.4173426514,-7.714229524182347
2,4,42,41,2238.8399905302995,-1217439.9189343764,-7.713713149342173
2,4,42,42,2237.8691207657166,-1217371.4622034174,-7.713279406717549
2,4,42,43,2236.9353499344006,-1217305.593320936,-7.712862060730263
2,4,42,44,2235.8899544980227,-1217231.8177260011,-7.712394617723098
2,4,42,45,2235.0155406953313,-1217170.0821408678,-7.712003460354739
2,4,42,46,2234.3009962448227,-1217119.6157567736,-7.711683704772117
2,4,42,47,2233.7452413813103,-1217080.3531017401,-7.711434936144031
2,4,42,48,2233.183079857559,-1217040.6278932486,-7.7111832367719835
2,4,42,49,2232.5432578324694,-1216995.4026270183,-7.710896688971655
2,4,42,50,2231.918419696377,-1216951.2239729676,-7.710616772517979
2,4,42,51,2231.2689460159622,-1216905.2903724455,-7.710325736703535
2,4,42,52,2230.7512795029547,-1216868.6691709931,-7.710093704355331
2,4,42,53,2230.3004768701107,-1216836.77118726,-7.709891598368224
2,4,42,54,2229.914636077761,-1216809.4646654064,-7.709718583935717
2,4,42,55,2229.5471679010593,-1216783.4540075858,-7.709553780112437
2,4,42,56,2229.1681818775596,-1216756.6235860097,-7.709383782256696
2,4,42,57,2228.7683771851985,-1216728.3143562488,-7.709204414655503
2,4,42,58,2228.425223074895,-1216704.012370791,-7.709050436999715
2,4,42,59,2228.0152484360005,-1216674.9732854925,-7.70886644502555
2,4,42,60,2227.6664213080912,-1216650.2611574112,-7.708709868701442
2,4,42,61,2227.305801353629,-1216624.7095160305,-7.708547973211537
2,4,42,62,2226.9846578751617,-1216601.9514882497,-7.708403778089121
2,4,42,63,2226.717092876592,-1216582.987825657,-7.708283624107617
2,4,42,64,2226.4536142689076,-1216564.311559025,-7.708165291070184
2,4,42,65,2226.180433732829,-1216544.9452525927,-7.708042585932741
2,4,42,66,2225.8241653569075,-1216519.6851145567,-7.707882537411338
2,4,42,67,2225.4666484917493,-1216494.3323913692,-7.7077219022693635
2,4,42,68,2225.1761225276923,-1216473.7272184629,-7.707591347659876
2,4,42,69,2224.8664910723414,-1216451.764051969,-7.707452188787597
2,4,42,70,2224.580584420554,-1216431.4810485598,-7.707323675447701
2,4,42,71,2224.227653171865,-1216406.4395406952,-7.707165012169546
2,4,42,72,2223.8982651097567,-1216383.0649060213,-7.707016910218854
2,4,42,73,2223.625494836897,-1216363.7054651268,-7.706894248581537
2,4,42,74,2223.42139714477,-1216349.2183992793,-7.7068024583678385
2,4,42,75,2223.2074833354873,-1216334.0331478787,-7.706706244442549
2,4,42,76,2222.953950772874,-1216316.0335597268,-7.706592198847649
2,4,42,77,2222.699123143374,-1216297.9399593112,-7.706477557589979
2,4,42,78,2222.4685012029236,-1216281.563254212,-7.706373794600528
2,4,42,79,2222.2319120126754,-1216264.7610424622,-7.706267335596106
2,4,42,80,2221.885283740136,-1216240.1407884501,-7.706111341387144
2,4,42,81,2221.6609583478803,-1216224.205395361,-7.706010374555598
2,4,42,82,2221.5070945812113,-1216213.274451365,-7.705941115970329
2,4,42,83,2221.3921592721736,-1216205.108607882,-7.705889377093304
2,4,42,84,2221.294357228304,-1216198.1597039136,-7.705845348758862
2,4,97,1,3450.161427216699,-1285694.712986179,-8.146176299428358
2,4,97,2,2943.0913413656403,-1260606.2928476394,-7.987215784573329
2,4,97,3,2742.276878486649,-1249452.2798950044,-7.916543831861294
2,4,97,4,2629.0761387276966,-1242798.8753955187,-7.874387785408918
2,4,97,5,2555.618052680323,-1238326.2803901848,-7.846049372672687
2,4,97,6,2503.3905949466025,-1235067.4411072796,-7.825401329974907
2,4,97,7,2463.388167716596,-1232525.093278114,-7.80929298526316
2,4,97,8,2432.822380232655,-1230554.5081777591,-7.796807335693027
2,4,97,9,2407.8768062573467,-1228927.8237876731,-7.786500644927853
2,4,97,10,2386.2618790917018,-1227504.6426640698,-7.777483353169715
2,4,97,11,2368.597831954177,-1226331.9922700864,-7.7700534269590085
2,4,97,12,2353.6699425320417,-1225334.1467889582,-7.7637310666609105
2,4,97,13,2340.8630157773014,-1224473.0188905501,-7.758274950519237
2,4,97,14,2329.6798873746848,-1223717.212039333,-7.753486149728395
2,4,97,15,2319.3495406605434,-1223015.809447747,-7.7490420549442875
2,4,97,16,2309.940166282572,-1222374.2143528396,-7.744976901138199
2,4,97,17,2301.6982249509183,-1221810.071897985,-7.741402488138891
2,4,97,18,2294.61080484508,-1221323.336032413,-7.738318524168164
2,4,97,19,2288.1233898495157,-1220876.4864555544,-7.735487280175598
2,4,97,20,2282.411537841688,-1220482.0071824435,-7.732987855022198
2,4,97,21,2277.227386636549,-1220123.1171113136,-7.7307139234566336
2,4,97,22,2272.421259083194,-1219789.6664030426,-7.728601175982986
2,4,97,23,2268.117162342427,-1219490.4476228806,-7.726705322394509
2,4,97,24,2264.3201247475386,-1219226.0075648003,-7.725029827184025
2,4,97,25,2260.8306983103234,-1218982.5994104974,-7.723487590354673
2,4,97,26,2257.6160553468944,-1218758.026329129,-7.722064692761291
2,4,97,27,2254.4575853815923,-1218537.065804635,-7.720664684369281
2,4,97,28,2251.6709948092443,-1218341.8640632338,-7.719427883919417
2,4,97,29,2249.344563350842,-1218178.7115248034,-7.718394147583467
2,4,97,30,2246.9198159541625,-1218008.4844042705,-7.71731558661499
2,4,97,31,2244.4334195092415,-1217833.7383989468,-7.716208393941169
2,4,97,32,2242.1376244485946,-1217672.2160377018,-7.715184986426374
2,4,97,33,2240.2801208623505,-1217541.40891108,-7.714356190986898
2,4,97,34,2238.665090097923,-1217427.5887706098,-7.713635025284549
2,4,97,35,2237.1988701500663,-1217324.185015597,-7.712979857918728
2,4,97,36,2235.9322769857745,-1217234.805176419,-7.712413546242866
2,4,97,37,2234.750863282117,-1217151.3905569925,-7.711885030267078
2,4,97,38,2233.750716574309,-1217080.7399577189,-7.711437387267905
2,4,97,39,2232.730423846488,-1217008.6336358136,-7.710980520793608
2,4,97,40,2231.8884137732502,-1216949.1021182316,-7.7106033284222795
2,4,97,41,2230.9005748972645,-1216879.2316237667,-7.710160628176031
2,4,97,42,2229.9774098836615,-1216813.9075820225,-7.709746734305842
2,4,97,43,2229.2481502556575,-1216762.2853493982,-7.709419655253809
2,4,97,44,2228.5247312571723,-1216711.0598707881,-7.709095090039715
2,4,97,45,2227.7415718170314,-1216655.5854080946,-7.7087436032142245
2,4,97,46,2227.010840022178,-1216603.8070248803,-7.70841553479028
2,4,97,47,2226.388346185826,-1216559.6847920709,-7.70813597582223
2,4,97,48,2225.8262498361814,-1216519.832920051,-7.707883473908628
2,4,97,49,2225.183700294121,-1216474.264695776,-7.707594753122234
2,4,97,50,2224.6184276637714,-1216434.1659018893,-7.707340686708881
2,4,97,51,2224.153681702685,-1216401.1905441906,-7.7071317544680955
2,4,97,52,2223.6805211661513,-1216367.6110634655,-7.706918994496956
2,4,97,53,2223.1103505993165,-1216327.1374350397,-7.706662553127707
2,4,97,54,2222.4602859412394,-1216280.9798485455,-7.7063700981356
2,4,97,55,2221.8817316084364,-1216239.8884683624,-7.706109742684203
2,4,97,56,2221.3939945226166,-1216205.2390007917,-7.705890203264261
2,4,97,57,2220.8980615978467,-1216169.999488852,-7.705666925316496
2,4,97,58,2220.290542177941,-1216126.820248267,-7.705393341157887
2,4,97,59,2219.7198339853912,-1216086.2465894334,-7.705136265994839
2,4,97,60,2219.207666444987,-1216049.825909475,-7.704905504153098
2,4,97,61,2218.7824789523083,-1216019.5840704439,-7.704713891517626
2,4,97,62,2218.2913135847944,-1215984.642281524,-7.704492499946295
2,4,97,63,2217.927820131473,-1215958.7781647388,-7.704328624608681
2,4,97,64,2217.577536796579,-1215933.849993608,-7.704170679433358
2,4,97,65,2217.259574877823,-1215911.2185902281,-7.704027286604583
2,4,97,66,2216.925060193802,-1215887.4055161255,-7.703876406696692
2,4,97,67,2216.506239263824,-1215857.5858728432,-7.703687469098279
2,4,97,68,2216.062325465478,-1215825.9734900107,-7.703487172681721
2,4,97,69,2215.7854797804644,-1215806.2553034883,-7.703362238028033
2,4,97,70,2215.460470120182,-1215783.103519392,-7.70321554806113
2,4,97,71,2215.0746164377383,-1215755.6131535752,-7.703041368791186
2,4,97,72,2214.672908737067,-1215726.9881708669,-7.7028600005757335
2,4,97,73,2214.399878474441,-1215707.5295516865,-7.702736710543671
2,4,97,74,2214.102228354752,-1215686.3135639653,-7.70260228580458
2,4,97,75,2213.8155120618094,-1215665.8742234902,-7.7024727819112595
2,4,97,76,2213.5445802188033,-1215646.5576871887,-7.70235039211793
2,4,97,77,2213.2985856167597,-1215629.0170449582,-7.702239254409599
2,4,97,78,2213.1142546860333,-1215615.8720522965,-7.702155967586845
2,4,97,79,2212.9933577296288,-1215607.250063628,-7.702101338568745
2,4,97,80,2212.8574549483988,-1215597.5573446138,-7.70203992539102
2,4,97,81,2212.616404860822,-1215580.3639526903,-7.701930987864576
2,4,97,82,2212.4200245133325,-1215566.3553369427,-7.701842229116144
2,4,97,83,2212.2646391024678,-1215555.270176982,-7.70177199341677
2,4,97,84,2212.0885258004396,-1215542.705352606,-7.701692382546861
2,4,97,85,2211.9363669868167,-1215531.848758519,-7.701623595043459
2,4,97,86,2211.8027735505525,-1215522.316196044,-7.701563196619383
2,4,97,87,2211.60675662682,-1215508.3283620675,-7.701474569544488
2,4,97,88,2211.34264681865,-1215489.4794361354,-7.701355142535769
2,4,97,89,2211.212549921852,-1215480.1938841771,-7.701296309173133
2,4,97,90,2211.093011683417,-1215471.6614655836,-7.701242247672045
2,4,97,91,2210.889053830581,-1215457.1022658658,-7.701150000417326
2,4,97,92,2210.701695718178,-1215443.7268279942,-7.701065253491105
2,4,97,93,2210.5130688579475,-1215430.2596694417,-7.700979925421609
2,4,97,94,2210.35203516943,-1215418.7616370863,-7.700907073758055
2,4,97,95,2210.245086489982,-1215411.1248876976,-7.700858687227219
2,4,97,96,2210.1747743932888,-1215406.1039992087,-7.700826874820746
2,4,2026,1,3337.2102203022687,-1280441.2776612432,-8.112890473561366
2,4,2026,2,2893.0175155752813,-1257897.8972674212,-7.970055359425585
2,4,2026,3,2679.4376136722076,-1245793.5702232406,-7.893362205839526
2,4,2026,4,2553.6460750327815,-1238204.4494196847,-7.845277450260313
2,4,2026,5,2468.224159997096,-1232834.629058129,-7.811254207479845
2,4,2026,6,2406.1635856373114,-1228815.4881305443,-7.78578888492881
2,4,2026,7,2360.010887288524,-1225758.7742802266,-7.766421511266864
2,4,2026,8,2326.1913725251115,-1223480.6997330522,-7.751987605070407
2,4,2026,9,2300.8850865452473,-1221754.3049510596,-7.741049148129988
2,4,2026,10,2281.6897209044,-1220432.085886631,-7.732671553125117
2,4,2026,11,2266.8291132172953,-1219400.7926587707,-7.726137267523955
2,4,2026,12,2255.5581738749506,-1218614.0959940844,-7.721152748524244
2,4,2026,13,2246.1181568263087,-1217952.1642667868,-7.716958741584426
2,4,2026,14,2238.3371281998316,-1217404.4654537023,-7.713488515686078
2,4,2026,15,2232.3301834792046,-1216980.338773812,-7.710801244226702
2,4,2026,16,2226.6507864291048,-1216578.2880055306,-7.708253845993934
2,4,2026,17,2221.9650943784204,-1216245.8099052515,-7.706147260975565
2,4,2026,18,2217.9420868056454,-1215959.7933796565,-7.704335057021926
2,4,2026,19,2214.4094240555632,-1215708.209897068,-7.702741021219733
2,4,2026,20,2211.795195252243,-1215521.7754291506,-7.701559770314207
2,4,2026,21,2209.4556568074245,-1215354.7436453917,-7.700501455035809
2,4,2026,22,2207.560366245207,-1215219.299293073,-7.699643278081664
2,4,2026,23,2205.5452600912135,-1215075.164879304,-7.698730040799503
2,4,2026,24,2203.7672640647697,-1214947.8808319457,-7.697923567630241
2,4,2026,25,2202.215964165542,-1214836.7417022986,-7.697219388842909
2,4,2026,26,2200.801512397059,-1214735.3384702725,-7.696576896813445
2,4,2026,27,2199.5727354876585,-1214647.1935097883,-7.696018409343008
2,4,2026,28,2198.5301608789055,-1214572.3669437394,-7.695544307370931
2,4,2026,29,2197.3599303878304,-1214488.3361156369,-7.695011887089977
2,4,2026,30,2196.2538723716475,-1214408.872177247,-7.694508402674094
2,4,2026,31,2195.2262080527216,-1214335.0045043358,-7.694040376259826
2,4,2026,32,2194.468823984771,-1214280.5422180083,-7.693695302595283
2,4,2026,33,2193.771305701029,-1214230.3681558056,-7.693377399167484
2,4,2026,34,2193.1988074235414,-1214189.1751427136,-7.6931163997688214
2,4,2026,35,2192.618453218251,-1214147.4058948841,-7.692851749340321
2,4,2026,36,2191.9938365653875,-1214102.4386360983,-7.69256683627809
2,4,2026,37,2191.3311412913054,-1214054.7160186593,-7.692264465232147
2,4,2026,38,2190.729466267471,-1214011.375145603,-7.691989856968364
2,4,2026,39,2190.193518274334,-1213972.7588080955,-7.6917451834154615
2,4,2026,40,2189.651227060784,-1213933.675807183,-7.691497553077926
2,4,2026,41,2189.166517628794,-1213898.7345399254,-7.691276164811854
2,4,2026,42,2188.81506482817,-1213873.394509735,-7.691115610092854
2,4,2026,43,2188.398954453293,-1213843.387355342,-7.690925484421915
2,4,2026,44,2188.050255325053,-1213818.2370640943,-7.69076613189101
2,4,2026,45,2187.593196095544,-1213785.2651160194,-7.6905572212536395
2,4,2026,46,2187.156506504953,-1213753.756184255,-7.690357580304224
2,4,2026,47,2186.8268411731815,-1213729.9653208952,-7.690206841123851
2,4,2026,48,2186.503972027881,-1213706.6614393762,-7.690059187465952
2,4,2026,49,2186.135226356095,-1213680.0420960533,-7.689890527004418
2,4,2026,50,2185.751592784463,-1213652.3432456467,-7.6897150267737455
2,4,2026,51,2185.3685242480606,-1213624.6803402589,-7.68953975429112
2,4,2026,52,2184.928090227807,-1213592.868851513,-7.689338196337234
2,4,2026,53,2184.5349153097527,-1213564.465356138,-7.689158231468042
2,4,2026,54,2184.284989037408,-1213546.4076817005,-7.689043817837776
2,4,2026,55,2184.0182228671656,-1213527.131011045,-7.688921680633634
2,4,2026,56,2183.725318013806,-1213505.9628326332,-7.6887875588148695
2,4,2026,57,2183.4906599351802,-1213489.0020890126,-7.688680095350715
2,4,2026,58,2183.3200427162965,-1213476.6689808157,-7.688601952637147
2,4,2026,59,2183.145971634954,-1213464.0852160272,-7.68852222176057
2,4,2026,60,2182.9599552220147,-1213450.6368027588,-7.688437012461406
2,4,2026,61,2182.801651984666,-1213439.1910640295,-7.6883644921308605
2,4,2026,62,2182.648927764277,-1213428.1479161,-7.688294522620194
2,4,2026,63,2182.5004768238828,-1213417.4130189142,-7.688226506189739
2,4,2026,64,2182.2960571718136,-1213402.6296746647,-7.688132838752723
2,4,2026,65,2182.1272516591016,-1213390.420851373,-7.688055483509727
2,4,2026,66,2181.9953441908337,-1213380.8800140338,-7.6879950326560165
2,4,2026,67,2181.8781219334182,-1213372.4008706345,-7.687941308707165
2,4,2026,68,2181.7079931187914,-1213360.093979073,-7.687863332102498
2,4,2026,69,2181.5343328694,-1213347.5306384158,-7.687783730633448
2,4,2026,70,2181.3155413508744,-1213331.7008808902,-7.687683433110033
2,4,2026,71,2181.0692720148168,-1213313.8811797518,-7.687570527281292
2,4,2026,72,2180.7704980084386,-1213292.2596134227,-7.687433532791537
2,4,2026,73,2180.5374480991327,-1213275.3922875766,-7.687326661223462
2,4,2026,74,2180.4013464380023,-1213265.540898235,-7.68726424270874
2,4,2026,75,2180.2278767279863,-1213252.983821719,-7.687184680929359
2,4,2026,76,2180.0478760848105,-1213239.9529295745,-7.687102117048778
2,4,2026,77,2179.9143773137366,-1213230.2877798218,-7.687040878550206
2,4,2026,78,2179.748377569624,-1213218.2687732612,-7.686964725988172
2,4,2026,79,2179.557316319865,-1213204.434086243,-7.686877069254143
2,4,2026,80,2179.411429121557,-1213193.869621991,-7.686810132688692
2,4,2026,81,2179.234152240134,-1213181.03111281,-7.686728787748751
2,4,2026,82,2179.122782888386,-1213172.965136428,-7.686677681630813
2,4,2026,83,2178.9967035518234,-1213163.8332851336,-7.686619822117327
2,4,2026,84,2178.7347814589466,-1213144.860734729,-7.686499611822548
2,4,2026,85,2178.547602271374,-1213131.3008530263,-7.686413696258119
2,4,2026,86,2178.47741291331,-1213126.215802577,-7.686381477320736
2,4,31415,1,3330.632345893294,-1280129.8806572813,-8.11091745860862
2,4,31415,2,2829.7432013017674,-1254407.6708048964,-7.947941244930535
2,4,31415,3,2615.7761059508894,-1241998.4249825855,-7.869316122504153
2,4,31415,4,2490.3699612986043,-1234244.403958725,-7.820186557256792
2,4,31415,5,2409.8807067240086,-1229059.1179095707,-7.787332525974927
2,4,31415,6,2357.4026171321048,-1225584.2472417087,-7.765315705969211
2,4,31415,7,2321.396081211493,-1223155.0118300072,-7.74992404281881
2,4,31415,8,2296.1402824712172,-1221428.5015703035,-7.738984854210301
2,4,31415,9,2277.5387754457897,-1220144.697087678,-7.7308506544319
2,4,31415,10,2262.5397613551977,-1219101.8635819762,-7.724243249499304
2,4,31415,11,2250.6776093920535,-1218272.2186181778,-7.718986609588779
2,4,31415,12,2240.8409608974266,-1217580.915213143,-7.714606503365328
2,4,31415,13,2232.7712292064425,-1217011.51807248,-7.710998796617077
2,4,31415,14,2226.5124003077062,-1216568.4787064507,-7.708191694163587
2,4,31415,15,2221.2573018968033,-1216195.5268166412,-7.70582866675521
2,4,31415,16,2216.5809751323363,-1215862.9074070635,-7.7037211863995205
2,4,31415,17,2212.5228031146926,-1215573.687111264,-7.7018886833214895
2,4,31415,18,2209.094126163327,-1215328.9163213028,-7.700337812817135
2,4,31415,19,2206.310720615601,-1215129.9314471083,-7.699077042394938
2,4,31415,20,2203.901392687861,-1214957.4864779143,-7.697984429112162
2,4,31415,21,2201.5131188056675,-1214786.362273269,-7.696900184208563
2,4,31415,22,2199.242916587762,-1214623.5259312636,-7.695868451296751
2,4,31415,23,2197.1634112133465,-1214474.220260114,-7.69492244886911
2,4,31415,24,2195.6307366812075,-1214364.0858182393,-7.694224635794911
2,4,31415,25,2194.027370707316,-1214248.789341844,-7.693494116011379
2,4,31415,26,2192.212527801478,-1214118.1840630102,-7.692666599481779
2,4,31415,27,2190.468142990188,-1213992.5473574344,-7.691870563888755
2,4,31415,28,2188.8455868659266,-1213875.5953345858,-7.691129554544097
2,4,31415,29,2187.513124427461,-1213779.4880901345,-7.690520617952039
2,4,31415,30,2186.3411170682575,-1213694.9056730247,-7.689984702796872
2,4,31415,31,2185.1260421267784,-1213607.167233815,-7.689428791049845
2,4,31415,32,2184.1655469904545,-1213537.7770245667,-7.688989133896182
2,4,31415,33,2183.276543419457,-1213473.524469118,-7.688582028975328
2,4,31415,34,2182.3694208564007,-1213407.9353933597,-7.688166455846616
2,4,31415,35,2181.736466022342,-1213362.1537378088,-7.687876382757235
2,4,31415,36,2181.050627052286,-1213312.5319746798,-7.687561978702637
2,4,31415,37,2180.307715356699,-1213258.7632819838,-7.687221299655218
2,4,31415,38,2179.6941381029287,-1213214.3414332313,-7.686939842317151
2,4,31415,39,2179.1166232143205,-1213172.519007178,-7.68667485495082
2,4,31415,40,2178.5857860539986,-1213134.0671075827,-7.6864312232783965
2,4,31415,41,2177.9639056470332,-1213089.008449478,-7.686145731109043
2,4,31415,42,2177.3817170309676,-1213046.8140183564,-7.685878386714375
2,4,31415,43,2176.7759228480913,-1213002.8967820872,-7.685600126606731
2,4,31415,44,2176.2119458756897,-1212962.0001102919,-7.68534100482989
2,4,31415,45,2175.6213480888905,-1212919.1616733524,-7.685069580007048
2,4,31415,46,2175.117512109649,-1212882.6072269273,-7.684837970619455
2,4,31415,47,2174.7593967013927,-1212856.6199909816,-7.684673315197441
2,4,31415,48,2174.3566565284427,-1212827.3893724284,-7.684488109666399
2,4,31415,49,2174.102684389673,-1212808.953456799,-7.6843712994956475
2,4,31415,50,2173.7921554039344,-1212786.4091356273,-7.6842284584207325
2,4,31415,51,2173.3723191476306,-1212755.9240149222,-7.684035304349813
2,4,31415,52,2173.0444981372334,-1212732.1162041659,-7.683884457790543
2,4,31415,53,2172.685776141714,-1212706.060111558,-7.683719366091936
2,4,31415,54,2172.35528328931,-1212682.0506601876,-7.683567241935446
2,4,31415,55,2172.1181527305584,-1212664.8214873476,-7.68345807770071
2,4,31415,56,2171.932877994431,-1212651.3586892062,-7.683372777258827
2,4,31415,57,2171.766762974451,-1212639.2871356674,-7.683296291758544
2,4,31415,58,2171.5775518380997,-1212625.5360659468,-7.683209164824662
2,4,31415,59,2171.421335295977,-1212614.1820015956,-7.6831372253440176
2,4,31415,60,2171.2265669025323,-1212600.0247838274,-7.683047525051495
2,4,31415,61,2170.999914571482,-1212583.5484050433,-7.682943130528444
2,4,31415,62,2170.830365916272,-1212571.2220249504,-7.68286503044422
2,4,31415,63,2170.715522314887,-1212562.872217582,-7.68281212596993
2,4,31415,64,2170.590510348981,-1212553.7826079521,-7.68275453410011
2,4,31415,65,2170.4798710007735,-1212545.7375934655,-7.682703560796979
2,4,31415,66,2170.3363447592765,-1212535.3006348268,-7.682637432108541
2,4,31415,67,2170.2588686158037,-1212529.6664283772,-7.682601733712504
2,5,11,1,3513.620555493001,-1288571.283383001,-8.164402282123584
2,5,11,2,2908.1442723594882,-1258720.984527506,-7.975270449650924
2,5,11,3,2646.065392939381,-1243815.4886061745,-7.880829058254394
2,5,11,4,2506.2997611325623,-1235250.7450241982,-7.82656274567376
2,5,11,5,2427.4344374588977,-1230204.580751147,-7.79459019154489
2,5,11,6,2378.929902199616,-1227018.9572120518,-7.774406044631193
2,5,11,7,2344.1311350946735,-1224693.2116176595,-7.7596700941383
2,5,11,8,2318.5547108147803,-1222961.7132873593,-7.748699301057856
2,5,11,9,2298.13181824047,-1221565.3328768464,-7.739851818922158
2,5,11,10,2282.2505828895723,-1220470.8768084876,-7.732917332846438
2,5,11,11,2268.8203136943353,-1219539.3691577457,-7.727015289794877
2,5,11,12,2257.327823430351,-1218737.8749969276,-7.721937013691662
2,5,11,13,2247.0437853323633,-1218017.1920133051,-7.7173707581247
2,5,11,14,2238.5064009936787,-1217416.4006425673,-7.71356413717824
2,5,11,15,2231.0510355583297,-1216889.8758025013,-7.71022806981335
2,5,11,16,2224.3570575172716,-1216415.6216201028,-7.707223189928928
2,5,11,17,2218.315809900869,-1215986.385146946,-7.704503542761398
2,5,11,18,2212.9350419599014,-1215603.0909989192,-7.702074986687529
2,5,11,19,2209.005052069948,-1215322.5523238257,-7.700297490456863
2,5,11,20,2205.516316641551,-1215073.0936832011,-7.698716917677479
2,5,11,21,2202.3462118063667,-1214846.0759897218,-7.697278530994005
2,5,11,22,2199.0121949062536,-1214606.9673912702,-7.695763536199345
2,5,11,23,2195.689789358332,-1214368.330630646,-7.694251530974517
2,5,11,24,2192.8752502324783,-1214165.889450875,-7.692968861360944
2,5,11,25,2190.4347252237067,-1213990.1395162167,-7.691855307779461
2,5,11,26,2188.102960337361,-1213822.0387256327,-7.6907902192616815
2,5,11,27,2185.9766775981448,-1213668.595255748,-7.689817999694275
2,5,11,28,2184.0808406709375,-1213531.6560195629,-7.688950351138979
2,5,11,29,2182.5322895246068,-1213419.7135445683,-7.688241082346404
2,5,11,30,2181.266971334031,-1213328.1865823772,-7.6876611664747525
2,5,11,31,2180.0843107031446,-1213242.5906491189,-7.68711882966976
2,5,11,32,2178.872169655252,-1213154.8128504187,-7.686562668540555
2,5,11,33,2177.6157960045675,-1213063.780373065,-7.685985885730448
2,5,11,34,2176.439076154364,-1212978.4716893244,-7.68544536894166
2,5,11,35,2175.3142186366667,-1212896.8797404105,-7.684928401426936
2,5,11,36,2174.408663081385,-1212831.1642784695,-7.684512027513936
2,5,11,37,2173.4704127931113,-1212763.0473109954,-7.684080437634611
2,5,11,38,2172.6814979211217,-1212705.7493332247,-7.6837173969968875
2,5,11,39,2171.9400310570254,-1212651.8784804556,-7.683376070662085
2,5,11,40,2171.2592337645583,-1212602.3993433476,-7.683062570287577
2,5,11,41,2170.8188455422414,-1212570.3844457245,-7.682859723532736
2,5,11,42,2170.1763393051174,-1212523.6645251464,-7.682563705585488
2,5,11,43,2169.5290163283894,-1212476.5803647453,-7.6822653798105875
2,5,11,44,2168.932053483394,-1212433.1467826625,-7.68199018414136
2,5,11,45,2168.3699354850305,-1212392.2374984263,-7.68173098245195
2,5,11,46,2167.955125607245,-1212362.042062121,-7.681539663824676
2,5,11,47,2167.576548709035,-1212334.4791059112,-7.6813650246211775
2,5,11,48,2167.2658939585863,-1212311.8577448416,-7.681221695420595
2,5,11,49,2166.976054688437,-1212290.7492082443,-7.681087951493045
2,5,11,50,2166.6488421861077,-1212266.9154449885,-7.680936940498444
2,5,11,51,2166.237308400891,-1212236.9347105813,-7.680746982224836
2,5,11,52,2165.874167763639,-1212210.4747448368,-7.680579331581448
2,5,11,53,2165.4604947632965,-1212180.3273710671,-7.680388317478946
2,5,11,54,2165.0783984490163,-1212152.4761041768,-7.680211851535702
2,5,11,55,2164.733868371734,-1212127.3588520647,-7.680052708341135
2,5,11,56,2164.364870459282,-1212100.4533892046,-7.679882235022966
2,5,11,57,2164.070518350069,-1212078.987431836,-7.679746226473351
2,5,11,58,2163.819816448781,-1212060.7024122723,-7.6796303723817845
2,5,11,59,2163.4861703829956,-1212036.3645486983,-7.679476167401845
2,5,11,60,2163.2700925685685,-1212020.6007167415,-7.679376287583581
2,5,11,61,2163.031778227838,-1212003.212805805,-7.679266117582463
2,5,11,62,2162.83335701974,-1211988.7341193575,-7.679174380460739
2,5,11,63,2162.5808845722545,-1211970.3094232422,-7.679057641376956
2,5,11,64,2162.4224911262527,-1211958.7492376724,-7.6789843959099295
2,5,11,65,2162.265533035864,-1211947.292974764,-7.678911808898066
2,5,11,66,2162.046132255553,-1211931.2776691779,-7.678810335740033
2,5,11,67,2161.8405167168667,-1211916.2671511422,-7.678715228927327
2,5,11,68,2161.568287765285,-1211896.3914683326,-7.678589296375375
2,5,11,69,2161.3987604189115,-1211884.0128581147,-7.678510865360486
2,5,11,70,2161.1862066135477,-1211868.4911541918,-7.6784125196681945
2,5,11,71,2160.9325098019776,-1211849.9629910155,-7.678295125015938
2,5,11,72,2160.7437796185286,-1211836.1781050512,-7.678207783821953
2,5,11,73,2160.6106942775464,-1211826.45680432,-7.6781461895501435
2,5,11,74,2160.4783464496245,-1211816.7887818401,-7.678084932849939
2,5,11,75,2160.3341380010406,-1211806.2536655334,-7.678018182233402
2,5,11,76,2160.219204215452,-1211797.8566996453,-7.677964978962195
2,5,11,77,2160.1439586138285,-1211792.3590771693,-7.677930145963766
2,5,42,1,3607.0372529556234,-1292712.646966668,-8.190642008811288
2,5,42,2,3039.389237314381,-1265687.7358982272,-8.019411865437231
2,5,42,3,2803.130919444214,-1252916.355933899,-7.938492256975309
2,5,42,4,2664.2591264909825,-1244896.9636851053,-7.887681296633711
2,5,42,5,2570.011483972354,-1239212.685632288,-7.851665646351015
2,5,42,6,2500.5975297930527,-1234891.25206692,-7.8242849942147155
2,5,42,7,2449.5518912268685,-1231636.1112864239,-7.8036603852701925
2,5,42,8,2409.9813451740333,-1229065.7087891942,-7.787374285863055
2,5,42,9,2379.6581377792454,-1227067.263963968,-7.774712116759814
2,5,42,10,2355.4628007881433,-1225454.3231619503,-7.764492505524688
2,5,42,11,2335.425000545339,-1224105.9450696395,-7.755949166622142
2,5,42,12,2317.862729198288,-1222914.6018799886,-7.748400802645846
2,5,42,13,2302.6741247037717,-1221876.9753961398,-7.741826389462831
2,5,42,14,2289.43877413753,-1220967.1917129317,-7.736061989716221
2,5,42,15,2278.1251277392257,-1220185.324672261,-7.73110807126911
2,5,42,16,2268.6861232313895,-1219530.0340691078,-7.726956142567275
2,5,42,17,2259.9397511904026,-1218920.3903665151,-7.723093433145672
2,5,42,18,2251.244523409918,-1218311.9682644156,-7.719238463798664
2,5,42,19,2243.5111266249105,-1217768.869663649,-7.715797384897794
2,5,42,20,2236.228552566847,-1217255.7170283224,-7.712546043973962
2,5,42,21,2229.7539032971326,-1216798.087975373,-7.709646501098494
2,5,42,22,2224.3541162420543,-1216415.4129234413,-7.707221867624511
2,5,42,23,2220.0374585595882,-1216108.828928097,-7.705279347949014
2,5,42,24,2216.4086403619194,-1215850.6361163463,-7.703643435362206
2,5,42,25,2212.9124832899047,-1215601.4820913607,-7.70206479263097
2,5,42,26,2209.4399102195107,-1215353.6188156963,-7.700494328102088
2,5,42,27,2206.400719400272,-1215136.3693610223,-7.699117833090594
2,5,42,28,2203.5848824555096,-1214934.8186015245,-7.697840805189982
2,5,42,29,2200.904864576121,-1214742.750081281,-7.696623856864948
2,5,42,30,2198.444163360168,-1214566.1932363724,-7.695505190690957
2,5,42,31,2196.184965812308,-1214403.9203111657,-7.694477027594379
2,5,42,32,2194.1993268332076,-1214261.1585712943,-7.693572487589618
2,5,42,33,2192.3105293178332,-1214125.2395092351,-7.692711302869169
2,5,42,34,2190.663950185747,-1214006.6550617556,-7.691959950463515
2,5,42,35,2188.9945347760085,-1213886.3349459504,-7.691197600843642
2,5,42,36,2187.5136468066275,-1213779.5257795309,-7.6905208567524825
2,5,42,37,2186.241030692764,-1213687.6804537193,-7.689938923725317
2,5,42,38,2185.0368223113132,-1213600.722904176,-7.689387959704082
2,5,42,39,2183.8797538098947,-1213517.124232272,-7.688858277569708
2,5,42,40,2182.7642367981944,-1213436.48572676,-7.6883473510832046
2,5,42,41,2181.5575776727464,-1213349.2123269513,-7.687794385831103
2,5,42,42,2180.5464667937413,-1213276.0450622356,-7.687330797211113
2,5,42,43,2179.5977946960415,-1213207.3652144053,-7.686895640915461
2,5,42,44,2178.6380128543547,-1213137.8506412397,-7.6864551957906055
2,5,42,45,2177.684327085849,-1213068.747251669,-7.6860173559296765
2,5,42,46,2176.689861726235,-1212996.6567630246,-7.6855605897751005
2,5,42,47,2175.7437925129143,-1212928.0440162197,-7.685125858632307
2,5,42,48,2174.9194354791243,-1212868.2339979913,-7.684746901677721
2,5,42,49,2174.2219714325374,-1212817.6128081107,-7.6844261652438774
2,5,42,50,2173.720381251912,-1212781.1978932119,-7.684195439929619
2,5,42,51,2173.225199535523,-1212745.2399826194,-7.683967610199834
2,5,42,52,2172.730727054531,-1212709.3253970207,-7.683740054977702
2,5,42,53,2172.2689273413944,-1212675.7765219014,-7.683527488924027
2,5,42,54,2171.7104823513205,-1212635.1970218318,-7.6832703767508415
2,5,42,55,2171.222874006108,-1212599.7563443372,-7.683045824215838
2,5,42,56,2170.86910095952,-1212574.038191501,-7.68288287370746
2,5,42,57,2170.578198997598,-1212552.8874223023,-7.682748862193669
2,5,42,58,2170.3077931562316,-1212533.2243335857,-7.682624276640302
2,5,42,59,2170.0088864720765,-1212511.4858994097,-7.6824865416745425
2,5,42,60,2169.6862677571057,-1212488.0196121105,-7.682337859011775
2,5,42,61,2169.439881874235,-1212470.095915116,-7.68222429426411
2,5,42,62,2169.116310253608,-1212446.5541378178,-7.682075133295853
2,5,42,63,2168.7896246921773,-1212422.782239736,-7.6819245142796975
2,5,42,64,2168.3751449600745,-1212392.616677286,-7.68173338493351
2,5,42,65,2167.963563049931,-1212362.656310127,-7.681543555707016
2,5,42,66,2167.5485322079157,-1212332.4391240163,-7.681352099272729
2,5,42,67,2167.111283037943,-1212300.5980268258,-7.681150353719402
2,5,42,68,2166.80380661443,-1212278.2033153246,-7.681008460573058
2,5,42,69,2166.5382566292396,-1212258.8597128564,-7.68088589928819
2,5,42,70,2166.2411355078157,-1212237.21354619,-7.680748748930418
2,5,42,71,2165.943721999972,-1212215.5431047229,-7.680611444767233
2,5,42,72,2165.6763340236134,-1212196.0578733126,-7.68048798611978
2,5,42,73,2165.478154512802,-1212181.6144837097,-7.680396472639264
2,5,42,74,2165.306665572852,-1212169.1152450945,-7.68031727732148
2,5,42,75,2165.125100412276,-1212155.8805065148,-7.68023342186757
2,5,42,76,2164.9276659141046,-1212141.4877525782,-7.68014222921521
2,5,42,77,2164.6543861450905,-1212121.5637973684,-7.680015990808782
2,5,42,78,2164.4913600677064,-1212109.6768888363,-7.679940675221357
2,5,42,79,2164.358133599337,-1212099.962128789,-7.679879122391394
2,5,42,80,2164.234961015166,-1212090.979957356,-7.679822211251209
2,5,42,81,2164.104004563589,-1212081.429598657,-7.679761700070057
2,5,42,82,2163.936911847661,-1212069.243064522,-7.679684486051411
2,5,42,83,2163.7814228810435,-1212057.9019786492,-7.679612628802552
2,5,42,84,2163.6204486347306,-1212046.159947697,-7.679538231161119
2,5,42,85,2163.4557363910467,-1212034.1443496826,-7.679462100195672
2,5,42,86,2163.3521168178454,-1212026.5849338004,-7.679414203650812
2,5,42,87,2163.288328622636,-1212021.9311783514,-7.679384717403448
2,5,97,1,3740.6828496268377,-1298454.6576753403,-8.227023453856985
2,5,97,2,3122.6628544461933,-1269953.7526142076,-8.0464413957866
2,5,97,3,2856.5032457547736,-1255893.1904760425,-7.957353514433703
2,5,97,4,2695.3253411422265,-1246726.64785875,-7.8992741963324
2,5,97,5,2588.056007650286,-1240316.9529593757,-7.85866229667344
2,5,97,6,2511.7136238474723,-1235591.30189025,-7.828720517843792
2,5,97,7,2454.7598942350382,-1231971.3138770028,-7.805784232690034
2,5,97,8,2410.8643451791004,-1229123.5252534868,-7.787740611637268
2,5,97,9,2376.2236313615026,-1226839.3098644158,-7.773267796996831
2,5,97,10,2348.6179713098036,-1224995.0170566011,-7.761582336826172
2,5,97,11,2326.1554991477533,-1223478.2657686218,-7.75197218344414
2,5,97,12,2307.5381293574737,-1222210.0083972341,-7.743936490339066
2,5,97,13,2292.365976598142,-1221168.8566017447,-7.7373397407414695
2,5,97,14,2280.3365794758597,-1220338.459240231,-7.7320783336304775
2,5,97,15,2270.3478525222627,-1219645.5949675888,-7.727688337732144
2,5,97,16,2261.477966369253,-1219027.7785574673,-7.723773845942844
2,5,97,17,2253.781607332722,-1218489.7354569156,-7.7203647987487365
2,5,97,18,2247.257291039822,-1218032.1875279578,-7.7174657698758
2,5,97,19,2241.5756225490795,-1217632.650779455,-7.714934300500893
2,5,97,20,2236.415094381659,-1217268.882182486,-7.712629458540221
2,5,97,21,2232.069368937678,-1216961.8978448478,-7.710684402291404
2,5,97,22,2228.0985224116243,-1216680.8721317528,-7.708903820182432
2,5,97,23,2224.4622816544556,-1216423.0875627992,-7.707270494226622
2,5,97,24,2221.3189938634664,-1216199.9101829885,-7.705856439814156
2,5,97,25,2218.337267427524,-1215987.9117925763,-7.704513215605446
2,5,97,26,2215.3162311236306,-1215772.827690168,-7.703150440290494
2,5,97,27,2212.605457285085,-1215579.58304993,-7.70192604005582
2,5,97,28,2209.973863993196,-1215391.756388193,-7.700735968194445
2,5,97,29,2207.911975409688,-1215244.435345135,-7.699802540392927
2,5,97,30,2205.966727929196,-1215105.3220799717,-7.698921117165343
2,5,97,31,2204.294790642871,-1214985.6563732754,-7.698162913889015
2,5,97,32,2202.8103977277055,-1214879.3377065496,-7.697489277609484
2,5,97,33,2201.410081088645,-1214778.9752551147,-7.6968533799776635
2,5,97,34,2200.24819606477,-1214695.6530241459,-7.696325449376194
2,5,97,35,2199.0153294244346,-1214607.1923624568,-7.6957649616193375
2,5,97,36,2197.903151569608,-1214527.3488033942,-7.695259071922563
2,5,97,37,2196.837859544306,-1214450.8332987777,-7.694774268816545
2,5,97,38,2195.80209406677,-1214376.4029796326,-7.69430267746935
2,5,97,39,2194.7893229029805,-1214303.5910803264,-7.69384134044863
2,5,97,40,2193.714048904924,-1214226.2488369313,-7.693351299116324
2,5,97,41,2192.469807219955,-1214136.7057678925,-7.692783953214211
2,5,97,42,2191.3224588017797,-1214054.0906715149,-7.6922605030255395
2,5,97,43,2190.3211382270892,-1213981.9549886764,-7.6918034505200366
2,5,97,44,2189.2950402186802,-1213908.0001064055,-7.691334871546275
2,5,97,45,2188.2521639738193,-1213832.8004261232,-7.6908584055181795
2,5,97,46,2187.2975849756435,-1213763.9362581177,-7.690422081367803
2,5,97,47,2186.2643669839167,-1213689.3651263842,-7.6899495978304495
2,5,97,48,2185.3162799366223,-1213620.9071946053,-7.689515847597418
2,5,97,49,2184.3173934425313,-1213548.749081537,-7.689058652973724
2,5,97,50,2183.434750290699,-1213484.9607525845,-7.68865448939722
2,5,97,51,2182.667710806298,-1213429.50611767,-7.688303128200763
2,5,97,52,2182.0802836408784,-1213387.0237313597,-7.6880339593187506
2,5,97,53,2181.576908493622,-1213350.6108374977,-7.687803246809804
2,5,97,54,2181.033871685525,-1213311.319496551,-7.687554296427447
2,5,97,55,2180.418462908178,-1213266.7798663066,-7.687272092824509
2,5,97,56,2179.8285608598203,-1213224.0744596869,-7.687001510883284
2,5,97,57,2179.1824578716496,-1213177.2871757247,-7.6867050661208705
2,5,97,58,2178.483393287354,-1213126.649072701,-7.686384222525161
2,5,97,59,2177.97245707676,-1213089.628134863,-7.686149657442678
2,5,97,60,2177.4983104265543,-1213055.2650904076,-7.685931932802846
2,5,97,61,2177.030462866364,-1213021.3512279172,-7.685717054185044
2,5,97,62,2176.600225581846,-1212990.157268107,-7.685519408901507
2,5,97,63,2176.2468832718223,-1212964.5338961694,-7.6853570589259785
2,5,97,64,2175.932786614473,-1212941.7530134474,-7.6852127189943955
2,5,97,65,2175.5495037508463,-1212913.9497207208,-7.685036557015997
2,5,97,66,2175.2277608013706,-1212890.6067439446,-7.684888655650104
2,5,97,67,2174.8853591495895,-1212865.7611518789,-7.6847312336966755
2,5,97,68,2174.597774886157,-1212844.89023559,-7.684598995334098
2,5,97,69,2174.272178143809,-1212821.257299539,-7.684449256782947
2,5,97,70,2173.966717914577,-1212799.0827234446,-7.68430875841704
2,5,97,71,2173.6898257478965,-1212778.97932452,-7.684181383053198
2,5,97,72,2173.402489849926,-1212758.1149642174,-7.684049186229423
2,5,97,73,2173.163337250427,-1212740.7472408176,-7.683939144136767
2,5,97,74,2172.895670275641,-1212721.3064816026,-7.683815967265647
2,5,97,75,2172.668597689956,-1212704.812231431,-7.683711459509283
2,5,97,76,2172.521833653827,-1212694.1505701442,-7.683643907102315
2,5,97,77,2172.332630545679,-1212680.4048631624,-7.683556814146808
2,5,97,78,2172.106697552077,-1212663.9891418905,-7.683452803950443
2,5,97,79,2171.8041287233355,-1212642.0025795095,-7.683313496841558
2,5,97,80,2171.503723094877,-1212620.1701783896,-7.683175166500175
2,5,97,81,2171.2784293287095,-1212603.7946553675,-7.683071411000377
2,5,97,82,2171.1218221853474,-1212592.410632338,-7.682999281701206
2,5,97,83,2170.9928912183814,-1212583.0378183967,-7.682939895445654
2,5,97,84,2170.7942036078566,-1212568.5928594288,-7.682848372021624
2,5,97,85,2170.561085687569,-1212551.6430671604,-7.682740977945361
2,5,97,86,2170.335092039704,-1212535.2095363745,-7.682636854907713
2,5,97,87,2170.1497432935776,-1212521.7302947547,-7.682551450279765
2,5,97,88,2169.964756212917,-1212508.2762068557,-7.682466205026077
2,5,97,89,2169.8044267110586,-1212496.61453382,-7.682392316533314
2,5,97,90,2169.6341860951547,-1212484.2310260264,-7.68231385448733
2,5,97,91,2169.444764004732,-1212470.4510925198,-7.682226544672173
2,5,97,92,2169.2083322673257,-1212453.2496489102,-7.682117556130156
2,5,97,93,2168.9786697609657,-1212436.5389012774,-7.682011676643418
2,5,97,94,2168.8119725056267,-1212424.408535108,-7.681934818505638
2,5,97,95,2168.5961658372485,-1212408.7031489424,-7.681835309000573
2,5,97,96,2168.4159013664676,-1212395.5831573585,-7.6817521805849305
2,5,97,97,2168.3113898755246,-1212387.9761124658,-7.681703982262119
2,5,97,98,2168.1671774203196,-1212377.4787639673,-7.681637470942845
2,5,97,99,2167.9905591491256,-1212364.6216170576,-7.681556007914043
2,5,97,100,2167.838841540883,-1212353.57630855,-7.681486024713929
2,5,97,101,2167.716513243773,-1212344.6700306218,-7.681429594435853
2,5,97,102,2167.5772140028957,-1212334.527548022,-7.681365331550942
2,5,97,103,2167.47602403004,-1212327.1594211909,-7.681318647015681
2,5,97,104,2167.3540089054686,-1212318.2744577946,-7.681262351786721
2,5,97,105,2167.2557121457407,-1212311.1162673251,-7.6812169974106315
2,5,2026,1,3537.919934770412,-1289659.0280022933,-8.171294244381816
2,5,2026,2,2979.443144048365,-1262543.7756527301,-7.99949169762482
2,5,2026,3,2741.4348050341355,-1249403.8080651278,-7.916236713796841
2,5,2026,4,2602.800130425219,-1241213.545585155,-7.864343117730409
2,5,2026,5,2511.300664721269,-1235565.3507344807,-7.828556091026185
2,5,2026,6,2443.7273246758746,-1231260.3795600238,-7.801279744785614
2,5,2026,7,2391.4271760386946,-1227845.9075704992,-7.779645611491619
2,5,2026,8,2349.950555923059,-1225084.5418421868,-7.762149566884119
2,5,2026,9,2318.6914502585187,-1222971.0211016021,-7.7487582754745805
2,5,2026,10,2294.9363171866707,-1221345.7238456628,-7.738460373607109
2,5,2026,11,2276.552973210451,-1220076.3685575488,-7.730417724089191
2,5,2026,12,2262.3794225148627,-1219090.6784281759,-7.724172380237827
2,5,2026,13,2249.8438545247686,-1218213.7410103031,-7.718616094801322
2,5,2026,14,2239.7518460472825,-1217504.1874990389,-7.714120355697588
2,5,2026,15,2231.3151361729374,-1216908.5575826364,-7.7103464377844
2,5,2026,16,2223.5208939813588,-1216356.2809540415,-7.706847206795001
2,5,2026,17,2216.8686745220984,-1215883.3912392661,-7.7038509721929325
2,5,2026,18,2211.4014486179403,-1215493.6761837557,-7.701381733176342
2,5,2026,19,2206.8051976476904,-1215165.29980035,-7.699301136682656
2,5,2026,20,2203.0653467924885,-1214897.6033605875,-7.697605009000858
2,5,2026,21,2199.748677323417,-1214659.817524023,-7.696098395240533
2,5,2026,22,2196.836365789744,-1214450.7259825394,-7.694773588859641
2,5,2026,23,2194.153014656926,-1214257.8273172884,-7.693551380726413
2,5,2026,24,2191.6395665940586,-1214076.9284184254,-7.692405203249267
2,5,2026,25,2189.3008938661465,-1213908.4220998874,-7.691337545301768
2,5,2026,26,2187.1775768113143,-1213755.2766370825,-7.690367213910601
2,5,2026,27,2185.2372336846192,-1213615.1982097714,-7.68947967540469
2,5,2026,28,2183.7271748802787,-1213506.097036965,-7.688788409135039
2,5,2026,29,2182.125653549117,-1213390.305263891,-7.688054751146127
2,5,2026,30,2180.520060315794,-1213274.1337492228,-7.687318687110163
2,5,2026,31,2179.303319271291,-1213186.0403592673,-7.686760526391181
2,5,2026,32,2178.4275649021715,-1213122.604334371,-7.686358595017176
2,5,2026,33,2177.4806179103475,-1213053.9827078776,-7.685923807612576
2,5,2026,34,2176.7506540476156,-1213001.0646470715,-7.68558851817847
2,5,2026,35,2175.9813281352044,-1212945.2738601058,-7.685235027118799
2,5,2026,36,2175.1830977197224,-1212887.366091473,-7.684868122839249
2,5,2026,37,2174.42100899982,-1212832.0603961663,-7.684517705325837
2,5,2026,38,2173.7028890856377,-1212779.9278288786,-7.684187392787583
2,5,2026,39,2172.9633514771535,-1212726.222420486,-7.683847114710228
2,5,2026,40,2172.226654715625,-1212672.705139342,-7.683508028609258
2,5,2026,41,2171.6420122968434,-1212630.2209155764,-7.683238848085108
2,5,2026,42,2171.1733498164494,-1212596.1563486652,-7.6830230146023855
2,5,2026,43,2170.658713593559,-1212558.7417250776,-7.682785955122523
2,5,2026,44,2170.005059420196,-1212511.2075519427,-7.6824847780618315
2,5,2026,45,2169.299010639875,-1212459.8471189863,-7.6821593577754665
2,5,2026,46,2168.725536789028,-1212418.118341074,-7.681894963764821
2,5,2026,47,2168.220354748446,-1212381.3496686232,-7.681661997038695
2,5,2026,48,2167.744137224273,-1212346.6812759985,-7.681442337709395
2,5,2026,49,2167.3689775232365,-1212319.364477624,-7.681269258164736
2,5,2026,50,2167.118280155798,-1212301.1076173312,-7.68115358249063
2,5,2026,51,2166.7850190834342,-1212276.8348428824,-7.680999789916126
2,5,2026,52,2166.4598665515996,-1212253.149048405,-7.680849716453386
2,5,2026,53,2166.1118403157634,-1212227.7930757476,-7.680689060722734
2,5,2026,54,2165.7129778980952,-1212198.7283464589,-7.680504906267956
2,5,2026,55,2165.319437934107,-1212170.0462126655,-7.68032317594258
2,5,2026,56,2164.8714229233756,-1212137.3874612902,-7.680116249723055
2,5,2026,57,2164.4915733327903,-1212109.6924394644,-7.679940773750313
2,5,2026,58,2164.069557119355,-1212078.9173282264,-7.679745782296084
2,5,2026,59,2163.747782713781,-1212055.4482180544,-7.679597081747563
2,5,2026,60,2163.518745678472,-1212038.7409239667,-7.679491224142527
2,5,2026,61,2163.284665975237,-1212021.6639607109,-7.679383024309444
2,5,2026,62,2163.0233695274287,-1212002.5992545104,-7.679262230114494
2,5,2026,63,2162.774261222565,-1211984.4216748178,-7.679147056763171
2,5,2026,64,2162.523836771108,-1211966.1459446955,-7.6790312615296115
2,5,2026,65,2162.355067355323,-1211953.828124956,-7.678953215683884
2,5,2026,66,2162.1798023993206,-1211941.0352034862,-7.678872159588199
2,5,2026,67,2161.9962055449055,-1211927.633008801,-7.678787243130502
2,5,2026,68,2161.8604316715823,-1211917.721061813,-7.678724440921845
2,5,2026,69,2161.702847272542,-1211906.2160929074,-7.67865154530823
2,5,2026,70,2161.437262523415,-1211886.8243041735,-7.678528678714636
2,5,2026,71,2161.1942201539064,-1211869.076369246,-7.678416227597422
2,5,2026,72,2160.953050806126,-1211851.4632369417,-7.67830463059116
2,5,2026,73,2160.7558059211196,-1211837.0565442354,-7.678213349622598
2,5,2026,74,2160.631718187577,-1211827.9925486064,-7.678155920043379
2,5,2026,75,2160.4878161621778,-1211817.4805649908,-7.678089315995836
2,5,2026,76,2160.3627994822555,-1211808.3475796971,-7.678031449297318
2,5,2026,77,2160.2443392821456,-1211799.6930846842,-7.677976614318652
2,5,2026,78,2160.130861335582,-1211791.4021393275,-7.6779240827947355
2,5,2026,79,2159.9694491117807,-1211779.6082611121,-7.677849356648453
2,5,2026,80,2159.8146464281176,-1211768.296493011,-7.67777768515733
2,5,2026,81,2159.6462624322667,-1211755.9913883365,-7.677699719874398
2,5,2026,82,2159.478156585091,-1211743.7056530404,-7.677621877316068
2,5,2026,83,2159.374721354727,-1211736.1457865655,-7.677573977916247
2,5,2026,84,2159.2616648716903,-1211727.8823084612,-7.677521620425154
2,5,2026,85,2159.15395794428,-1211720.009435432,-7.677471737812252
2,5,2026,86,2159.021044339387,-1211710.2935307138,-7.677410177729641
2,5,2026,87,2158.9002103956805,-1211701.4601229015,-7.677354209157446
2,5,2026,88,2158.8626141268373,-1211698.71159587,-7.677336794458968
2,5,31415,1,3572.6215764273957,-1291199.5391358642,-8.181054940415288
2,5,31415,2,2946.6168655637666,-1260795.2415968983,-7.988412965993983
2,5,31415,3,2681.5162522818114,-1245915.9616480207,-7.8941376792965805
2,5,31415,4,2532.898893349891,-1236916.9332882895,-7.837119733433164
2,5,31415,5,2438.510022190472,-1230923.060142056,-7.799142485123401
2,5,31415,6,2377.239858568583,-1226906.7929156362,-7.773695370375575
2,5,31415,7,2336.2021347806026,-1224158.4550579847,-7.756281870504503
2,5,31415,8,2306.5872997030983,-1222144.9613814466,-7.7435243517084835
2,5,31415,9,2284.3213288142324,-1220614.0133741728,-7.733824247751811
2,5,31415,10,2268.145103846637,-1219492.3919336228,-7.726717641569447
2,5,31415,11,2255.230265245451,-1218591.1496005808,-7.721007359914469
2,5,31415,12,2244.469599646822,-1217836.2825567198,-7.716224513753706
2,5,31415,13,2234.897697678984,-1217161.7603115183,-7.711950733149494
2,5,31415,14,2227.003422545984,-1216603.2813483272,-7.70841220409767
2,5,31415,15,2219.7496194609744,-1216088.3644019738,-7.7051496844791405
2,5,31415,16,2213.688292579732,-1215656.8041933745,-7.702415314097464
2,5,31415,17,2208.7679899475484,-1215305.6139069654,-7.700190168455315
2,5,31415,18,2204.6361005937706,-1215010.0923503262,-7.698317740517058
2,5,31415,19,2200.661831673777,-1214725.3211067375,-7.69651342668435
2,5,31415,20,2196.6647633299035,-1214438.397011976,-7.6946954723621666
2,5,31415,21,2193.066065167249,-1214179.6223931916,-7.693055873439387
2,5,31415,22,2190.082013845997,-1213964.723459273,-7.691694271354089
2,5,31415,23,2187.639685274682,-1213788.6191291036,-7.690578472318623
2,5,31415,24,2185.309826774546,-1213620.441133387,-7.689512894628247
2,5,31415,25,2183.364933704602,-1213479.914030523,-7.688622513308938
2,5,31415,26,2181.347597070569,-1213334.0202394873,-7.687698128592438
2,5,31415,27,2179.406489534189,-1213193.5119079456,-7.68680786620844
2,5,31415,28,2177.7156415549425,-1213071.0167562214,-7.686031735536289
2,5,31415,29,2176.203658740124,-1212961.399091386,-7.6853371967672786
2,5,31415,30,2174.6715705637657,-1212850.2460888526,-7.684632930081181
2,5,31415,31,2173.2422234636115,-1212746.4763211263,-7.683975443654652
2,5,31415,32,2171.8232864535303,-1212643.3947920324,-7.683322317915911
2,5,31415,33,2170.5224733995383,-1212548.8354270344,-7.682723188705644
2,5,31415,34,2169.4454778334257,-1212470.5030238426,-7.682226873709625
2,5,31415,35,2168.445530199702,-1212397.7396751838,-7.681765844306358
2,5,31415,36,2167.462696465598,-1212326.1889517212,-7.681312498110102
2,5,31415,37,2166.625395992397,-1212265.2075143764,-7.680926119030694
2,5,31415,38,2165.954272944841,-1212216.3119291635,-7.680616316047619
2,5,31415,39,2165.4334939071223,-1212178.3594211983,-7.680375848526233
2,5,31415,40,2164.8263570623635,-1212134.1019411115,-7.680095432629898
2,5,31415,41,2164.0101903240056,-1212074.587582416,-7.6797183489774685
2,5,31415,42,2163.0258949741474,-1212002.7835271251,-7.6792633976678735
2,5,31415,43,2162.256985180926,-1211946.6690488423,-7.678907855696342
2,5,31415,44,2161.734364164873,-1211908.5171546966,-7.678666124861854
2,5,31415,45,2161.172863957256,-1211867.5167581628,-7.678406345883891
2,5,31415,46,2160.6427107029594,-1211828.7955185387,-7.678161007669987
2,5,31415,47,2160.208158690006,-1211797.0496992986,-7.677959865798835
2,5,31415,48,2159.836961336764,-1211769.9271418327,-7.677788016966778
2,5,31415,49,2159.4580129984984,-1211742.2334284647,-7.677612549284441
2,5,31415,50,2159.2183026327807,-1211724.7127786756,-7.677501538248445
2,5,31415,51,2158.8527259337125,-1211697.9886979384,-7.677332214169465
2,5,31415,52,2158.4364297307334,-1211667.5514513429,-7.677139363429448
2,5,31415,53,2158.0055704572096,-1211636.0432519303,-7.676939727120221
2,5,31415,54,2157.7273151453664,-1211615.6914458373,-7.676810777845739
2,5,31415,55,2157.5067650240326,-1211599.5583768387,-7.676708558537387
2,5,31415,56,2157.250656799426,-1211580.8221907828,-7.676589845849803
2,5,31415,57,2157.059663325867,-1211566.8481760607,-7.676501306333861
2,5,31415,58,2156.836740293638,-1211550.5364740307,-7.676397955204594
2,5,31415,59,2156.5759031546936,-1211531.4483841963,-7.676277012850675
2,5,31415,60,2156.4243424826545,-1211520.3560974381,-7.676206731995832
2,5,31415,61,2156.2351586018617,-1211506.5091829996,-7.67611899778873
2,5,31415,62,2155.952910666979,-1211485.8483832318,-7.675988090726815
2,5,31415,63,2155.723482792096,-1211469.0520658058,-7.675881669068897
2,5,31415,64,2155.5743683833484,-1211458.134504679,-7.675812495277637
2,5,31415,65,2155.387871001041,-1211444.4788485917,-7.67572597288562
2,5,31415,66,2155.156148235449,-1211427.5100666839,-7.675618458490787
2,5,31415,67,2155.020703870145,-1211417.5907923582,-7.675555609856034
2,5,31415,68,2154.910437375618,-1211409.5149601782,-7.675504441291648
2,5,31415,69,2154.7971935098662,-1211401.22063751,-7.6754518883690475
2,5,31415,70,2154.6789201277415,-1211392.5574724912,-7.675396998457125
2,5,31415,71,2154.6135788676825,-1211387.771220272,-7.67536667270872
2,6,11,1,3703.526316887724,-1296879.1001328393,-8.21704070337861
2,6,11,2,2995.2321455682995,-1263377.947289532,-8.004777018586893
2,6,11,3,2708.3138540514656,-1247485.3791097917,-7.904081526153735
2,6,11,4,2549.332945976725,-1237937.6512643483,-7.84358701411884
2,6,11,5,2454.0771010434532,-1231927.4078012295,-7.80550604329542
2,6,11,6,2393.4034909210786,-1227976.2853684633,-7.780471686699846
2,6,11,7,2349.9598042290436,-1225085.1629781341,-7.762153502408534
2,6,11,8,2317.4902607599474,-1222889.2377064552,-7.74824009495435
2,6,11,9,2292.114045026804,-1221151.5103134443,-7.737229834461846
2,6,11,10,2272.111873891054,-1219768.1770025908,-7.7284650188977295
2,6,11,11,2256.6982946139246,-1218693.8534196992,-7.721658092478516
2,6,11,12,2243.4287277781455,-1217763.0729087957,-7.715760656593226
2,6,11,13,2231.6377251492218,-1216931.3736753084,-7.710491000806628
2,6,11,14,2221.3939268199724,-1216205.2341905811,-7.705890172786711
2,6,11,15,2212.1059415109876,-1215543.9479231054,-7.701700255487654
2,6,11,16,2204.0128096683547,-1214965.4651809442,-7.698034982265151
2,6,11,17,2196.6082060803305,-1214434.3333821273,-7.694669725157306
2,6,11,18,2190.397126583471,-1213987.430387726,-7.691838142710584
2,6,11,19,2184.9894455389026,-1213597.3007823038,-7.689366277101046
2,6,11,20,2180.1352117625383,-1213246.275606888,-7.687142177604025
2,6,11,21,2175.489130118715,-1212909.5697781763,-7.6850088056503045
2,6,11,22,2170.9797188178095,-1212582.0802012838,-7.682933827972754
2,6,11,23,2166.983583069261,-1212291.2975240515,-7.6810914256282254
2,6,11,24,2163.474440423141,-1212035.5088366775,-7.679470745600765
2,6,11,25,2160.0997059963865,-1211789.1257863422,-7.6779096597963745
2,6,11,26,2157.205318241313,-1211577.5051125733,-7.676568828804606
2,6,11,27,2154.3239218849158,-1211366.552076417,-7.675232227972331
2,6,11,28,2151.6465192150517,-1211170.2807973558,-7.673988650919709
2,6,11,29,2149.42568440958,-1211007.2935559268,-7.6729559619074355
2,6,11,30,2147.429638563221,-1210860.6598329733,-7.672026888973904
2,6,11,31,2145.5591254416618,-1210723.1242465274,-7.671155461936586
2,6,11,32,2143.789224686902,-1210592.876064578,-7.6703302079769
2,6,11,33,2142.049113436552,-1210464.7152372934,-7.669518179520068
2,6,11,34,2140.54775558399,-1210354.0551289017,-7.66881703581685
2,6,11,35,2139.0604911610253,-1210244.3572475708,-7.668121988795212
2,6,11,36,2137.6187334158526,-1210137.943023788,-7.667447747065084
2,6,11,37,2136.4735298001688,-1210053.365906847,-7.666911865491845
2,6,11,38,2135.41474947359,-1209975.1310964397,-7.666416168844816
2,6,11,39,2134.4489128531186,-1209903.7301914971,-7.6659637719004055
2,6,11,40,2133.5431638899427,-1209836.7419933302,-7.665539333916226
2,6,11,41,2132.5820888583994,-1209765.6308357068,-7.665088772814119
2,6,11,42,2131.7450053069915,-1209703.6678476287,-7.66469617461812
2,6,11,43,2130.898352860714,-1209640.971791299,-7.664298931693357
2,6,11,44,2130.1137353046215,-1209582.847280746,-7.663930654134539
2,6,11,45,2129.322726926046,-1209524.2276615002,-7.6635592395614225
2,6,11,46,2128.5884374384095,-1209469.7918417144,-7.663214333589188
2,6,11,47,2127.9061973893863,-1209419.1978235764,-7.662893769315815
2,6,11,48,2127.2457719125705,-1209370.2060913215,-7.66258335714399
2,6,11,49,2126.489684808197,-1209314.099303309,-7.6622278638980985
2,6,11,50,2125.965468366055,-1209275.187178398,-7.661981316232849
2,6,11,51,2125.5011508899015,-1209240.7132871598,-7.661762889266542
2,6,11,52,2124.9659427910715,-1209200.9666793603,-7.661511054308236
2,6,11,53,2124.4987401602593,-1209166.2622341586,-7.6612911665493995
2,6,11,54,2123.879566177126,-1209120.25738946,-7.660999679331044
2,6,11,55,2123.336364820196,-1209079.886291959,-7.660743887598899
2,6,11,56,2122.889612377489,-1209046.675603142,-7.660533464297476
2,6,11,57,2122.528678503727,-1209019.839391649,-7.660363429756754
2,6,11,58,2122.1891348467625,-1208994.5894227407,-7.66020344566706
2,6,11,59,2121.8325750494355,-1208968.0697092842,-7.660035416461491
2,6,11,60,2121.536929194071,-1208946.0771893826,-7.659896071605688
2,6,11,61,2121.2906684123686,-1208927.7559892847,-7.659779988273847
2,6,11,62,2120.980788580527,-1208904.698665074,-7.659633896805852
2,6,11,63,2120.730895192188,-1208886.1023168634,-7.659516070132444
2,6,11,64,2120.506594361321,-1208869.408627036,-7.659410298724156
2,6,11,65,2120.36311514609,-1208858.729196098,-7.6593426337284765
2,6,11,66,2120.1941424600222,-1208846.151310933,-7.65926294010526
2,6,11,67,2120.0256000394465,-1208833.6044549756,-7.659183443083455
2,6,11,68,2119.787874982453,-1208815.9057186723,-7.659071303689284
2,6,11,69,2119.494307097823,-1208794.0467198233,-7.658932804824387
2,6,11,70,2119.1931250556454,-1208771.6176258202,-7.65879069383012
2,6,11,71,2118.946536718658,-1208753.2517638148,-7.658674327519925
2,6,11,72,2118.670213241065,-1208732.6686934445,-7.658543912952356
2,6,11,73,2118.437761023883,-1208715.3514719845,-7.6584341908405635
2,6,11,74,2118.273163576576,-1208703.0881448947,-7.658356490260883
2,6,11,75,2118.102274156842,-1208690.3550263366,-7.658275813077126
2,6,11,76,2117.9983429802223,-1208682.610522025,-7.658226743809876
2,6,11,77,2117.8905273602936,-1208674.5761640961,-7.658175838026815
2,6,11,78,2117.8177716108125,-1208669.1542163983,-7.65814148450464
2,6,42,1,3863.4851193541,-1303552.7359625483,-8.25932493576899
2,6,42,2,3154.6655730146535,-1271563.0260128865,-8.056637770312534
2,6,42,3,2894.224514327426,-1257963.7311139517,-7.970472483424688
2,6,42,4,2748.1341353080456,-1249789.026808117,-7.918677464126246
2,6,42,5,2646.05901720903,-1243815.1083170157,-7.880826648737966
2,6,42,6,2571.065517425807,-1239277.402030886,-7.85207569018733
2,6,42,7,2516.0320820669453,-1235862.426895905,-7.830438368958012
2,6,42,8,2472.9357314790395,-1233135.6183584381,-7.813161279104076
2,6,42,9,2439.2977191436175,-1230974.0341215134,-7.799465456836008
2,6,42,10,2411.6645041778274,-1229175.899225548,-7.788072453718908
2,6,42,11,2387.8695865190857,-1227610.9410596078,-7.778156861010769
2,6,42,12,2367.229242847741,-1226240.7720105238,-7.769475454358693
2,6,42,13,2349.1572124012723,-1225031.250098852,-7.761811909793268
2,6,42,14,2333.842821331069,-1223998.985177805,-7.755271467533042
2,6,42,15,2321.0608738935052,-1223132.2199759579,-7.749779633372772
2,6,42,16,2310.119472528417,-1222386.4650804908,-7.745054521887693
2,6,42,17,2300.333102578031,-1221716.437359298,-7.740809218638633
2,6,42,18,2291.463749754967,-1221106.7266062847,-7.736946084384804
2,6,42,19,2283.3076475594426,-1220543.9607107297,-7.733380393280848
2,6,42,20,2275.6967221247533,-1220016.995541132,-7.730041535983045
2,6,42,21,2269.154196779637,-1219562.5936600256,-7.727162440505015
2,6,42,22,2263.1056434099914,-1219141.3328843282,-7.724493327447147
2,6,42,23,2257.9722396882007,-1218782.9249065295,-7.722222450430402
2,6,42,24,2253.741569673605,-1218486.9316715926,-7.720347033933096
2,6,42,25,2249.634221147196,-1218199.034408256,-7.7185229136037705
2,6,42,26,2245.381651898653,-1217900.403783334,-7.716630786573574
2,6,42,27,2241.3262436934133,-1217615.0911864738,-7.714823042720391
2,6,42,28,2237.091473457951,-1217316.6083033925,-7.712931851784173
2,6,42,29,2232.9984770762876,-1217027.5807354439,-7.711100569831993
2,6,42,30,2229.077220197868,-1216750.183249649,-7.709342976212389
2,6,42,31,2225.589070535321,-1216503.0142086805,-7.707776910362423
2,6,42,32,2222.582388413742,-1216289.6507164973,-7.7064250368533935
2,6,42,33,2220.1237836405944,-1216114.9658740966,-7.705318231708548
2,6,42,34,2217.783634691741,-1215948.5175786652,-7.704263613418818
2,6,42,35,2215.581008289898,-1215791.6903486273,-7.70326995430866
2,6,42,36,2213.6220623304616,-1215652.0821445708,-7.702385395142628
2,6,42,37,2211.752280326447,-1215518.7131010322,-7.701540367368478
2,6,42,38,2209.940211408003,-1215389.3530291568,-7.7007207404843045
2,6,42,39,2208.165465101234,-1215262.5544889318,-7.699917343493751
2,6,42,40,2206.3706182940496,-1215134.2161575004,-7.699104190368631
2,6,42,41,2204.7201015114347,-1215016.1057891264,-7.698355841733573
2,6,42,42,2203.0510450285706,-1214896.5787763074,-7.697598517223226
2,6,42,43,2201.502841055427,-1214785.6254525173,-7.696895515703914
2,6,42,44,2199.892678027536,-1214670.1489766582,-7.6961638554417355
2,6,42,45,2198.6080771836528,-1214577.9602973622,-7.695579746922993
2,6,42,46,2197.5304491895695,-1214500.583356924,-7.695089485749828
2,6,42,47,2196.3640864081144,-1214416.7922199706,-7.694558584154716
2,6,42,48,2195.056219162441,-1214322.7825085835,-7.693962937555969
2,6,42,49,2193.7379454710003,-1214227.9680795511,-7.6933621922570845
2,6,42,50,2192.641744816473,-1214149.0824505265,-7.692862372015907
2,6,42,51,2191.559845019187,-1214071.1872711314,-7.692368827274827
2,6,42,52,2190.5609608020186,-1213999.2349412239,-7.6919129364955765
2,6,42,53,2189.3758682678185,-1213913.826956428,-7.691371790534176
2,6,42,54,2188.394410275174,-1213843.05962749,-7.690923407934523
2,6,42,55,2187.2958995479225,-1213763.8146433036,-7.690421310814961
2,6,42,56,2186.2325735021727,-1213687.069915339,-7.689935055347206
2,6,42,57,2185.337528398879,-1213622.4417944378,-7.689525570839381
2,6,42,58,2184.603430069292,-1213569.4153241247,-7.689189594521408
2,6,42,59,2183.8919615328023,-1213518.0064764076,-7.688863867478569
2,6,42,60,2183.1203296644817,-1213462.2314486953,-7.688510476269707
2,6,42,61,2182.553504757819,-1213421.247698986,-7.6882508027662135
2,6,42,62,2181.962176562999,-1213378.4809162694,-7.687979831945341
2,6,42,63,2181.259232794596,-1213327.6266507483,-7.687657618741594
2,6,42,64,2180.6266420481593,-1213281.8480421861,-7.687367564957968
2,6,42,65,2179.943580874812,-1213232.4021329414,-7.687054275115578
2,6,42,66,2179.2951695332804,-1213185.4501434655,-7.68675678677716
2,6,42,67,2178.725344874964,-1213144.1771451454,-7.686495280591184
2,6,42,68,2178.1349857530927,-1213101.4054274468,-7.68622427850221
2,6,42,69,2177.4276147457726,-1213050.1408893997,-7.685899465807079
2,6,42,70,2176.775809470209,-1213002.8885615787,-7.6856000745214965
2,6,42,71,2176.1246244716017,-1212955.6670694787,-7.685300878611391
2,6,42,72,2175.5869639110697,-1212916.6672921928,-7.6850537755797
2,6,42,73,2174.9986954064248,-1212873.9855709777,-7.684783343709467
2,6,42,74,2174.421661111907,-1212832.1077290105,-7.684518005227276
2,6,42,75,2173.7432659881806,-1212782.8594837156,-7.684205967785917
2,6,42,76,2173.175737940861,-1212741.6478498755,-7.683944850405983
2,6,42,77,2172.6733500155615,-1212705.1574516944,-7.6837136468287905
2,6,42,78,2172.2279946929484,-1212672.80249837,-7.683508645477165
2,6,42,79,2171.694797012169,-1212634.0570933432,-7.683263154150995
2,6,42,80,2171.3564667330056,-1212609.467012239,-7.683107351117919
2,6,42,81,2170.9921917169313,-1212582.9869656586,-7.682939573242129
2,6,42,82,2170.662754002389,-1212559.0355018226,-7.682787816495315
2,6,42,83,2170.3837927529125,-1212538.7510401525,-7.682659293915861
2,6,42,84,2170.1171723697003,-1212519.3614986076,-7.68253644156048
2,6,42,85,2169.8328755021284,-1212498.6838384573,-7.682405427670992
2,6,42,86,2169.614017710036,-1212482.7638889847,-7.682304558690376
2,6,42,87,2169.412111022735,-1212468.0755567548,-7.682211493250595
2,6,42,88,2169.1185611135834,-1212446.7179135187,-7.682076170980553
2,6,42,89,2168.7802168179433,-1212422.0976047774,-7.681920176424826
2,6,42,90,2168.4769406039136,-1212400.025831466,-7.681780329418519
2,6,42,91,2168.2069653947237,-1212380.3750345462,-7.6816558217461175
2,6,42,92,2167.9236124173553,-1212359.7478726225,-7.6815251278139645
2,6,42,93,2167.669732273594,-1212341.2639456533,-7.6814080134428195
2,6,42,94,2167.407074424631,-1212322.1386729602,-7.681286835497885
2,6,42,95,2167.1843799795256,-1212305.9214957324,-7.681184083278838
2,6,42,96,2166.977648622338,-1212290.8652996551,-7.681088687049542
2,6,42,97,2166.8020043184715,-1212278.072037687,-7.681007628796456
2,6,42,98,2166.6789441004885,-1212269.1081823844,-7.680950833707482
2,6,42,99,2166.450437355708,-1212252.4621239016,-7.680845364091933
2,6,42,100,2166.180871296919,-1212232.8227551437,-7.680720928828495
2,6,42,101,2165.9340476181587,-1212214.838150237,-7.6806069781676065
2,6,42,102,2165.6518250184963,-1212194.271720374,-7.680476669034481
2,6,42,103,2165.33629198732,-1212171.2746832143,-7.680330959545925
2,6,42,104,2165.052321905157,-1212150.5751875394,-7.6801998073063045
2,6,42,105,2164.7900322745786,-1212131.4536378481,-7.6800786529503515
2,6,42,106,2164.553573605345,-1212114.213241944,-7.679969417606154
2,6,42,107,2164.397930988455,-1212102.8641829754,-7.67989750983967
2,6,42,108,2164.211067900333,-1212089.2375294717,-7.679811171208351
2,6,42,109,2164.043495899949,-1212077.0166430613,-7.679733739533297
2,6,42,110,2163.759120464561,-1212056.2752136295,-7.679602321600917
2,6,42,111,2163.460956612417,-1212034.5251737921,-7.679464513101554
2,6,42,112,2163.252220356171,-1212019.2967893216,-7.679368025884644
2,6,42,113,2163.0776124910826,-1212006.5571179553,-7.67928730718222
2,6,42,114,2162.941677955276,-1211996.638403089,-7.679224462092208
2,6,42,115,2162.797349563545,-1211986.1065326855,-7.679157732041751
2,6,42,116,2162.7116208231273,-1211979.8504385531,-7.679118093358296
2,6,97,1,3979.3378571946073,-1308215.8875067078,-8.288870716898826
2,6,97,2,3220.8129773341875,-1274838.1643660243,-8.077389084104368
2,6,97,3,2927.6729901529893,-1259777.2855863585,-7.981963185153195
2,6,97,4,2757.068021233374,-1250301.276329749,-7.921923082911454
2,6,97,5,2645.8065838079056,-1243800.0508450894,-7.880731244424876
2,6,97,6,2568.2389925710113,-1239103.796902451,-7.850975726122431
2,6,97,7,2508.3258764399498,-1235378.283056844,-7.827370828096687
2,6,97,8,2462.6448631726294,-1232477.4629558162,-7.80899119900028
2,6,97,9,2425.594523138698,-1230084.907032486,-7.793831937504663
2,6,97,10,2395.1646732156905,-1228092.3801517887,-7.781207264565151
2,6,97,11,2369.005814099737,-1226359.175213633,-7.770225658397959
2,6,97,12,2345.827789818351,-1224807.4043590876,-7.760393620644547
2,6,97,13,2326.577890310733,-1223506.9221076267,-7.752153750333443
2,6,97,14,2310.5489939305094,-1222415.8073735104,-7.745240434989421
2,6,97,15,2296.6686489330864,-1221464.8153049077,-7.739214938445065
2,6,97,16,2285.6162635793967,-1220703.4574707078,-7.734390966563017
2,6,97,17,2276.1516305069104,-1220048.541970106,-7.7302414145152065
2,6,97,18,2267.3806748060333,-1219439.1904687206,-7.726380556483771
2,6,97,19,2259.6962202339573,-1218903.3819153593,-7.722985667406032
2,6,97,20,2252.9678310987574,-1218432.7379785313,-7.720003662078537
2,6,97,21,2246.9189085173107,-1218008.4206641356,-7.717315182756771
2,6,97,22,2240.949598416698,-1217588.5666382455,-7.714654982881653
2,6,97,23,2235.785928172013,-1217224.4744983544,-7.7123480909493525
2,6,97,24,2231.429061366899,-1216916.6156674023,-7.71039749390097
2,6,97,25,2227.184918713423,-1216616.1434793982,-7.708493698706175
2,6,97,26,2223.2155956897664,-1216334.6090519833,-7.706709893377496
2,6,97,27,2219.4315346068283,-1216065.7464034269,-7.7050063765835395
2,6,97,28,2215.7657154780813,-1215804.847507356,-7.703353318215754
2,6,97,29,2212.549176286876,-1215575.5684027045,-7.701900603205417
2,6,97,30,2209.6787349292276,-1215370.677975836,-7.700602415134425
2,6,97,31,2207.0463893046367,-1215182.5485891327,-7.699410425204227
2,6,97,32,2204.383164883204,-1214991.9838618087,-7.698203004928205
2,6,97,33,2201.8962677793406,-1214813.8280985244,-7.697074207989231
2,6,97,34,2200.0460467548423,-1214681.151802387,-7.696233569470481
2,6,97,35,2198.3738554315883,-1214561.1456953073,-7.695473209413458
2,6,97,36,2196.6761868960907,-1214439.2177807826,-7.694700672762644
2,6,97,37,2194.896964623542,-1214311.3314409642,-7.693890383461516
2,6,97,38,2193.1612619703515,-1214186.4732560958,-7.6930992805845335
2,6,97,39,2191.7938305716734,-1214088.0371420505,-7.692475588248286
2,6,97,40,2190.5056688871705,-1213995.2511568742,-7.691887695192705
2,6,97,41,2189.4211536237995,-1213917.0914590429,-7.69139247445981
2,6,97,42,2188.306512290408,-1213836.7202575458,-7.690883241614579
2,6,97,43,2187.057782030339,-1213746.6319396002,-7.690312441009201
2,6,97,44,2185.8086678902328,-1213656.4644514665,-7.6897411387806125
2,6,97,45,2184.620245457115,-1213570.6301573429,-7.689197291718472
2,6,97,46,2183.1716928253336,-1213465.9446886296,-7.6885340034000915
2,6,97,47,2181.7699953581623,-1213364.579249521,-7.687891750826982
2,6,97,48,2180.5669495362504,-1213277.5275966143,-7.68734019056577
2,6,97,49,2179.5493537253838,-1213203.8574908727,-7.686873415939331
2,6,97,50,2178.5621809929344,-1213132.3570258478,-7.686420388181107
2,6,97,51,2177.550510796125,-1213059.048597903,-7.685955905149295
2,6,97,52,2176.66475837337,-1212994.8365520278,-7.685549056897559
2,6,97,53,2175.8217861424523,-1212933.7015564046,-7.685161704871154
2,6,97,54,2174.7861023025075,-1212858.5580746797,-7.684685594917757
2,6,97,55,2173.710062318551,-1212780.4486613907,-7.684190692788293
2,6,97,56,2172.720126977465,-1212708.5554014463,-7.683735176277
2,6,97,57,2171.6763185223354,-1212632.7141626952,-7.683254645327161
2,6,97,58,2170.5924978403,-1212553.9271223757,-7.682755449745138
2,6,97,59,2169.699762832649,-1212489.0012720816,-7.682344078820498
2,6,97,60,2168.883919097901,-1212429.644119644,-7.6819679912287056
2,6,97,61,2168.1802480455744,-1212378.4302147808,-7.681643499346002
2,6,97,62,2167.4963281000782,-1212328.6378854143,-7.681328014581787
2,6,97,63,2166.7120612465214,-1212271.5205254746,-7.680966118340691
2,6,97,64,2166.133242694301,-1212229.352495649,-7.680698941224934
2,6,97,65,2165.4525716366143,-1212179.7498987333,-7.680384658607682
2,6,97,66,2164.8085871763237,-1212132.806411299,-7.680087224138296
2,6,97,67,2164.20328925852,-1212088.6702605465,-7.679807576986001
2,6,97,68,2163.592507804133,-1212044.1217556987,-7.679525317153475
2,6,97,69,2162.9836430973683,-1211999.7005338261,-7.679243863787327
2,6,97,70,2162.4387851521788,-1211959.9384797588,-7.678991930961292
2,6,97,71,2162.0509970617095,-1211931.6327965504,-7.678812585831097
2,6,97,72,2161.696113985878,-1211905.7244884188,-7.678648430496609
2,6,97,73,2161.304797595666,-1211877.1514278683,-7.678467391260539
2,6,97,74,2160.9278622215443,-1211849.623545378,-7.678292974284525
2,6,97,75,2160.5003459049,-1211818.3958853574,-7.678095115476071
2,6,97,76,2160.165239926402,-1211793.9139598624,-7.677939997718164
2,6,97,77,2159.6810749678343,-1211758.5354848749,-7.677715839298951
2,6,97,78,2159.225464172256,-1211725.2362503305,-7.677504854970794
2,6,97,79,2158.9024575616468,-1211701.6244035494,-7.677355250041497
2,6,97,80,2158.640956536971,-1211682.506039325,-7.677234115868698
2,6,97,81,2158.392764893648,-1211664.3585828752,-7.677119133378585
2,6,97,82,2158.1266728619776,-1211644.8999547684,-7.676995843289964
2,6,97,83,2157.8276363214527,-1211623.0293158263,-7.676857270673304
2,6,97,84,2157.510375728084,-1211599.8225102965,-7.676710232089975
2,6,97,85,2157.175842128792,-1211575.348531727,-7.676555164683878
2,6,97,86,2156.8537156626503,-1211551.7786533516,-7.676405825666875
2,6,97,87,2156.598978240249,-1211533.1371145183,-7.676287712665169
2,6,97,88,2156.4030291678455,-1211518.7961751134,-7.676196848310271
2,6,97,89,2156.2104974348003,-1211504.7040714757,-7.6761075605816185
2,6,97,90,2155.9137780683136,-1211482.9836287168,-7.675969939609681
2,6,97,91,2155.649172644183,-1211463.6114681293,-7.675847197380245
2,6,97,92,2155.426761098513,-1211447.326545293,-7.675744015924253
2,6,97,93,2155.1280745101076,-1211425.4541373325,-7.675605432099073
2,6,97,94,2154.863137280762,-1211406.0506114175,-7.675482491138565
2,6,97,95,2154.565533062642,-1211384.2517688305,-7.675344373424427
2,6,97,96,2154.2691246472864,-1211362.5375230222,-7.675206791716439
2,6,97,97,2153.8745003923227,-1211333.6235579795,-7.675023592505636
2,6,97,98,2153.60741135947,-1211314.0510426238,-7.674899580826113
2,6,97,99,2153.3248922586517,-1211293.3451565942,-7.6747683880971325
2,6,97,100,2153.005464282272,-1211269.9309386525,-7.674620035346406
2,6,97,101,2152.7434693410514,-1211250.7239954371,-7.674498339936115
2,6,97,102,2152.594285144979,-1211239.786203956,-7.674429037965101
2,6,97,103,2152.4236177574967,-1211227.27239191,-7.6743497503098945
2,6,97,104,2152.203669149607,-1211211.143678968,-7.674247558601567
2,6,97,105,2151.9199374905024,-1211190.3353544632,-7.674115716821244
2,6,97,106,2151.7670067643758,-1211179.1185764002,-7.674044647188079
2,6,97,107,2151.6211217060627,-1211168.4178232704,-7.673976847094751
2,6,97,108,2151.4359230482182,-1211154.8323497411,-7.673890769380218
2,6,97,109,2151.220268899616,-1211139.011302706,-7.67379052704657
2,6,97,110,2151.0199977551188,-1211124.3173794209,-7.673697426181798
2,6,97,111,2150.8027799442616,-1211108.3785300294,-7.673596437451082
2,6,97,112,2150.5901280978433,-1211092.7731592292,-7.673497561644506
2,6,97,113,2150.41087870988,-1211079.6178159148,-7.673414209239899
2,6,97,114,2150.260186944422,-1211068.557504812,-7.673344130983172
2,6,97,115,2150.117795243629,-1211058.1056805984,-7.673277908106283
2,6,97,116,2149.9660012814684,-1211046.9629500827,-7.6732073076392195
2,6,97,117,2149.842410861011,-1211037.8899742588,-7.673149821161384
2,6,97,118,2149.679947305012,-1211025.962464181,-7.673074248322104
2,6,97,119,2149.516026462872,-1211013.9270515859,-7.67299799181125
2,6,97,120,2149.330946207812,-1211000.3369672217,-7.6729118848824145
2,6,97,121,2149.1672868655787,-1210988.3188040038,-7.67283573766381
2,6,97,122,2148.990192781897,-1210975.313042727,-7.672753333012691
2,6,97,123,2148.802020593461,-1210961.4925327066,-7.672665766104282
2,6,97,124,2148.6533233496643,-1210950.570446623,-7.672596563642846
2,6,97,125,2148.5135921298374,-1210940.3062426,-7.672531529529615
2,6,97,126,2148.3380372436027,-1210927.409601529,-7.672449816265358
2,6,97,127,2148.1989788079013,-1210917.1933205028,-7.672385085792779
2,6,97,128,2148.075747572106,-1210908.1392721809,-7.672327719239811
2,6,97,129,2147.917586513895,-1210896.5180979539,-7.6722540873479605
2,6,97,130,2147.7971923489768,-1210887.6713419452,-7.672198034201442
2,6,97,131,2147.6572097794206,-1210877.3845750855,-7.672132857129822
2,6,97,132,2147.487444562727,-1210864.9082992948,-7.672053807304755
2,6,97,133,2147.3051955767532,-1210851.5134765941,-7.671968937556036
2,6,97,134,2147.1358778317845,-1210839.0680474404,-7.671890083175612
2,6,97,135,2146.916563357041,-1210822.9462299154,-7.671787935156724
2,6,97,136,2146.7353861309384,-1210809.6266410924,-7.671703542090708
2,6,97,137,2146.5732860646117,-1210797.708593156,-7.6716280292036645
2,6,97,138,2146.432890799007,-1210787.3856152357,-7.671562622698353
2,6,97,139,2146.33626649174,-1210780.2806344593,-7.671517605459483
2,6,2026,1,3752.649766486584,-1298958.7634601984,-8.23021747383353
2,6,2026,2,3044.3708841449006,-1265946.2087886757,-8.021049552605847
2,6,2026,3,2744.062636033002,-1249555.0232820052,-7.9171948151278935
2,6,2026,4,2584.6024753390366,-1240106.204780117,-7.857326993816794
2,6,2026,5,2487.7032183189226,-1234075.3077096054,-7.819115161502429
2,6,2026,6,2420.9767227302455,-1229784.1507301691,-7.791926342158357
2,6,2026,7,2371.9583600464643,-1226555.757370683,-7.771471205177047
2,6,2026,8,2334.850614318118,-1224067.1232794914,-7.755703191318976
2,6,2026,9,2305.149359241638,-1222046.539770982,-7.742900751267088
2,6,2026,10,2282.034191060631,-1220455.9116206015,-7.7328225132460755
2,6,2026,11,2262.829207275747,-1219122.053171434,-7.724371170967344
2,6,2026,12,2247.297776665926,-1218035.0308640837,-7.717483785285777
2,6,2026,13,2235.2027815341094,-1217183.303798062,-7.712087232924842
2,6,2026,14,2225.2915248171084,-1216481.9122965182,-7.707643208407369
2,6,2026,15,2217.099264137893,-1215899.8070088062,-7.703954982695125
2,6,2026,16,2210.1237457398224,-1215402.460014404,-7.700803786491649
2,6,2026,17,2203.6353800299767,-1214938.435362525,-7.697863721028747
2,6,2026,18,2197.8151410532014,-1214521.0287788338,-7.695219028175189
2,6,2026,19,2192.6808267197052,-1214151.8955702106,-7.6928801959741655
2,6,2026,20,2188.081562337599,-1213820.4952790576,-7.690780439966658
2,6,2026,21,2184.0419025937476,-1213528.8422163764,-7.688932522850042
2,6,2026,22,2180.573428485022,-1213277.9965379636,-7.687343161783484
2,6,2026,23,2177.2961224045475,-1213040.6095507937,-7.6858390751374515
2,6,2026,24,2174.0901244552265,-1212808.041671411,-7.684365522413076
2,6,2026,25,2171.360044874172,-1212609.7270940852,-7.68310899899945
2,6,2026,26,2168.829147942205,-1212425.658414814,-7.681942737757647
2,6,2026,27,2166.318762791896,-1212242.8692136386,-7.680784583303588
2,6,2026,28,2164.0182872161545,-1212075.1781128622,-7.679722090585081
2,6,2026,29,2161.635646499789,-1211901.3096237155,-7.678620457863722
2,6,2026,30,2159.492426046243,-1211744.7485499398,-7.677628485122664
2,6,2026,31,2157.816342404331,-1211622.2032530832,-7.676852036730385
2,6,2026,32,2156.4149449563006,-1211519.6682940258,-7.676202374065602
2,6,2026,33,2155.019380406117,-1211417.4938653335,-7.675554995725306
2,6,2026,34,2153.628333399497,-1211315.584315437,-7.674909295660066
2,6,2026,35,2152.299054112823,-1211218.1384093445,-7.674291877292651
2,6,2026,36,2151.2568486725963,-1211141.6950182738,-7.673807531098879
2,6,2026,37,2150.1304501795744,-1211059.034605217,-7.673283793783213
2,6,2026,38,2149.040102884175,-1210978.9785411442,-7.672776557652281
2,6,2026,39,2148.2609727382182,-1210921.7479436786,-7.672413943936935
2,6,2026,40,2147.5906965891586,-1210872.4965481206,-7.672101886535473
2,6,2026,41,2146.9108037523356,-1210822.5228189053,-7.671785252419756
2,6,2026,42,2146.2538562118534,-1210774.2205871295,-7.671479208930795
2,6,2026,43,2145.6072359025984,-1210726.6632273963,-7.671177884959553
2,6,2026,44,2144.990187177622,-1210681.2674201303,-7.670890256609286
2,6,2026,45,2144.303724781759,-1210630.749553944,-7.670570174835542
2,6,2026,46,2143.7391765351267,-1210589.1914244033,-7.670306862054916
2,6,2026,47,2143.2787667669236,-1210555.291144938,-7.670092069499316
2,6,2026,48,2142.8836428268655,-1210526.1920976185,-7.669907697605105
2,6,2026,49,2142.5230494682137,-1210499.6313845613,-7.669739408625601
2,6,2026,50,2142.215624209537,-1210476.983415803,-7.6695959108383995
2,6,2026,51,2141.8569600662727,-1210450.556578525,-7.669428470097354
2,6,2026,52,2141.318153925862,-1210410.8483276532,-7.669176878168977
2,6,2026,53,2140.8891868066617,-1210379.227708973,-7.668976529569994
2,6,2026,54,2140.5145341811312,-1210351.6056118354,-7.668801515648905
2,6,2026,55,2140.0778483127465,-1210319.403873704,-7.668597485070481
2,6,2026,56,2139.7047714007713,-1210291.8875308218,-7.668423141209556
2,6,2026,57,2139.3139811766673,-1210263.0595946861,-7.668240487078884
2,6,2026,58,2139.0709565001434,-1210245.1294181142,-7.668126881276542
2,6,2026,59,2138.836737635272,-1210227.8469998457,-7.668017379678167
2,6,2026,60,2138.560730675099,-1210207.4787142733,-7.667888325989516
2,6,2026,61,2138.2702696912775,-1210186.0409365257,-7.667752495986299
2,6,2026,62,2138.0383986744496,-1210168.9253624557,-7.667644051514659
2,6,2026,63,2137.763264702064,-1210148.6139223692,-7.667515357999653
2,6,2026,64,2137.4790028299035,-1210127.6258800465,-7.667382377525195
2,6,2026,65,2137.195057899457,-1210106.6584519283,-7.667249527662571
2,6,2026,66,2136.8847075649232,-1210083.7379753005,-7.667104303262415
2,6,2026,67,2136.633411256277,-1210065.176409516,-7.666986696970855
2,6,2026,68,2136.411493019003,-1210048.7829887266,-7.6668828280706
2,6,2026,69,2136.2028036543625,-1210033.3652501798,-7.666785141104112
2,6,2026,70,2135.952508137244,-1210014.8717086122,-7.666667965814762
2,6,2026,71,2135.741034702115,-1209999.2449184353,-7.666568954294773
2,6,2026,72,2135.5097085069015,-1209982.1493401288,-7.666460636516517
2,6,2026,73,2135.3021905802457,-1209966.8116759432,-7.666363456902091
2,6,2026,74,2135.1670605135423,-1209956.8234020928,-7.666300171085567
2,6,2026,75,2135.051756097021,-1209948.3000611416,-7.666246167100525
2,6,2026,76,2134.879719504044,-1209935.5822029903,-7.666165586606878
2,6,2026,77,2134.715945426666,-1209923.4742016124,-7.666088870172672
2,6,2026,78,2134.498695194083,-1209907.411214565,-7.665987094904358
2,6,2026,79,2134.283234023792,-1209891.478891866,-7.66588614752684
2,6,2026,80,2134.149728096233,-1209881.6059601703,-7.665823592519517
2,6,2026,81,2134.0751283831396,-1209876.0889483374,-7.665788636669903
2,6,31415,1,3721.0250261129418,-1297623.0619605067,-8.221754453965753
2,6,31415,2,2999.9820195550146,-1263628.0345250447,-8.006361574150624
2,6,31415,3,2705.6201916166247,-1247328.3268124196,-7.903086441014393
2,6,31415,4,2546.2534283045893,-1237746.8845346216,-7.842378313953301
2,6,31415,5,2449.8951632117637,-1231658.2272233118,-7.803800512097421
2,6,31415,6,2389.0209118620587,-1227687.0204170102,-7.778638900683086
2,6,31415,7,2347.178716043331,-1224898.2689210093,-7.760969339540571
2,6,31415,8,2316.4424457318146,-1222817.8622404942,-7.747787859191615
2,6,31415,9,2292.64253579451,-1221187.896385326,-7.737460377026421
2,6,31415,10,2273.228483024786,-1219845.7211141712,-7.728956339269149
2,6,31415,11,2257.134197738553,-1218724.3364820124,-7.721851233507441
2,6,31415,12,2243.6090906388945,-1217775.7611502386,-7.715841049435072
2,6,31415,13,2232.0453619194286,-1216960.200316937,-7.710673646735287
2,6,31415,14,2221.9685955149253,-1216246.0585936483,-7.706148836668071
2,6,31415,15,2212.994516974899,-1215607.3327395718,-7.702101862404464
2,6,31415,16,2205.3841702221066,-1215063.6369270778,-7.698656999563308
2,6,31415,17,2198.4270398416174,-1214564.9639209975,-7.695497401734784
2,6,31415,18,2192.9457331261333,-1214170.962240751,-7.693001002615194
2,6,31415,19,2188.6699002942464,-1213862.9268424553,-7.691049286834119
2,6,31415,20,2184.8185973976742,-1213584.9594528072,-7.68928808229723
2,6,31415,21,2181.278265346465,-1213329.0037711044,-7.687666344191806
2,6,31415,22,2178.2261996668017,-1213108.0146634409,-7.6862661546965105
2,6,31415,23,2175.6341894369657,-1212920.0932317344,-7.685075482371533
2,6,31415,24,2173.2866589377923,-1212749.7033384587,-7.683995890073109
2,6,31415,25,2171.090607205488,-1212590.1414675186,-7.682984904247147
2,6,31415,26,2169.0461419708727,-1212441.4485107923,-7.682042783985049
2,6,31415,27,2167.1184954442624,-1212301.123296469,-7.681153681833825
2,6,31415,28,2165.3106298080806,-1212169.4041957336,-7.68031910811601
2,6,31415,29,2163.7463745841137,-1212055.3455062858,-7.679596430964631
2,6,31415,30,2162.4825902338857,-1211963.1356099888,-7.67901218801473
2,6,31415,31,2160.9320634360843,-1211849.9303897922,-7.678294918454217
2,6,31415,32,2159.1916803024196,-1211722.7668082037,-7.67748920855744
2,6,31415,33,2157.781182204881,-1211619.631528576,-7.676835742254707
2,6,31415,34,2156.5362822310412,-1211528.5487187717,-7.676258640537621
2,6,31415,35,2155.4407057868175,-1211448.3476215764,-7.675750485475178
2,6,31415,36,2154.2580347213843,-1211361.7250408162,-7.675201643819958
2,6,31415,37,2153.1368146015993,-1211279.559398124,-7.67468104137494
2,6,31415,38,2151.920108444645,-1211190.3478927314,-7.6741157962638535
2,6,31415,39,2150.755371283874,-1211104.8995980755,-7.673574394898722
2,6,31415,40,2149.7646796399795,-1211032.1833304209,-7.6731136638012325
2,6,31415,41,2148.8489865879937,-1210964.9421143376,-7.672687622692663
2,6,31415,42,2148.070113545932,-1210907.725316458,-7.67232509641165
2,6,31415,43,2147.4355239334936,-1210861.0923849554,-7.672029629628174
2,6,31415,44,2146.9269088411106,-1210823.7067639546,-7.671792753909031
2,6,31415,45,2146.460439195348,-1210789.411245953,-7.671575457117577
2,6,31415,46,2145.854522752279,-1210744.8522693356,-7.671293130935801
2,6,31415,47,2145.2130363009937,-1210697.6637676426,-7.67099414405329
2,6,31415,48,2144.699463952141,-1210659.8746066482,-7.670754711500166
2,6,31415,49,2144.215394708934,-1210624.248028197,-7.6705289810945905
2,6,31415,50,2143.9081759141513,-1210601.6331351197,-7.67038569287528
2,6,31415,51,2143.4906301709607,-1210570.8916936326,-7.670190914752975
2,6,31415,52,2143.098424676536,-1210542.0104511552,-7.670007922872718
2,6,31415,53,2142.8961280300987,-1210527.1116570737,-7.669913523944254
2,6,31415,54,2142.6235428398877,-1210507.0340101311,-7.669786311745262
2,6,31415,55,2142.2604013360624,-1210480.282341638,-7.669616812869948
2,6,31415,56,2141.934774493428,-1210456.2904218917,-7.669464799794027
2,6,31415,57,2141.559541333391,-1210428.6390256402,-7.66928960023342
2,6,31415,58,2141.157655810544,-1210399.0182098981,-7.66910192240856
2,6,31415,59,2140.763658316404,-1210369.9733806644,-7.668917894040756
2,6,31415,60,2140.3413286113127,-1210338.8340121533,-7.668720594648309
2,6,31415,61,2140.0287492498696,-1210315.7828391714,-7.66857454215457
2,6,31415,62,2139.840300109675,-1210301.8840256447,-7.6684864791142555
2,6,31415,63,2139.6860830178416,-1210290.5090401901,-7.668414407077262
2,6,31415,64,2139.511499899981,-1210277.6308760918,-7.668332810883315
2,6,31415,65,2139.1856617451685,-1210253.5925380397,-7.668180503700482
2,6,31415,66,2138.890549406943,-1210231.8178019703,-7.668042538725513
2,6,31415,67,2138.623540650056,-1210212.1140875,-7.66791769576691
2,6,31415,68,2138.4665805435725,-1210200.5301839602,-7.667844300022558
2,6,31415,69,2138.323519158781,-1210189.971287348,-7.667777398733736
2,6,31415,70,2138.1484868123284,-1210177.0517568786,-7.667695540441992
2,6,31415,71,2138.002143876349,-1210166.2490443909,-7.667627094333014
2,6,31415,72,2137.8948971334453,-1210158.3318570592,-7.667576930944187
2,6,31415,73,2137.800912599012,-1210151.393388205,-7.667532968726746
2,7,11,1,3849.215264575839,-1302968.7160738732,-8.255624579123307
2,7,11,2,3009.1554042128228,-1264109.9067061413,-8.009414721761292
2,7,11,3,2701.3917085867793,-1247081.472110413,-7.901522366819658
2,7,11,4,2546.8223494669933,-1237782.144834492,-7.84260172361363
2,7,11,5,2453.350461900355,-1231880.668852139,-7.805209904783302
2,7,11,6,2390.6843624631465,-1227796.8761830041,-7.779334948063741
2,7,11,7,2345.9637009483345,-1224816.5482359505,-7.760451556352171
2,7,11,8,2311.4927113612202,-1222480.257262205,-7.745648790215963
2,7,11,9,2285.060871308807,-1220665.101468248,-7.734147942495933
2,7,11,10,2264.083488656399,-1219209.5126565658,-7.724925315258165
2,7,11,11,2247.341755459068,-1218038.1194699283,-7.717503354727477
2,7,11,12,2233.5361454815747,-1217065.5784838777,-7.711341323997502
2,7,11,13,2222.8028050208077,-1216305.3019641507,-7.706524203336231
2,7,11,14,2213.425027508294,-1215638.0332260467,-7.702296381035347
2,7,11,15,2205.193795527816,-1215050.0122014738,-7.698570673147184
2,7,11,16,2198.2195188128335,-1214550.0650072375,-7.695403002048036
2,7,11,17,2191.9755155652524,-1214101.119481434,-7.692558478099159
2,7,11,18,2185.729970942714,-1213650.7819754046,-7.689705134547765
2,7,11,19,2179.83037312369,-1213224.2056745302,-7.687002342262021
2,7,11,20,2174.5532114085345,-1212841.6558734956,-7.684578502379145
2,7,11,21,2169.6521026960913,-1212485.5343469435,-7.682322112343459
2,7,11,22,2165.1680023193576,-1212159.0078339407,-7.680253236649648
2,7,11,23,2161.2325212184905,-1211871.8734000728,-7.678433949616499
2,7,11,24,2157.747832010779,-1211617.1921546694,-7.676820286353939
2,7,11,25,2154.652243662484,-1211390.603436935,-7.675384617665655
2,7,11,26,2151.7751761975187,-1211179.7177875799,-7.674048443796917
2,7,11,27,2149.273569660363,-1210996.123680934,-7.672885189452658
2,7,11,28,2147.0576162604493,-1210833.315224565,-7.671853633224555
2,7,11,29,2145.0078504572557,-1210682.5670757822,-7.670898491242252
2,7,11,30,2142.895519667803,-1210527.066850134,-7.6699132400469745
2,7,11,31,2140.811891422322,-1210373.5293308294,-7.6689404245813755
2,7,11,32,2139.0654482771097,-1210244.723001982,-7.668124306219315
2,7,11,33,2137.6213058747594,-1210138.1329574715,-7.667448950487059
2,7,11,34,2136.1889649879995,-1210032.342811624,-7.666778662921814
2,7,11,35,2134.652645187162,-1209918.794094946,-7.666059216963695
2,7,11,36,2133.3714762260306,-1209824.0409562015,-7.665458860000769
2,7,11,37,2131.970439346948,-1209720.3574246669,-7.66480191996773
2,7,11,38,2130.4620374497936,-1209608.6521644157,-7.664094154170462
2,7,11,39,2129.049179652314,-1209503.9507011382,-7.663430764510342
2,7,11,40,2127.9011886380595,-1209418.826321235,-7.662891415472761
2,7,11,41,2126.8106474764822,-1209337.919345229,-7.662378787954158
2,7,11,42,2125.6048935758818,-1209248.4164592165,-7.6618116966521566
2,7,11,43,2124.5157116245323,-1209167.523031124,-7.661299154973287
2,7,11,44,2123.4587520688724,-1209088.9830975067,-7.660801525062135
2,7,11,45,2122.5730444658484,-1209023.1383425468,-7.660384331947099
2,7,11,46,2121.47758880039,-1208941.6626036607,-7.659868100740431
2,7,11,47,2120.741801200528,-1208886.9139564082,-7.659521212689815
2,7,11,48,2120.0178921059733,-1208833.0306270295,-7.659179807303073
2,7,11,49,2119.1966224792986,-1208771.878098034,-7.6587923441850245
2,7,11,50,2118.444639146777,-1208715.8639055511,-7.6584374376254605
2,7,11,51,2117.764749165522,-1208665.2027285192,-7.6581164478325725
2,7,11,52,2117.099794964612,-1208615.638738271,-7.657802409827604
2,7,11,53,2116.3794638780982,-1208561.9295270676,-7.657462107655597
2,7,11,54,2115.72374572375,-1208513.022078186,-7.657152229504182
2,7,11,55,2114.982000951636,-1208457.6799664428,-7.656801581255815
2,7,11,56,2114.1367463036004,-1208394.5912426026,-7.656401850385246
2,7,11,57,2113.5394478782036,-1208349.9944418161,-7.656119284549105
2,7,11,58,2112.9881003775117,-1208308.8173417787,-7.655858385975737
2,7,11,59,2112.3934897093354,-1208264.3971107744,-7.655576938887741
2,7,11,60,2111.652662940525,-1208209.036348017,-7.655226172466336
2,7,11,61,2111.0167296241434,-1208161.4986059463,-7.654924972792827
2,7,11,62,2110.3611312846056,-1208112.4758560415,-7.6546143640928195
2,7,11,63,2109.853246768317,-1208074.4880238401,-7.654373672756672
2,7,11,64,2109.4827264299884,-1208046.7687407683,-7.654198043064401
2,7,11,65,2108.9425132414613,-1208006.3457095465,-7.6539419222796115
2,7,11,66,2108.4137343017524,-1207966.768250098,-7.6536911590471775
2,7,11,67,2107.9656919273802,-1207933.2259025148,-7.653478634352046
2,7,11,68,2107.5198030366814,-1207899.837695065,-7.65326708629055
2,7,11,69,2107.1144976159085,-1207869.4822527734,-7.653074753863531
2,7,11,70,2106.7811448423267,-1207844.5113440834,-7.652916537902548
2,7,11,71,2106.4396213726623,-1207818.9242840742,-7.6527544179998115
2,7,11,72,2106.151267997868,-1207797.3175163139,-7.6526175172739554
2,7,11,73,2105.7639076896457,-1207768.2873481608,-7.652433581798925
2,7,11,74,2105.262894320132,-1207730.7316914648,-7.652195628731688
2,7,11,75,2104.8896316917185,-1207702.7463422844,-7.652018313241531
2,7,11,76,2104.540506172862,-1207676.5661797866,-7.651852435434692
2,7,11,77,2104.263149626993,-1207655.7647204814,-7.651720637152351
2,7,11,78,2103.939300324847,-1207631.472881689,-7.65156672378595
2,7,11,79,2103.6643715274863,-1207610.8476205305,-7.651436041897068
2,7,11,80,2103.4660328818263,-1207595.9665073815,-7.651341754995194
2,7,11,81,2103.180336009136,-1207574.5285436744,-7.651205923813737
2,7,11,82,2102.8525523493136,-1207549.9289074184,-7.651050060239111
2,7,11,83,2102.665014993735,-1207535.8528060578,-7.650960873901068
2,7,11,84,2102.4688160345154,-1207521.1252417983,-7.650867559886701
2,7,11,85,2102.2789909631265,-1207506.874821672,-7.65077726906298
2,7,11,86,2102.078117937369,-1207491.793615622,-7.650681714370213
2,7,11,87,2101.877400996373,-1207476.722688613,-7.650586224805567
2,7,11,88,2101.637203143557,-1207458.6854267854,-7.65047194050983
2,7,11,89,2101.3682564372334,-1207438.4868706656,-7.650343962228917
2,7,11,90,2101.0236591972666,-1207412.602995766,-7.650179961703666
2,7,11,91,2100.6881773375626,-1207387.3997295138,-7.65002027352253
2,7,11,92,2100.520343113999,-1207374.789577115,-7.649940375453754
2,7,11,93,2100.305632840284,-1207358.655943728,-7.649838152569431
2,7,11,94,2100.1365854444375,-1207345.9523230046,-7.649757662284288
2,7,11,95,2099.9709668004557,-1207333.505375382,-7.649678798282827
2,7,11,96,2099.77854689722,-1207319.0429659407,-7.649587164292399
2,7,11,97,2099.5597654458506,-1207302.5975946132,-7.649482966232945
2,7,11,98,2099.4052496239306,-1207290.9819116697,-7.649409369133929
2,7,11,99,2099.266687418577,-1207280.5648102232,-7.6493433662608865
2,7,11,100,2099.0965664457026,-1207267.7741814482,-7.649262324691741
2,7,11,101,2098.9041489137953,-1207253.3059255776,-7.649170653658271
2,7,11,102,2098.7133669704967,-1207238.9593432825,-7.649079753549956
2,7,11,103,2098.4759455936587,-1207221.1037078497,-7.6489666200411195
2,7,11,104,2098.2907077973086,-1207207.1712148828,-7.648878343607489
2,7,11,105,2098.1366151254365,-1207195.5803370452,-7.648804903673906
2,7,11,106,2097.9652742960793,-1207182.6910502054,-7.648723237006142
2,7,11,107,2097.831080778383,-1207172.595472286,-7.6486592713098185
2,7,11,108,2097.699742368558,-1207162.7140630311,-7.648596662588584
2,7,11,109,2097.5700520313253,-1207152.9560414713,-7.648534835653188
2,7,11,110,2097.4136951251226,-1207141.1908002733,-7.648460290951373
2,7,11,111,2097.2819791724846,-1207131.279013105,-7.648397489755335
2,7,11,112,2097.1031562615804,-1207117.8213731945,-7.648312221996062
2,7,11,113,2096.9497797532968,-1207106.2778338403,-7.648239081999647
2,7,11,114,2096.824684534031,-1207096.8621971912,-7.648179424418932
2,7,11,115,2096.7785437604766,-1207093.3891428213,-7.648157419107011
2,7,42,1,4044.9384300247984,-1310796.515966689,-8.305221608122062
2,7,42,2,3169.6400792826653,-1272310.428469974,-8.061373320766746
2,7,42,3,2868.095558448005,-1256532.3947560815,-7.9614035200096405
2,7,42,4,2713.483774007801,-1247786.3709321157,-7.905988613757481
2,7,42,5,2612.1994361050242,-1241782.4718925364,-7.867947841273642
2,7,42,6,2537.852506207175,-1237225.2974722693,-7.839073532404068
2,7,42,7,2480.1786735380915,-1233597.202638801,-7.816085882345344
2,7,42,8,2433.604494858096,-1230605.2392752708,-7.797128768502869
2,7,42,9,2396.3105659536727,-1228167.8700389198,-7.781685569347136
2,7,42,10,2366.8512879449554,-1226215.5709747004,-7.76931578030958
2,7,42,11,2343.533494771645,-1224652.9679633619,-7.759415109887738
2,7,42,12,2323.9749622391087,-1223330.2485001602,-7.75103434435056
2,7,42,13,2307.838380915064,-1222230.5432778848,-7.7440665995760245
2,7,42,14,2294.2924095895078,-1221301.4346393659,-7.738179756693146
2,7,42,15,2282.8995657489113,-1220515.7505427916,-7.73320165333649
2,7,42,16,2272.963150045286,-1219827.2982332564,-7.728839611686497
2,7,42,17,2264.1227187274903,-1219212.2473392973,-7.724942642239003
2,7,42,18,2255.615825945344,-1218618.1300264525,-7.721178308199131
2,7,42,19,2248.078137901089,-1218089.826216731,-7.717830969262304
2,7,42,20,2240.9996219194227,-1217592.0897077853,-7.714677305090258
2,7,42,21,2235.0773800399347,-1217174.4489315604,-7.712031128390149
2,7,42,22,2229.9429311276585,-1216811.4673083464,-7.709731272704124
2,7,42,23,2225.6084800085687,-1216504.3906285355,-7.707785631374253
2,7,42,24,2221.4793737605287,-1216211.3050005382,-7.705928637507529
2,7,42,25,2217.869960266601,-1215954.660796362,-7.704302536915896
2,7,42,26,2214.3589768342727,-1215704.614322262,-7.702718239616937
2,7,42,27,2210.691540404534,-1215443.0018108983,-7.701060659774554
2,7,42,28,2207.418293024549,-1215209.1415396575,-7.699578918440691
2,7,42,29,2204.358424693261,-1214990.2125197516,-7.698191781684819
2,7,42,30,2201.536138522686,-1214788.012564095,-7.696910640469974
2,7,42,31,2199.3086734167096,-1214628.2448795754,-7.695898350606834
2,7,42,32,2196.921679845516,-1214456.8551078376,-7.6948124230671215
2,7,42,33,2194.6176779082384,-1214291.2475513536,-7.693763131708908
2,7,42,34,2192.7338662163233,-1214155.713278801,-7.6929043850191405
2,7,42,35,2191.045479847475,-1214034.1402542654,-7.692134096955328
2,7,42,36,2189.5496471005504,-1213926.3538493977,-7.6914511610702645
2,7,42,37,2187.804556847896,-1213800.513395939,-7.690653834528341
2,7,42,38,2186.400605469293,-1213699.199974383,-7.690011911539036
2,7,42,39,2185.108441485598,-1213605.8959638148,-7.68942073626869
2,7,42,40,2183.9229808468367,-1213520.2481997225,-7.688878071062945
2,7,42,41,2182.566282974125,-1213422.1717333407,-7.688256657458377
2,7,42,42,2181.432869514789,-1213340.189873477,-7.687737219463448
2,7,42,43,2180.432768447349,-1213267.815358928,-7.687278653717515
2,7,42,44,2179.311890204197,-1213186.6610762307,-7.686764459260909
2,7,42,45,2178.2545853271954,-1213110.0713932784,-7.686279186160114
2,7,42,46,2177.370738080982,-1213046.0182047086,-7.685873344430067
2,7,42,47,2176.3917698785026,-1212975.0411609297,-7.685423633074802
2,7,42,48,2175.417447151146,-1212904.3692163138,-7.684975854831296
2,7,42,49,2174.577661045006,-1212843.4304060808,-7.684589745837752
2,7,42,50,2173.5411474715797,-1212768.183673151,-7.6841129816835485
2,7,42,51,2172.500353530391,-1212692.59008793,-7.683634019869288
2,7,42,52,2171.6021408058514,-1212627.323156455,-7.683220487850414
2,7,42,53,2170.7314979298844,-1212564.0337654955,-7.682819485550698
2,7,42,54,2169.9315076287608,-1212505.8579197717,-7.682450882731655
2,7,42,55,2169.0603025314867,-1212442.4788833705,-7.682049312437403
2,7,42,56,2168.0869945757136,-1212371.6418837947,-7.681600488403799
2,7,42,57,2167.1110761801865,-1212300.5829616338,-7.681150258266174
2,7,42,58,2166.298187361531,-1212241.3701755002,-7.6807750853809225
2,7,42,59,2165.741477564147,-1212200.8052678902,-7.680518065665726
2,7,42,60,2165.0786877569863,-1212152.497193896,-7.680211985160402
2,7,42,61,2164.327920033509,-1212097.7588982433,-7.6798651626976415
2,7,42,62,2163.5837595851167,-1212043.4835963885,-7.67952127376884
2,7,42,63,2162.9525034080034,-1211997.4283251173,-7.679229467047148
2,7,42,64,2162.434929884889,-1211959.6570985366,-7.678990148126673
2,7,42,65,2161.7997949565147,-1211913.2941776616,-7.678696392133599
2,7,42,66,2161.190705254389,-1211868.8196824535,-7.678414601226991
2,7,42,67,2160.710589177976,-1211833.7537449147,-7.678192423048602
2,7,42,68,2160.3334881174346,-1211806.2061868387,-7.678017881407853
2,7,42,69,2160.0038780854015,-1211782.1239507413,-7.677865296086507
2,7,42,70,2159.6136787535297,-1211753.6101392717,-7.677684632253286
2,7,42,71,2159.183579484008,-1211722.1746707023,-7.677485456767508
2,7,42,72,2158.7648028445046,-1211691.5607430614,-7.677291486574381
2,7,42,73,2158.279372071574,-1211656.0667498342,-7.67706659623029
2,7,42,74,2157.8663428332834,-1211625.8603651912,-7.676875208234224
2,7,42,75,2157.506213730392,-1211599.5180480734,-7.676708303013872
2,7,42,76,2157.2032425770863,-1211577.3532503059,-7.676567866603555
2,7,42,77,2156.8741414449446,-1211553.2733050657,-7.676415295797106
2,7,42,78,2156.6239012025203,-1211534.9610598136,-7.67629926920327
2,7,42,79,2156.337142695036,-1211513.9738441512,-7.676166293966541
2,7,42,80,2156.1134137190757,-1211497.597681045,-7.676062534411163
2,7,42,81,2155.796287363912,-1211474.3822512506,-7.675915441184394
2,7,42,82,2155.468169779028,-1211450.3586067713,-7.675763227100206
2,7,42,83,2155.175252843557,-1211428.909143371,-7.6756273230565615
2,7,42,84,2154.7512595997905,-1211397.8561749735,-7.675430571096216
2,7,42,85,2154.323557789955,-1211366.5254024412,-7.675232058965717
2,7,42,86,2153.9867733129595,-1211341.8502901774,-7.675075717174249
2,7,42,87,2153.763547646171,-1211325.4931394865,-7.67497207808175
2,7,42,88,2153.5769419323274,-1211311.818062397,-7.6748854326380425
2,7,42,89,2153.328525960099,-1211293.611488605,-7.674770075579776
2,7,42,90,2153.1117999595413,-1211277.725778526,-7.674669423540347
2,7,42,91,2152.840059573946,-1211257.8053321142,-7.674543207365703
2,7,42,92,2152.5776142202403,-1211238.5638886704,-7.674421293361574
2,7,42,93,2152.381212516433,-1211224.1629666744,-7.674330048956297
2,7,42,94,2152.1966320100596,-1211210.627622104,-7.674244288859417
2,7,42,95,2152.0761857935163,-1211201.794638567,-7.674188322975435
2,7,42,96,2151.962299216229,-1211193.4422547363,-7.67413540217665
2,7,42,97,2151.7528669509497,-1211178.0814446853,-7.674038075909758
2,7,42,98,2151.5299097431703,-1211161.7270045767,-7.6739344539915395
2,7,42,99,2151.335843887623,-1211147.4904340566,-7.67384425091908
2,7,42,100,2151.169650242546,-1211135.2975335878,-7.67376699656327
2,7,42,101,2151.0423915973183,-1211125.9604868456,-7.673707836929097
2,7,42,102,2150.8947651990125,-1211115.128353157,-7.673639204407057
2,7,42,103,2150.764462066421,-1211105.5667018357,-7.673578621675722
2,7,42,104,2150.5689949814428,-1211091.222229631,-7.673487734936963
2,7,42,105,2150.389740228868,-1211078.066363301,-7.673404379218522
2,7,42,106,2150.1417740315655,-1211059.865818135,-7.6732890603577
2,7,42,107,2149.932359732676,-1211044.4933203766,-7.673191660037361
2,7,42,108,2149.697156345849,-1211027.22593488,-7.673082253686799
2,7,42,109,2149.370707090895,-1211003.2566304882,-7.672930383902021
2,7,42,110,2149.1020355423766,-1210983.5268819223,-7.672805375991094
2,7,42,111,2148.8285216069567,-1210963.4390015418,-7.672678098952923
2,7,42,112,2148.575250387993,-1210944.8355413536,-7.672560227217943
2,7,42,113,2148.314863110691,-1210925.7071009388,-7.672439029202288
2,7,42,114,2148.093468646752,-1210909.4413073794,-7.6723359689496125
2,7,42,115,2147.870951656071,-1210893.0913527706,-7.672232375451571
2,7,42,116,2147.638612299221,-1210876.0178691698,-7.672124197665622
2,7,42,117,2147.415148583024,-1210859.594870346,-7.672020141358605
2,7,42,118,2147.2261055011263,-1210845.7002096355,-7.671932104630582
2,7,42,119,2147.076206479992,-1210834.6817665924,-7.671862291650356
2,7,42,120,2146.844212190948,-1210817.627330964,-7.671754234552576
2,7,42,121,2146.6223984791263,-1210801.3195695605,-7.671650908391163
2,7,42,122,2146.4482232212563,-1210788.513009857,-7.671569765883474
2,7,42,123,2146.312141014587,-1210778.5065894192,-7.671506365089966
2,7,42,124,2146.2124210627503,-1210771.173561811,-7.671459902943781
2,7,97,1,4105.19777385338,-1313130.4119381472,-8.320009199496585
2,7,97,2,3237.507767724048,-1275654.138471591,-8.082559105301918
2,7,97,3,2912.8876199822225,-1258978.2012025372,-7.976900177424393
2,7,97,4,2738.1253533099734,-1249213.1634896009,-7.915028787601699
2,7,97,5,2628.347580041461,-1242755.1326929259,-7.874110631148629
2,7,97,6,2551.4483502859466,-1238068.5606411928,-7.844416457416889
2,7,97,7,2493.2355282569006,-1234425.905786141,-7.821336554896096
2,7,97,8,2448.103682267757,-1231542.773595837,-7.803068996602865
2,7,97,9,2413.4088800170166,-1229290.0161891752,-7.788795500096151
2,7,97,10,2385.2839208493547,-1227439.946985937,-7.777073440618502
2,7,97,11,2362.914998720709,-1225952.870130108,-7.7676513047755025
2,7,97,12,2343.749368010622,-1224667.5055291895,-7.759507220069883
2,7,97,13,2327.5414832939223,-1223572.2758054223,-7.752567832104711
2,7,97,14,2313.518613094848,-1222618.5246163083,-7.746524853741467
2,7,97,15,2301.4325240960306,-1221791.8516748985,-7.741287044598541
2,7,97,16,2291.3160651384796,-1221096.5542791819,-7.736881632404781
2,7,97,17,2282.7270192405954,-1220503.8211088702,-7.733126068307716
2,7,97,18,2274.9389397727236,-1219964.4317750793,-7.729708491364519
2,7,97,19,2268.171048626981,-1219494.197280805,-7.726729080269693
2,7,97,20,2261.938135528849,-1219059.8903847833,-7.72397730684532
2,7,97,21,2256.3783912929644,-1218671.4785721444,-7.721516325190362
2,7,97,22,2251.0787435012553,-1218300.3455043936,-7.719164821859199
2,7,97,23,2246.0319535869658,-1217946.1069069363,-7.716920362083637
2,7,97,24,2241.715816104832,-1217642.521415271,-7.714996840961497
2,7,97,25,2237.7921813126663,-1217366.0358768133,-7.713245025450575
2,7,97,26,2233.988752988371,-1217097.5577741785,-7.711543945143944
2,7,97,27,2230.7487249433734,-1216868.4884331117,-7.710092559198062
2,7,97,28,2227.6352285072853,-1216648.05116233,-7.708695866147515
2,7,97,29,2224.5372039214153,-1216428.403288993,-7.707304174728141
2,7,97,30,2221.265487291362,-1216196.1084161124,-7.7058323517760625
2,7,97,31,2218.595959980533,-1216006.3159137159,-7.704629824325949
2,7,97,32,2215.9277142196956,-1215816.3861833988,-7.703426427398172
2,7,97,33,2213.2933432440727,-1215628.6432164193,-7.702236885827732
2,7,97,34,2211.1184128758146,-1215473.4745943595,-7.7012537356765565
2,7,97,35,2209.2544121887836,-1215340.3674880078,-7.700410367539396
2,7,97,36,2207.3720869045183,-1215205.8378179017,-7.699557986022136
2,7,97,37,2205.7379744141804,-1215088.9548422548,-7.698817414161332
2,7,97,38,2203.855854263277,-1214954.2253008245,-7.697963766257093
2,7,97,39,2201.7977536625663,-1214806.7666242488,-7.697029466408044
2,7,97,40,2199.874432225388,-1214668.8399535262,-7.696155561456308
2,7,97,41,2198.0144385497197,-1214535.3399456942,-7.695309703890908
2,7,97,42,2196.122367273871,-1214399.421626818,-7.694448523879273
2,7,97,43,2194.510286862637,-1214283.524234064,-7.693714196682869
2,7,97,44,2193.257359395336,-1214193.3886308933,-7.693143096477769
2,7,97,45,2191.912000862014,-1214096.5461895575,-7.692529501669903
2,7,97,46,2190.671820632182,-1214007.2220928553,-7.691963543179
2,7,97,47,2189.296036778032,-1213908.071949136,-7.691335326742631
2,7,97,48,2188.0099785421094,-1213815.3318005656,-7.690747724108305
2,7,97,49,2186.8441239968092,-1213731.2126545466,-7.690214744244029
2,7,97,50,2185.8727675061623,-1213661.092745789,-7.68977046370599
2,7,97,51,2184.8873812597853,-1213589.9282170413,-7.689319564443833
2,7,97,52,2183.7882632586334,-1213510.5121130953,-7.68881638310753
2,7,97,53,2182.511126429285,-1213418.1831455824,-7.688231385721053
2,7,97,54,2181.2922590340618,-1213330.0162914584,-7.687672759532266
2,7,97,55,2180.1333375194336,-1213246.1399234836,-7.687141317912434
2,7,97,56,2178.8778758594076,-1213155.2261824273,-7.686565287416854
2,7,97,57,2177.7483539637565,-1213073.3875410855,-7.686046756856106
2,7,97,58,2176.792066280794,-1213004.0672637257,-7.685607542791683
2,7,97,59,2175.9394179792357,-1212942.2340087472,-7.685215766586076
2,7,97,60,2174.977210787213,-1212872.4265395927,-7.6847734656689095
2,7,97,61,2174.1796584361837,-1212814.5412539365,-7.684406703841755
2,7,97,62,2173.399048774019,-1212757.865080194,-7.684047602961415
2,7,97,63,2172.550781603355,-1212696.2535485672,-7.683657231597481
2,7,97,64,2171.6180974197273,-1212628.4828491793,-7.683227835676681
2,7,97,65,2170.802160275982,-1212569.1713494181,-7.682852037340764
2,7,97,66,2170.143094444799,-1212521.2467446607,-7.682548386500878
2,7,97,67,2169.5010041017977,-1212474.5425297096,-7.682252468064663
2,7,97,68,2168.7868736491964,-1212422.582039642,-7.681923245809628
2,7,97,69,2168.0761099628303,-1212370.8495258319,-7.681595468014749
2,7,97,70,2167.4765571253906,-1212327.1982393193,-7.681318892967783
2,7,97,71,2166.927317634308,-1212287.1994882259,-7.681065460426704
2,7,97,72,2166.434881281578,-1212251.3288448567,-7.680838183623037
2,7,97,73,2165.9751091643593,-1212217.8302082324,-7.680625935881038
2,7,97,74,2165.5872229566194,-1212189.5635922335,-7.680446838281125
2,7,97,75,2165.243263041596,-1212164.4938021514,-7.68028799580652
2,7,97,76,2164.8261514192036,-1212134.0869485694,-7.680095337636981
2,7,97,77,2164.2586171803246,-1212092.7050865109,-7.679833141689123
2,7,97,78,2163.708217669589,-1212052.5622398749,-7.67957879615705
2,7,97,79,2163.3478890017936,-1212026.2764919158,-7.67941224935953
2,7,97,80,2162.979898889153,-1211999.4273272268,-7.679242132747211
2,7,97,81,2162.513689626909,-1211965.4053714797,-7.679026569249308
2,7,97,82,2162.0790246463316,-1211933.6787746332,-7.67882554917146
2,7,97,83,2161.7833819082693,-1211912.095894445,-7.678688799797532
2,7,97,84,2161.527176688491,-1211893.3896937561,-7.678570277097576
2,7,97,85,2161.334272139236,-1211879.3037742418,-7.678481028551599
2,7,97,86,2161.05821368415,-1211859.1437568201,-7.678353294452316
2,7,97,87,2160.786367681905,-1211839.2888499205,-7.678227493536765
2,7,97,88,2160.601888918715,-1211825.8135903394,-7.6781421141390584
2,7,97,89,2160.4307257484356,-1211813.3099398178,-7.678062890867386
2,7,97,90,2160.2991972034283,-1211803.7009674553,-7.678002008309395
2,7,97,91,2160.152523544891,-1211792.9848610456,-7.677934110937512
2,7,97,92,2160.005095333454,-1211782.2128930683,-7.677865859626102
2,7,97,93,2159.8584667708083,-1211771.4986228321,-7.677797973888233
2,7,97,94,2159.672736725632,-1211757.9261307225,-7.6777119784241235
2,7,97,95,2159.358850460949,-1211734.9857838093,-7.677566628125613
2,7,97,96,2159.0265049465343,-1211710.6927095996,-7.677412706931594
2,7,97,97,2158.6922939928963,-1211686.259508202,-7.677257897890121
2,7,97,98,2158.4769730245935,-1211670.5160079075,-7.677158146893501
2,7,97,99,2158.321170850526,-1211659.1233299458,-7.677085962756582
2,7,97,100,2158.2378141394606,-1211653.0277232176,-7.677047340923142
2,7,2026,1,3939.6456240484963,-1306633.7151862094,-8.278846055111954
2,7,2026,2,3089.725537845373,-1268280.1677749655,-8.035837543243058
2,7,2026,3,2781.6503164138135,-1251702.2502455055,-7.930799669548531
2,7,2026,4,2618.8463773767307,-1242183.5672180413,-7.870489185810131
2,7,2026,5,2517.8206097558814,-1235974.5794666095,-7.83114896891939
2,7,2026,6,2446.6084406149193,-1231446.3466759282,-7.802458034543479
2,7,2026,7,2393.012293609752,-1227950.4865694584,-7.7803082252164275
2,7,2026,8,2352.2903088473763,-1225241.6067674577,-7.763144732033972
2,7,2026,9,2319.1659492325903,-1223003.3158523417,-7.748962895381945
2,7,2026,10,2292.5675322544716,-1221182.7329757798,-7.737427661604911
2,7,2026,11,2270.2059600753505,-1219635.7307078342,-7.727625837670339
2,7,2026,12,2251.965735560961,-1218362.522187418,-7.719558774028804
2,7,2026,13,2237.0136453053406,-1217311.1173900834,-7.712897061295102
2,7,2026,14,2224.5348728368035,-1216428.2379015074,-7.707303126831154
2,7,2026,15,2214.554858933047,-1215718.5751627984,-7.702806695661089
2,7,2026,16,2206.6052343048896,-1215150.9980194594,-7.699210520436548
2,7,2026,17,2199.475581297392,-1214640.2221603328,-7.6959742387937045
2,7,2026,18,2193.2287411255916,-1214191.3292311032,-7.693130048097316
2,7,2026,19,2187.4994400882765,-1213778.5007686797,-7.690514362272092
2,7,2026,20,2182.528763108464,-1213419.4585345236,-7.688239466599866
2,7,2026,21,2178.037884762936,-1213094.3693177549,-7.686179697631313
2,7,2026,22,2174.173733595413,-1212814.1111574448,-7.6844039787455
2,7,2026,23,2170.9144102293535,-1212577.332262438,-7.682903744978319
2,7,2026,24,2167.7959920390945,-1212350.456649525,-7.681466258518927
2,7,2026,25,2164.9446882194197,-1212142.7287112873,-7.6801500919436805
2,7,2026,26,2162.4960576924864,-1211964.1185244627,-7.6790184157719965
2,7,2026,27,2160.462740597984,-1211815.6487337335,-7.67807770949219
2,7,2026,28,2158.6668918760097,-1211684.4022778298,-7.677246130457395
2,7,2026,29,2156.8713075222713,-1211553.0659343004,-7.676413981893583
2,7,2026,30,2155.1249801876306,-1211425.22752849,-7.675603996302874
2,7,2026,31,2153.6192644553466,-1211314.9196992128,-7.674905084644124
2,7,2026,32,2152.044249177228,-1211199.4524679182,-7.674173482955611
2,7,2026,33,2150.5668487232633,-1211091.0647179186,-7.673486736940965
2,7,2026,34,2149.2399084889544,-1210993.6518146072,-7.672869527679545
2,7,2026,35,2148.157507052823,-1210914.146364701,-7.672365780246223
2,7,2026,36,2147.0245251419383,-1210830.8827116878,-7.671838220795346
2,7,2026,37,2146.1613538913616,-1210767.4181435045,-7.671436108570751
2,7,2026,38,2145.2590462243006,-1210701.0487817093,-7.67101559154085
2,7,2026,39,2144.473649720891,-1210643.2561081273,-7.670649416504849
2,7,2026,40,2143.48379038022,-1210570.3880701503,-7.670187723788874
2,7,2026,41,2142.5383086019106,-1210500.755437802,-7.669746530639697
2,7,2026,42,2141.932684204227,-1210456.1363993094,-7.669463823905197
2,7,2026,43,2141.375583603437,-1210415.081182818,-7.669203697587361
2,7,2026,44,2140.6006549893627,-1210357.955487661,-7.668841748534234
2,7,2026,45,2139.817099262348,-1210300.172793651,-7.668475636728914
2,7,2026,46,2139.115969556596,-1210248.4506010343,-7.668147924329234
2,7,2026,47,2138.448298262808,-1210199.1808675064,-7.6678357507381865
2,7,2026,48,2137.776053303954,-1210149.558083706,-7.667521340216603
2,7,2026,49,2137.1865209488597,-1210106.0280122664,-7.667245533189715
2,7,2026,50,2136.6743659234216,-1210068.2016038354,-7.667005864636411
2,7,2026,51,2136.2399897770924,-1210036.1126299165,-7.666802548533318
2,7,2026,52,2135.772396256405,-1210001.5624723753,-7.66658363834285
2,7,2026,53,2135.3763171129276,-1209972.2905441746,-7.666398171073413
2,7,2026,54,2134.827343755332,-1209931.7101061249,-7.666141052957174
2,7,2026,55,2134.2885378702604,-1209891.8711052458,-7.665888632595267
2,7,2026,56,2133.8066602846834,-1209856.2328299175,-7.665662828078145
2,7,2026,57,2133.4497962028836,-1209829.8350049881,-7.665495571159668
2,7,2026,58,2133.207465508303,-1209811.906886295,-7.66538197839607
2,7,2026,59,2132.9842123810795,-1209795.3883623953,-7.665277316841089
2,7,2026,60,2132.7606787077048,-1209778.8473485587,-7.665172512789611
2,7,2026,61,2132.420462360812,-1209753.6687388185,-7.665012980832415
2,7,2026,62,2132.1326583192263,-1209732.3659035347,-7.664878005826182
2,7,2026,63,2131.7474217131357,-1209703.8467509833,-7.664697308151807
2,7,2026,64,2131.334138450603,-1209673.245567289,-7.664503418704469
2,7,2026,65,2130.970750313153,-1209646.3339199089,-7.6643329062011105
2,7,2026,66,2130.566371104293,-1209616.3811774363,-7.664143125284717
2,7,2026,67,2130.2417479945507,-1209592.33192911,-7.663990748974263
2,7,2026,68,2130.049159135232,-1209578.0625211415,-7.663900337843358
2,7,2026,69,2129.819303503031,-1209561.0302324346,-7.663792421068725
2,7,2026,70,2129.597679291507,-1209544.6061508155,-7.663688357901104
2,7,2026,71,2129.50381584119,-1209537.649622235,-7.6636442812570325
2,7,31415,1,3951.8767362563863,-1307122.9524803995,-8.281945868162808
2,7,31415,2,3104.7440856101744,-1269045.4801084565,-8.040686570877515
2,7,31415,3,2780.948667029316,-1251662.434353699,-7.93054739560597
2,7,31415,4,2603.867508785401,-1241278.255762898,-7.864753122151316
2,7,31415,5,2497.4411524278453,-1234691.9079542807,-7.823021947653653
2,7,31415,6,2428.711475569662,-1230287.5899437047,-7.795116138731434
2,7,31415,7,2380.5378102375525,-1227125.59641408,-7.775081711826037
2,7,31415,8,2344.57103768833,-1224722.8270396662,-7.7598577377883915
2,7,31415,9,2316.3216657553985,-1222809.632828565,-7.747735717544194
2,7,31415,10,2293.7301082562376,-1221262.7483012206,-7.737934639615408
2,7,31415,11,2274.6891080358946,-1219947.0982950737,-7.729598666238397
2,7,31415,12,2258.6903739030463,-1218833.1131528132,-7.7225404437286995
2,7,31415,13,2244.275850825533,-1217822.6578193305,-7.716138187262909
2,7,31415,14,2231.50187623304,-1216921.76574696,-7.710430124863522
2,7,31415,15,2220.300274933897,-1216127.512093776,-7.705397724698887
2,7,31415,16,2210.5755631870647,-1215434.721627026,-7.7010081964355255
2,7,31415,17,2202.263682135687,-1214840.161507768,-7.697241056769192
2,7,31415,18,2194.7961048243296,-1214304.0787696994,-7.693844430454035
2,7,31415,19,2187.9310856339707,-1213809.6409058645,-7.690711666534864
2,7,31415,20,2181.577079136734,-1213350.6231828155,-7.687803325029877
2,7,31415,21,2176.4344961291986,-1212978.1395610417,-7.685443264573091
2,7,31415,22,2172.018138813455,-1212657.5542215658,-7.683412032222203
2,7,31415,23,2167.7824448045117,-1212349.4703299506,-7.681460009186903
2,7,31415,24,2163.962541285506,-1212071.1123514406,-7.679696329874551
2,7,31415,25,2160.3353715686644,-1211806.3437865253,-7.67801875324103
2,7,31415,26,2156.9986425923976,-1211562.3833405671,-7.67647301708548
2,7,31415,27,2154.194412794847,-1211357.063821251,-7.675172110279868
2,7,31415,28,2151.8193314505024,-1211182.956445523,-7.674068963970417
2,7,31415,29,2149.511588366436,-1211013.601184461,-7.672995927113447
2,7,31415,30,2147.225172920222,-1210845.6316619355,-7.671931670311577
2,7,31415,31,2144.889463250807,-1210673.8559973307,-7.670843297750277
2,7,31415,32,2143.0743797672453,-1210540.2396593012,-7.669996703115425
2,7,31415,33,2141.432056669522,-1210419.2434202207,-7.669230069570803
2,7,31415,34,2139.908407584453,-1210306.9073423226,-7.668518306905762
2,7,31415,35,2138.244796313912,-1210184.1607082833,-7.667740582838808
2,7,31415,36,2136.656059107195,-1210066.8493432312,-7.666997296697868
2,7,31415,37,2135.2686326262938,-1209964.3312652553,-7.66634774099181
2,7,31415,38,2134.0391400633002,-1209873.427367983,-7.665771772866557
2,7,31415,39,2132.8540932186033,-1209785.7600334666,-7.665216311639675
2,7,31415,40,2131.7641623693817,-1209705.0861726394,-7.664705161141492
2,7,31415,41,2130.7878023835256,-1209632.7835014616,-7.664247050595976
2,7,31415,42,2129.620814585823,-1209546.3207363605,-7.663699221534585
2,7,31415,43,2128.61318456674,-1209471.626751177,-7.663225959596377
2,7,31415,44,2127.806241087723,-1209411.7838343044,-7.662846794195608
2,7,31415,45,2126.9372244585616,-1209347.3121877457,-7.662438301110992
2,7,31415,46,2126.2623049295244,-1209297.222273277,-7.66212093084419
2,7,31415,47,2125.598956489395,-1209247.9756247993,-7.661808903520283
2,7,31415,48,2124.980718456814,-1209202.0641113794,-7.66151800764997
2,7,31415,49,2124.4773853327038,-1209164.6757862126,-7.661281114797201
2,7,31415,50,2124.0924186393563,-1209136.0739148783,-7.6610998930156775
2,7,31415,51,2123.7119178312055,-1209107.7987510748,-7.660920741256779
2,7,31415,52,2123.3369368044214,-1209079.9288076507,-7.660744156978804
2,7,31415,53,2122.9270705373315,-1209049.4604367292,-7.660551109034704
2,7,31415,54,2122.56613204769,-1209022.6243555665,-7.660381075319756
2,7,31415,55,2122.2589125740833,-1208999.7787331177,-7.660236325196529
2,7,31415,56,2121.907723426418,-1208973.6593623776,-7.660070832566957
2,7,31415,57,2121.527124126286,-1208945.3477569635,-7.659891449913599
2,7,31415,58,2121.1978975977318,-1208920.8535159335,-7.659736254124322
2,7,31415,59,2120.8319762333394,-1208893.6247415212,-7.659563732300486
2,7,31415,60,2120.602084936476,-1208876.5157717182,-7.659455329673557
2,7,31415,61,2120.3668907201804,-1208859.0102285177,-7.659344414353079
2,7,31415,62,2120.1574155812204,-1208843.4173254375,-7.659245617542119
2,7,31415,63,2120.060023239122,-1208836.1671130166,-7.6591996801138995
2,8,11,1,4039.9599033860272,-1310602.140980324,-8.303990046001495
2,8,11,2,3092.0094135918284,-1268396.7886137895,-8.036576454201976
2,8,11,3,2748.5020785072843,-1249810.1567272448,-7.918811343533751
2,8,11,4,2581.048847951557,-1239889.0542383222,-7.855951125518426
2,8,11,5,2480.2839768713875,-1233603.9035518654,-7.816128339406603
2,8,11,6,2410.9510635485804,-1229129.2021969862,-7.787776580815737
2,8,11,7,2360.711964959001,-1225805.6525617326,-7.7667185325907475
2,8,11,8,2323.3054414311673,-1223284.772814758,-7.750746209891514
2,8,11,9,2295.1184705388882,-1221358.250449644,-7.738539742312162
2,8,11,10,2271.7641437071748,-1219744.020727483,-7.728311964464373
2,8,11,11,2252.920936230879,-1218429.452800583,-7.719982847153757
2,8,11,12,2236.768890067824,-1217293.8482316656,-7.71278764371129
2,8,11,13,2222.6083369530966,-1216291.4933398277,-7.706436711735736
2,8,11,14,2210.747791565641,-1215447.0177014666,-7.701086104502791
2,8,11,15,2200.191266196092,-1214691.5692832416,-7.696299574747457
2,8,11,16,2191.276833067847,-1214050.8044854614,-7.692239681713393
2,8,11,17,2183.0234769630506,-1213455.2293576782,-7.68846611094152
2,8,11,18,2175.6837044480926,-1212923.6851803656,-7.685098240998844
2,8,11,19,2169.247818727441,-1212456.1225921004,-7.682135759130828
2,8,11,20,2163.2778200497114,-1212021.164497806,-7.679379859706807
2,8,11,21,2157.7901592204116,-1211620.2881389272,-7.676839902545348
2,8,11,22,2152.4149353994735,-1211226.635750519,-7.674345716542813
2,8,11,23,2147.4448278465106,-1210861.7761842064,-7.672033962187991
2,8,11,24,2142.8534325714713,-1210523.9670314959,-7.669893599560888
2,8,11,25,2139.1441432132924,-1210250.5292927322,-7.668161094943434
2,8,11,26,2136.026020874481,-1210020.3035562749,-7.666702382063226
2,8,11,27,2132.971416436228,-1209794.441536615,-7.665271317742193
2,8,11,28,2129.9977831012034,-1209574.255719569,-7.663876217905372
2,8,11,29,2126.846400890325,-1209340.5725397558,-7.662395598624806
2,8,11,30,2123.9583462199234,-1209126.1115189502,-7.661036771161962
2,8,11,31,2121.414059695221,-1208936.9362649077,-7.6598381546044285
2,8,11,32,2119.5257807872804,-1208796.3903885754,-7.6589476543362105
2,8,11,33,2117.923627393403,-1208677.042803016,-7.658191466679018
2,8,11,34,2116.3034991950963,-1208556.2643950013,-7.657426213314503
2,8,11,35,2114.796919603897,-1208443.8678880725,-7.656714067770437
2,8,11,36,2113.366690593629,-1208337.0933099566,-7.656037542831162
2,8,11,37,2112.2207368022446,-1208251.4893069495,-7.65549515489615
2,8,11,38,2111.103555416104,-1208167.9899137113,-7.654966101792529
2,8,11,39,2110.0075769894047,-1208086.0323051147,-7.654446817453904
2,8,11,40,2108.951212453382,-1208006.9967355365,-7.6539460471876755
2,8,11,41,2107.7356686055496,-1207916.002613781,-7.6533695073990735
2,8,11,42,2106.4552967807176,-1207820.0987820623,-7.652761859632399
2,8,11,43,2105.252454267423,-1207729.9490164227,-7.652190669693734
2,8,11,44,2104.114278400347,-1207644.5983988428,-7.651649887211666
2,8,11,45,2103.1747793697496,-1207574.1115587757,-7.651203281792683
2,8,11,46,2102.1667332934435,-1207498.4468838857,-7.650723869553474
2,8,11,47,2101.0033660276076,-1207411.078574166,-7.650170302951098
2,8,11,48,2099.971667896999,-1207333.558067847,-7.649679132142884
2,8,11,49,2099.0699468881694,-1207265.7726831688,-7.649249643175918
2,8,11,50,2098.171717073986,-1207198.2207866486,-7.648821633592573
2,8,11,51,2097.39020634333,-1207139.423286206,-7.648449091962174
2,8,11,52,2096.6782998482436,-1207085.843436845,-7.64810960942827
2,8,11,53,2095.998271592284,-1207034.6458313565,-7.647785220818591
2,8,11,54,2095.3867323165578,-1206988.5904003216,-7.647493413084634
2,8,11,55,2094.9039517320093,-1206952.2223771077,-7.647262984876623
2,8,11,56,2094.400146155744,-1206914.2615965025,-7.647022464939697
2,8,11,57,2093.6777691441725,-1206859.8159427117,-7.646677496659095
2,8,11,58,2093.000435489382,-1206808.7481453908,-7.646353930515439
2,8,11,59,2092.37623414924,-1206761.6716418315,-7.6460556532543755
2,8,11,60,2091.9071692655893,-1206726.2860975796,-7.6458314500442235
2,8,11,61,2091.4172585593305,-1206689.3195038408,-7.64559722928657
2,8,11,62,2091.0118087867013,-1206658.7194262855,-7.6454033468477425
2,8,11,63,2090.6382408549366,-1206630.5202804978,-7.645224676739855
2,8,11,64,2090.2289456154867,-1206599.6184381875,-7.645028882316113
2,8,11,65,2089.89498378533,-1206574.3997945625,-7.644869096703769
2,8,11,66,2089.547731750086,-1206548.1732863532,-7.644702925249976
2,8,11,67,2089.2724011368628,-1206527.3756072454,-7.644571150919009
2,8,11,68,2088.8824598552073,-1206497.91587929,-7.644384493748195
2,8,11,69,2088.5088468370313,-1206469.6845783365,-7.644205619904811
2,8,11,70,2088.219141200088,-1206447.7900898892,-7.644066896177416
2,8,11,71,2087.9111272440023,-1206424.5086194254,-7.643919384516216
2,8,11,72,2087.6176228997583,-1206402.3206731835,-7.643778801436903
2,8,11,73,2087.252659530418,-1206374.7263122064,-7.643603963252442
2,8,11,74,2086.963964396267,-1206352.8950658622,-7.64346564022773
2,8,11,75,2086.74804888862,-1206336.565471169,-7.6433621757303465
2,8,11,76,2086.5040253128514,-1206318.108041675,-7.643245229247504
2,8,11,77,2086.290399847053,-1206301.948089082,-7.643142839604392
2,8,11,78,2086.1153399770797,-1206288.7042432544,-7.643058926446856
2,8,11,79,2085.863044021893,-1206269.6152823833,-7.642937978574038
2,8,11,80,2085.604377920911,-1206250.0419527567,-7.6428139617352855
2,8,11,81,2085.404992935774,-1206234.9527833685,-7.642718356586718
2,8,11,82,2085.2499217465684,-1206223.2162210483,-7.642643993594598
2,8,11,83,2085.142014725429,-1206215.0487636027,-7.642592244491489
2,8,11,84,2085.0117233970273,-1206205.1864798227,-7.6425297569494814
2,8,11,85,2084.867825088785,-1206194.2935118421,-7.6424607389806765
2,8,11,86,2084.7750271613963,-1206187.2683963561,-7.642416227769193
2,8,42,1,4227.785766025192,-1317774.4181240334,-8.349433675419021
2,8,42,2,3233.0745028749893,-1275437.869392606,-8.08118882196192
2,8,42,3,2873.732891978033,-1256842.3062659565,-7.963367122854985
2,8,42,4,2684.439719101755,-1246087.936583846,-7.895227314442597
2,8,42,5,2561.940199655742,-1238716.236799569,-7.848520140910162
2,8,42,6,2476.1986507748406,-1233343.7275191345,-7.814479861109147
2,8,42,7,2414.0837710000355,-1229334.1453893469,-7.789075103209487
2,8,42,8,2364.9323987173384,-1226087.5623903384,-7.768504716465636
2,8,42,9,2327.177321523637,-1223547.580468751,-7.752411362171167
2,8,42,10,2297.4071044005145,-1221515.5541071282,-7.739536420072029
2,8,42,11,2273.2787674611377,-1219849.2122741248,-7.728978459298254
2,8,42,12,2254.2793526449814,-1218524.5877573437,-7.720585623319966
2,8,42,13,2238.678992730191,-1217428.5689162519,-7.713641235498466
2,8,42,14,2225.59071545218,-1216503.130858176,-7.70777764945495
2,8,42,15,2215.1658218235516,-1215762.1115654944,-7.703082542802889
2,8,42,16,2206.06514775306,-1215112.363463353,-7.698965731450395
2,8,42,17,2198.026956470259,-1214536.2387899887,-7.695315398978563
2,8,42,18,2190.4543618979355,-1213991.5543966023,-7.691864272477648
2,8,42,19,2183.995581305855,-1213525.4948109328,-7.688911313651144
2,8,42,20,2178.3367069864926,-1213116.0215026073,-7.686316886120379
2,8,42,21,2173.036562322962,-1212731.5398257333,-7.68388080585025
2,8,42,22,2168.393927833498,-1212393.9838071917,-7.681742047084115
2,8,42,23,2163.978463139174,-1212072.2736030926,-7.679703687578203
2,8,42,24,2159.9581049437525,-1211778.7793456595,-7.677844104630735
2,8,42,25,2156.3146310636926,-1211512.3261499074,-7.676155854157104
2,8,42,26,2153.393763906321,-1211298.3930249494,-7.674800371448344
2,8,42,27,2150.6784260715494,-1211099.253058087,-7.673538618357244
2,8,42,28,2148.150884808803,-1210913.6598188416,-7.672362697486134
2,8,42,29,2145.9571224618217,-1210752.3983166926,-7.671340942777533
2,8,42,30,2143.8810980323,-1210599.6397312167,-7.670373062645518
2,8,42,31,2141.6743184434868,-1210437.097607324,-7.669343193903008
2,8,42,32,2139.8657823766307,-1210303.763507624,-7.668498387533416
2,8,42,33,2138.0927808748243,-1210172.9397546998,-7.6676694867494986
2,8,42,34,2136.480285300164,-1210053.864956029,-7.666915027473129
2,8,42,35,2135.2265358136565,-1209961.2196561876,-7.666328025801427
2,8,42,36,2133.829812285154,-1209857.9452690878,-7.665673678112172
2,8,42,37,2132.606624110696,-1209767.4466286576,-7.665100277698873
2,8,42,38,2131.3416653432523,-1209673.8029422655,-7.664506950238649
2,8,42,39,2130.106952648497,-1209582.3447278836,-7.663927469953896
2,8,42,40,2129.0328325452715,-1209502.7388732764,-7.66342308635525
2,8,42,41,2128.0162155900853,-1209427.3577244857,-7.662945470540625
2,8,42,42,2127.0085001123684,-1209352.6010628834,-7.662471811483916
2,8,42,43,2125.8257902474575,-1209264.8173757577,-7.661915613045579
2,8,42,44,2124.7113307687296,-1209182.054699121,-7.661391227786711
2,8,42,45,2123.600910393832,-1209099.5487904346,-7.660868469412491
2,8,42,46,2122.6857234039308,-1209031.516579265,-7.6604374165500735
2,8,42,47,2121.813792134464,-1208966.6725759476,-7.660026564208807
2,8,42,48,2121.105396266582,-1208913.9707925243,-7.6596926451106535
2,8,42,49,2120.3775301142505,-1208859.8021622542,-7.659349432054225
2,8,42,50,2119.8254468023806,-1208818.7030894444,-7.659089027862258
2,8,42,51,2119.2113638287883,-1208772.9759620032,-7.658799300263598
2,8,42,52,2118.5657904616664,-1208724.8896419988,-7.658494624794072
2,8,42,53,2117.8625217366994,-1208672.4891342295,-7.658162614581883
2,8,42,54,2117.082928799027,-1208614.3813748762,-7.657794443158858
2,8,42,55,2116.447656837243,-1208567.0149028932,-7.657494328654568
2,8,42,56,2115.90083771885,-1208526.2321703706,-7.6572359287982525
2,8,42,57,2115.505281541639,-1208496.7243241563,-7.657048966749603
2,8,42,58,2115.1570534850734,-1208470.7425116252,-7.656884345690404
2,8,42,59,2114.8208586239334,-1208445.6544550166,-7.65672538747888
2,8,42,60,2114.496446896966,-1208421.4419164695,-7.656571976559732
2,8,42,61,2114.1920284841317,-1208398.7182045556,-7.656427998863038
2,8,42,62,2113.887037839645,-1208375.9484962476,-7.656283729732669
2,8,42,63,2113.611753804135,-1208355.3937753788,-7.656153494787863
2,8,42,64,2113.3623726814653,-1208336.7708443191,-7.656035499685221
2,8,42,65,2113.1386330896294,-1208320.0608649366,-7.655929625066126
2,8,42,66,2112.9224854756053,-1208303.916211701,-7.655827332359917
2,8,42,67,2112.720849388016,-1208288.8539748134,-7.655731897855978
2,8,42,68,2112.581855406631,-1208278.4702727997,-7.655666106602122
2,8,42,69,2112.418611254854,-1208266.2740620761,-7.6555888312725
2,8,42,70,2112.2026436722394,-1208250.1373579307,-7.655486588931816
2,8,42,71,2111.946753115139,-1208231.0155461282,-7.655365432915124
2,8,42,72,2111.713645084905,-1208213.5941766219,-7.655255050920127
2,8,42,73,2111.51803690722,-1208198.9738811636,-7.655162416562103
2,8,42,74,2111.3443667586093,-1208185.9921594732,-7.655080164226077
2,8,42,75,2111.19445024821,-1208174.7851468022,-7.655009156466547
2,8,42,76,2111.008970242564,-1208160.918482677,-7.654921297125206
2,8,42,77,2110.835275267,-1208147.931774014,-7.654839013191664
2,8,42,78,2110.724127204471,-1208139.6209699984,-7.6547863558430596
2,8,42,79,2110.614395776898,-1208131.4156618193,-7.654734366917272
2,8,42,80,2110.5380615044587,-1208125.7074171284,-7.654698199414098
2,8,97,1,4333.2551682230205,-1321663.4001214225,-8.374074309510496
2,8,97,2,3319.1557569169963,-1279585.1027319257,-8.107465739488086
2,8,97,3,2949.0027679999603,-1260922.984651458,-7.989222347438084
2,8,97,4,2756.7018856429722,-1250280.3155537199,-7.9217902751965426
2,8,97,5,2642.292368100372,-1243590.2810494099,-7.879402140617697
2,8,97,6,2562.4912813604615,-1238750.1824670837,-7.848735221044958
2,8,97,7,2503.5458644986243,-1235077.2298805397,-7.825463351753426
2,8,97,8,2457.389337269653,-1232140.28259328,-7.806854820394861
2,8,97,9,2419.1505120150146,-1229665.0517129484,-7.79117172943298
2,8,97,10,2387.1492164955885,-1227563.320488623,-7.77785513653232
2,8,97,11,2361.194001787242,-1225837.876375306,-7.766922703039422
2,8,97,12,2339.1772248705383,-1224359.3168687474,-7.757554533218107
2,8,97,13,2319.309642403584,-1223013.0944122805,-7.749024852448745
2,8,97,14,2301.5769001582703,-1221801.7524085527,-7.741349775759388
2,8,97,15,2285.235410613092,-1220677.1563494334,-7.734224322359996
2,8,97,16,2271.596700477597,-1219732.3873877788,-7.72823825549192
2,8,97,17,2259.78389666812,-1218909.5055383844,-7.723024466751048
2,8,97,18,2249.371161252084,-1218180.5777878948,-7.718405972247603
2,8,97,19,2239.6922925391736,-1217499.9909019668,-7.71409376601089
2,8,97,20,2230.956981944436,-1216883.2221641764,-7.710185912285376
2,8,97,21,2223.6240574384833,-1216363.6034417462,-7.706893602160239
2,8,97,22,2216.6666264092505,-1215869.0059474336,-7.70375982682055
2,8,97,23,2209.7089497418647,-1215372.8360772696,-7.700616088889611
2,8,97,24,2203.22018952723,-1214908.6959323,-7.6976752916611755
2,8,97,25,2197.1653513288834,-1214474.3596236305,-7.694923331877934
2,8,97,26,2191.4210884886547,-1214061.194224828,-7.692305511219986
2,8,97,27,2186.1764036862714,-1213683.014864793,-7.689909362500907
2,8,97,28,2181.055176567605,-1213312.8611922348,-7.687564064628804
2,8,97,29,2176.675439294653,-1212995.6110141042,-7.685553963898068
2,8,97,30,2173.190100782143,-1212742.6909551262,-7.683951459532695
2,8,97,31,2170.193876315123,-1212524.9399146074,-7.682571786467594
2,8,97,32,2167.417124290821,-1212322.870490542,-7.681291472302392
2,8,97,33,2164.5331294791463,-1212112.7225554455,-7.6799599725995735
2,8,97,34,2161.810576383619,-1211914.0813027404,-7.678701379367035
2,8,97,35,2159.014891928517,-1211709.843778689,-7.677407328095705
2,8,97,36,2155.862859844264,-1211479.2560137957,-7.675946321399218
2,8,97,37,2153.014764054901,-1211270.6126653685,-7.674624354774618
2,8,97,38,2150.202864091695,-1211064.349980602,-7.6733174720620045
2,8,97,39,2147.8408755156283,-1210890.881308296,-7.6722183725846875
2,8,97,40,2145.7277648545387,-1210735.5289269646,-7.67123405813268
2,8,97,41,2143.745323574434,-1210589.6439857688,-7.670309729488866
2,8,97,42,2141.7414377786477,-1210442.0438049538,-7.669374533067351
2,8,97,43,2139.883778018906,-1210305.0907891337,-7.668506797204132
2,8,97,44,2138.4772394682223,-1210201.3168563275,-7.667849284387608
2,8,97,45,2137.0937666931422,-1210099.1781017839,-7.667202132079123
2,8,97,46,2135.7651277368445,-1210001.025346856,-7.666580235109461
2,8,97,47,2134.5501940037134,-1209911.2190670106,-7.666011221500688
2,8,97,48,2133.3458267638694,-1209822.1433834182,-7.665446836958069
2,8,97,49,2132.2290737777853,-1209739.5027554024,-7.664923225000648
2,8,97,50,2130.989774900973,-1209647.7429487484,-7.664341833823836
2,8,97,51,2129.8069408113683,-1209560.1141056255,-7.66378661647886
2,8,97,52,2128.807981390145,-1209486.0694815847,-7.663317468900225
2,8,97,53,2128.0225187889073,-1209427.8252114265,-7.662948432543189
2,8,97,54,2127.2793111526107,-1209372.6944683196,-7.662599123528903
2,8,97,55,2126.5184615472212,-1209316.2350975566,-7.662241396314701
2,8,97,56,2125.6894073612048,-1209254.6915560542,-7.661851455736968
2,8,97,57,2124.8187518605273,-1209190.03396071,-7.661441784478737
2,8,97,58,2123.8503632401757,-1209118.0872697916,-7.660985929428185
2,8,97,59,2122.820300204085,-1209041.5224476368,-7.660500813845685
2,8,97,60,2121.878570933963,-1208971.4909781753,-7.660057093660031
2,8,97,61,2121.204902575642,-1208921.3747213474,-7.659739556487742
2,8,97,62,2120.684318965733,-1208882.636005598,-7.659494107544909
2,8,97,63,2120.2150635616085,-1208847.7086774327,-7.659272807597085
2,8,97,64,2119.6170355800905,-1208803.1854233576,-7.658990707753742
2,8,97,65,2118.949883283218,-1208753.5010297424,-7.658675906871673
2,8,97,66,2118.2406440782866,-1208700.665168075,-7.658341138252243
2,8,97,67,2117.5870906071586,-1208651.9620363517,-7.658032554656662
2,8,97,68,2116.9664617560197,-1208605.6985472695,-7.657739428664556
2,8,97,69,2116.506193830313,-1208571.380070513,-7.657521986406171
2,8,97,70,2116.1240005839422,-1208542.8773225378,-7.657341392671375
2,8,97,71,2115.80454336138,-1208519.0492762488,-7.657190417899542
2,8,97,72,2115.4628227074304,-1208493.5566364212,-7.657028896244147
2,8,97,73,2115.1278763580735,-1208468.5653686305,-7.65687055128767
2,8,97,74,2114.7916846331887,-1208443.4771999777,-7.656711592366232
2,8,97,75,2114.4435912901536,-1208417.4966750438,-7.656546979465265
2,8,97,76,2113.9919321268644,-1208383.7799671504,-7.656333350021228
2,8,97,77,2113.501738542618,-1208347.1784820207,-7.656101442595869
2,8,97,78,2113.149041241174,-1208320.8382364118,-7.6559345505006196
2,8,97,79,2112.880750923581,-1208300.7987542574,-7.655807580114159
2,8,97,80,2112.66594353749,-1208284.7522530055,-7.655705909300033
2,8,97,81,2112.482938111097,-1208271.080128655,-7.6556192825649125
2,8,97,82,2112.233709468558,-1208252.4586392054,-7.655501296596329
2,8,97,83,2111.9849209654903,-1208233.8678439162,-7.655383505106294
2,8,97,84,2111.723467523102,-1208214.3282970714,-7.655259702315631
2,8,97,85,2111.5379526092556,-1208200.4624976672,-7.655171848453172
2,8,97,86,2111.3289191418407,-1208184.8374092502,-7.6550728477155525
2,8,97,87,2111.0548223788337,-1208164.3465459745,-7.654943017373181
2,8,97,88,2110.788169048691,-1208144.4095838794,-7.65481669655498
2,8,97,89,2110.636402106169,-1208133.061247501,-7.654744793366836
2,8,97,90,2110.502310821768,-1208123.033925169,-7.654681260138688
2,8,97,91,2110.3589536654954,-1208112.3129979216,-7.654613332221922
2,8,97,92,2110.2442209652777,-1208103.7322184143,-7.654558964305537
2,8,97,93,2110.1670771433887,-1208097.9624228838,-7.654522406815545
2,8,2026,1,4089.3249204181197,-1312518.9830755768,-8.316135179281096
2,8,2026,2,3132.5191264266773,-1270451.1312632433,-8.049592792554193
2,8,2026,3,2794.180029889915,-1252411.5770450446,-7.935293972204201
2,8,2026,4,2624.3796729359556,-1242516.6862891417,-7.872599832026901
2,8,2026,5,2516.3228018019067,-1235880.6623802616,-7.8305539091939425
2,8,2026,6,2441.2555355945674,-1231100.6584016993,-7.800267749712974
2,8,2026,7,2384.468724839061,-1227385.9983782324,-7.776731621627546
2,8,2026,8,2338.8656365970064,-1224338.292113069,-7.757421320127411
2,8,2026,9,2303.5197864400384,-1221934.927407968,-7.7421935740677705
2,8,2026,10,2276.0808917760187,-1220043.6368812884,-7.730210335816765
2,8,2026,11,2254.2142269872156,-1218520.0280736564,-7.720556733112352
2,8,2026,12,2236.523823238094,-1217276.555194916,-7.7126780748340975
2,8,2026,13,2222.4996523558734,-1216283.775429417,-7.706387810967743
2,8,2026,14,2210.3820176504732,-1215420.9024919586,-7.700920638238833
2,8,2026,15,2199.8906153764465,-1214670.0009947808,-7.69616291782688
2,8,2026,16,2191.3148106984813,-1214053.5398228941,-7.692257012842425
2,8,2026,17,2184.3680159501914,-1213552.4067718445,-7.689081828141043
2,8,2026,18,2177.9596285117273,-1213088.6985029394,-7.686143767284255
2,8,2026,19,2172.268268721486,-1212675.7286693186,-7.6835271857295195
2,8,2026,20,2167.4651837634856,-1212326.370069037,-7.681313645671471
2,8,2026,21,2163.0911265386826,-1212007.5431613731,-7.67929355476451
2,8,2026,22,2159.1049370036812,-1211716.426103723,-7.6774490337818575
2,8,2026,23,2155.3171686968753,-1211439.3015965365,-7.675693169757816
2,8,2026,24,2151.9151479846296,-1211189.9840779307,-7.674113491129145
2,8,2026,25,2148.7703527687786,-1210959.1665360741,-7.672651028563209
2,8,2026,26,2145.837520625063,-1210743.6017547566,-7.671285207661231
2,8,2026,27,2142.944873798741,-1210530.7018262707,-7.669936271297049
2,8,2026,28,2140.5978546980964,-1210357.7490200708,-7.668840440353238
2,8,2026,29,2138.7120004131384,-1210218.642183019,-7.66795905785424
2,8,2026,30,2136.8932173409994,-1210084.3664969327,-7.667108285582613
2,8,2026,31,2135.2468344283184,-1209962.7200471172,-7.666337532295392
2,8,2026,32,2133.7892330198524,-1209854.9438089218,-7.665654660826481
2,8,2026,33,2132.3291383258493,-1209746.9093784143,-7.664970153448148
2,8,2026,34,2130.7651671309527,-1209631.1068935825,-7.664236427589417
2,8,2026,35,2129.3830680085903,-1209528.700152832,-7.663587577317283
2,8,2026,36,2128.1677300054444,-1209438.5946529,-7.663016667846644
2,8,2026,37,2126.9674768970553,-1209349.5570343973,-7.662452524484865
2,8,2026,38,2125.749343242896,-1209259.1416073856,-7.66187965131273
2,8,2026,39,2124.4561040282006,-1209163.094784422,-7.661271097551905
2,8,2026,40,2123.3350348920367,-1209079.7874381125,-7.660743261259805
2,8,2026,41,2122.3651792422065,-1209007.681367291,-7.660286396376377
2,8,2026,42,2121.412383682159,-1208936.8115735997,-7.659837364558885
2,8,2026,43,2120.45318831044,-1208865.4335975,-7.659385112891882
2,8,2026,44,2119.773946130419,-1208814.8686478846,-7.659064732796998
2,8,2026,45,2119.189418899394,-1208771.3416076822,-7.658788944976064
2,8,2026,46,2118.5455483887954,-1208723.3816495852,-7.658485070137018
2,8,2026,47,2117.771089825433,-1208665.6752702284,-7.658119441862207
2,8,2026,48,2117.171804398909,-1208621.0068894303,-7.6578364224943
2,8,2026,49,2116.7455852757444,-1208589.2304961723,-7.657635086905824
2,8,2026,50,2116.2976203129338,-1208555.825963792,-7.657423435409382
2,8,2026,51,2115.84634421146,-1208522.1673711683,-7.657210174184354
2,8,2026,52,2115.4296818334606,-1208491.0840811145,-7.65701323010565
2,8,2026,53,2114.832031703847,-1208446.4882940585,-7.656730670692516
2,8,2026,54,2114.2704011043065,-1208404.5687443698,-7.656465067949728
2,8,2026,55,2113.7616336886153,-1208366.585236482,-7.656224404012483
2,8,2026,56,2113.1984183974887,-1208324.52610065,-7.655957916850305
2,8,2026,57,2112.7199477018266,-1208288.786615532,-7.655731471066806
2,8,2026,58,2112.3221064809313,-1208259.063605161,-7.655543145735617
2,8,2026,59,2111.937529190549,-1208230.326231046,-7.655361065406938
2,8,2026,60,2111.7313650496026,-1208214.918548826,-7.655263442157449
2,8,2026,61,2111.4279703775446,-1208192.2416045854,-7.655119760781265
2,8,2026,62,2111.0245297312513,-1208162.0817718743,-7.654928667738768
2,8,2026,63,2110.6987116671175,-1208137.720528568,-7.654774314624578
2,8,2026,64,2110.3347834835417,-1208110.505365473,-7.654601879042204
2,8,2026,65,2110.064328458241,-1208090.2772426535,-7.654473713426348
2,8,2026,66,2109.8069906767323,-1208071.0277895974,-7.654351748673223
2,8,2026,67,2109.5212400186774,-1208049.650237313,-7.654216300259225
2,8,2026,68,2109.2662712176148,-1208030.5730897316,-7.6540954272355455
2,8,2026,69,2109.018222728358,-1208012.0115171,-7.653977820900601
2,8,2026,70,2108.8016415392917,-1207995.8028704352,-7.653875122731297
2,8,2026,71,2108.6951829933364,-1207987.8350449246,-7.653824638498395
2,8,2026,72,2108.511732236011,-1207974.103840017,-7.653737637428194
2,8,2026,73,2108.290377661177,-1207957.5339612518,-7.653632650488201
2,8,2026,74,2108.1441683794956,-1207946.5882590162,-7.653563298394557
2,8,2026,75,2107.8814129650164,-1207926.9156261964,-7.653438652369646
2,8,2026,76,2107.6088633627023,-1207906.5071062502,-7.653309343755545
2,8,2026,77,2107.4054307123333,-1207891.2723449292,-7.653212816134838
2,8,2026,78,2107.227576467725,-1207877.951906501,-7.653128417685715
2,8,2026,79,2107.0745812143205,-1207866.4923889053,-7.653055810052115
2,8,2026,80,2106.9358981643663,-1207856.1041525574,-7.652989990068666
2,8,2026,81,2106.824380343865,-1207847.750267469,-7.652937059757895
2,8,2026,82,2106.73294396659,-1207840.9003687047,-7.652893658721549
2,8,31415,1,4202.217339542074,-1316817.0220379883,-8.343367602947438
2,8,31415,2,3213.595338647778,-1274484.084891909,-8.07514563253611
2,8,31415,3,2860.1527869475954,-1256094.7068388732,-7.958630324396642
2,8,31415,4,2669.446605399208,-1245203.9658784897,-7.889626466016738
2,8,31415,5,2555.082585343809,-1238293.2079231858,-7.845839825146272
2,8,31415,6,2476.5897963305692,-1233368.6563936693,-7.814637810741246
2,8,31415,7,2419.88878729823,-1229713.2102440519,-7.79147686243285
2,8,31415,8,2377.2996773741484,-1226910.764312813,-7.773720533193179
2,8,31415,9,2345.227353278616,-1224767.0016369622,-7.7601376285384225
2,8,31415,10,2319.670882054278,-1223037.6746972825,-7.749180593413605
2,8,31415,11,2297.3265351554223,-1221510.0190385852,-7.739501349814895
2,8,31415,12,2279.7421602292943,-1220297.3125817045,-7.731817627934869
2,8,31415,13,2264.4649200615186,-1219236.0997880332,-7.7250937716250165
2,8,31415,14,2251.0910278817782,-1218301.2067865343,-7.719170278952621
2,8,31415,15,2239.85167471743,-1217511.2219427265,-7.714164926012662
2,8,31415,16,2231.0327520457554,-1216888.5823932514,-7.710219874757656
2,8,31415,17,2223.052799029836,-1216323.051552987,-7.7066366649326286
2,8,31415,18,2215.7419746605365,-1215803.1564504907,-7.703342603660255
2,8,31415,19,2208.7401920120215,-1215303.627586901,-7.700177583108833
2,8,31415,20,2202.2938746344794,-1214842.3252763818,-7.697254766431697
2,8,31415,21,2196.826424245787,-1214450.011747481,-7.694769063458201
2,8,31415,22,2192.050384719041,-1214106.5101652823,-7.692592633533228
2,8,31415,23,2188.0026114934717,-1213814.8003914214,-7.6907443570939344
2,8,31415,24,2184.254682435619,-1213544.217828474,-7.689029942902869
2,8,31415,25,2180.6423717578846,-1213282.9865129471,-7.687374778321636
2,8,31415,26,2177.7210744567346,-1213071.410500445,-7.68603423030416
2,8,31415,27,2174.622953102702,-1212846.7176101059,-7.6846105735997785
2,8,31415,28,2171.77175927876,-1212639.6502298187,-7.683298592327208
2,8,31415,29,2169.1019464122264,-1212445.5090007484,-7.6820685112955145
2,8,31415,30,2166.6870739960495,-1212269.7003895284,-7.68095458593867
2,8,31415,31,2164.308652685474,-1212096.3538706072,-7.679856260426586
2,8,31415,32,2162.230888779249,-1211944.7642023014,-7.678895786567031
2,8,31415,33,2160.50850816613,-1211818.9921504469,-7.678098893418448
2,8,31415,34,2158.7449885190435,-1211690.1121046054,-7.677282307984676
2,8,31415,35,2157.0412863442007,-1211565.5035611356,-7.67649278683843
2,8,31415,36,2155.33957598896,-1211440.9424129154,-7.675703565989022
2,8,31415,37,2153.9208894580806,-1211337.0227414635,-7.675045129770785
2,8,31415,38,2152.8258042845832,-1211256.7602515712,-7.674536585723517
2,8,31415,39,2151.738428101375,-1211177.022372135,-7.674031365614054
2,8,31415,40,2150.613774230565,-1211094.5084974833,-7.673508556767388
2,8,31415,41,2149.630917234953,-1211022.3626696365,-7.673051439982998
2,8,31415,42,2148.594450291711,-1210946.245903343,-7.6725691632875215
2,8,31415,43,2147.5993263335627,-1210873.13075303,-7.6721059048649805
2,8,31415,44,2146.7091984757712,-1210807.7013127652,-7.671691343188567
2,8,31415,45,2145.713679668159,-1210734.492894282,-7.67122749381784
2,8,31415,46,2144.8425435482422,-1210670.4034539994,-7.670821422396529
2,8,31415,47,2144.0527812869464,-1210612.2781839035,-7.67045314002524
2,8,31415,48,2143.1150997848345,-1210543.2384809665,-7.670015703683545
2,8,31415,49,2142.085591488912,-1210467.4029483222,-7.669535208887664
2,8,31415,50,2141.308099857829,-1210410.1072807556,-7.6691721828874195
2,8,31415,51,2140.60812273363,-1210358.5060887663,-7.668845237149088
2,8,31415,52,2139.82999183391,-1210301.1237172862,-7.668481661791863
2,8,31415,53,2139.152632305625,-1210251.1556244409,-7.668165063388251
2,8,31415,54,2138.546610486172,-1210206.436626245,-7.667881723307937
2,8,31415,55,2137.804057044734,-1210151.62553387,-7.6675344396043155
2,8,31415,56,2137.111402443967,-1210100.4805265253,-7.667210384257073
2,8,31415,57,2136.5494828847554,-1210058.9766996743,-7.666947415538905
2,8,31415,58,2136.008597028065,-1210019.0161271794,-7.666694224897859
2,8,31415,59,2135.669108650203,-1209993.9296035669,-7.666535276399415
2,8,31415,60,2135.2692270502966,-1209964.3752019934,-7.666348019375481
2,8,31415,61,2134.6197890170106,-1209916.3648174976,-7.666043825034199
2,8,31415,62,2134.1597593750184,-1209882.3478073454,-7.665828292871642
2,8,31415,63,2133.8716840059597,-1209861.0422663626,-7.665693300722068
2,8,31415,64,2133.5174824001256,-1209834.8422039852,-7.665527296829366
2,8,31415,65,2133.0818171268597,-1209802.6103611705,-7.665323075507327
2,8,31415,66,2132.727708702212,-1209776.4074919447,-7.665157053830402
2,8,31415,67,2132.392613876783,-1209751.6075603054,-7.664999921181954
2,8,31415,68,2132.0658159312275,-1209727.417916016,-7.6648466553210834
2,8,31415,69,2131.796220747102,-1209707.4596395001,-7.66472019945447
2,8,31415,70,2131.5244295013927,-1209687.336232276,-7.664592697317814
2,8,31415,71,2131.2159315773547,-1209664.491955442,-7.664447955720417
2,8,31415,72,2130.8888062266165,-1209640.26470476,-7.664294451585016
2,8,31415,73,2130.6401961576216,-1209621.8498916768,-7.664177775120237
2,8,31415,74,2130.3556962875155,-1209600.7740461705,-7.664044238323812
2,8,31415,75,2130.1627069075057,-1209586.475726104,-7.663953644005526
2,8,31415,76,2130.0053723721667,-1209574.8180663157,-7.663879780940744
2,8,31415,77,2129.7757736993644,-1209557.8044695493,-7.663771982598457
2,8,31415,78,2129.415299540199,-1209531.089107524,-7.6636027137613345
2,8,31415,79,2129.064737785008,-1209505.1040328783,-7.663438072033342
2,8,31415,80,2128.862192923278,-1209490.0886270334,-7.663342934251422
2,8,31415,81,2128.6209107140457,-1209472.1996124994,-7.663229589252221
2,8,31415,82,2128.3699867670907,-1209453.593594446,-7.663111701310579
2,8,31415,83,2128.1913500825553,-1209440.3463422947,-7.663027766570537
2,8,31415,84,2128.016404843618,-1209427.3717608005,-7.662945559474874
2,8,31415,85,2127.808855258966,-1209411.9777378459,-7.662848022770648
2,8,31415,86,2127.5800915114614,-1209395.0085135386,-7.662740505572767
2,8,31415,87,2127.3858084199205,-1209380.595560526,-7.662649184938832
2,8,31415,88,2127.2480480396525,-1209370.37496527,-7.662584427131245
2,8,31415,89,2127.069577505374,-1209357.1330543552,-7.662500526233337
2,8,31415,90,2126.9028692866327,-1209344.7628638614,-7.662422148565916
2,8,31415,91,2126.790903975519,-1209336.4541975264,-7.66236950476168
2,8,31415,92,2126.633905277754,-1209324.802979229,-7.662295682510258
2,8,31415,93,2126.3955577644797,-1209307.1130423541,-7.6621835988693645
2,8,31415,94,2126.151565876777,-1209289.00213114,-7.662068847930279
2,8,31415,95,2125.941180590112,-1209273.3840856126,-7.661969891816487
2,8,31415,96,2125.6370223619933,-1209250.8020313175,-7.661826811664074
2,8,31415,97,2125.4616037332576,-1209237.7767059666,-7.66174428305476
2,8,31415,98,2125.362061289021,-1209230.3849221007,-7.661697448628258
2,9,11,1,4255.653191540756,-1318811.326829685,-8.356003540751228
2,9,11,2,3136.4087268503126,-1270646.9822759859,-8.050833706794648
2,9,11,3,2743.0590214120366,-1249497.288644411,-7.91682900780857
2,9,11,4,2556.8281886210666,-1238400.9973964116,-7.846522780472487
2,9,11,5,2446.139156576823,-1231416.0707788293,-7.8022662061157035
2,9,11,6,2373.4037285939285,-1226651.9016184357,-7.772080376222443
2,9,11,7,2321.883279782606,-1223188.132204805,-7.750133893889583
2,9,11,8,2284.8030396778813,-1220647.2921629902,-7.73403510253561
2,9,11,9,2255.223940247899,-1218590.7069570385,-7.721004555319959
2,9,11,10,2231.7148567320924,-1216936.8285540075,-7.71052556298
2,9,11,11,2213.4475407661175,-1215639.6385229696,-7.702306552214877
2,9,11,12,2198.4574400769784,-1214567.1463792215,-7.695511229814871
2,9,11,13,2185.411318334814,-1213627.7709123616,-7.689559336191054
2,9,11,14,2173.831858907647,-1212789.2917789118,-7.684246722881313
2,9,11,15,2163.7301119795015,-1212054.1592748326,-7.679588914988675
2,9,11,16,2155.1203752442025,-1211424.890290606,-7.675601859559812
2,9,11,17,2147.73601912208,-1210883.1760452825,-7.672169551950747
2,9,11,18,2140.903205343109,-1210380.261162895,-7.668983077545778
2,9,11,19,2135.093419592078,-1209951.379893713,-7.666265680954665
2,9,11,20,2129.5977050814026,-1209544.6080621472,-7.663688370011323
2,9,11,21,2125.0545230537186,-1209207.5456809474,-7.661552738936991
2,9,11,22,2121.3745715631717,-1208933.9984174462,-7.659819540369555
2,9,11,23,2117.5579009942935,-1208649.7864611454,-7.658018770187454
2,9,11,24,2114.009927796423,-1208385.1234956677,-7.656341862633169
2,9,11,25,2111.0846204542695,-1208166.5743125908,-7.654957132527756
2,9,11,26,2108.235802059419,-1207953.4483430402,-7.653606763964824
2,9,11,27,2105.449516819501,-1207744.7218446615,-7.652284270501188
2,9,11,28,2102.8398659565514,-1207548.97673698,-7.651044027276402
2,9,11,29,2100.257947511986,-1207355.0725769484,-7.649815448316828
2,9,11,30,2097.6451422331147,-1207158.605971604,-7.648570633674658
2,9,11,31,2095.103460197804,-1206967.2524326984,-7.647358215479499
2,9,11,32,2092.9399590686858,-1206804.1877017978,-7.646325035493055
2,9,11,33,2091.257567075686,-1206677.2679872664,-7.645520870740721
2,9,11,34,2089.7265663145977,-1206561.6804647062,-7.644788506885383
2,9,11,35,2088.127526704268,-1206440.8656969697,-7.644023023145257
2,9,11,36,2086.488331963907,-1206316.9209559269,-7.6432377078587255
2,9,11,37,2084.861978075519,-1206193.8508824857,-7.642457934476048
2,9,11,38,2083.382206937213,-1206081.7896314352,-7.641747913117034
2,9,11,39,2082.2019669681476,-1205992.354435292,-7.6411812506988115
2,9,11,40,2081.054918504009,-1205905.385807336,-7.640630216484629
2,9,11,41,2079.9503627702716,-1205821.5936395042,-7.6400993083578586
2,9,11,42,2078.7691475015095,-1205731.9367881627,-7.639531241529784
2,9,11,43,2077.8192069529437,-1205659.7972320055,-7.6390741644828895
2,9,11,44,2077.1338415912687,-1205607.7293294228,-7.63874426166094
2,9,11,45,2076.4813369716458,-1205558.1419239817,-7.638430075297043
2,9,11,46,2075.5486722204755,-1205487.2365526343,-7.637980818059117
2,9,11,47,2074.784924324566,-1205429.1492680958,-7.63761277636475
2,9,11,48,2074.1625882532494,-1205381.8013284544,-7.637312779281587
2,9,11,49,2073.4155919601067,-1205324.9503532075,-7.63695257085693
2,9,11,50,2072.793856729831,-1205277.6168888113,-7.636652665489085
2,9,11,51,2072.131406086509,-1205227.1680848426,-7.6363330212943366
2,9,11,52,2071.4664002365184,-1205176.5084653045,-7.636012041369748
2,9,11,53,2070.756931805429,-1205122.443787637,-7.6356694869581885
2,9,11,54,2070.1346195071283,-1205075.0055464087,-7.635368917723146
2,9,11,55,2069.5579176775045,-1205031.0314125149,-7.635090297111507
2,9,11,56,2068.913950596062,-1204981.9137475481,-7.634779087028589
2,9,11,57,2068.3796767248587,-1204941.1511695883,-7.634520814871812
2,9,11,58,2067.894864489491,-1204904.1531680913,-7.634286395114247
2,9,11,59,2067.3989751748013,-1204866.300854728,-7.634046562426997
2,9,11,60,2066.8903506451506,-1204827.4670013888,-7.633800510691314
2,9,11,61,2066.3258048284492,-1204784.3523253782,-7.633527335614581
2,9,11,62,2065.945242153941,-1204755.2818964159,-7.633343145046607
2,9,11,63,2065.5825492153444,-1204727.5715170354,-7.633167571768225
2,9,11,64,2065.1571569964963,-1204695.0646015052,-7.632961607582337
2,9,11,65,2064.721526795261,-1204661.7683964977,-7.632750642449361
2,9,11,66,2064.311700478671,-1204630.4380271125,-7.632552132873207
2,9,11,67,2063.957913593696,-1204603.3867529281,-7.6323807356928315
2,9,11,68,2063.5050589712328,-1204568.753788264,-7.632161300835492
2,9,11,69,2062.980507680384,-1204528.6281752014,-7.631907064495535
2,9,11,70,2062.587248534354,-1204498.5390779641,-7.631716419633805
2,9,11,71,2062.1559437592095,-1204465.5324314283,-7.631507289146592
2,9,11,72,2061.7345648441137,-1204433.2787178515,-7.631302929251157
2,9,11,73,2061.296663613111,-1204399.7533468723,-7.631090512119981
2,9,11,74,2060.8187848528223,-1204363.1591998816,-7.630858651189153
2,9,11,75,2060.334837812286,-1204326.0917178812,-7.6306237912023285
2,9,11,76,2059.9076078542907,-1204293.361192461,-7.630416410221641
2,9,11,77,2059.62833588144,-1204271.962210828,-7.630280826031046
2,9,11,78,2059.3393345741547,-1204249.8146719055,-7.630140498972967
2,9,11,79,2059.138801562308,-1204234.4450508112,-7.630043116879205
2,9,11,80,2058.9583370723326,-1204220.6122787404,-7.629955472278305
2,9,11,81,2058.751577621851,-1204204.7624829782,-7.629855047792395
2,9,11,82,2058.5790824807145,-1204191.5381075763,-7.629771257999698
2,9,11,83,2058.397079590796,-1204177.583617194,-7.629682842190195
2,9,11,84,2058.225474199306,-1204164.4251916208,-7.62959947025636
2,9,11,85,2058.0670663139545,-1204152.2777557932,-7.629522503965033
2,9,11,86,2057.9040227328746,-1204139.7738573102,-7.629443279122274
2,9,11,87,2057.73201943353,-1204126.5817594344,-7.629359693840348
2,9,11,88,2057.5701786734253,-1204114.1680885693,-7.6292810406808
2,9,11,89,2057.400950952865,-1204101.1867713963,-7.6291987909078
2,9,11,90,2057.266742100731,-1204090.8909631793,-7.6291335565500376
2,9,11,91,2057.0238530683037,-1204072.2560664127,-7.629015485632541
2,9,11,92,2056.8262967110295,-1204057.0975537568,-7.628919441124242
2,9,11,93,2056.74643589601,-1204050.9694147722,-7.628880613166055
2,9,42,1,4440.977979128935,-1325538.9593428308,-8.398629896740951
2,9,42,2,3288.9540835831185,-1278142.4200272022,-8.098324885490548
2,9,42,3,2895.9555808601144,-1258058.1015039464,-7.971070415287188
2,9,42,4,2694.078919704327,-1246653.6452793602,-7.898811651160505
2,9,42,5,2567.3723161755697,-1239050.5273712443,-7.850638209767876
2,9,42,6,2480.8597020152188,-1233640.5344395356,-7.8163604331267935
2,9,42,7,2416.837150817105,-1229514.0533132628,-7.790215001858116
2,9,42,8,2369.3447727112293,-1226381.7557124146,-7.770368728694621
2,9,42,9,2331.340836339746,-1223829.6956689467,-7.7541988472827805
2,9,42,10,2302.1584699047053,-1221841.6278501453,-7.74160242701007
2,9,42,11,2279.884938203354,-1220307.1968821576,-7.731880254974767
2,9,42,12,2261.9619286345765,-1219061.550553327,-7.723987825692063
2,9,42,13,2247.241382747762,-1218031.0702625623,-7.717458690869568
2,9,42,14,2234.7827734044895,-1217153.6441750221,-7.711899309216502
2,9,42,15,2224.4181507433423,-1216419.9563959606,-7.7072506551179805
2,9,42,16,2215.2440061967254,-1215767.6820132541,-7.703117837223142
2,9,42,17,2207.115321369976,-1215187.4779101328,-7.699441657438052
2,9,42,18,2199.5606839524976,-1214646.3287623436,-7.696012930293381
2,9,42,19,2192.7509391423805,-1214156.9421444307,-7.692912171125724
2,9,42,20,2186.6578552185038,-1213717.7687695776,-7.690129563636222
2,9,42,21,2181.0151515791986,-1213309.9648318393,-7.687545713256452
2,9,42,22,2175.6841091729007,-1212923.7145398266,-7.685098427020723
2,9,42,23,2171.24487502659,-1212601.3556087469,-7.683055957173296
2,9,42,24,2167.1139269993023,-1212300.790583102,-7.681151573758155
2,9,42,25,2163.181275852125,-1212014.120687946,-7.679335230047558
2,9,42,26,2159.6546966796222,-1211756.6077660348,-7.677703625250492
2,9,42,27,2156.546622058288,-1211529.305446287,-7.67626343517175
2,9,42,28,2153.904139059568,-1211335.7953555419,-7.67503735303965
2,9,42,29,2151.766216799824,-1211179.0606339986,-7.674044280064365
2,9,42,30,2149.5158892959626,-1211013.916980119,-7.6729979279983205
2,9,42,31,2147.5171524890675,-1210867.091646247,-7.672067641015834
2,9,42,32,2145.486585349674,-1210717.788084477,-7.671121651953246
2,9,42,33,2143.2125140347325,-1210550.4123125635,-7.670061157161996
2,9,42,34,2140.99779851128,-1210387.2344444047,-7.669027260336599
2,9,42,35,2139.2408623730553,-1210257.6651589668,-7.668206307872917
2,9,42,36,2137.3961765321196,-1210121.5100013928,-7.667343627248605
2,9,42,37,2135.7233033202356,-1209997.9345909609,-7.666560652045017
2,9,42,38,2134.195576463415,-1209884.9965743683,-7.665845075489573
2,9,42,39,2132.8699598914645,-1209786.9341390643,-7.6652237507860725
2,9,42,40,2131.535933906482,-1209688.1880697315,-7.664598094569604
2,9,42,41,2130.081740743976,-1209580.4766676857,-7.663915633903272
2,9,42,42,2128.8170943648847,-1209486.7451082787,-7.663321749678629
2,9,42,43,2127.7853809563258,-1209410.2365463546,-7.66283699056159
2,9,42,44,2126.9534786390445,-1209348.5183140787,-7.662445943141132
2,9,42,45,2126.29605154345,-1209299.7271939088,-7.662136802049755
2,9,42,46,2125.4969204925665,-1209240.3991608585,-7.66176089895873
2,9,42,47,2124.9255319639406,-1209197.965209764,-7.661492036962795
2,9,42,48,2124.4315587293113,-1209161.2712787234,-7.661259543799094
2,9,42,49,2123.8564286810138,-1209118.5380054207,-7.660988785294249
2,9,42,50,2123.1355935344764,-1209064.9622181316,-7.660649328497679
2,9,42,51,2122.3642457098613,-1209007.6119458845,-7.660285956521559
2,9,42,52,2121.655875482461,-1208954.9257407791,-7.659952136127805
2,9,42,53,2121.006543833257,-1208906.6151724604,-7.659646039818413
2,9,42,54,2120.5326163362206,-1208871.3454147198,-7.65942257023291
2,9,42,55,2120.0385570938874,-1208834.569056412,-7.6591895548091085
2,9,42,56,2119.429188944239,-1208789.197626437,-7.658902080913634
2,9,42,57,2118.789413564555,-1208741.548140244,-7.658600173228097
2,9,42,58,2118.166246230674,-1208695.121761222,-7.658306015163481
2,9,42,59,2117.5978200877103,-1208652.761723965,-7.65803762148646
2,9,42,60,2117.1300980523233,-1208617.8977916755,-7.657816723215624
2,9,42,61,2116.6673878800584,-1208583.399863231,-7.657598143949306
2,9,42,62,2116.233783620044,-1208551.0651166276,-7.6573932706276935
2,9,42,63,2115.8095563614916,-1208519.4232195069,-7.65719278720827
2,9,42,64,2115.37152545581,-1208486.7450898348,-7.656985738207636
2,9,42,65,2114.9268683325627,-1208453.5657071183,-7.656775513262021
2,9,42,66,2114.5052012681376,-1208422.0953496,-7.656576116719467
2,9,42,67,2114.0943210260893,-1208391.4240095008,-7.656381782760351
2,9,42,68,2113.7137388800197,-1208363.0090397287,-7.656201745189248
2,9,42,69,2113.4547902986715,-1208343.6725328134,-7.656079228861884
2,9,42,70,2113.169411354888,-1208322.3596429708,-7.655944190149852
2,9,42,71,2112.89181480074,-1208301.625201766,-7.655812816494956
2,9,42,72,2112.7099083516314,-1208288.0366371314,-7.655726719195145
2,9,42,73,2112.5422521589517,-1208275.5115424923,-7.6556473600533
2,9,42,74,2112.3623456387895,-1208262.070156717,-7.655562195280413
2,9,42,75,2112.1626404544973,-1208247.148209301,-7.655467649652159
2,9,42,76,2111.9551040975193,-1208231.6396225824,-7.655369387070624
2,9,42,77,2111.7512047109726,-1208216.4013318245,-7.655272837087364
2,9,42,78,2111.572896004132,-1208203.074338239,-7.6551883971046895
2,9,42,79,2111.440922264624,-1208193.209747564,-7.65512589494617
2,9,42,80,2111.3151259322212,-1208183.8063231986,-7.655066314742623
2,9,42,81,2111.119846119277,-1208169.2078166292,-7.654973818439245
2,9,42,82,2110.9555767169127,-1208156.926505353,-7.654896003911556
2,9,42,83,2110.7955131920535,-1208144.9587197232,-7.654820175885921
2,9,42,84,2110.631086381811,-1208132.6637507083,-7.654742274822644
2,9,42,85,2110.504189460019,-1208123.1744138026,-7.654682150276266
2,9,42,86,2110.421308831078,-1208116.9763020796,-7.654642878970016
2,9,97,1,4553.6726349371875,-1329494.0441317537,-8.423689358870122
2,9,97,2,3403.0572215651305,-1283525.081452208,-8.132429489394836
2,9,97,3,2985.2446458556174,-1262850.795818153,-8.001436980878887
2,9,97,4,2769.243919070529,-1250996.7494532866,-7.9263296085186825
2,9,97,5,2638.93711424245,-1243389.7394600296,-7.878131506830408
2,9,97,6,2553.269166551695,-1238181.152885849,-7.845129843157418
2,9,97,7,2490.3814964596236,-1234245.1350015842,-7.8201911891526485
2,9,97,8,2440.793644632071,-1231070.7941687286,-7.800078529593789
2,9,97,9,2400.876754623923,-1228468.3263667363,-7.783589264051603
2,9,97,10,2368.438325287266,-1226321.3634222588,-7.769986082458491
2,9,97,11,2344.177609021056,-1224696.3406295287,-7.75968991959303
2,9,97,12,2324.4306574031907,-1223361.1930701793,-7.75123040949755
2,9,97,13,2307.347153765563,-1222196.9457558517,-7.743853725294952
2,9,97,14,2292.5729043437245,-1221183.1028078992,-7.737430004865418
2,9,97,15,2279.625273124885,-1220289.220205651,-7.731766354548311
2,9,97,16,2267.9434320801424,-1219478.3580578149,-7.726628722772986
2,9,97,17,2257.22434377094,-1218730.6397332365,-7.721891170978765
2,9,97,18,2247.5168108330613,-1218050.4129110558,-7.717581246110043
2,9,97,19,2238.95490913129,-1217448.0199632836,-7.713764477553308
2,9,97,20,2231.423423200926,-1216916.2168818892,-7.710394967191431
2,9,97,21,2224.2628056195304,-1216408.9338881874,-7.707180816383579
2,9,97,22,2217.4591733508964,-1215925.4256818693,-7.70411730289853
2,9,97,23,2211.185624915866,-1215478.2720672458,-7.701284132519235
2,9,97,24,2205.1437151390905,-1215046.4278555715,-7.69854796269085
2,9,97,25,2199.803693523916,-1214663.7647878174,-7.696123405148753
2,9,97,26,2194.8877137961736,-1214310.666242241,-7.693886168754853
2,9,97,27,2190.3517524971476,-1213984.1609461333,-7.6918174274915305
2,9,97,28,2186.5700892592945,-1213711.4338947493,-7.690089425797383
2,9,97,29,2182.9081620037196,-1213446.8921087652,-7.688413286037745
2,9,97,30,2179.5408754881482,-1213203.2435539474,-7.686869526028001
2,9,97,31,2176.3102994305054,-1212969.132960615,-7.685386198650525
2,9,97,32,2172.955007975793,-1212725.6164090408,-7.683843275014831
2,9,97,33,2169.8119570489052,-1212497.1622772408,-7.682395787041848
2,9,97,34,2167.3249460307666,-1212316.1580678907,-7.68124894231626
2,9,97,35,2164.8983118513797,-1212139.3477621789,-7.680128670211742
2,9,97,36,2162.5712037322965,-1211969.602901216,-7.679053164845375
2,9,97,37,2160.7341654137686,-1211835.475849606,-7.678203334323479
2,9,97,38,2159.043966291137,-1211711.9691543053,-7.677420794499742
2,9,97,39,2157.337162864714,-1211587.1509896598,-7.676629945191347
2,9,97,40,2155.72243191058,-1211468.975127103,-7.675881181584402
2,9,97,41,2154.077479835787,-1211348.4964441091,-7.675117827281022
2,9,97,42,2152.729498963045,-1211249.6997563646,-7.674491850345722
2,9,97,43,2151.485242207008,-1211158.4503310588,-7.673913692950927
2,9,97,44,2150.343401347022,-1211074.6652812976,-7.673382829924333
2,9,97,45,2149.3097408247013,-1210998.7798223244,-7.672902018794665
2,9,97,46,2148.183715692104,-1210916.071936673,-7.672377980692102
2,9,97,47,2146.9942159184725,-1210828.6546617376,-7.671824103845563
2,9,97,48,2145.824507394385,-1210742.6446187296,-7.671279143236496
2,9,97,49,2144.6416476316854,-1210655.6198579639,-7.6707277533641935
2,9,97,50,2143.578814625846,-1210577.3846960561,-7.670232054490054
2,9,97,51,2142.6045606561497,-1210505.6357554654,-7.669777452387823
2,9,97,52,2141.7278408629973,-1210441.041825547,-7.669368184514453
2,9,97,53,2140.9465862078223,-1210383.4591803171,-7.669003340220475
2,9,97,54,2140.008211628684,-1210314.268173898,-7.6685649452182005
2,9,97,55,2138.967344932464,-1210237.48441573,-7.668078442454634
2,9,97,56,2137.966288875544,-1210163.6021946042,-7.6676103238627125
2,9,97,57,2137.1116404865265,-1210100.498106226,-7.667210495642257
2,9,97,58,2136.2843431944207,-1210039.3894801366,-7.666823310693518
2,9,97,59,2135.484365148052,-1209980.2762906365,-7.666448768853667
2,9,97,60,2134.9129324118685,-1209938.0375572634,-7.66618114375943
2,9,97,61,2134.372191193579,-1209898.0570439054,-7.66592782677285
2,9,97,62,2133.8494794828553,-1209859.399940007,-7.6656828949236315
2,9,97,63,2133.452869591319,-1209830.0623674511,-7.665497011730816
2,9,97,64,2132.9735024424945,-1209794.59588938,-7.6652722957230655
2,9,97,65,2132.3352553505374,-1209747.3621398432,-7.664973022149702
2,9,97,66,2131.8262962424847,-1209709.6862696796,-7.664734307408569
2,9,97,67,2131.4772065145485,-1209683.8395835743,-7.664570542511939
2,9,97,68,2131.0171127520653,-1209649.767665496,-7.664354662452139
2,9,97,69,2130.4785031963847,-1209609.8719682726,-7.66410188286155
2,9,97,70,2129.9763079809168,-1209572.664453889,-7.663866135627956
2,9,97,71,2129.4324580516277,-1209532.3608569247,-7.663610771579977
2,9,97,72,2129.0602731968233,-1209504.7730717054,-7.663435975059593
2,9,97,73,2128.5794999337986,-1209469.1291530451,-7.663210134786255
2,9,97,74,2128.0992040599253,-1209433.5125877487,-7.662984467824142
2,9,97,75,2127.6025889455905,-1209396.677407826,-7.662751079705921
2,9,97,76,2127.2668878148247,-1209371.772748134,-7.6625932834993415
2,9,97,77,2126.881486949254,-1209343.1761677521,-7.662412095241352
2,9,97,78,2126.5311711447157,-1209317.1783879136,-7.6622473730131135
2,9,97,79,2126.1759148693163,-1209290.8095896728,-7.662080300008065
2,9,97,80,2125.780379583124,-1209261.4459090487,-7.661894251394231
2,9,97,81,2125.344089861269,-1209229.0503699589,-7.661688992890735
2,9,97,82,2124.8633070480514,-1209193.343411177,-7.661462753194471
2,9,97,83,2124.559599960236,-1209170.7834149674,-7.661319812802338
2,9,97,84,2124.2283710709103,-1209146.175365045,-7.661163895918627
2,9,97,85,2123.857425149318,-1209118.612054947,-7.660989254472889
2,9,97,86,2123.5221714632944,-1209093.6967311979,-7.660831390698722
2,9,97,87,2123.118703515783,-1209063.706656084,-7.660641373242289
2,9,97,88,2122.7306396439317,-1209034.8562000329,-7.660458576425177
2,9,97,89,2122.3827574827155,-1209008.9885537643,-7.660294678724715
2,9,97,90,2121.9688368517664,-1208978.2049279988,-7.660099633322344
2,9,97,91,2121.5454958953715,-1208946.7144927378,-7.6599001095669825
2,9,97,92,2121.1260662829573,-1208915.508807304,-7.659702389989762
2,9,97,93,2120.7514629057614,-1208887.6329897856,-7.659525768493459
2,9,97,94,2120.423802610666,-1208863.24636772,-7.6593712545791615
2,9,97,95,2120.095133774069,-1208838.780897326,-7.659216241080962
2,9,97,96,2119.8531640590977,-1208820.7667171836,-7.659102103031044
2,9,97,97,2119.552797692717,-1208798.4021579127,-7.6589604009295735
2,9,97,98,2119.209211192269,-1208772.8156445874,-7.658798284490632
2,9,97,99,2118.9607169212068,-1208754.3079610716,-7.658681019597736
2,9,97,100,2118.653128865806,-1208731.3960066275,-7.658535849194234
2,9,97,101,2118.4124958242414,-1208713.469151068,-7.658422264433865
2,9,97,102,2118.3022226012654,-1208705.2532557829,-7.658370208428054
2,9,97,103,2118.0860386822656,-1208689.145253639,-7.658268147943578
2,9,97,104,2117.84318485345,-1208671.0480985104,-7.658153484163205
2,9,97,105,2117.7502626241026,-1208664.1231045052,-7.658109607322562
2,9,2026,1,4230.86612366661,-1317889.369469392,-8.350162008448388
2,9,2026,2,3186.2425838027216,-1273134.9704516684,-8.06659762812472
2,9,2026,3,2819.045159936518,-1253809.860307037,-7.944153510828477
2,9,2026,4,2639.1643155297093,-1243403.3271961748,-7.878217598880901
2,9,2026,5,2526.924148377547,-1236544.1999021622,-7.834758090466598
2,9,2026,6,2449.4789095285696,-1231631.4089050966,-7.8036305909287105
2,9,2026,7,2391.170685413566,-1227828.978945683,-7.779538351532573
2,9,2026,8,2346.007282238647,-1224819.480201179,-7.760470133317148
2,9,2026,9,2310.4721298692643,-1222410.5568885054,-7.745207167856814
2,9,2026,10,2281.7827954240774,-1220438.5238635186,-7.732712344219775
2,9,2026,11,2258.5394945976363,-1218822.5699749293,-7.722473642033918
2,9,2026,12,2239.454946689085,-1217483.2645838254,-7.713987787869233
2,9,2026,13,2223.0840001309443,-1216325.26669283,-7.706650700083825
2,9,2026,14,2209.7834610640152,-1215378.1579431584,-7.700649808292308
2,9,2026,15,2198.7808226979446,-1214590.360419191,-7.695658314235693
2,9,2026,16,2189.497030340109,-1213922.5610612961,-7.691427129921789
2,9,2026,17,2181.4172029067463,-1213339.0563807494,-7.687730037640656
2,9,2026,18,2173.9483954272314,-1212797.7525219768,-7.684300330245437
2,9,2026,19,2167.4543210425095,-1212325.5790778666,-7.681308633942435
2,9,2026,20,2162.0759930331687,-1211933.4574720017,-7.678824146995474
2,9,2026,21,2156.717889840099,-1211541.839271378,-7.676342849629838
2,9,2026,22,2151.441160092489,-1211155.216535581,-7.673893203586062
2,9,2026,23,2146.5307471952538,-1210794.5808680316,-7.671608211901764
2,9,2026,24,2142.4601991353625,-1210495.001475057,-7.669710073466414
2,9,2026,25,2138.8951675523367,-1210232.158572967,-7.668044697854417
2,9,2026,26,2135.5807167113853,-1209987.3972191398,-7.6664938871375155
2,9,2026,27,2132.7176059427447,-1209775.6598568428,-7.665152316805908
2,9,2026,28,2130.5766483934563,-1209617.1424961654,-7.664147949008829
2,9,2026,29,2128.350935765621,-1209452.1808725342,-7.663102750288505
2,9,2026,30,2126.387236394417,-1209306.4954019722,-7.662179685492893
2,9,2026,31,2124.4312643405674,-1209161.2494080306,-7.6612594052261365
2,9,2026,32,2122.6030013028185,-1209025.365825042,-7.660398445301479
2,9,2026,33,2120.915301486181,-1208899.8255154693,-7.659603020474626
2,9,2026,34,2119.182574229098,-1208770.8318456202,-7.658785715117851
2,9,2026,35,2117.6732113826743,-1208658.3806594308,-7.658073223125369
2,9,2026,36,2116.426886909292,-1208565.4660376222,-7.657484515026625
2,9,2026,37,2115.252130367743,-1208477.8367635466,-7.656929294951127
2,9,2026,38,2113.8861679983634,-1208375.883551747,-7.656283318243576
2,9,2026,39,2112.590252478285,-1208279.09760489,-7.655670081385368
2,9,2026,40,2111.3796635843796,-1208188.6306588768,-7.655096881788256
2,9,2026,41,2110.3676321838284,-1208112.962039343,-7.654617444555738
2,9,2026,42,2109.290093347266,-1208032.3555948134,-7.654106721207982
2,9,2026,43,2108.426012252104,-1207967.6873290597,-7.6536969823419145
2,9,2026,44,2107.4588949093954,-1207895.276339669,-7.653238185490971
2,9,2026,45,2106.5557002210167,-1207827.6214181008,-7.652809523139752
2,9,2026,46,2105.6815211173084,-1207762.1123148329,-7.652394456717648
2,9,2026,47,2104.908696396152,-1207704.1758379214,-7.652027370542118
2,9,2026,48,2104.3301004804553,-1207660.7862175342,-7.6517524534146935
2,9,2026,49,2103.6991317040392,-1207613.4554908231,-7.6514525653928525
2,9,2026,50,2103.063890290029,-1207565.7899189198,-7.651150555788072
2,9,2026,51,2102.4785527572203,-1207521.856155808,-7.650872190966166
2,9,2026,52,2101.9772611147832,-1207484.220912999,-7.650633733640412
2,9,2026,53,2101.3963217900478,-1207440.59476818,-7.650357317891502
2,9,2026,54,2100.9810651988137,-1207409.4033203593,-7.650159688523958
2,9,2026,55,2100.596727573125,-1207380.5288156145,-7.6499767393340505
2,9,2026,56,2100.1693609593617,-1207348.415426424,-7.64977326853552
2,9,2026,57,2099.885372070341,-1207327.0721814933,-7.649638037493305
2,9,2026,58,2099.4728101253645,-1207296.0608583167,-7.649441549397551
2,9,2026,59,2099.0992955178817,-1207267.9793762595,-7.649263624808396
2,9,2026,60,2098.785054644861,-1207244.350326737,-7.649113910882334
2,9,2026,61,2098.4183676128764,-1207216.7731639412,-7.648939181665745
2,9,2026,62,2098.0148464631825,-1207186.4202747322,-7.648746865415085
2,9,2026,63,2097.758086360806,-1207167.103722508,-7.648624475520871
2,9,2026,64,2097.4395186045535,-1207143.1339758288,-7.648472602933755
2,9,2026,65,2097.14813799473,-1207121.2066624782,-7.648333671227401
2,9,2026,66,2096.9065012069113,-1207103.0204182488,-7.648218442977474
2,9,2026,67,2096.5157511311427,-1207073.6070658956,-7.648032079643001
2,9,2026,68,2096.191906211268,-1207049.2257828237,-7.6478775995566295
2,9,2026,69,2095.733079636129,-1207014.6756984426,-7.647658689829704
2,9,2026,70,2095.265568763394,-1206979.463896904,-7.647435587455356
2,9,2026,71,2094.917765203239,-1206953.2630669912,-7.647269578699541
2,9,2026,72,2094.597694398128,-1206929.1475645592,-7.647116782602322
2,9,2026,73,2094.315737821198,-1206907.9006978427,-7.646982162213566
2,9,2026,74,2094.1054092481513,-1206892.0495038538,-7.646881728868475
2,9,2026,75,2093.8309443576104,-1206871.3623485826,-7.646750654817793
2,9,2026,76,2093.4411380135475,-1206841.9769374423,-7.646564468519162
2,9,2026,77,2093.110840248376,-1206817.0732763577,-7.646406678639771
2,9,2026,78,2092.8107285451624,-1206794.4421643326,-7.646263287657023
2,9,2026,79,2092.5517266413117,-1206774.908490501,-7.6461395220778385
2,9,2026,80,2092.326752692122,-1206757.9392099534,-7.646032004523617
2,9,2026,81,2092.048277881488,-1206736.9319521638,-7.645898902299743
2,9,2026,82,2091.806704287792,-1206718.7061401552,-7.645783423347918
2,9,2026,83,2091.5476481421256,-1206699.1589968984,-7.645659572426302
2,9,2026,84,2091.236305904927,-1206675.6633905065,-7.645510703997431
2,9,2026,85,2090.9117803352297,-1206651.169173343,-7.645355508359373
2,9,2026,86,2090.6421525196547,-1206630.815582492,-7.645226547776643
2,9,2026,87,2090.3771037540505,-1206610.805095063,-7.645099761101092
2,9,2026,88,2090.1580798637474,-1206594.2674504449,-7.64499497839702
2,9,2026,89,2089.9315772748487,-1206577.1632954779,-7.6448866062769465
2,9,2026,90,2089.7432236414597,-1206562.9385154715,-7.644796477909316
2,9,2026,91,2089.5638832762234,-1206549.3932408805,-7.644710654895712
2,9,2026,92,2089.4173094000066,-1206538.3219004371,-7.644640506756958
2,9,2026,93,2089.303103054539,-1206529.6948771775,-7.644585845839632
2,9,2026,94,2089.109488087495,-1206515.068335459,-7.644493171905233
2,9,2026,95,2088.8901560233076,-1206498.497371358,-7.64438817808854
2,9,2026,96,2088.639881564379,-1206479.5865235624,-7.644268358742191
2,9,2026,97,2088.513135657588,-1206470.0086829134,-7.64420767343509
2,9,2026,98,2088.4127715800487,-1206462.4240323906,-7.64415961700326
2,9,2026,99,2088.312612549675,-1206454.85451417,-7.644111656449869
2,9,2026,100,2088.1664655057816,-1206443.8088006768,-7.644041670683762
2,9,2026,101,2087.9732339155375,-1206429.2032761294,-7.643949129914397
2,9,2026,102,2087.782870279425,-1206414.8132058133,-7.643857954265487
2,9,2026,103,2087.6262223187327,-1206402.9708048396,-7.643782920678458
2,9,2026,104,2087.492304238523,-1206392.8460514292,-7.643718770125891
2,9,2026,105,2087.3245475479243,-1206380.1620444807,-7.64363840411385
2,9,2026,106,2087.1688543496307,-1206368.3892405757,-7.643563811494638
2,9,2026,107,2086.9901352188504,-1206354.8742388422,-7.643478180290203
2,9,2026,108,2086.886194873771,-1206347.0135858236,-7.643428375103427
2,9,2026,109,2086.7451519749225,-1206336.3463673762,-7.643360787486227
2,9,2026,110,2086.554433614105,-1206321.9209963456,-7.643269388171589
2,9,2026,111,2086.4242172224785,-1206312.071057305,-7.64320697884599
2,9,2026,112,2086.26738265664,-1206300.206827574,-7.643131806951707
2,9,2026,113,2086.0486222873133,-1206283.6565415645,-7.643026944151637
2,9,2026,114,2085.887805834592,-1206271.4888877424,-7.642949849758867
2,9,2026,115,2085.718155186767,-1206258.6518064314,-7.642868513865926
2,9,2026,116,2085.6008186511185,-1206249.7726049752,-7.642812255144684
2,9,2026,117,2085.480314532069,-1206240.6531831757,-7.64275447438462
2,9,2026,118,2085.3531201740984,-1206231.026890757,-7.642693482086557
2,9,2026,119,2085.267923627197,-1206224.5787380887,-7.642652626518037
2,9,31415,1,4226.587858187894,-1317729.6925399003,-8.349150293610135
2,9,31415,2,3208.1202934412227,-1274214.961905548,-8.073440466238868
2,9,31415,3,2833.5117163615078,-1254617.718662987,-7.949272110544308
2,9,31415,4,2631.496782624388,-1242944.1239901502,-7.8753080821536745
2,9,31415,5,2507.423339124303,-1235321.4837015057,-7.8270109467363564
2,9,31415,6,2425.0674225735065,-1230050.6060528418,-7.7936146061081795
2,9,31415,7,2366.610082672833,-1226199.4859397796,-7.76921386534569
2,9,31415,8,2322.1066702101243,-1223203.3162447368,-7.7502301001389915
2,9,31415,9,2287.776757292526,-1220852.5749533144,-7.735335776625911
2,9,31415,10,2261.590083418286,-1219035.6029852333,-7.72382342160601
2,9,31415,11,2239.809046672186,-1217508.2181888516,-7.714145894194006
2,9,31415,12,2222.196152148265,-1216262.2212745557,-7.706251243597813
2,9,31415,13,2207.644619949963,-1215225.3228384156,-7.699681443333348
2,9,31415,14,2196.169071576613,-1214402.7780738096,-7.694469790365522
2,9,31415,15,2185.913720934795,-1213664.0497052616,-7.689789199034782
2,9,31415,16,2176.7029978759565,-1212997.6092395436,-7.685566624677139
2,9,31415,17,2168.801982871361,-1212423.681571384,-7.68193021245523
2,9,31415,18,2162.526907947827,-1211966.3700889694,-7.679032681710275
2,9,31415,19,2156.410729236294,-1211519.359745196,-7.6762004190967135
2,9,31415,20,2150.783571159578,-1211106.9689644312,-7.673587506427448
2,9,31415,21,2146.1300007328223,-1210765.1124256968,-7.671421499516542
2,9,31415,22,2142.2040914329514,-1210476.1337347801,-7.669590527249792
2,9,31415,23,2138.6782331465256,-1210216.15028031,-7.667943269130383
2,9,31415,24,2135.3246711468887,-1209968.4732881547,-7.666373984895929
2,9,31415,25,2132.6130139644597,-1209767.9195224007,-7.665103273958998
2,9,31415,26,2130.24264240521,-1209592.3981953054,-7.663991168837629
2,9,31415,27,2128.1361277523465,-1209436.2509666556,-7.663001818223988
2,9,31415,28,2126.3273763416296,-1209302.0523140756,-7.662151534037532
2,9,31415,29,2124.296412925853,-1209151.2307244597,-7.661195926733278
2,9,31415,30,2122.344199077635,-1209006.1211863132,-7.660276511051988
2,9,31415,31,2120.584657955142,-1208875.218745307,-7.65944711169949
2,9,31415,32,2118.746549083413,-1208738.3551453575,-7.658579942376242
2,9,31415,33,2116.7914294740094,-1208592.6486772813,-7.657656744540141
2,9,31415,34,2114.89655373692,-1208451.3034415229,-7.6567611795215225
2,9,31415,35,2113.1516331600615,-1208321.03182291,-7.655935777066871
2,9,31415,36,2111.6532967279277,-1208209.0837182046,-7.655226472604384
2,9,31415,37,2110.308926516792,-1208108.5715593388,-7.654589626424581
2,9,31415,38,2108.9889559705875,-1208009.8213293408,-7.653963943846091
2,9,31415,39,2107.6346285011837,-1207908.43651331,-7.6533215685005835
2,9,31415,40,2106.52148975944,-1207825.0582707925,-7.652793283009304
2,9,31415,41,2105.5978619607963,-1207755.841651619,-7.652354725724326
2,9,31415,42,2104.6519122247296,-1207684.9207488394,-7.65190537007907
2,9,31415,43,2103.853415496078,-1207625.0300592058,-7.651525901989545
2,9,31415,44,2103.0462872889857,-1207564.4688662933,-7.651142185583631
2,9,31415,45,2102.165536774302,-1207498.3570507274,-7.650723300369563
2,9,31415,46,2101.176769643376,-1207424.104168025,-7.650252833261684
2,9,31415,47,2100.120249275552,-1207344.7246338588,-7.64974988363192
2,9,31415,48,2099.1270135608593,-1207270.0634388921,-7.649276829452899
2,9,31415,49,2098.2632363021626,-1207205.1048665438,-7.648865251200951
2,9,31415,50,2097.507084584573,-1207148.2180946528,-7.64850481596835
2,9,31415,51,2096.903942252284,-1207102.8278131245,-7.64821722262922
2,9,31415,52,2096.420758057107,-1207066.4557213148,-7.647986768642539
2,9,31415,53,2095.868032430586,-1207024.8385594026,-7.647723081832138
2,9,31415,54,2095.2723522584038,-1206979.9748697053,-7.647438824984827
2,9,31415,55,2094.629373756026,-1206931.5345870897,-7.647131906804177
2,9,31415,56,2094.039369625039,-1206887.0721679747,-7.646850192411832
2,9,31415,57,2093.5499955912715,-1206850.1836774293,-7.6466164665169005
2,9,31415,58,2093.0900105026267,-1206815.502631647,-7.64639672701705
2,9,31415,59,2092.666271780105,-1206783.5476725828,-7.646194260033599
2,9,31415,60,2092.2645670377847,-1206753.2483636062,-7.6460022832679
2,9,31415,61,2091.919387420225,-1206727.2079172984,-7.645837290704428
2,9,31415,62,2091.5579208530994,-1206699.9341728536,-7.645664483949956
2,9,31415,63,2091.1906488689488,-1206672.2175640748,-7.645488871202035
2,9,31415,64,2090.666805365798,-1206632.676678833,-7.645238339704191
2,9,31415,65,2090.095142416294,-1206589.5149673156,-7.644964866609953
2,9,31415,66,2089.574710498515,-1206550.211035649,-7.644715836452652
2,9,31415,67,2089.0176206327546,-1206508.1277823013,-7.644449196481621
2,9,31415,68,2088.5165383812673,-1206470.2658250045,-7.6442093026902995
2,9,31415,69,2088.129184582845,-1206440.9910051958,-7.6440238170996
2,9,31415,70,2087.6483671141955,-1206404.644979174,-7.643793528266049
2,9,31415,71,2087.240950643398,-1206373.8409400424,-7.643598353524358
2,9,31415,72,2086.7662370911803,-1206337.9411020821,-7.64337089174343
2,9,31415,73,2086.4094664557656,-1206310.9552285012,-7.64319990894202
2,9,31415,74,2086.0765162547223,-1206285.7669524185,-7.643040315738769
2,9,31415,75,2085.7282131029424,-1206259.4128953458,-7.642873336133929
2,9,31415,76,2085.3798186992485,-1206233.047530721,-7.64270628488431
2,9,31415,77,2085.0076749594946,-1206204.8800271482,-7.642527815261856
2,9,31415,78,2084.6171109474517,-1206175.3128885024,-7.6423404775356865
2,9,31415,79,2084.26275511533,-1206148.4820494263,-7.64217047703466
2,9,31415,80,2083.85623968508,-1206117.6962116857,-7.641975417617188
2,9,31415,81,2083.3532352996217,-1206079.594850566,-7.641734006960527
2,9,31415,82,2082.9963885761017,-1206052.5589990884,-7.641562707498596
2,9,31415,83,2082.7162274822936,-1206031.3298509184,-7.641428199374752
2,9,31415,84,2082.447434000417,-1206010.9593967588,-7.6412991319459085
2,9,31415,85,2082.0197082054765,-1205978.5388710608,-7.641093715126979
2,9,31415,86,2081.642533923582,-1205949.9444946374,-7.640912540833296
2,9,31415,87,2081.425821626281,-1205933.512735383,-7.64080842902009
2,9,31415,88,2081.2539508323307,-1205920.4797733652,-7.640725852024769
2,9,31415,89,2081.058606178579,-1205905.6654817364,-7.640631988504805
2,9,31415,90,2080.8579553323248,-1205890.447338211,-7.640535566174639
2,9,31415,91,2080.6029843438005,-1205871.107225779,-7.64041302700268
2,9,31415,92,2080.31002457318,-1205848.882654078,-7.640272211864042
2,9,31415,93,2080.046201669585,-1205828.8657906076,-7.64014538478982
2,9,31415,94,2079.848879877857,-1205813.8928630902,-7.640050516151065
2,9,31415,95,2079.6213289930847,-1205796.6243652892,-7.639941102752928
2,9,31415,96,2079.3559958468486,-1205776.4862416158,-7.639813507372684
2,9,31415,97,2079.108455891557,-1205757.6962596101,-7.639694453833351
2,9,31415,98,2078.8202676494057,-1205735.8179750221,-7.639555832773793
2,9,31415,99,2078.48617405136,-1205710.4509133224,-7.639395106782842
2,9,31415,100,2078.2834855246815,-1205695.0591897322,-7.639297584647415
2,9,31415,101,2078.0188434733204,-1205674.960591299,-7.63917023969954
2,9,31415,102,2077.8227429737667,-1205660.0658225631,-7.639075866275713
2,9,31415,103,2077.576129450385,-1205641.332352969,-7.638957170799662
2,9,31415,104,2077.3533697415023,-1205624.40897587,-7.638849944090213
2,9,31415,105,2077.0818545789984,-1205603.779122321,-7.638719233103891
2,9,31415,106,2076.752315560228,-1205578.736965011,-7.638560565710844
2,9,31415,107,2076.4046564646696,-1205552.3135284632,-7.6383931465168615
2,9,31415,108,2076.158795002346,-1205533.624435148,-7.6382747322094176
2,9,31415,109,2075.9054122646894,-1205514.361298177,-7.638152680754853
2,9,31415,110,2075.62111297818,-1205492.7449661659,-7.638015719429796
2,9,31415,111,2075.3681565542142,-1205473.5092592349,-7.637893841772277
2,9,31415,112,2075.264020017084,-1205465.5896649724,-7.6378436631331095
2,9,31415,113,2075.161733489917,-1205457.8103772695,-7.637794373477897
2,9,31415,114,2075.028451572741,-1205447.6731943968,-7.637730144172116
2,9,31415,115,2074.9662664207913,-1205442.9432808284,-7.637700175386043
2,10,11,1,4468.3047447708595,-1326507.150032613,-8.404764363944375
2,10,11,2,3235.919838947039,-1275576.7082002505,-8.08206850622355
2,10,11,3,2809.7158227737114,-1253286.678747697,-7.940838626528227
2,10,11,4,2603.5047996718527,-1241256.2693748793,-7.864613816147194
2,10,11,5,2481.6307728902157,-1233689.5810122811,-7.816671192768591
2,10,11,6,2402.3486251013856,-1228565.0540289313,-7.784202131617529
2,10,11,7,2346.170348511473,-1224830.4501284678,-7.760539638901005
2,10,11,8,2304.9836467801124,-1222035.1934317963,-7.742828860733179
2,10,11,9,2273.560050694908,-1219868.7398501185,-7.729102186241469
2,10,11,10,2247.853983714828,-1218074.0885205285,-7.717731255040477
2,10,11,11,2227.844005575689,-1216662.8423286423,-7.708789583145211
2,10,11,12,2210.967147748584,-1215462.6770319052,-7.701185322198248
2,10,11,13,2196.423334149389,-1214421.0496317756,-7.694585559164252
2,10,11,14,2183.9878186793594,-1213524.9338381898,-7.688907759321475
2,10,11,15,2173.4546492618233,-1212761.9026275326,-7.684073184907194
2,10,11,16,2164.5465529652797,-1212113.7013325181,-7.679966174142219
2,10,11,17,2156.9385721038166,-1211557.9879103138,-7.676445167589488
2,10,11,18,2149.8814040531192,-1211040.7525848772,-7.673167958694764
2,10,11,19,2142.991926204927,-1210534.1672003581,-7.669958227946614
2,10,11,20,2136.7044945134744,-1210070.4270723774,-7.667019965230361
2,10,11,21,2131.068804811932,-1209653.5960512129,-7.664378919147508
2,10,11,22,2125.8787490999925,-1209268.7491587407,-7.661940524867202
2,10,11,23,2121.8303837859476,-1208967.9067167293,-7.660034383738813
2,10,11,24,2117.7521857199267,-1208664.2664255735,-7.658110515406477
2,10,11,25,2113.721574175799,-1208363.5940890415,-7.6562054520683365
2,10,11,26,2110.0297114329437,-1208087.687946862,-7.654457307618813
2,10,11,27,2106.7560723286833,-1207842.6330435108,-7.6529046369687945
2,10,11,28,2103.3438967599627,-1207586.8020810492,-7.651283689085899
2,10,11,29,2100.294096123886,-1207357.7890118645,-7.6498326596793
2,10,11,30,2097.671893348559,-1207160.6187277378,-7.648583386520375
2,10,11,31,2095.2256063369373,-1206976.4536579703,-7.647416514547294
2,10,11,32,2092.771255734666,-1206791.465319173,-7.6462444263322915
2,10,11,33,2090.500348972048,-1206620.1101017233,-7.6451587177289415
2,10,11,34,2088.3585802786097,-1206458.3285701287,-7.644133668107869
2,10,11,35,2086.655298549623,-1206329.550285103,-7.64331772743178
2,10,11,36,2085.2693585311176,-1206224.687341849,-7.642653314632696
2,10,11,37,2083.9947633980028,-1206128.1874315278,-7.642041890105227
2,10,11,38,2082.65498401648,-1206026.688759773,-7.64139879336856
2,10,11,39,2081.378653928327,-1205929.936116074,-7.6407857675195405
2,10,11,40,2080.29930676674,-1205848.0695183952,-7.640267059827123
2,10,11,41,2079.353109589549,-1205776.2671677612,-7.639812119318253
2,10,11,42,2078.347937127586,-1205699.9536663166,-7.639328596106626
2,10,11,43,2077.6109570424596,-1205643.978091458,-7.638973934228769
2,10,11,44,2076.846546035743,-1205585.8980838326,-7.638605938641005
2,10,11,45,2076.0664650210897,-1205526.6054246794,-7.638230259679394
2,10,11,46,2075.2782814225548,-1205466.674269797,-7.6378505352015935
2,10,11,47,2074.378529671472,-1205398.2319729712,-7.6374168840318015
2,10,11,48,2073.674157429723,-1205344.6310803958,-7.637077268167852
2,10,11,49,2072.9363241920637,-1205288.4643649647,-7.636721395221157
2,10,11,50,2072.3085463242387,-1205240.6597458527,-7.636418504611683
2,10,11,51,2071.76753738603,-1205199.4508696352,-7.636157404704078
2,10,11,52,2071.2775007620685,-1205162.11528678,-7.635920846027195
2,10,11,53,2070.8077431885063,-1205126.316458764,-7.63569402424642
2,10,11,54,2070.388426063271,-1205094.3546869652,-7.635491514097405
2,10,11,55,2069.9809788711336,-1205063.2914801065,-7.635294697266053
2,10,11,56,2069.4092396322226,-1205019.6925650928,-7.635018454045498
2,10,11,57,2069.0279117897408,-1204990.6070873188,-7.634834168128081
2,10,11,58,2068.6259372007394,-1204959.9409910487,-7.634639867393927
2,10,11,59,2068.2130669564035,-1204928.4374758895,-7.634440260764183
2,10,11,60,2067.82723633598,-1204898.9914981565,-7.634253690714933
2,10,11,61,2067.438620526663,-1204869.32740484,-7.634065738682869
2,10,11,62,2067.146534542436,-1204847.0280228867,-7.633924449545624
2,10,11,63,2066.8489523185876,-1204824.30578845,-7.633780481210241
2,10,11,64,2066.536700752742,-1204800.4599417932,-7.633629393655076
2,10,11,65,2066.144889706024,-1204770.5332451856,-7.633439777765578
2,10,11,66,2065.79330884984,-1204743.6745165032,-7.633269600555689
2,10,11,67,2065.5247743861833,-1204723.1569690593,-7.633139601142124
2,10,11,68,2065.2499011770437,-1204702.152342894,-7.633006515592253
2,10,11,69,2064.951847550456,-1204679.3732097086,-7.6328621867457525
2,10,11,70,2064.578568284229,-1204650.8402220523,-7.632681401411995
2,10,11,71,2064.173198067208,-1204619.848399614,-7.63248503687314
2,10,11,72,2063.9430568499374,-1204602.2506742429,-7.632373537485382
2,10,11,73,2063.818749377212,-1204592.7446994642,-7.632313307521252
2,10,11,74,2063.601318099031,-1204576.1160339813,-7.632207948107949
2,10,11,75,2063.232858100097,-1204547.933023769,-7.63202938023525
2,10,11,76,2062.9692388337876,-1204527.7660515062,-7.631901602070014
2,10,11,77,2062.805150146991,-1204515.2119044145,-7.631822058851499
2,10,11,78,2062.677156995357,-1204505.4186721868,-7.631760008820911
2,10,11,79,2062.522163550453,-1204493.558733535,-7.631684864114955
2,10,11,80,2062.335658363038,-1204479.2863673056,-7.6315944342404745
2,10,11,81,2062.156742951346,-1204465.5935979334,-7.631507676698263
2,10,11,82,2062.017808710771,-1204454.9598514442,-7.6314403011597705
2,10,11,83,2061.8746491614843,-1204444.0019588296,-7.631370871827746
2,10,11,84,2061.777153159394,-1204436.5388655527,-7.631323585584008
2,10,42,1,4647.372291658163,-1332708.6661196838,-8.444057240284891
2,10,42,2,3384.0898440044175,-1282642.9461367754,-8.126840270020374
2,10,42,3,2932.512339688171,-1260037.9548277117,-7.983614788426082
2,10,42,4,2703.294613754234,-1247192.6096348749,-7.902226535436519
2,10,42,5,2562.232866542051,-1238734.265476113,-7.848634370809444
2,10,42,6,2468.664377704496,-1232862.7758068258,-7.81143254559917
2,10,42,7,2401.1314089868774,-1228485.0658588258,-7.783695325663544
2,10,42,8,2351.773112988572,-1225206.901458021,-7.762924838799332
2,10,42,9,2313.536988937004,-1222619.778209377,-7.746532796521384
2,10,42,10,2285.2970621641666,-1220681.4142082548,-7.734251300201832
2,10,42,11,2263.484635133131,-1219167.7613888488,-7.724660778751861
2,10,42,12,2246.5836731300324,-1217984.8713148963,-7.717165973812608
2,10,42,13,2231.73302233873,-1216938.1132296403,-7.710533702699396
2,10,42,14,2219.4297939203566,-1216065.6226198508,-7.705005592289396
2,10,42,15,2208.835314346351,-1215310.4245132979,-7.7002206485116576
2,10,42,16,2199.815730611952,-1214664.628403211,-7.696128877025693
2,10,42,17,2191.558539798189,-1214071.0932739351,-7.692368231707524
2,10,42,18,2184.48863827224,-1213561.121903219,-7.689137047312385
2,10,42,19,2178.058678139525,-1213095.8760690368,-7.686189244424543
2,10,42,20,2172.3682566914495,-1212682.9932131919,-7.683573213961983
2,10,42,21,2167.464780279302,-1212326.3406885846,-7.681313459516591
2,10,42,22,2163.027316844133,-1212002.8872756853,-7.679264055019929
2,10,42,23,2158.7038680902306,-1211687.1057203936,-7.677263259500175
2,10,42,24,2154.973908128631,-1211414.1635591679,-7.675533894867628
2,10,42,25,2151.301482620184,-1211144.9695754733,-7.673828278730475
2,10,42,26,2147.7518166235436,-1210884.3369323139,-7.672176907344158
2,10,42,27,2144.581854238377,-1210651.2194942732,-7.6706998726098865
2,10,42,28,2141.98735531267,-1210460.1647806163,-7.669489347774896
2,10,42,29,2139.736293632495,-1210294.2126432431,-7.668437873148258
2,10,42,30,2137.4302158602645,-1210124.0234878315,-7.667359552727219
2,10,42,31,2135.0363941172545,-1209947.164463722,-7.66623897194238
2,10,42,32,2132.9396256067566,-1209792.0891748406,-7.665256413151282
2,10,42,33,2131.048204383836,-1209652.0703660387,-7.664369252388922
2,10,42,34,2129.4258114284157,-1209531.868225716,-7.663607650263046
2,10,42,35,2127.769472409163,-1209409.056529051,-7.662829513958556
2,10,42,36,2126.443464981533,-1209310.6688318928,-7.6622061283922545
2,10,42,37,2125.2087244674253,-1209218.997818999,-7.661625299813715
2,10,42,38,2124.2192631129465,-1209145.498651613,-7.661159608254638
2,10,42,39,2123.252312848294,-1209073.6385690784,-7.66070430195579
2,10,42,40,2122.0821525254396,-1208986.6329069245,-7.6601530330925085
2,10,42,41,2120.822205566834,-1208892.8976267271,-7.659559125292896
2,10,42,42,2119.6609950261354,-1208806.4586370513,-7.65901144687287
2,10,42,43,2118.6947536572284,-1208734.4967940836,-7.658555495818763
2,10,42,44,2117.860150383957,-1208672.3124154545,-7.658161494889719
2,10,42,45,2117.0169184121273,-1208609.4602404106,-7.657763262795009
2,10,42,46,2116.2407193416966,-1208551.5823795556,-7.657396548011478
2,10,42,47,2115.603546075298,-1208504.0552132698,-7.657095415346261
2,10,42,48,2114.946289542589,-1208455.0150227936,-7.656784696142595
2,10,42,49,2114.280336421115,-1208405.3104032872,-7.6564697671090505
2,10,42,50,2113.6895453479765,-1208361.2025327461,-7.656190299140496
2,10,42,51,2113.028754566752,-1208311.8539455594,-7.65587762593177
2,10,42,52,2112.408908866363,-1208265.5491526858,-7.655584238238372
2,10,42,53,2111.9166572345657,-1208228.7664333242,-7.655351182510861
2,10,42,54,2111.2576077966723,-1208179.5065880038,-7.655039071571609
2,10,42,55,2110.806401656401,-1208145.772867805,-7.654825334337413
2,10,42,56,2110.32670066968,-1208109.9008657513,-7.654598048925104
2,10,42,57,2109.803257459772,-1208070.748519176,-7.654349979212661
2,10,42,58,2109.3219221974437,-1208034.7371761238,-7.654121810934205
2,10,42,59,2108.8480048603938,-1207999.2727794398,-7.6538971081141485
2,10,42,60,2108.5262179230417,-1207975.1881304786,-7.65374450750487
2,10,42,61,2108.1737595142254,-1207948.8036088508,-7.653577334876263
2,10,42,62,2107.838368094977,-1207923.6926008998,-7.653418231244772
2,10,42,63,2107.399842666026,-1207890.8538439,-7.6532101645075645
2,10,42,64,2106.8953188493506,-1207853.0643762585,-7.652970730011522
2,10,42,65,2106.325455908507,-1207810.3700416465,-7.652700218222663
2,10,42,66,2105.780824649125,-1207769.555277175,-7.652441615411556
2,10,42,67,2105.2615954445264,-1207730.6343169266,-7.6521950117655075
2,10,42,68,2104.9602600238277,-1207708.042079039,-7.652051867089736
2,10,42,69,2104.6185155388107,-1207682.4163090626,-7.651889501920208
2,10,42,70,2104.3679422761243,-1207663.624384999,-7.651770436075975
2,10,42,71,2104.0698794296472,-1207641.2680309287,-7.651628785962749
2,10,42,72,2103.846541711685,-1207624.514397132,-7.6515226347487895
2,10,42,73,2103.6140979497345,-1207607.0757864162,-7.651412143513294
2,10,42,74,2103.445071006351,-1207594.3936807632,-7.651331789547882
2,10,42,75,2103.3083225193195,-1207584.1326845982,-7.651266775759677
2,10,42,76,2103.0883457650475,-1207567.6252108896,-7.651162184218831
2,10,42,77,2102.811270943073,-1207546.8305324374,-7.651030428900052
2,10,42,78,2102.635493524109,-1207533.6368814176,-7.650946833777388
2,10,42,79,2102.380464319414,-1207514.4927213138,-7.650825536161605
2,10,42,80,2102.1058399418575,-1207493.875022415,-7.650694902187286
2,10,42,81,2101.938751703805,-1207481.3293883835,-7.6506154129076185
2,10,42,82,2101.70644711181,-1207463.8853999171,-7.6505048875986335
2,10,42,83,2101.412057364486,-1207441.7766037616,-7.650364806015165
2,10,42,84,2101.1306644452065,-1207420.6409796071,-7.650230890460547
2,10,42,85,2100.831772904415,-1207398.1879211217,-7.650088627627048
2,10,42,86,2100.541782595388,-1207376.4004794857,-7.649950582149465
2,10,42,87,2100.177836631206,-1207349.0523729776,-7.649777304236116
2,10,42,88,2099.801465330959,-1207320.7656003707,-7.649598078923706
2,10,42,89,2099.645743110497,-1207309.0605709215,-7.649523915724216
2,10,42,90,2099.51023497094,-1207298.8742483514,-7.649459375068755
2,10,42,91,2099.33946648716,-1207286.036423619,-7.649378034465487
2,10,42,92,2099.1663732221823,-1207273.0227635773,-7.6492955797677045
2,10,42,93,2098.9704474484197,-1207258.291193662,-7.649202240373457
2,10,42,94,2098.7142908358364,-1207239.028820034,-7.649080193755442
2,10,42,95,2098.5096846722013,-1207223.6412296607,-7.648982697808124
2,10,42,96,2098.4442841976443,-1207218.7224117867,-7.648951532122226
2,10,97,1,4812.320046202181,-1338213.2876655902,-8.478934584899955
2,10,97,2,3538.7970285321694,-1289698.1506507352,-8.171542125926548
2,10,97,3,3082.9897726216295,-1267935.718785429,-8.033655110534436
2,10,97,4,2843.690604649274,-1255183.6718248788,-7.952857996203961
2,10,97,5,2697.823318302222,-1246872.852160651,-7.900200548449267
2,10,97,6,2597.285510386919,-1240878.796568388,-7.862222144159388
2,10,97,7,2522.6606698374385,-1236277.6843468638,-7.833069444882174
2,10,97,8,2463.871071531641,-1232556.0296424758,-7.8094889984190115
2,10,97,9,2416.174395942646,-1229470.7671443927,-7.789940740200679
2,10,97,10,2377.2684639940667,-1226908.692055058,-7.773707403344514
2,10,97,11,2346.5834368126493,-1224858.2363297257,-7.760715692587663
2,10,97,12,2320.594592736001,-1223100.5105036357,-7.749578721796105
2,10,97,13,2298.0638605401514,-1221560.6657004787,-7.739822247639701
2,10,97,14,2278.6497027143623,-1220221.6629257943,-7.731338310856086
2,10,97,15,2261.48649385232,-1219028.3736873248,-7.723777616692379
2,10,97,16,2247.0179749509625,-1218015.3791317325,-7.717359271686472
2,10,97,17,2233.995709709584,-1217098.0492554738,-7.711547059175012
2,10,97,18,2222.4957452159797,-1216283.4979685785,-7.70638605297272
2,10,97,19,2212.8203562778867,-1215594.9113277914,-7.702023160198389
2,10,97,20,2204.3935598107073,-1214992.7281093497,-7.698207720489075
2,10,97,21,2196.4125452462936,-1214420.274373585,-7.694580647119554
2,10,97,22,2189.471980777584,-1213920.7553749145,-7.6914156890723735
2,10,97,23,2183.218264122929,-1213469.311430872,-7.688555335117165
2,10,97,24,2177.9174776115005,-1213085.64396668,-7.686124413707834
2,10,97,25,2172.946709014384,-1212725.0136303464,-7.68383945580218
2,10,97,26,2167.9307447729702,-1212360.2671176565,-7.681528417756397
2,10,97,27,2163.8426563633316,-1212062.3683361083,-7.679640927694124
2,10,97,28,2160.4224074663525,-1211812.7022552777,-7.67805904057124
2,10,97,29,2157.1126892754764,-1211570.7279374106,-7.676525888545826
2,10,97,30,2154.2530481846293,-1211361.3597103772,-7.675199329082147
2,10,97,31,2151.2374782660377,-1211140.2738926224,-7.673798526830616
2,10,97,32,2148.4264821722795,-1210933.9070887158,-7.672490984417948
2,10,97,33,2145.9893659605154,-1210754.7697008306,-7.671355967894357
2,10,97,34,2143.6803642677196,-1210584.8614434195,-7.670279427246239
2,10,97,35,2141.5379214414925,-1210427.0456814177,-7.669279504786335
2,10,97,36,2139.1847070389604,-1210253.522100299,-7.668180057406157
2,10,97,37,2137.2080104343136,-1210107.6149703655,-7.66725558817425
2,10,97,38,2135.440303361829,-1209977.0197669861,-7.6664281354828425
2,10,97,39,2133.649775098568,-1209844.6283177026,-7.6655893017569925
2,10,97,40,2132.0040028551266,-1209722.8420837289,-7.664817662795758
2,10,97,41,2130.6260945175145,-1209620.8053037524,-7.664171156599288
2,10,97,42,2129.284347226944,-1209521.382885711,-7.663541215029722
2,10,97,43,2128.15022459201,-1209437.2964207563,-7.66300844223304
2,10,97,44,2127.0137571079813,-1209352.9911412862,-7.662474283025104
2,10,97,45,2125.8998738651235,-1209270.3174809543,-7.661950461774555
2,10,97,46,2124.7705066274775,-1209186.4503444221,-7.661419078645247
2,10,97,47,2123.7666095493464,-1209111.8632257676,-7.66094649381458
2,10,97,48,2122.833684792166,-1209042.517565362,-7.66050711892289
2,10,97,49,2121.9141845961817,-1208974.1399449862,-7.660073877543821
2,10,97,50,2120.9286968668393,-1208900.822330128,-7.659609336303621
2,10,97,51,2119.876732087245,-1208822.5214019571,-7.659113220733692
2,10,97,52,2118.965487123897,-1208754.6632629405,-7.658683270794412
2,10,97,53,2118.165150647341,-1208695.040127511,-7.658305497931361
2,10,97,54,2117.301212538553,-1208630.653533907,-7.657897543743233
2,10,97,55,2116.480415412455,-1208569.4577605654,-7.657509806628516
2,10,97,56,2115.79281935636,-1208518.174724109,-7.6571848767272535
2,10,97,57,2115.0845393268787,-1208465.3315844666,-7.656850061994492
2,10,97,58,2114.350716346272,-1208410.5640764926,-7.656503054442131
2,10,97,59,2113.6929142157837,-1208361.454083995,-7.656191892972064
2,10,97,60,2113.0424800992405,-1208312.8791404609,-7.655884121578306
2,10,97,61,2112.5721124893867,-1208277.7423915653,-7.655661494738356
2,10,97,62,2112.1101354283296,-1208243.2248058135,-7.655442790923116
2,10,97,63,2111.8054143664936,-1208220.4527994778,-7.655298507232416
2,10,97,64,2111.39178907057,-1208189.5370499785,-7.655102624692567
2,10,97,65,2110.927700267207,-1208154.8422770523,-7.654882798217378
2,10,97,66,2110.428081676554,-1208117.482808973,-7.654646088203442
2,10,97,67,2109.965264352253,-1208082.8672994867,-7.6544267639423085
2,10,97,68,2109.4857677574814,-1208046.9962876847,-7.654199484804247
2,10,97,69,2109.1795220894987,-1208024.081864259,-7.654054298757249
2,10,97,70,2108.88557652534,-1208002.0846501382,-7.653914924158819
2,10,97,71,2108.651465292639,-1207984.5629035328,-7.653803906173383
2,10,97,72,2108.3514353646206,-1207962.104714779,-7.653661610834446
2,10,97,73,2108.0232653578673,-1207937.5364922623,-7.65350594629763
2,10,97,74,2107.8362460140106,-1207923.533706381,-7.6534172244872964
2,10,97,75,2107.6850559267964,-1207912.2126728073,-7.653345494290033
2,10,97,76,2107.556766913895,-1207902.6058226263,-7.653284625178208
2,10,97,77,2107.3955391175796,-1207890.5315409729,-7.653208122392559
2,10,97,78,2107.230222063773,-1207878.1500573205,-7.653129673171557
2,10,97,79,2107.0765733953617,-1207866.6416108662,-7.653056755524154
2,10,97,80,2106.9504337220815,-1207857.1929897126,-7.652996888953244
2,10,97,81,2106.8824091765773,-1207852.0973068182,-7.652964602648568
2,10,2026,1,4415.140538425202,-1324618.0405106975,-8.39279494456432
2,10,2026,2,3233.670418949903,-1275466.9573630376,-8.081373123672844
2,10,2026,3,2830.070990483974,-1254425.9520803427,-7.94805707529933
2,10,2026,4,2631.978816952852,-1242973.0320805425,-7.875491244142627
2,10,2026,5,2512.846193193725,-1235662.4528624015,-7.829171331211201
2,10,2026,6,2432.315884339903,-1230521.6461172367,-7.796599121304437
2,10,2026,7,2371.8145092062423,-1226546.185373438,-7.771410556893821
2,10,2026,8,2324.666052814301,-1223377.175524102,-7.751331674507071
2,10,2026,9,2287.0207520183317,-1220800.4114198426,-7.735005267885563
2,10,2026,10,2259.058505918009,-1218858.834608933,-7.722703415166719
2,10,2026,11,2235.9468313564366,-1217235.832524054,-7.712420055529146
2,10,2026,12,2218.0079527704643,-1215964.480309583,-7.704364753463156
2,10,2026,13,2202.4311182063875,-1214852.1605684871,-7.6973170829541475
2,10,2026,14,2189.3813925139193,-1213914.2251884658,-7.6913743137368895
2,10,2026,15,2177.8317786951106,-1213079.4334675067,-7.686085063914557
2,10,2026,16,2167.937705197981,-1212360.7738442656,-7.681531628381945
2,10,2026,17,2158.8656384576648,-1211698.9326955122,-7.677338195348812
2,10,2026,18,2151.752190478473,-1211178.0318263874,-7.674037761527659
2,10,2026,19,2145.406548954355,-1210711.9002733354,-7.671084346715002
2,10,2026,20,2139.657093423147,-1210288.370688783,-7.668400858458467
2,10,2026,21,2134.46639499132,-1209905.0228715853,-7.665971962336121
2,10,2026,22,2129.840194057094,-1209562.578297189,-7.663802229624585
2,10,2026,23,2125.6913814526283,-1209254.8381281523,-7.661852384419446
2,10,2026,24,2121.9830911103563,-1208979.2651290393,-7.6601063507681735
2,10,2026,25,2118.6066819644443,-1208727.9359301273,-7.658513926110242
2,10,2026,26,2115.7117459316587,-1208512.1269194675,-7.657146557768377
2,10,2026,27,2113.2807233022427,-1208330.6730698287,-7.655996864116815
2,10,2026,28,2111.345349544842,-1208186.0656250585,-7.655080629704859
2,10,2026,29,2109.3038510304323,-1208033.3850125044,-7.65411324361016
2,10,2026,30,2107.319423415345,-1207884.8309471437,-7.6531720033653325
2,10,2026,31,2105.6449044738206,-1207759.367748858,-7.652377067116468
2,10,2026,32,2104.014809212564,-1207637.1371149109,-7.651602612431957
2,10,2026,33,2102.5084664982237,-1207524.1016923073,-7.650886418710921
2,10,2026,34,2101.1983029377957,-1207425.721613747,-7.650263081416143
2,10,2026,35,2100.009239254027,-1207336.3818007489,-7.649697023346611
2,10,2026,36,2098.675708558722,-1207236.1273199904,-7.649061809818223
2,10,2026,37,2097.4879635124416,-1207146.779313182,-7.6484956998326155
2,10,2026,38,2096.434843488294,-1207067.5161324735,-7.647993487419681
2,10,2026,39,2095.5247985375536,-1206998.989434219,-7.64755930148148
2,10,2026,40,2094.578486643838,-1206927.700253053,-7.647107612420186
2,10,2026,41,2093.5627042756346,-1206851.1417534973,-7.646622536897745
2,10,2026,42,2092.7161824348755,-1206787.3118680452,-7.646218110018788
2,10,2026,43,2092.087627971914,-1206739.900568008,-7.645917711483437
2,10,2026,44,2091.310175373744,-1206681.238305491,-7.64554602672207
2,10,2026,45,2090.3973846628464,-1206612.3363401864,-7.645109463087579
2,10,2026,46,2089.511832948787,-1206545.4617499781,-7.6446857449247165
2,10,2026,47,2088.590754987373,-1206475.8742318216,-7.644244837619571
2,10,2026,48,2087.7596729200777,-1206413.0595688699,-7.643846843201903
2,10,2026,49,2087.1517837346623,-1206367.0983857263,-7.643555632623656
2,10,2026,50,2086.512341055516,-1206318.7370624687,-7.643249214730394
2,10,2026,51,2085.7855993165767,-1206263.7552764253,-7.642900849509753
2,10,2026,52,2085.2312912264633,-1206221.806111482,-7.642635059124376
2,10,2026,53,2084.701129220712,-1206181.673849825,-7.642380780658851
2,10,2026,54,2084.2070131976757,-1206144.2610110745,-7.642143732487737
2,10,2026,55,2083.5728818518205,-1206096.2336750126,-7.64183943074114
2,10,2026,56,2082.8931339430833,-1206044.7352331746,-7.641513136028935
2,10,2026,57,2082.3224790531667,-1206001.4888186322,-7.641239126255368
2,10,2026,58,2081.8217953632156,-1205963.535327787,-7.640998652506444
2,10,2026,59,2081.477428526059,-1205937.4258764237,-7.6408332227261555
2,10,2026,60,2081.126722232167,-1205910.8313355648,-7.640664719413316
2,10,2026,61,2080.864294260909,-1205890.928129749,-7.640538612475282
2,10,2026,62,2080.553600137164,-1205867.3610506917,-7.640389291194793
2,10,2026,63,2080.256485370459,-1205844.8207143075,-7.640246475367536
2,10,2026,64,2080.0479046671467,-1205828.9950091746,-7.640146203520127
2,10,2026,65,2079.717190127365,-1205803.8993543454,-7.63998719716619
2,10,2026,66,2079.253106949321,-1205768.6765396118,-7.639764025012113
2,10,2026,67,2078.8398304150305,-1205737.3032105153,-7.639565243242741
2,10,2026,68,2078.3825521260637,-1205702.5822783923,-7.639345251022584
2,10,2026,69,2077.9477501462125,-1205669.5608762729,-7.6391360270438255
2,10,2026,70,2077.587915783815,-1205642.227727213,-7.638962843901037
2,10,2026,71,2077.3233988329544,-1205622.131904118,-7.638835516537737
2,10,2026,72,2077.132365423994,-1205607.6171649552,-7.6387435509856
2,10,2026,73,2076.9068410314353,-1205590.480078811,-7.6386349702132135
2,10,2026,74,2076.6415550149372,-1205570.3192151464,-7.638507230752125
2,10,2026,75,2076.455477212306,-1205556.1763780175,-7.638417621575497
2,10,2026,76,2076.2918181085597,-1205543.736425763,-7.638338801896768
2,10,2026,77,2076.196427418713,-1205536.485196664,-7.6382928580268645
2,10,31415,1,4397.711920897014,-1323993.7869115337,-8.38883966667216
2,10,31415,2,3275.5441814659857,-1277497.5996952022,-8.09423929654562
2,10,31415,3,2876.6007740109294,-1256999.7343907603,-7.964364589241201
2,10,31415,4,2667.818445113265,-1245107.673381434,-7.889016355662076
2,10,31415,5,2540.2280122101915,-1237372.9601126835,-7.840009124570313
2,10,31415,6,2452.4711251403473,-1231824.0895570372,-7.804851417727129
2,10,31415,7,2387.939811669177,-1227615.5825744024,-7.77818626970121
2,10,31415,8,2339.212230242127,-1224361.6787190551,-7.757569497928474
2,10,31415,9,2301.252915310863,-1221779.5339548488,-7.741208999384448
2,10,31415,10,2270.4705189022147,-1219654.1221483022,-7.7277423660459625
2,10,31415,11,2245.599365293093,-1217915.7061279723,-7.716727742402947
2,10,31415,12,2225.124730297568,-1216470.0820119185,-7.707568251589823
2,10,31415,13,2208.9042798607716,-1215315.3522320911,-7.700251870593881
2,10,31415,14,2195.124629175216,-1214327.7012196206,-7.6939941025649485
2,10,31415,15,2183.208553521855,-1213468.6094359409,-7.688550887269312
2,10,31415,16,2173.5526846141456,-1212769.0214209463,-7.6841182896630915
2,10,31415,17,2165.155900080329,-1212158.1256495016,-7.6802476471190255
2,10,31415,18,2157.517667692382,-1211600.3559372544,-7.6767136118892365
2,10,31415,19,2150.9710365906885,-1211120.7248834819,-7.6736746640867395
2,10,31415,20,2144.9085554049457,-1210675.2608543849,-7.670852198940523
2,10,31415,21,2139.7888122814616,-1210298.0863970474,-7.668462417296344
2,10,31415,22,2135.2909298382515,-1209965.979351094,-7.666358183282396
2,10,31415,23,2131.6854474696106,-1209699.2583025626,-7.664668235690515
2,10,31415,24,2128.0836053885555,-1209432.3557262062,-7.662977137936274
2,10,31415,25,2124.308092943182,-1209152.0985076448,-7.661201425017391
2,10,31415,26,2121.034348861491,-1208908.6841822164,-7.659659149087719
2,10,31415,27,2117.763528249527,-1208665.1117388164,-7.658115871320782
2,10,31415,28,2114.9593521929855,-1208455.9898208913,-7.656790872474411
2,10,31415,29,2112.3156212394883,-1208258.5790416303,-7.655540075535585
2,10,31415,30,2109.8660478026272,-1208075.4456049027,-7.654379740001158
2,10,31415,31,2107.72378365035,-1207915.1126615799,-7.653363868651822
2,10,31415,32,2105.914267215513,-1207779.5564633557,-7.652504983040751
2,10,31415,33,2104.057907277952,-1207640.3699874978,-7.651623095949374
2,10,31415,34,2102.2567359919426,-1207505.204027168,-7.6507666828900325
2,10,31415,35,2100.832159389115,-1207398.2169563365,-7.6500888115944985
2,10,31415,36,2099.549053097661,-1207301.7923244652,-7.649477864032144
2,10,31415,37,2098.5683956722037,-1207228.0567966488,-7.649010674890696
2,10,31415,38,2097.422696568458,-1207141.8681472142,-7.648464582629281
2,10,31415,39,2096.516164253067,-1207073.6381661631,-7.648032276694649
2,10,31415,40,2095.5875503968214,-1207003.7156260367,-7.647589246686499
2,10,31415,41,2094.6279565239865,-1206931.4278001913,-7.647131230201177
2,10,31415,42,2093.608204914529,-1206854.5718856754,-7.646644270254172
2,10,31415,43,2092.676662056712,-1206784.3313008791,-7.646199225111381
2,10,31415,44,2091.7511611542304,-1206714.5153236464,-7.6457568702869345
2,10,31415,45,2090.873307458479,-1206648.2651038778,-7.645337108142267
2,10,31415,46,2090.184657614031,-1206596.274325687,-7.6450076939813405
2,10,31415,47,2089.5743909835687,-1206550.186902313,-7.64471568354356
2,10,31415,48,2089.0558991274397,-1206511.0197458968,-7.644467519995798
2,10,31415,49,2088.4757052041828,-1206467.1800550069,-7.644189751216557
2,10,31415,50,2087.9032319110893,-1206423.9117995019,-7.643915603058405
2,10,31415,51,2087.291906234567,-1206377.6939311766,-7.643622766119932
2,10,31415,52,2086.861067747139,-1206345.1132483606,-7.6434163345436845
2,10,31415,53,2086.4358111745505,-1206312.9480818182,-7.643212535683264
2,10,31415,54,2085.8218326402452,-1206266.4969692146,-7.642918220906396
2,10,31415,55,2085.229071919759,-1206221.6381354276,-7.642633994826188
2,10,31415,56,2084.7261802790485,-1206183.5703973083,-7.642392797205238
2,10,31415,57,2084.1003346567113,-1206136.1824989296,-7.642092546943061
2,10,31415,58,2083.555205251473,-1206094.894689303,-7.64183094691248
2,10,31415,59,2083.1639956329273,-1206065.2580236767,-7.641643168662574
2,10,31415,60,2082.900048539014,-1206045.2591750983,-7.641516455730911
2,10,31415,61,2082.6297601995843,-1206024.7772339988,-7.64138668191955
2,10,31415,62,2082.324999760936,-1206001.679873586,-7.641240336781724
2,10,31415,63,2081.8957726681606,-1205969.143628492,-7.641034186763388
2,10,31415,64,2081.4373846426583,-1205934.3895202582,-7.640813984339016
2,10,31415,65,2081.1290954248925,-1205911.0113130952,-7.640665859752992
2,10,31415,66,2080.739186449638,-1205881.4387510829,-7.640478487664311
2,10,31415,67,2080.3605512951885,-1205852.7159455325,-7.640296499642221
2,10,31415,68,2080.1378156063674,-1205835.8170429354,-7.640189428003493
2,10,31415,69,2079.8907765780696,-1205817.0721353272,-7.640070660056056
2,10,31415,70,2079.573147123401,-1205792.9676725462,-7.63991793390619
2,10,31415,71,2079.2439259585476,-1205767.979644844,-7.639759609478952
2,10,31415,72,2079.033246464522,-1205751.986904662,-7.639658279295576
2,10,31415,73,2078.891381402389,-1205741.2169744498,-7.639590040895468
2,10,31415,74,2078.8041330181113,-1205734.5929982841,-7.6395480713072725
2,11,11,1,4661.644447530299,-1333192.615745088,-8.44712355060628
2,11,11,2,3314.4204593785726,-1279359.7755049611,-8.106038063619645
2,11,11,3,2871.6612842930413,-1256728.490676688,-7.962645985989102
2,11,11,4,2652.450411586187,-1244195.8725657454,-7.883239175341165
2,11,11,5,2517.9655645827206,-1235983.6656071343,-7.831206538808921
2,11,11,6,2430.9309384133667,-1230431.7542159746,-7.796029565197395
2,11,11,7,2369.5821614775405,-1226397.5679816313,-7.770468915411912
2,11,11,8,2324.3654835766656,-1223356.7677289161,-7.7512023704850606
2,11,11,9,2289.8728759451433,-1220997.1147343519,-7.736251582319689
2,11,11,10,2264.132003342592,-1219212.8945521077,-7.724946742986718
2,11,11,11,2243.5210639542884,-1217769.5687399001,-7.715801814252858
2,11,11,12,2225.7869210083236,-1216517.044182573,-7.707865804436304
2,11,11,13,2210.945811913952,-1215461.1539842382,-7.701175672150938
2,11,11,14,2197.674617169074,-1214510.9372510125,-7.695155088140333
2,11,11,15,2185.3662680391453,-1213624.5173960596,-7.689538721874823
2,11,11,16,2174.4299058856423,-1212832.7061656916,-7.684521796928882
2,11,11,17,2164.465148321966,-1212107.7655980212,-7.679928565261052
2,11,11,18,2154.6958444092484,-1211393.79715372,-7.675404853091466
2,11,11,19,2146.0890266702054,-1210762.0991338245,-7.671402407265026
2,11,11,20,2138.708783951198,-1210218.4048214029,-7.667957553928345
2,11,11,21,2132.041463918361,-1209725.6152270897,-7.664835233463579
2,11,11,22,2126.1580886461606,-1209289.4863271324,-7.662071915801584
2,11,11,23,2120.4347510842663,-1208864.0612855812,-7.659376417907984
2,11,11,24,2115.643089043857,-1208507.0051654612,-7.657114106276841
2,11,11,25,2111.2736744065523,-1208180.70764999,-7.65504668151399
2,11,11,26,2107.770910202044,-1207918.6414950578,-7.653386227380806
2,11,11,27,2104.3708616416875,-1207663.8433378253,-7.6517718233635685
2,11,11,28,2100.7301740603316,-1207390.5549776738,-7.650040265210697
2,11,11,29,2097.3059220836144,-1207133.0807928587,-7.648408905852312
2,11,11,30,2093.924623852767,-1206878.4235283115,-7.646795394532729
2,11,11,31,2090.9251861589296,-1206652.1810800051,-7.645361919811473
2,11,11,32,2088.062370567861,-1206435.94089089,-7.64399181951802
2,11,11,33,2085.719163778023,-1206258.7281273387,-7.642868997436062
2,11,11,34,2083.5526134248325,-1206094.6983599383,-7.641829702967397
2,11,11,35,2081.5479047013614,-1205942.769641069,-7.640867080879622
2,11,11,36,2079.713127037615,-1205803.5910095577,-7.639985243490114
2,11,11,37,2077.738321320124,-1205653.6531622524,-7.639035235587174
2,11,11,38,2076.0443190230108,-1205524.9218190308,-7.638219592334888
2,11,11,39,2074.539196752911,-1205410.4557700257,-7.63749433414873
2,11,11,40,2072.991389467582,-1205292.6568366648,-7.63674795876945
2,11,11,41,2071.3343569016142,-1205166.4475733186,-7.635948295443892
2,11,11,42,2069.980695583148,-1205063.2698804978,-7.635294560410687
2,11,11,43,2068.8445474092687,-1204976.6192064716,-7.634745540756213
2,11,11,44,2067.567506137332,-1204879.1662092065,-7.634128077459047
2,11,11,45,2066.214780012978,-1204775.8719127986,-7.63347360362419
2,11,11,46,2064.965072250236,-1204680.3839941663,-7.6328685910875524
2,11,11,47,2063.8020483032633,-1204591.4675002114,-7.632305215172285
2,11,11,48,2062.653336621442,-1204503.596019684,-7.631748460473959
2,11,11,49,2061.563073275853,-1204420.1503077166,-7.6312197474954795
2,11,11,50,2060.5546562845193,-1204342.9295922858,-7.630730476165736
2,11,11,51,2059.5240181140066,-1204263.9682046892,-7.6302301759173865
2,11,11,52,2058.4811465553844,-1204184.0293365766,-7.629723682341388
2,11,11,53,2057.575413755514,-1204114.5696503208,-7.629283584980617
2,11,11,54,2056.865924292784,-1204060.1382975157,-7.628938707311223
2,11,11,55,2056.2776835200016,-1204014.9947896919,-7.628652677533086
2,11,11,56,2055.524777976529,-1203957.1955259598,-7.628286460741819
2,11,11,57,2054.8176632144173,-1203902.89225981,-7.627942394630927
2,11,11,58,2054.2504745096794,-1203859.3211841015,-7.627666327800527
2,11,11,59,2053.448925101473,-1203797.7261503383,-7.627276060967245
2,11,11,60,2052.613420609249,-1203733.4962416247,-7.626869099536361
2,11,11,61,2052.0590943247926,-1203690.8676474863,-7.626599004279889
2,11,11,62,2051.549894514738,-1203651.699204171,-7.62635083257832
2,11,11,63,2051.012921868893,-1203610.3838980927,-7.6260890583299075
2,11,11,64,2050.4669880937777,-1203568.368021746,-7.625822845260321
2,11,11,65,2050.0523466443906,-1203536.4491229164,-7.625620606754926
2,11,11,66,2049.632420062928,-1203504.1167966512,-7.625415748768604
2,11,11,67,2049.255130128894,-1203475.0616370998,-7.6252316549477905
2,11,11,68,2048.9193856976713,-1203449.201404938,-7.6250678042231925
2,11,11,69,2048.521091413739,-1203418.5178644236,-7.624873392962108
2,11,11,70,2048.053186790127,-1203382.4641052377,-7.6246449559345475
2,11,11,71,2047.6170668400932,-1203348.8520537436,-7.624431989594645
2,11,11,72,2047.1412691314194,-1203312.173844706,-7.624199596045734
2,11,11,73,2046.7647930557202,-1203283.1460823,-7.624015675813544
2,11,11,74,2046.4089017313963,-1203255.7005741124,-7.623841780762047
2,11,11,75,2046.1577710458232,-1203236.3310893555,-7.623719055486704
2,11,11,76,2045.7899855410858,-1203207.9598323156,-7.623539294879968
2,11,11,77,2045.5080698628192,-1203186.2091863654,-7.623401482540268
2,11,11,78,2045.2372332320679,-1203165.3104988874,-7.623269068219121
2,11,11,79,2044.8620222276115,-1203136.3533519437,-7.623085595407302
2,11,11,80,2044.5160141795616,-1203109.6452521535,-7.622916372583784
2,11,11,81,2044.2010723589765,-1203085.331201215,-7.622762318480973
2,11,11,82,2043.8671188333872,-1203059.5453215824,-7.6225989388548445
2,11,11,83,2043.5886026542003,-1203038.0367575309,-7.622462660348803
2,11,11,84,2043.3080728876096,-1203016.369729668,-7.622325377814253
2,11,11,85,2043.0254280138047,-1202994.5363305074,-7.622187041149273
2,11,11,86,2042.777140232633,-1202975.354412967,-7.622065504301943
2,11,11,87,2042.5106883254705,-1202954.7665996095,-7.621935059682753
2,11,11,88,2042.2903532086302,-1202937.7400416445,-7.621827179218165
2,11,11,89,2042.063027909579,-1202920.1713868354,-7.621715864021818
2,11,11,90,2041.845579634444,-1202903.3642397132,-7.6216093737468205
2,11,11,91,2041.6010277225048,-1202884.4600428839,-7.621489596541069
2,11,11,92,2041.3604679101568,-1202865.8622313945,-7.62137176059631
2,11,11,93,2041.09635664199,-1202845.4411197542,-7.621242372201094
2,11,11,94,2040.8666681219283,-1202827.6794303108,-7.621129833935112
2,11,11,95,2040.7186512726496,-1202816.2323079454,-7.621057304837832
2,11,11,96,2040.495299715335,-1202798.9574823438,-7.6209478513466795
2,11,11,97,2040.2828917522697,-1202782.5273200306,-7.620843749651713
2,11,11,98,2040.0795207454285,-1202766.7945806072,-7.620744066836095
2,11,11,99,2039.958564460878,-1202757.4366834087,-7.620684775093195
2,11,11,100,2039.8515458669262,-1202749.1566261544,-7.620632312556419
2,11,11,101,2039.7191569601725,-1202738.9130599047,-7.620567409204353
2,11,11,102,2039.622116900884,-1202731.404181656,-7.6205198328665125
2,11,42,1,4833.100749563102,-1338893.3579277592,-8.483243517802666
2,11,42,2,3419.150633148433,-1284269.707159591,-8.137147446331392
2,11,42,3,2952.8716649498906,-1261129.9088624753,-7.990533421588535
2,11,42,4,2715.2687143832163,-1247890.1566841186,-7.9066462014605685
2,11,42,5,2570.232747835845,-1239226.273170737,-7.851751737148903
2,11,42,6,2474.6201953660557,-1233243.0878163131,-7.813842206809395
2,11,42,7,2407.5615596539114,-1228907.1591099356,-7.786369713295079
2,11,42,8,2358.14602692591,-1225634.0106481605,-7.76563100747751
2,11,42,9,2319.4868252850006,-1223025.1511688193,-7.749101244195068
2,11,42,10,2289.925705979016,-1221000.7559681037,-7.736274653218083
2,11,42,11,2266.2738128389274,-1219362.125127949,-7.725892269609632
2,11,42,12,2247.298304533479,-1218035.0679362826,-7.717484020175651
2,11,42,13,2231.9723884022433,-1216955.0402728172,-7.710640952637157
2,11,42,14,2219.5703626528693,-1216075.6184212205,-7.705068925800368
2,11,42,15,2208.9947226605,-1215321.8143110971,-7.700292814399835
2,11,42,16,2199.630701443885,-1214651.352740463,-7.696044762275788
2,11,42,17,2191.8146986358142,-1214089.5398149306,-7.6924851092007165
2,11,42,18,2185.48315130713,-1213632.958525302,-7.689592204965544
2,11,42,19,2179.973933813614,-1213234.5996715918,-7.6870681987454175
2,11,42,20,2174.906381147421,-1212867.2866777303,-7.68474089944579
2,11,42,21,2170.0033731060353,-1212511.0849035215,-7.6824840009600415
2,11,42,22,2165.6603001756152,-1212194.8893702035,-7.680480582470813
2,11,42,23,2161.8201936524715,-1211914.7834322187,-7.678705828067382
2,11,42,24,2158.106404841142,-1211643.417708034,-7.676986451757824
2,11,42,25,2154.8439794671604,-1211404.647435135,-7.675473600597708
2,11,42,26,2151.859525044123,-1211185.9044696232,-7.674087642684588
2,11,42,27,2149.030641673518,-1210978.2836973204,-7.672772155113924
2,11,42,28,2146.527066106785,-1210794.3102083497,-7.671606496998947
2,11,42,29,2144.3936428177635,-1210637.367686478,-7.670612107398421
2,11,42,30,2142.3526584310075,-1210487.0791060508,-7.6696598772464375
2,11,42,31,2140.303743273609,-1210336.06245853,-7.668703034053084
2,11,42,32,2138.4734145412776,-1210201.0345614783,-7.667847495764239
2,11,42,33,2136.640703573713,-1210065.7150746451,-7.666990109959229
2,11,42,34,2134.780398264018,-1209928.2393830745,-7.666119062416519
2,11,42,35,2133.13082479753,-1209806.2364263933,-7.6653460502977495
2,11,42,36,2131.3237456995207,-1209672.475968995,-7.66449854252094
2,11,42,37,2129.9222349246493,-1209568.657671925,-7.663840748611938
2,11,42,38,2128.7141373923287,-1209479.1118146242,-7.6632733850433645
2,11,42,39,2127.248287091431,-1209370.3927013597,-7.66258453950731
2,11,42,40,2125.7435986963405,-1209258.715098248,-7.661876948945992
2,11,42,41,2124.29628285459,-1209151.221060607,-7.661195865502997
2,11,42,42,2123.072123532751,-1209060.2439640563,-7.660619433586286
2,11,42,43,2121.7155841206304,-1208959.3673481357,-7.659980278202446
2,11,42,44,2120.648103899949,-1208879.9407434335,-7.659477030333234
2,11,42,45,2119.574253757986,-1208799.9998301826,-7.658970523799216
2,11,42,46,2118.650111371047,-1208731.171219712,-7.658534424941784
2,11,42,47,2117.8757105583454,-1208673.4719925784,-7.658168841983541
2,11,42,48,2117.074265575472,-1208613.7355324172,-7.657790351093705
2,11,42,49,2116.3591252191104,-1208560.4127738813,-7.657452497490188
2,11,42,50,2115.6472206749963,-1208507.313386846,-7.6571160591710345
2,11,42,51,2115.0154387283437,-1208460.175200777,-7.656817391088887
2,11,42,52,2114.2513130340885,-1208403.1438341292,-7.656456039702266
2,11,42,53,2113.6114902005693,-1208355.3740915244,-7.656153370070737
2,11,42,54,2112.8652561888644,-1208299.6413240726,-7.655800246623366
2,11,42,55,2112.1127623761754,-1208243.4211050784,-7.655444034677487
2,11,42,56,2111.433027541974,-1208192.619624202,-7.655122155917847
2,11,42,57,2110.6868988316382,-1208136.8372185032,-7.654768717961979
2,11,42,58,2110.0891667550286,-1208092.1350796777,-7.6544854847028265
2,11,42,59,2109.5423082905304,-1208051.2264938315,-7.654226287438424
2,11,42,60,2109.038157661033,-1208013.5033371567,-7.6539872730894185
2,11,42,61,2108.516447232121,-1207974.4567702676,-7.653739873598269
2,11,42,62,2108.1241976056153,-1207945.0931230208,-7.653553825195915
2,11,42,63,2107.871687200371,-1207926.187406139,-7.6534340383590935
2,11,42,64,2107.6124922059767,-1207906.778851446,-7.653311065536191
2,11,42,65,2107.436904327181,-1207893.6294521657,-7.653227750793051
2,11,42,66,2107.3058860186648,-1207883.8170585597,-7.653165579355753
2,11,42,67,2107.1834997156134,-1207874.6505932182,-7.6531075005272715
2,11,42,68,2106.9424387916742,-1207856.5941022162,-7.652993094395267
2,11,42,69,2106.674241582045,-1207836.502559739,-7.652865794154009
2,11,42,70,2106.4107195287884,-1207816.7587572476,-7.65274069719725
2,11,42,71,2106.1454527150736,-1207796.881737681,-7.65261475617559
2,11,42,72,2105.9451911196734,-1207781.8740420851,-7.652519667245895
2,11,42,73,2105.647268400677,-1207759.544936207,-7.652378189777523
2,11,42,74,2105.3338646498537,-1207736.0521274228,-7.652229339074326
2,11,42,75,2105.1113549363035,-1207719.3706311574,-7.652123644924585
2,11,42,76,2104.9522532110805,-1207707.4417343817,-7.652048063299172
2,11,42,77,2104.804282085496,-1207696.3465621918,-7.651977764162201
2,11,42,78,2104.688890903,-1207687.693758252,-7.651922939898194
2,11,42,79,2104.4862095803524,-1207672.4942062963,-7.651826635364424
2,11,42,80,2104.3074709591433,-1207659.088959441,-7.651741699568144
2,11,42,81,2104.1319807560694,-1207645.9262333976,-7.651658300386481
2,11,42,82,2103.952210977731,-1207632.4413774393,-7.651572860186021
2,11,42,83,2103.7178601388378,-1207614.8605673406,-7.651461467973621
2,11,42,84,2103.540752077629,-1207601.5727646751,-7.651377276305061
2,11,42,85,2103.3632298892185,-1207588.2527687403,-7.651292880659581
2,11,42,86,2103.206959511584,-1207576.5264263463,-7.65121858242103
2,11,42,87,2103.038448386496,-1207563.8805765274,-7.651138458172995
2,11,42,88,2102.9701928314644,-1207558.758077427,-7.6511060019605335
2,11,97,1,4989.426296241372,-1343917.4482995968,-8.515076211442816
2,11,97,2,3597.804398496686,-1292308.1401581333,-8.188079049079589
2,11,97,3,3119.749281766998,-1269806.4238662268,-8.045507919166605
2,11,97,4,2872.62790070005,-1256781.6074787194,-7.962982534649869
2,11,97,5,2718.003461927458,-1248049.0369160878,-7.907652868414273
2,11,97,6,2614.909722319802,-1241946.1413618645,-7.86898485288963
2,11,97,7,2538.6043367665984,-1237272.0465801887,-7.8393697352826415
2,11,97,8,2479.6074332981993,-1233560.8471577223,-7.815855533604445
2,11,97,9,2431.0702226134363,-1230440.796972653,-7.796086860206382
2,11,97,10,2391.1198767874653,-1227825.6253126336,-7.779517102875495
2,11,97,11,2359.042249837421,-1225693.9824207847,-7.766010989309785
2,11,97,12,2333.139111028645,-1223951.3890259182,-7.7549698977742745
2,11,97,13,2310.4596999069136,-1222409.7077973825,-7.7452017880058195
2,11,97,14,2290.5971784739763,-1221047.028921811,-7.736567839178162
2,11,97,15,2273.5945137244876,-1219871.1322170177,-7.729117344305305
2,11,97,16,2259.369062956551,-1218880.530030895,-7.722840877606604
2,11,97,17,2247.078731218768,-1218019.6465255439,-7.717386309942113
2,11,97,18,2237.024147352407,-1217311.8583391595,-7.712901755956861
2,11,97,19,2227.8299334348453,-1216661.8454074692,-7.708783266641339
2,11,97,20,2220.2484077143004,-1216123.8251171792,-7.705374363973307
2,11,97,21,2213.6451424961997,-1215653.7277178916,-7.702395821513873
2,11,97,22,2207.8204451840243,-1215237.8923615108,-7.699761083974395
2,11,97,23,2202.4316181678546,-1214852.1963961273,-7.697317309958482
2,11,97,24,2197.2545683464905,-1214480.768179806,-7.694963936562625
2,11,97,25,2192.2767603662214,-1214122.808408772,-7.692695899389032
2,11,97,26,2187.9105617893474,-1213808.160396463,-7.690702286010486
2,11,97,27,2183.6314088531835,-1213499.1754342448,-7.688744553781615
2,11,97,28,2179.1212658495,-1213172.855261345,-7.686676985461039
2,11,97,29,2175.342184747721,-1212898.9087838312,-7.684941257469088
2,11,97,30,2171.94364953432,-1212652.141423516,-7.683377736672301
2,11,97,31,2168.989591239603,-1212437.333612085,-7.682016711940119
2,11,97,32,2166.268801345611,-1212239.2292109714,-7.680761520205359
2,11,97,33,2163.4529370804144,-1212033.9401347884,-7.679460806287784
2,11,97,34,2160.53215012583,-1211820.7192173784,-7.678109836134136
2,11,97,35,2157.840541855036,-1211623.9732505637,-7.6768632514545185
2,11,97,36,2155.4869280896864,-1211451.7321245128,-7.675771929724211
2,11,97,37,2153.1948741629603,-1211283.815189416,-7.674708006116887
2,11,97,38,2151.1875934633867,-1211136.6139945409,-7.673775337674816
2,11,97,39,2149.5721873982625,-1211018.050608801,-7.673024118716584
2,11,97,40,2148.2276371602006,-1210919.2988332142,-7.672398426345225
2,11,97,41,2146.848098228873,-1210817.9130177572,-7.671756044667342
2,11,97,42,2145.2965521848296,-1210703.8080936924,-7.671033074572905
2,11,97,43,2144.0217947844094,-1210609.9971891886,-7.670438687616827
2,11,97,44,2142.68998278184,-1210511.9279732434,-7.6698173199511075
2,11,97,45,2141.3524297598565,-1210413.374642121,-7.669192884926128
2,11,97,46,2140.311461127441,-1210336.6315792645,-7.668706640008519
2,11,97,47,2139.280875581722,-1210260.6172088028,-7.668225012094196
2,11,97,48,2138.3480318849333,-1210191.7805422777,-7.667788862193513
2,11,97,49,2137.4043799853857,-1210122.115753453,-7.667347465300536
2,11,97,50,2136.453289933482,-1210051.8707173367,-7.666902391954132
2,11,97,51,2135.7337755430317,-1209998.7084767562,-7.666565555394203
2,11,97,52,2135.099630952663,-1209951.8390423306,-7.6662685901255205
2,11,97,53,2134.3940796796637,-1209899.6755986647,-7.665938081954182
2,11,97,54,2133.7995907582476,-1209855.7099282471,-7.665659514967225
2,11,97,55,2133.1344068053068,-1209806.5014549803,-7.665347729521887
2,11,97,56,2132.4999659950004,-1209759.552975014,-7.6650502634197615
2,11,97,57,2131.905605064793,-1209715.557723654,-7.664771509007616
2,11,97,58,2131.318852119331,-1209672.1135909834,-7.664496246489745
2,11,97,59,2130.738813599524,-1209629.1548479304,-7.664224059406002
2,11,97,60,2130.330766841423,-1209598.92713035,-7.664032536244202
2,11,97,61,2130.0106821287686,-1209575.211505333,-7.663882273774824
2,11,97,62,2129.447314801216,-1209533.4619967544,-7.663617748414441
2,11,97,63,2128.891613777071,-1209492.2697933118,-7.6633567541457275
2,11,97,64,2128.516537654694,-1209464.4606135057,-7.6631805548667264
2,11,97,65,2128.2246209683667,-1209442.8137126842,-7.663043399857339
2,11,97,66,2128.004068955337,-1209426.4568457582,-7.662939762562779
2,11,97,67,2127.721209828806,-1209405.4765956888,-7.662806831460126
2,11,97,68,2127.3829287372314,-1209380.3819204494,-7.662647831312881
2,11,97,69,2127.0204584127328,-1209353.488388592,-7.66247743358968
2,11,97,70,2126.7656324664486,-1209334.5788013965,-7.662357622230507
2,11,97,71,2126.448253041606,-1209311.0242088905,-7.662208380064947
2,11,97,72,2126.200881779428,-1209292.6628955663,-7.662092042575249
2,11,97,73,2125.960665224074,-1209274.8306010405,-7.661979056954663
2,11,97,74,2125.650616806807,-1209251.8114121067,-7.661833207112215
2,11,97,75,2125.3704458706848,-1209231.0075544366,-7.661701393633807
2,11,97,76,2125.071269831672,-1209208.7894608257,-7.661560619540422
2,11,97,77,2124.7570003266455,-1209185.4470929103,-7.661412722032278
2,11,97,78,2124.568342175479,-1209171.4328500356,-7.661323927630304
2,11,97,79,2124.3050763140204,-1209151.874383429,-7.661200004963815
2,11,97,80,2124.000119552609,-1209129.2155989944,-7.661056438648367
2,11,97,81,2123.625528526911,-1209101.3784224372,-7.660880061981634
2,11,97,82,2123.27864881576,-1209075.5961919527,-7.660716705476548
2,11,97,83,2122.9785105547658,-1209053.2846739464,-7.660575339445133
2,11,97,84,2122.8042891506993,-1209040.3320491544,-7.660493271467385
2,11,97,85,2122.619697950487,-1209026.607313979,-7.6604063113894805
2,11,97,86,2122.374532723291,-1209008.3769299462,-7.660290803469259
2,11,97,87,2122.0490617139108,-1208984.1717876336,-7.660137439412738
2,11,97,88,2121.7700414738524,-1208963.4182138168,-7.660005944533396
2,11,97,89,2121.5817776463705,-1208949.4135756677,-7.659917210987072
2,11,97,90,2121.3856133780355,-1208934.8199145284,-7.6598247453843955
2,11,97,91,2121.1822165112276,-1208919.6867583804,-7.659728861535218
2,11,97,92,2120.988586469009,-1208905.278926285,-7.6596375733474735
2,11,97,93,2120.8139173019963,-1208892.2808268769,-7.659555217242041
2,11,97,94,2120.5235476980115,-1208870.670448402,-7.659418293638657
2,11,97,95,2120.33618527151,-1208856.7246737566,-7.659329933052162
2,11,97,96,2120.139405303004,-1208842.0766050539,-7.659237122722545
2,11,97,97,2119.9993534027076,-1208831.650478653,-7.659171062667289
2,11,97,98,2119.757854824326,-1208813.6705633898,-7.6590571417200355
2,11,97,99,2119.45135541399,-1208790.848293188,-7.65891253955691
2,11,97,100,2119.092803646999,-1208764.1459603624,-7.658743353272945
2,11,97,101,2118.7899890454,-1208741.591007637,-7.658600444836385
2,11,97,102,2118.608262419142,-1208728.0536678429,-7.658514672097745
2,11,97,103,2118.4689088719156,-1208717.6720341032,-7.658448893948496
2,11,97,104,2118.3213709230577,-1208706.6799302397,-7.658379247853611
2,11,97,105,2118.135675210495,-1208692.8438485223,-7.658291582282753
2,11,97,106,2117.8349293365195,-1208670.4328715308,-7.6581495860780775
2,11,97,107,2117.585386778529,-1208651.835046546,-7.658031750047812
2,11,97,108,2117.380670608197,-1208636.5763911903,-7.657935071034229
2,11,97,109,2117.18386961259,-1208621.9063077557,-7.657842121219022
2,11,97,110,2117.0237329572265,-1208609.9682780572,-7.657766481727306
2,11,97,111,2116.963777588581,-1208605.4984321261,-7.657738160732735
2,11,2026,1,4544.6982273304,-1329182.6887727415,-8.421716607780251
2,11,2026,2,3216.495677131675,-1274626.4637951492,-8.076047746883628
2,11,2026,3,2810.946789743414,-1253355.8097635198,-7.941276641429403
2,11,2026,4,2618.76614943727,-1242178.7321084698,-7.870458550500987
2,11,2026,5,2500.874126783822,-1234908.70882881,-7.824395600456255
2,11,2026,6,2422.622320674163,-1229891.393893758,-7.79260583606051
2,11,2026,7,2365.9545110579916,-1226155.7601520212,-7.768936818257985
2,11,2026,8,2323.2070856562223,-1223278.0911173946,-7.750703874581156
2,11,2026,9,2289.2276183752297,-1220952.6345083578,-7.735969755102756
2,11,2026,10,2262.5727077292872,-1219104.1618056626,-7.724257811070675
2,11,2026,11,2240.664092855559,-1217568.457465582,-7.714527570935335
2,11,2026,12,2223.1740781452772,-1216331.6616580335,-7.706691218655964
2,11,2026,13,2208.775454470722,-1215306.1472852007,-7.70019354794587
2,11,2026,14,2196.4177876210497,-1214420.651075374,-7.694583033906367
2,11,2026,15,2186.7078267335,-1213721.3755588757,-7.690152416294167
2,11,2026,16,2178.202713409019,-1213106.312907637,-7.686255372352416
2,11,2026,17,2171.1880079999787,-1212597.2218849482,-7.683029765852372
2,11,2026,18,2165.3817445826426,-1212174.587617538,-7.680351950335416
2,11,2026,19,2159.982647132819,-1211780.5726316504,-7.677855466911134
2,11,2026,20,2155.4556456914943,-1211449.4415635704,-7.675757416704073
2,11,2026,21,2151.3515859953814,-1211148.645314779,-7.673851568256449
2,11,2026,22,2147.366844547722,-1210856.0446415816,-7.671997647068845
2,11,2026,23,2143.6283394745924,-1210581.031082875,-7.67025515803834
2,11,2026,24,2140.493131420155,-1210350.0274997537,-7.6687915167128375
2,11,2026,25,2138.0149903967213,-1210167.197375772,-7.667633102971412
2,11,2026,26,2135.8674764131597,-1210008.588491155,-7.666628155277612
2,11,2026,27,2133.7709314190547,-1209853.590105663,-7.665646083747263
2,11,2026,28,2131.5897773881475,-1209692.1748201116,-7.664623354665278
2,11,2026,29,2129.652686380627,-1209548.6827643586,-7.6637141873707995
2,11,2026,30,2127.812218375826,-1209412.22719333,-7.662849603323428
2,11,2026,31,2125.560175177932,-1209245.0960446019,-7.661790658467457
2,11,2026,32,2123.4865209760906,-1209091.0470332566,-7.660814602182481
2,11,2026,33,2121.612625486475,-1208951.7083811588,-7.65993175090072
2,11,2026,34,2119.976007112079,-1208829.9124032897,-7.659160050202053
2,11,2026,35,2118.5096964059576,-1208720.71071592,-7.658468147070988
2,11,2026,36,2117.1348260626087,-1208618.2502554068,-7.657818956429828
2,11,2026,37,2115.733058238275,-1208513.7167682706,-7.657156631068445
2,11,2026,38,2114.3840351933,-1208413.0511783317,-7.656518812747622
2,11,2026,39,2113.249402598696,-1208328.3339008875,-7.655982043115845
2,11,2026,40,2112.217943761288,-1208251.280607001,-7.655493832570905
2,11,2026,41,2111.1638844303116,-1208172.5001006147,-7.6549946783879586
2,11,2026,42,2109.9632697132206,-1208082.7180979603,-7.654425818599743
2,11,2026,43,2108.9981530797218,-1208010.5096014019,-7.653968304745685
2,11,2026,44,2108.2534226706553,-1207954.7674621851,-7.653615121918703
2,11,2026,45,2107.4056541396317,-1207891.289077866,-7.653212922154915
2,11,2026,46,2106.6062961935227,-1207831.4121392532,-7.652833541192014
2,11,2026,47,2106.059960859312,-1207790.47511346,-7.652574163731785
2,11,2026,48,2105.48620862297,-1207747.4722993518,-7.652301697413335
2,11,2026,49,2104.9474619838484,-1207707.0824907594,-7.652045787127502
2,11,2026,50,2104.442913421274,-1207669.2471351314,-7.651806061884655
2,11,2026,51,2103.9327533396686,-1207630.9817557405,-7.651563612006364
2,11,2026,52,2103.515526512232,-1207599.6800871012,-7.651365284278462
2,11,2026,53,2102.9882073635576,-1207560.1100630155,-7.651114568156572
2,11,2026,54,2102.4713702296585,-1207521.316979846,-7.650868774741149
2,11,2026,55,2101.9531489548476,-1207482.4104291864,-7.650622262394419
2,11,2026,56,2101.464728356248,-1207445.7324453015,-7.650389870272078
2,11,2026,57,2100.897602326894,-1207403.1333734172,-7.650119962068944
2,11,2026,58,2100.3527839093163,-1207362.1990830102,-7.649860601940151
2,11,2026,59,2099.764223517968,-1207317.9663581173,-7.649580342893006
2,11,2026,60,2099.3845335179985,-1207289.4245193086,-7.649399501478246
2,11,2026,61,2099.0793679720628,-1207266.4810480778,-7.6492541313840245
2,11,2026,62,2098.6461281300008,-1207233.9027491398,-7.649047714912055
2,11,2026,63,2098.28089229395,-1207206.4329163802,-7.648873665739794
2,11,2026,64,2097.9414891920737,-1207180.9017085414,-7.648711899717043
2,11,2026,65,2097.665351022695,-1207160.126484971,-7.648580267664616
2,11,2026,66,2097.3929362604254,-1207139.6287115358,-7.648450393539396
2,11,2026,67,2097.1694446638944,-1207122.810160027,-7.648343831006075
2,11,2026,68,2096.9237640860697,-1207104.3197391653,-7.648226675489553
2,11,2026,69,2096.774716185938,-1207093.101034672,-7.648155593650506
2,11,2026,70,2096.6184099893917,-1207081.3351478793,-7.648081044858196
2,11,2026,71,2096.449191546233,-1207068.5963079657,-7.648000331423865
2,11,2026,72,2096.29838480557,-1207057.242642694,-7.6479283944717915
2,11,2026,73,2096.0390305847027,-1207037.7149406187,-7.647804666729723
2,11,2026,74,2095.818851645247,-1207021.1349884043,-7.647699615964242
2,11,2026,75,2095.677704909718,-1207010.5054165162,-7.647632266876069
2,11,2026,76,2095.5873459115833,-1207003.700225345,-7.647589149107541
2,11,31415,1,4502.369142583,-1327705.7983586933,-8.412359013348032
2,11,31415,2,3297.087688606242,-1278532.2478815091,-8.100794839201594
2,11,31415,3,2897.431428915066,-1258138.5139298597,-7.971579909330789
2,11,31415,4,2684.681725724356,-1246102.164394355,-7.8953174620115245
2,11,31415,5,2550.0834398570228,-1237984.107148721,-7.843881359129693
2,11,31415,6,2453.545417650511,-1231893.2101723165,-7.805289366730343
2,11,31415,7,2383.278302877313,-1227307.1846659314,-7.776232257051546
2,11,31415,8,2332.0842139993747,-1223880.0131111662,-7.754517659167994
2,11,31415,9,2292.201889919553,-1221157.5589296091,-7.737268158562544
2,11,31415,10,2260.3639829339013,-1218950.014768656,-7.723281133693996
2,11,31415,11,2234.9923007932503,-1217168.4410219276,-7.711993062206501
2,11,31415,12,2213.2062453032186,-1215622.432216718,-7.702197532863105
2,11,31415,13,2195.1936466201587,-1214332.6634499726,-7.6940255433128
2,11,31415,14,2179.917814917926,-1213230.5366656368,-7.687042455493555
2,11,31415,15,2167.691594574518,-1212342.8557314216,-7.681418099015521
2,11,31415,16,2156.943594416906,-1211558.355403722,-7.676447496031896
2,11,31415,17,2147.560299062692,-1210870.2625960142,-7.672087732189562
2,11,31415,18,2139.988610948849,-1210312.8225952096,-7.668555786015216
2,11,31415,19,2133.7669009742513,-1209853.2919866692,-7.665644194861933
2,11,31415,20,2127.9086195425857,-1209419.37747594,-7.66289490759523
2,11,31415,21,2123.057688873736,-1209059.1708958913,-7.660612634614209
2,11,31415,22,2118.6713698207213,-1208732.7548515464,-7.658544458851068
2,11,31415,23,2114.683223858278,-1208435.3825085294,-7.656660304309307
2,11,31415,24,2111.182859940524,-1208173.9186799058,-7.655003666522454
2,11,31415,25,2107.796666418507,-1207920.57008572,-7.653398446953139
2,11,31415,26,2104.6653376464938,-1207685.9275189831,-7.651911748986131
2,11,31415,27,2101.8245075919053,-1207472.7509225733,-7.650561059650843
2,11,31415,28,2099.2570370062663,-1207279.839266973,-7.649338769210616
2,11,31415,29,2096.661016749771,-1207084.542441786,-7.648101366308805
2,11,31415,30,2094.1517677708075,-1206895.5434024397,-7.646903866249586
2,11,31415,31,2091.7044041484087,-1206710.9873479812,-7.6457345169930635
2,11,31415,32,2089.6274136093007,-1206554.1917124973,-7.644741058066359
2,11,31415,33,2087.8428001583325,-1206419.3435989448,-7.643886658887808
2,11,31415,34,2085.8145498514655,-1206265.9459010572,-7.642914729332293
2,11,31415,35,2083.789357013139,-1206112.6305418233,-7.641943321475424
2,11,31415,36,2082.116123673356,-1205985.8474993485,-7.641140022678792
2,11,31415,37,2080.687438059255,-1205877.5134890538,-7.640453617159527
2,11,31415,38,2079.5592422685017,-1205791.912368106,-7.639911247485275
2,11,31415,39,2078.2675971039002,-1205693.8525943481,-7.639289939645361
2,11,31415,40,2077.04468014517,-1205600.9543809495,-7.638701335510489
2,11,31415,41,2075.7299417753775,-1205501.019974076,-7.63806814997387
2,11,31415,42,2074.6623405823566,-1205419.8240998813,-7.637553691993064
2,11,31415,43,2073.6293394920467,-1205341.219936035,-7.637055655118452
2,11,31415,44,2072.621882505377,-1205264.521773812,-7.636569694691765
2,11,31415,45,2071.711744025674,-1205195.2004540397,-7.636130474022605
2,11,31415,46,2070.872986381139,-1205131.288934085,-7.635725529906512
2,11,31415,47,2069.978918723193,-1205063.1344017594,-7.635293702015861
2,11,31415,48,2069.097474534069,-1204995.9133300195,-7.63486778854208
2,11,31415,49,2068.0424803502756,-1204915.4192556276,-7.634357777172793
2,11,31415,50,2066.9451527249535,-1204831.6516394299,-7.633827024605456
2,11,31415,51,2065.9116897437225,-1204752.7186373838,-7.633326904208276
2,11,31415,52,2064.9695451983976,-1204680.7258671147,-7.632870757198436
2,11,31415,53,2064.1878673697056,-1204620.9700198588,-7.6324921434717465
2,11,31415,54,2063.3001317782064,-1204553.0790725686,-7.632061985658873
2,11,31415,55,2062.310696060142,-1204477.3760215435,-7.631582330268036
2,11,31415,56,2061.4041650632207,-1204407.9842321957,-7.631142663102844
2,11,31415,57,2060.498509373545,-1204338.6289660577,-7.630703227349125
2,11,31415,58,2059.730954112733,-1204279.8255842663,-7.630330648454433
2,11,31415,59,2059.1946862205873,-1204238.7284163393,-7.630070256331825
2,11,31415,60,2058.7000904612137,-1204200.8153252483,-7.629830038556202
2,11,31415,61,2058.1701333897863,-1204160.1815133556,-7.629572582262688
2,11,31415,62,2057.6799951682106,-1204122.5914490023,-7.629334411188143
2,11,31415,63,2057.087971155497,-1204077.175538658,-7.629046655464543
2,11,31415,64,2056.3995049945843,-1204024.3448256003,-7.628711919466763
2,11,31415,65,2055.8672755284942,-1203983.4910983855,-7.6284530697872714
2,11,31415,66,2055.4253620358736,-1203949.561952917,-7.628238094336346
2,11,31415,67,2055.049788048861,-1203920.720473904,-7.62805535439785
2,11,31415,68,2054.703077512731,-1203894.0908285622,-7.627886628662608
2,11,31415,69,2054.511579371238,-1203879.3805876907,-7.627793424409425
2,11,31415,70,2054.302928922786,-1203863.3512035753,-7.627691862049669
2,11,31415,71,2054.089869312083,-1203846.9814093907,-7.627588142847851
2,11,31415,72,2053.8295838724653,-1203826.9808563676,-7.627461419116808
2,11,31415,73,2053.604950524715,-1203809.7178023872,-7.6273520402107815
2,11,31415,74,2053.4408775510647,-1203797.1076147326,-7.627272141918624
2,11,31415,75,2053.249170230924,-1203782.3722523882,-7.6271787784955025
2,11,31415,76,2053.0343913701086,-1203765.8618884217,-7.6270741686419505
2,11,31415,77,2052.8073681512374,-1203748.4084049594,-7.6269635831725635
2,11,31415,78,2052.5358942009543,-1203727.535027047,-7.626831329213111
2,11,31415,79,2052.2254994289465,-1203703.6656804653,-7.626680092762154
2,11,31415,80,2051.9106640775162,-1203679.4511651746,-7.626526669318338
2,11,31415,81,2051.6581292258275,-1203660.025600438,-7.626403588719606
2,11,31415,82,2051.3928570061616,-1203639.6176727354,-7.626274283857968
2,11,31415,83,2051.092780072876,-1203616.528966765,-7.626127993554787
2,11,31415,84,2050.7874203485917,-1203593.0303211203,-7.625979105869176
2,11,31415,85,2050.5908753892077,-1203577.9035536598,-7.625883262498795
2,11,31415,86,2050.339627232221,-1203558.5645308965,-7.625760730230989
2,11,31415,87,2050.061123383741,-1203537.1248189567,-7.625624887972709
2,11,31415,88,2049.8283901480745,-1203519.2063745514,-7.625511356505508
2,11,31415,89,2049.652979037597,-1203505.6998929903,-7.625425779284983
2,11,31415,90,2049.436743981567,-1203489.0484172916,-7.625320275345893
2,11,31415,91,2049.232505622539,-1203473.31915016,-7.625220614530756
2,11,31415,92,2049.068663287907,-1203460.6998198873,-7.625140658310865
2,11,31415,93,2048.866084282822,-1203445.0955503173,-7.625041789481697
2,11,31415,94,2048.6112268755105,-1203425.4621847714,-7.6249173922546785
2,11,31415,95,2048.344329608548,-1203404.8986900842,-7.6247871017188595
2,11,31415,96,2048.08837082107,-1203385.1754496372,-7.624662135043447
2,11,31415,97,2047.9695645927789,-1203376.019842124,-7.62460412501029
2,11,31415,98,2047.8820826348415,-1203369.2778486884,-7.624561407663332
2,12,11,1,4912.2409225893625,-1341456.8000796326,-8.499485516382597
2,12,11,2,3443.0660001783076,-1285369.7977078375,-8.144117632535655
2,12,11,3,2952.565763059563,-1261113.5578692835,-7.990429821510021
2,12,11,4,2703.318002047535,-1247193.975121111,-7.902235187172814
2,12,11,5,2548.5627823676846,-1237889.9635949687,-7.843284864504199
2,12,11,6,2444.0341825435457,-1231280.1967149857,-7.801405306504458
2,12,11,7,2372.0555915146965,-1226562.226933516,-7.7715121964006135
2,12,11,8,2320.79345713229,-1223114.0350655208,-7.749664413573769
2,12,11,9,2281.6050082226193,-1220426.2260708902,-7.732634425266051
2,12,11,10,2251.209390735118,-1218309.5051987611,-7.719222857786711
2,12,11,11,2227.05977837258,-1216607.275241992,-7.708437509453278
2,12,11,12,2207.172267309882,-1215191.5499890917,-7.69946745817657
2,12,11,13,2190.2986386487605,-1213980.333727928,-7.691793178193528
2,12,11,14,2175.7774183157,-1212930.4832060777,-7.685141313366942
2,12,11,15,2162.6778507850095,-1211977.3859864564,-7.67910247856183
2,12,11,16,2150.3004410119615,-1211071.5121051637,-7.673362851364547
2,12,11,17,2139.1710598902478,-1210252.515217139,-7.668173677783023
2,12,11,18,2129.1232352093243,-1209509.4403992125,-7.663465547299672
2,12,11,19,2119.9570164906913,-1208828.4985829412,-7.659151092220273
2,12,11,20,2112.3020830659593,-1208257.56749313,-7.6555336663528015
2,12,11,21,2105.686653270496,-1207762.496986721,-7.652396894003098
2,12,11,22,2099.6102704212262,-1207306.3941063934,-7.64950702097469
2,12,11,23,2093.8167598952487,-1206870.2931539016,-7.646743880388154
2,12,11,24,2088.7268074453877,-1206486.1549380547,-7.644309976290993
2,12,11,25,2084.670905937236,-1206179.3856969117,-7.6423662828960115
2,12,11,26,2080.8895341355233,-1205892.842495228,-7.640550741916694
2,12,11,27,2077.420231829268,-1205629.4887759269,-7.63888212976105
2,12,11,28,2074.3189254691592,-1205393.6969534163,-7.6373881500964105
2,12,11,29,2071.708503746096,-1205194.9536015291,-7.636128909962295
2,12,11,30,2069.1952074896362,-1205003.368093662,-7.634915022009162
2,12,11,31,2066.923259142277,-1204829.97987825,-7.633816432307639
2,12,11,32,2064.9437402687377,-1204678.7535543048,-7.632858260602078
2,12,11,33,2063.063335928483,-1204534.9648101176,-7.6319472134863116
2,12,11,34,2061.548384126039,-1204419.0257399424,-7.631212622221295
2,12,11,35,2059.8335040271227,-1204287.6833313927,-7.630380435229444
2,12,11,36,2058.43981805922,-1204180.8605636277,-7.629703604960005
2,12,11,37,2057.1248614377437,-1204080.0058829805,-7.6290645885583075
2,12,11,38,2056.0965098275124,-1204001.0883306917,-7.628564566050965
2,12,11,39,2055.214153095359,-1203933.3432187904,-7.628135332252771
2,12,11,40,2054.278414335216,-1203861.4677854297,-7.627679928690915
2,12,11,41,2053.3117331300055,-1203787.1812287893,-7.627209248224582
2,12,11,42,2052.4977874948754,-1203724.6048171273,-7.626812763369791
2,12,11,43,2051.7605645857075,-1203667.905453404,-7.6264535155574675
2,12,11,44,2051.045279113844,-1203612.8738087697,-7.626104834432228
2,12,11,45,2050.299115910036,-1203555.4460796705,-7.6257409716886135
2,12,11,46,2049.6857298276127,-1203508.2217591028,-7.625441757857305
2,12,11,47,2049.090886318163,-1203462.411523093,-7.625151503681812
2,12,11,48,2048.5346976542605,-1203419.566151701,-7.6248800349221995
2,12,11,49,2047.9771158360188,-1203376.60178213,-7.624607812188776
2,12,11,50,2047.4085826289568,-1203332.7815091754,-7.624330166441794
2,12,11,51,2046.6918990158233,-1203277.525052742,-7.623980060906443
2,12,11,52,2046.133246557566,-1203234.439410139,-7.62370706978571
2,12,11,53,2045.6607639068914,-1203197.9903650838,-7.623476128222393
2,12,11,54,2045.1995485129282,-1203162.4023968093,-7.623250642451335
2,12,11,55,2044.8333272476652,-1203134.1385799823,-7.6230715625870085
2,12,11,56,2044.4574646709023,-1203105.1254126872,-7.6228877348296065
2,12,11,57,2044.0372796008535,-1203072.684637479,-7.622682189709551
2,12,11,58,2043.5512085639357,-1203035.1487552843,-7.622444361933778
2,12,11,59,2042.958759641588,-1202989.3859748682,-7.622154408437465
2,12,11,60,2042.2701371582248,-1202936.1777395017,-7.621817280454049
2,12,11,61,2041.8276169640878,-1202901.9757778062,-7.621600576436413
2,12,11,62,2041.4833706663755,-1202875.3641849256,-7.6214319650817695
2,12,11,63,2041.14957837125,-1202849.5564421625,-7.621268446930598
2,12,11,64,2040.9204133353485,-1202831.8356978353,-7.6211561680933375
2,12,11,65,2040.702296448451,-1202814.967430234,-7.621049290558291
2,12,11,66,2040.457912272674,-1202796.0656161576,-7.62092952844969
2,12,11,67,2040.2163571601207,-1202777.3803902213,-7.620811138646002
2,12,11,68,2039.8700450542124,-1202750.5879442804,-7.620641381404316
2,12,11,69,2039.4818099859083,-1202720.546718751,-7.6204510398582705
2,12,11,70,2039.2631849110194,-1202703.6272210155,-7.6203438377285115
2,12,11,71,2039.1354612008697,-1202693.7417833812,-7.62028120348342
2,12,11,72,2038.9933341283986,-1202682.7408401894,-7.6202115013824505
2,12,11,73,2038.8665721204861,-1202672.9285393006,-7.620149330532609
2,12,11,74,2038.7483751541206,-1202663.778685254,-7.620091356953481
2,12,11,75,2038.5643877852929,-1202649.5348142756,-7.620001107625235
2,12,11,76,2038.4055056912262,-1202637.2335004027,-7.6199231663608655
2,12,11,77,2038.1575374012225,-1202618.0328458762,-7.619801510795779
2,12,11,78,2037.8864777210547,-1202597.0415086355,-7.619668509444684
2,12,11,79,2037.7114624940286,-1202583.4865389485,-7.619582625002842
2,12,11,80,2037.522354118899,-1202568.838743021,-7.619489816401532
2,12,11,81,2037.3306877100742,-1202553.9914218127,-7.619395743605778
2,12,11,82,2037.170402355432,-1202541.5739422704,-7.619317066314408
2,12,11,83,2036.9046767935056,-1202520.9857433627,-7.619186619252368
2,12,11,84,2036.571169218033,-1202495.1420483321,-7.619022873307221
2,12,11,85,2036.309246700136,-1202474.8425536305,-7.618894255478309
2,12,11,86,2036.1151961000958,-1202459.8015781348,-7.61879895568679
2,12,11,87,2035.924059564112,-1202444.9850720407,-7.6187050781359495
2,12,11,88,2035.7658987241284,-1202432.7237214362,-7.618627390079303
2,12,11,89,2035.6109013872979,-1202420.7066958009,-7.6185512500684345
2,12,11,90,2035.4916862120501,-1202411.463257553,-7.618492683538745
2,12,11,91,2035.3595335197413,-1202401.216066485,-7.6184277572197905
2,12,11,92,2035.2480023021483,-1202392.5673579767,-7.618372958904483
2,12,11,93,2035.1030988321354,-1202381.3300841856,-7.618301759410152
2,12,11,94,2034.9284303398558,-1202367.7834673503,-7.6182159278920745
2,12,11,95,2034.8339135778403,-1202360.4526257643,-7.61816947959655
2,12,42,1,5018.7840311459,-1344843.3852499174,-8.520942958473258
2,12,42,2,3476.0623382688314,-1286875.1276488777,-8.153655420133802
2,12,42,3,2972.9290909722954,-1262198.3334193735,-7.997302971712076
2,12,42,4,2724.9508464696128,-1248451.940317755,-7.910205668941855
2,12,42,5,2578.216674034647,-1239715.775158983,-7.854853227304299
2,12,42,6,2482.248186499393,-1233728.8427091956,-7.816919955326023
2,12,42,7,2415.254618818956,-1229410.6745361031,-7.789559992752257
2,12,42,8,2365.89086292784,-1226151.51425796,-7.768909916225004
2,12,42,9,2326.937800820338,-1223531.335458647,-7.752308433602701
2,12,42,10,2295.4447293041,-1221380.6846330941,-7.738681885553223
2,12,42,11,2272.6865194872835,-1219808.088636857,-7.728717899465602
2,12,42,12,2254.0743340802,-1218510.2332180536,-7.7204946727960415
2,12,42,13,2239.134239450655,-1217460.660777131,-7.7138445698933715
2,12,42,14,2225.5151790364257,-1216497.774094392,-7.707743708938795
2,12,42,15,2214.5357491637083,-1215717.2132323517,-7.702798066454315
2,12,42,16,2205.1219938618665,-1215044.8731983386,-7.698538112364971
2,12,42,17,2196.5224949760654,-1214428.174852784,-7.694630704645462
2,12,42,18,2188.9758831286736,-1213884.990143718,-7.691189080161429
2,12,42,19,2182.1759561440654,-1213393.943489965,-7.688077802987841
2,12,42,20,2176.2688734317467,-1212966.128680958,-7.685367163500507
2,12,42,21,2171.075464484035,-1212589.04065958,-7.682977929515548
2,12,42,22,2166.68147294326,-1212269.2923914779,-7.680952000858389
2,12,42,23,2162.32143770455,-1211951.3735133724,-7.67893766323702
2,12,42,24,2158.41150357555,-1211665.7288042258,-7.677127815116619
2,12,42,25,2155.001404802728,-1211416.1773735238,-7.675546654418252
2,12,42,26,2152.0335760210824,-1211198.6697112133,-7.674168523400241
2,12,42,27,2149.0693446599334,-1210981.1260764922,-7.67279016446063
2,12,42,28,2145.9890023224275,-1210754.7429568598,-7.671355798444254
2,12,42,29,2142.9779143981914,-1210533.1352493572,-7.669951689493355
2,12,42,30,2140.144235795631,-1210324.2997895903,-7.668628505649126
2,12,42,31,2137.3047415761966,-1210114.7581857678,-7.667300847668144
2,12,42,32,2135.11042053729,-1209952.6366136642,-7.666273643546545
2,12,42,33,2133.0604799209323,-1209801.0316006404,-7.665313072462683
2,12,42,34,2130.852012040655,-1209637.539455605,-7.664277184375427
2,12,42,35,2128.9590263805976,-1209497.2674305188,-7.663388419231814
2,12,42,36,2127.105485537774,-1209359.7973983719,-7.662517407547279
2,12,42,37,2125.404579519524,-1209233.5422665759,-7.661717453598701
2,12,42,38,2123.7554762147074,-1209111.0358483442,-7.660941251541832
2,12,42,39,2122.0792486787686,-1208986.4169357258,-7.660151664696542
2,12,42,40,2120.1895214313777,-1208845.8073195554,-7.6592607605719865
2,12,42,41,2118.714705961891,-1208735.9830947919,-7.658564913036925
2,12,42,42,2117.328530980585,-1208632.6898937922,-7.657910446142586
2,12,42,43,2116.0842572542574,-1208539.9130968403,-7.657322611303699
2,12,42,44,2114.913524832564,-1208452.5699353055,-7.6567692040405095
2,12,42,45,2113.8056643570694,-1208369.8728351654,-7.656245234275067
2,12,42,46,2112.684874209941,-1208286.1664741202,-7.655714869821073
2,12,42,47,2111.7744765070724,-1208218.1406090597,-7.6552838571676745
2,12,42,48,2110.8687598831934,-1208150.4354123366,-7.654854876272503
2,12,42,49,2109.940185922632,-1208080.991390921,-7.654414878164337
2,12,42,50,2109.142652874775,-1208021.322950084,-7.654036818245711
2,12,42,51,2108.2814276327567,-1207956.863954834,-7.65362840531993
2,12,42,52,2107.4982585594007,-1207898.224263421,-7.653256863569335
2,12,42,53,2106.76992842829,-1207843.6710722253,-7.652911213930515
2,12,42,54,2106.1532363408073,-1207797.4650173453,-7.652618451842165
2,12,42,55,2105.5002903817226,-1207748.5278694995,-7.652308385517776
2,12,42,56,2104.8052723637647,-1207696.4208178378,-7.651978234646817
2,12,42,57,2104.0552043716034,-1207640.1672390013,-7.651621811332598
2,12,42,58,2103.520703553959,-1207600.0685230913,-7.651367745413306
2,12,42,59,2102.950610749178,-1207557.2884344987,-7.651096690286253
2,12,42,60,2102.266432823885,-1207505.9320201082,-7.650771295461567
2,12,42,61,2101.504109269952,-1207448.6900741055,-7.650408609841762
2,12,42,62,2100.8799149650513,-1207401.804621034,-7.650111543078757
2,12,42,63,2100.2893408070577,-1207357.4316700068,-7.649830395557232
2,12,42,64,2099.7688117699627,-1207318.311232002,-7.649582528017855
2,12,42,65,2099.322392928245,-1207284.752831014,-7.649369901608169
2,12,42,66,2098.963159171307,-1207257.7431648897,-7.649198768056934
2,12,42,67,2098.5534773903787,-1207226.9348265678,-7.649003566075524
2,12,42,68,2098.1572101084535,-1207197.1295445673,-7.648814719470356
2,12,42,69,2097.7591784938713,-1207167.1858907684,-7.648624996139902
2,12,42,70,2097.4073448621534,-1207140.712949469,-7.648457263283252
2,12,42,71,2097.1022142447996,-1207117.7504769883,-7.648311772796895
2,12,42,72,2096.758273409625,-1207091.8633525046,-7.64814775168224
2,12,42,73,2096.3673276398736,-1207062.4331875166,-7.647961281822722
2,12,42,74,2096.097824755325,-1207042.1419746978,-7.647832716467914
2,12,42,75,2095.8402792879647,-1207022.748612933,-7.647709839907577
2,12,42,76,2095.517066505819,-1206998.4070820767,-7.647555611691693
2,12,42,77,2095.1237093769328,-1206968.7778332622,-7.647367880434791
2,12,42,78,2094.788146667952,-1206943.4974965076,-7.647207703934078
2,12,42,79,2094.4699667029245,-1206919.5229853853,-7.6470558011593965
2,12,42,80,2094.212872702658,-1206900.1485741534,-7.6469330446698525
2,12,42,81,2093.900634684735,-1206876.6153523833,-7.646783937909517
2,12,42,82,2093.7118434870963,-1206862.3845527014,-7.6466937714011545
2,12,42,83,2093.4755781638614,-1206844.573416146,-7.646580919837709
2,12,42,84,2093.2013513894417,-1206823.8979906745,-7.6464499201071705
2,12,42,85,2092.9645390457927,-1206806.0412599135,-7.646336779658321
2,12,42,86,2092.736947830737,-1206788.8779402464,-7.646228032670035
2,12,42,87,2092.6343928277342,-1206781.143357243,-7.646179026264306
2,12,42,88,2092.508746008023,-1206771.666698687,-7.646118982048097
2,12,42,89,2092.4002516633814,-1206763.483273222,-7.646067131771435
2,12,42,90,2092.2260989809415,-1206750.346535422,-7.645983897251577
2,12,42,91,2092.0405542099343,-1206736.3492629894,-7.645895210374517
2,12,42,92,2091.8773870971386,-1206724.0391080328,-7.645817213092942
2,12,42,93,2091.698363701326,-1206710.5315698814,-7.645731629177848
2,12,42,94,2091.4885100610545,-1206694.6963794564,-7.645631297231521
2,12,42,95,2091.3646629578584,-1206685.3503470712,-7.645572080664212
2,12,42,96,2091.249612220219,-1206676.667630172,-7.645517066871355
2,12,42,97,2091.163563833047,-1206670.1733675152,-7.6454759191494235
2,12,97,1,5243.940287952551,-1351769.7458821698,-8.564828458082024
2,12,97,2,3682.3350964380174,-1295973.4299796647,-8.211302367004997
2,12,97,3,3165.1900384385667,-1272088.6889287967,-8.059968376516187
2,12,97,4,2896.948309807751,-1258112.1954191357,-7.971413154948018
2,12,97,5,2734.625127348028,-1249011.278261908,-7.913749640506805
2,12,97,6,2625.692727873753,-1242595.6325676774,-7.87310003654407
2,12,97,7,2543.7767392514615,-1237593.2937314797,-7.841405160880703
2,12,97,8,2479.148822137617,-1233531.6536750302,-7.815670563366641
2,12,97,9,2425.738866237306,-1230094.2988350051,-7.79389144407206
2,12,97,10,2384.213676182023,-1227369.1158030904,-7.77662465343976
2,12,97,11,2350.306961592988,-1225108.4770389167,-7.762301220562363
2,12,97,12,2321.0948942666264,-1223134.5332837042,-7.749794290516919
2,12,97,13,2295.37636275869,-1221375.9838813492,-7.738652101536794
2,12,97,14,2272.5090719004734,-1219795.7652077847,-7.728639818079078
2,12,97,15,2253.9266233212334,-1218499.890321548,-7.720429140086348
2,12,97,16,2238.0263388830303,-1217382.549781871,-7.713349657740522
2,12,97,17,2224.6645174114224,-1216437.435755833,-7.707361404540595
2,12,97,18,2212.739734098264,-1215589.160897515,-7.701986725406867
2,12,97,19,2202.1595376319674,-1214832.6976842815,-7.697193765898836
2,12,97,20,2192.4196215544225,-1214133.0930413466,-7.692761062937797
2,12,97,21,2184.4445398381604,-1213557.9357855238,-7.689116860034492
2,12,97,22,2177.6750809108994,-1213068.0771323226,-7.686013110045889
2,12,97,23,2171.273854843909,-1212603.4621404132,-7.683069304181851
2,12,97,24,2165.7114764706253,-1212198.6189287386,-7.680504212996038
2,12,97,25,2160.381591532107,-1211809.7204503766,-7.678040147821531
2,12,97,26,2155.5839311444547,-1211458.8346744964,-7.675816931561551
2,12,97,27,2151.509339279019,-1211160.2180268387,-7.673924893091459
2,12,97,28,2147.6932769480845,-1210880.0350731595,-7.6721496507157125
2,12,97,29,2144.1737266791765,-1210621.1809642648,-7.670509548142692
2,12,97,30,2140.762495678228,-1210369.8876650333,-7.668917350945544
2,12,97,31,2138.029885499692,-1210168.296926586,-7.667640069737853
2,12,97,32,2135.20775183104,-1209959.8312079837,-7.666319228577842
2,12,97,33,2132.140554047775,-1209732.9503722042,-7.664881709026308
2,12,97,34,2129.644742541821,-1209548.0940474577,-7.663710457253831
2,12,97,35,2127.676929380441,-1209402.191970196,-7.6627860200357105
2,12,97,36,2125.5418484047564,-1209243.735231363,-7.661782036339325
2,12,97,37,2123.475466522401,-1209090.2254095539,-7.660809396365371
2,12,97,38,2121.462805359078,-1208940.56278101,-7.659861132251629
2,12,97,39,2119.5219123264606,-1208796.1023279172,-7.65894582918061
2,12,97,40,2117.910310444771,-1208676.050418801,-7.6581851789213635
2,12,97,41,2116.3563911991464,-1208560.2088835414,-7.6574512056386785
2,12,97,42,2114.8645696065296,-1208448.9165495995,-7.656746056147195
2,12,97,43,2113.469700157061,-1208344.7859632215,-7.656086283569591
2,12,97,44,2112.4207216779832,-1208266.431740906,-7.655589830327357
2,12,97,45,2111.4746999982167,-1208195.7345776171,-7.655141892298054
2,12,97,46,2110.687827020672,-1208136.9066244331,-7.6547691577187384
2,12,97,47,2109.730251352847,-1208065.2870586514,-7.654315375336768
2,12,97,48,2108.9774391818496,-1208008.9594582103,-7.653958483020822
2,12,97,49,2108.456751174515,-1207969.9883001412,-7.653711561320812
2,12,97,50,2107.809857061175,-1207921.557774082,-7.653404704957815
2,12,97,51,2107.2401719057452,-1207878.8952819926,-7.653134394923541
2,12,97,52,2106.63915846008,-1207833.874177538,-7.652849140694541
2,12,97,53,2106.0244918302287,-1207787.8170442856,-7.652557322175315
2,12,97,54,2105.4188071840686,-1207742.419782489,-7.652269684609125
2,12,97,55,2104.935967441545,-1207706.2206328704,-7.652040326386132
2,12,97,56,2104.383326029923,-1207664.7781652724,-7.651777746440888
2,12,97,57,2103.7836671556174,-1207619.7975541856,-7.651492748778326
2,12,97,58,2103.2484797013994,-1207579.6421367647,-7.651238323597617
2,12,97,59,2102.7508476812595,-1207542.2953562601,-7.6510016939723
2,12,97,60,2102.1769501915232,-1207499.2139537123,-7.6507287297166044
2,12,97,61,2101.6099816192122,-1207456.641141234,-7.650458987893365
2,12,97,62,2101.229875690103,-1207428.09313047,-7.650278107373026
2,12,97,63,2100.8345612377225,-1207398.3973985217,-7.650089954878232
2,12,97,64,2100.4544963826193,-1207369.8419359995,-7.649909027143469
2,12,97,65,2100.138870772166,-1207346.1240682667,-7.649758750464219
2,12,97,66,2099.7958210672577,-1207320.3413583348,-7.649595390921349
2,12,97,67,2099.4528052587443,-1207294.5569840507,-7.649432020833126
2,12,97,68,2099.085406130682,-1207266.9350514577,-7.649257007954595
2,12,97,69,2098.8138722865915,-1207246.5173897834,-7.649127641418401
2,12,97,70,2098.563577793442,-1207227.6944558055,-7.649008379094999
2,12,97,71,2098.247373812993,-1207203.911711004,-7.648857691353905
2,12,97,72,2097.825640687814,-1207172.1861925612,-7.648656678108835
2,12,97,73,2097.5095468932736,-1207148.4033722293,-7.648505989889179
2,12,97,74,2097.196661835804,-1207124.8584465613,-7.648356808972814
2,12,97,75,2096.845214641143,-1207098.4074908472,-7.648189215417082
2,12,97,76,2096.475559175082,-1207070.5813424576,-7.648012908624944
2,12,97,77,2096.104728941504,-1207042.6618321629,-7.647836010290715
2,12,97,78,2095.854682317842,-1207023.83323451,-7.647716712082203
2,12,97,79,2095.5640461751245,-1207001.9454088463,-7.647578030570281
2,12,97,80,2095.21132841229,-1206975.378134665,-7.647409700019421
2,12,97,81,2094.845546267361,-1206947.8221055977,-7.6472351047063745
2,12,97,82,2094.594395061809,-1206928.8989592714,-7.6471152074363955
2,12,97,83,2094.395148362198,-1206913.8849766373,-7.647020078671955
2,12,97,84,2094.1730545439887,-1206897.1476948382,-7.646914031064439
2,12,97,85,2093.888027768147,-1206875.665101742,-7.646777917110664
2,12,97,86,2093.647289731985,-1206857.518292255,-7.646662938719714
2,12,97,87,2093.3558814174007,-1206835.5491703467,-7.646523742113863
2,12,97,88,2093.108401425402,-1206816.8893803265,-7.646405513472429
2,12,97,89,2092.874736057599,-1206799.2691766627,-7.646293871661952
2,12,97,90,2092.6909691876904,-1206785.4103295652,-7.646206061849388
2,12,97,91,2092.493794662474,-1206770.5389856487,-7.646111836845481
2,12,97,92,2092.332506803275,-1206758.373252392,-7.646034754621437
2,12,97,93,2092.232154485635,-1206750.8033344324,-7.645986791535294
2,12,97,94,2092.108959789119,-1206741.5098413655,-7.645927907857703
2,12,97,95,2091.91992608287,-1206727.2485575054,-7.645837548201241
2,12,97,96,2091.7033928867913,-1206710.9110439697,-7.64573403352998
2,12,97,97,2091.5204968103753,-1206697.1101465144,-7.645646590887006
2,12,97,98,2091.3315783673497,-1206682.853548619,-7.645556260920869
2,12,97,99,2091.2016322265436,-1206673.0465065776,-7.645494123391145
2,12,97,100,2090.99871474901,-1206657.7310950658,-7.645397084769913
2,12,97,101,2090.885878832215,-1206649.2140417222,-7.645343120623224
2,12,97,102,2090.7493076793576,-1206638.9047961952,-7.645277801126513
2,12,97,103,2090.557503784436,-1206624.4251004858,-7.645186057610093
2,12,97,104,2090.3122417444165,-1206605.9077968372,-7.645068731763928
2,12,97,105,2090.128793440069,-1206592.0560148107,-7.644980966715733
2,12,97,106,2089.965986378774,-1206579.7617898055,-7.644903070366509
2,12,97,107,2089.8125796756253,-1206568.1765477776,-7.64482966614148
2,12,97,108,2089.666979141222,-1206557.1800393225,-7.644759992139053
2,12,97,109,2089.5351226200837,-1206547.2208889783,-7.644696890849395
2,12,97,110,2089.417467035381,-1206538.3338077161,-7.644640582201613
2,12,97,111,2089.3256514168875,-1206531.398193333,-7.644596638070134
2,12,2026,1,4658.641677982256,-1333090.919054183,-8.446479199218029
2,12,2026,2,3280.0271343939307,-1277713.4574964251,-8.095606974025047
2,12,2026,3,2857.6508364509987,-1255956.584617759,-7.957755180435405
2,12,2026,4,2656.872973480109,-1244458.8078625463,-7.884905136367098
2,12,2026,5,2533.9738308510964,-1236983.8997379006,-7.837544033618246
2,12,2026,6,2450.6607038865122,-1231707.5374476511,-7.80411294223871
2,12,2026,7,2392.101637402279,-1227890.4139978455,-7.7799276047206165
2,12,2026,8,2347.9098436487675,-1224947.423439471,-7.761280783127652
2,12,2026,9,2313.618664696654,-1222625.349978628,-7.746568099314621
2,12,2026,10,2285.1275762103596,-1220669.7086748541,-7.7341771338092995
2,12,2026,11,2260.7826312872776,-1218979.2438285134,-7.723466329349123
2,12,2026,12,2240.5797067022886,-1217562.513357921,-7.7144899090017045
2,12,2026,13,2223.4513976741973,-1216351.3479513384,-7.706815951233865
2,12,2026,14,2209.136161327388,-1215331.9194811392,-7.700356840871956
2,12,2026,15,2196.9126463288217,-1214456.2061339498,-7.694808311161199
2,12,2026,16,2187.1666139978215,-1213754.4855521324,-7.690362201587376
2,12,2026,17,2178.2440582177937,-1213109.3086373322,-7.686274353329778
2,12,2026,18,2170.618568593797,-1212555.822766158,-7.682767460565667
2,12,2026,19,2163.80584972146,-1212059.6836824608,-7.679623917698132
2,12,2026,20,2158.3759567891498,-1211663.129520265,-7.67711134602393
2,12,2026,21,2153.6060950880583,-1211313.9545791056,-7.674898969632166
2,12,2026,22,2149.683991308052,-1211026.2593717799,-7.673076129532022
2,12,2026,23,2145.9750607425485,-1210753.7176119888,-7.67134930184751
2,12,2026,24,2142.3655542413317,-1210488.029142833,-7.669665896690277
2,12,2026,25,2138.827640762575,-1210227.1757264137,-7.66801312648208
2,12,2026,26,2135.310460033915,-1209967.422900346,-7.666367329626848
2,12,2026,27,2131.877795476428,-1209713.4989268999,-7.664758464448006
2,12,2026,28,2128.8202710177025,-1209486.9806214133,-7.663323241892524
2,12,2026,29,2126.1941434671767,-1209292.1627095114,-7.662088873390725
2,12,2026,30,2123.5459970622674,-1209095.467527656,-7.660842610485186
2,12,2026,31,2121.2289009714227,-1208923.1603090477,-7.659750869991685
2,12,2026,32,2118.987966633042,-1208756.3376069407,-7.658693879457008
2,12,2026,33,2117.164476543521,-1208620.4606216408,-7.657832961335383
2,12,2026,34,2115.5395345433444,-1208499.2797604555,-7.657065158023009
2,12,2026,35,2114.231500213966,-1208401.664808241,-7.656446668577445
2,12,2026,36,2112.8870132658976,-1208301.2665381103,-7.655810543997962
2,12,2026,37,2111.7274030561907,-1208214.622434418,-7.655261565973198
2,12,2026,38,2110.6855100925322,-1208136.7333745898,-7.654768060005765
2,12,2026,39,2109.6011255477642,-1208055.6269178612,-7.654254168575038
2,12,2026,40,2108.3876147642645,-1207964.813026685,-7.653678770729433
2,12,2026,41,2107.3524873846422,-1207887.3072585894,-7.653187693302769
2,12,2026,42,2106.491367087317,-1207822.8013580996,-7.652778983184857
2,12,2026,43,2105.688000159414,-1207762.5979403532,-7.652397533646458
2,12,2026,44,2104.8482556789536,-1207699.6438720035,-7.651998655954606
2,12,2026,45,2104.001783144234,-1207636.1599902883,-7.651596421359254
2,12,2026,46,2103.3117192714526,-1207584.3875697984,-7.651268390715199
2,12,2026,47,2102.678739134965,-1207536.8829495555,-7.650967400901966
2,12,2026,48,2101.9206244819316,-1207479.9682661777,-7.650606788821867
2,12,2026,49,2101.1154604921508,-1207419.4989191797,-7.650223654352711
2,12,2026,50,2100.3033483562176,-1207358.4842754996,-7.649837064877586
2,12,2026,51,2099.6516598599064,-1207309.505325668,-7.649526733695339
2,12,2026,52,2099.1174945781413,-1207269.3477292657,-7.649272294708579
2,12,2026,53,2098.6153578848457,-1207231.5886658889,-7.6490330528543025
2,12,2026,54,2098.184062062735,-1207199.1493947012,-7.648827517263738
2,12,2026,55,2097.6598639797185,-1207159.7136402095,-7.648577651875519
2,12,2026,56,2097.1000940459953,-1207117.5909106573,-7.64831076178281
2,12,2026,57,2096.4632383290505,-1207069.653795178,-7.648007031674849
2,12,2026,58,2096.019668151528,-1207036.256977206,-7.647795429056987
2,12,2026,59,2095.5895956002905,-1207003.8696593128,-7.6475902226430845
2,12,2026,60,2095.269706961054,-1206979.775610524,-7.647437562476392
2,12,2026,61,2094.9283339220133,-1206954.0592965935,-7.647274623619342
2,12,2026,62,2094.5296589448953,-1206924.0210078289,-7.647084300680671
2,12,2026,63,2094.1696799163474,-1206896.8933647773,-7.646912419626285
2,12,2026,64,2093.8446594787447,-1206872.39615843,-7.646757205048724
2,12,2026,65,2093.4805805607793,-1206844.9505484926,-7.64658330935254
2,12,2026,66,2093.24305066934,-1206827.042097375,-7.646469841202924
2,12,2026,67,2093.0357174015903,-1206811.4086449358,-7.646370787470764
2,12,2026,68,2092.8488623026196,-1206797.3179713788,-7.64628150880312
2,12,2026,69,2092.644892248066,-1206781.9352291345,-7.646184043573602
2,12,2026,70,2092.337638000402,-1206758.7603063544,-7.646037206999736
2,12,2026,71,2092.0826920923664,-1206739.5282026702,-7.6459153521724295
2,12,2026,72,2091.9923025992775,-1206732.7090166204,-7.645872145732192
2,12,31415,1,4630.711299772228,-1332141.8305597398,-8.44046576374116
2,12,31415,2,3330.9954995050357,-1280147.088405784,-8.111026487098512
2,12,31415,3,2897.8410076540163,-1258160.8228011082,-7.971721258592317
2,12,31415,4,2670.021311339689,-1245237.941057642,-7.889841733137605
2,12,31415,5,2531.1837915574474,-1236810.0270180367,-7.836442374091015
2,12,31415,6,2437.7087627922283,-1230871.1916041498,-7.798813845478304
2,12,31415,7,2370.4360646267337,-1226454.4326691746,-7.770829210717836
2,12,31415,8,2319.425460302388,-1223020.9755725241,-7.7490747875695325
2,12,31415,9,2280.265475045491,-1220333.537841739,-7.732047151593753
2,12,31415,10,2248.965746393303,-1218152.1291332836,-7.718225721248977
2,12,31415,11,2224.535977670028,-1216428.3162880398,-7.707303623489113
2,12,31415,12,2205.143576171277,-1215046.4179092753,-7.698547899671004
2,12,31415,13,2189.5166418879567,-1213923.9747364318,-7.6914360869835
2,12,31415,14,2176.686707738633,-1212996.4280726977,-7.685559140790593
2,12,31415,15,2165.7466373275133,-1212201.1812842204,-7.680520448109464
2,12,31415,16,2156.339419463348,-1211514.140486738,-7.676167349815863
2,12,31415,17,2147.7625453218807,-1210885.1253310286,-7.672181902647367
2,12,31415,18,2140.2164854001862,-1210329.6278501588,-7.668662264301384
2,12,31415,19,2133.5348986260824,-1209836.130572566,-7.665535459947323
2,12,31415,20,2127.5005964811485,-1209389.1113084957,-7.662703140814657
2,12,31415,21,2121.7825554544065,-1208964.3490643143,-7.660011842412717
2,12,31415,22,2116.966122911701,-1208605.673285119,-7.657739268603283
2,12,31415,23,2112.7316455151863,-1208289.6604830683,-7.655737007901439
2,12,31415,24,2108.9419427239472,-1208006.3030134323,-7.653941651756547
2,12,31415,25,2105.399372389388,-1207740.9628899593,-7.6522604537215155
2,12,31415,26,2102.092127191967,-1207492.845453443,-7.650688378826589
2,12,31415,27,2099.287134445686,-1207282.1020602058,-7.64935310629423
2,12,31415,28,2096.658394953624,-1207084.3450836544,-7.648100115845442
2,12,31415,29,2094.3341773904945,-1206909.2903008899,-7.646990966754251
2,12,31415,30,2092.1112561557893,-1206741.6830784038,-7.645929005489545
2,12,31415,31,2089.8091762052886,-1206567.919508769,-7.644828037539403
2,12,31415,32,2087.657948899437,-1206405.3693686614,-7.643798118006067
2,12,31415,33,2085.6747973156243,-1206255.3708467304,-7.642847725668008
2,12,31415,34,2083.3958619494597,-1206082.824072549,-7.641754467347675
2,12,31415,35,2081.2203829433283,-1205917.934194769,-7.640709723209881
2,12,31415,36,2079.2147731556847,-1205765.7667439098,-7.639745588513507
2,12,31415,37,2077.6021327672493,-1205643.3077442688,-7.638969686901366
2,12,31415,38,2076.2323764335033,-1205539.217940017,-7.638310172719778
2,12,31415,39,2074.888287800428,-1205437.011887554,-7.637662594010911
2,12,31415,40,2073.620347538696,-1205340.5355393286,-7.637051318773149
2,12,31415,41,2072.3158186210876,-1205241.2136064519,-7.636422013878728
2,12,31415,42,2070.919341288927,-1205134.8217536027,-7.635747913891088
2,12,31415,43,2069.49413686735,-1205026.167304708,-7.6350594780692145
2,12,31415,44,2068.0303859512833,-1204914.496237651,-7.634351928920413
2,12,31415,45,2066.568816523331,-1204802.912706582,-7.6336449344006265
2,12,31415,46,2065.3971874284744,-1204713.4076711766,-7.633077829480046
2,12,31415,47,2064.5516381498164,-1204648.7815176563,-7.632668357437566
2,12,31415,48,2063.571105425565,-1204573.8052965861,-7.632193307249576
2,12,31415,49,2062.5164742019515,-1204493.123373494,-7.631682105668792
2,12,31415,50,2061.5201648918487,-1204416.865317315,-7.631198933758998
2,12,31415,51,2060.5782752941295,-1204344.7386778507,-7.630741938552416
2,12,31415,52,2059.908866077183,-1204293.4575961742,-7.630417021036662
2,12,31415,53,2059.079699772702,-1204229.9149768252,-7.630014414278995
2,12,31415,54,2058.205621074477,-1204162.902815119,-7.629589824461559
2,12,31415,55,2057.320487728655,-1204095.014130093,-7.629159680982417
2,12,31415,56,2056.47334563595,-1204030.0119693074,-7.628747826553637
2,12,31415,57,2055.696622457223,-1203970.3895955917,-7.628370058516814
2,12,31415,58,2055.074613629102,-1203922.6270690798,-7.628067434606533
2,12,31415,59,2054.4853391800452,-1203877.3647979603,-7.627780652342805
2,12,31415,60,2053.9556999673378,-1203836.6720401333,-7.627522822567182
2,12,31415,61,2053.3456341586534,-1203789.787013042,-7.627225758503194
2,12,31415,62,2052.4533390848783,-1203721.1868940208,-7.62679110737018
2,12,31415,63,2051.7721848261504,-1203668.7993170188,-7.6264591790874805
2,12,31415,64,2051.2819461707045,-1203631.084295764,-7.626220216284589
2,12,31415,65,2050.793537866858,-1203593.5011228344,-7.625982088874182
2,12,31415,66,2050.3147282315417,-1203556.6478809481,-7.625748586315154
2,12,31415,67,2049.648610434275,-1203505.3635001145,-7.625423647895903
2,12,31415,68,2049.0926912568816,-1203462.5505455954,-7.625152384529965
2,12,31415,69,2048.7699022193055,-1203437.6862915284,-7.624994844333885
2,12,31415,70,2048.481478691109,-1203415.465878646,-7.624854055545568
2,12,31415,71,2047.9936931218997,-1203377.8793107055,-7.624615906624334
2,12,31415,72,2047.5124058528295,-1203340.784697431,-7.62438087473345
2,12,31415,73,2047.1668975701236,-1203314.149702438,-7.624212115102757
2,12,31415,74,2046.8664794725537,-1203290.9870248425,-7.624065356114521
2,12,31415,75,2046.5475851447313,-1203266.396082769,-7.623909547626333
2,12,31415,76,2046.1612626174606,-1203236.6004074432,-7.623720761889166
2,12,31415,77,2045.7656876416822,-1203206.0852940355,-7.623527417784142
2,12,31415,78,2045.4566682774205,-1203182.2430757093,-7.623376353218119
2,12,31415,79,2045.2050717643212,-1203162.828625411,-7.623253343040595
2,12,31415,80,2044.9689505141598,-1203144.6061514972,-7.623137885238977
2,12,31415,81,2044.7267693225554,-1203125.913820443,-7.623019450417182
2,12,31415,82,2044.5829098935942,-1203114.8092342196,-7.622949091632788
2,12,31415,83,2044.3568396181904,-1203097.3571700423,-7.622838515156007
2,12,31415,84,2044.0485651594738,-1203073.5560365708,-7.62268771090409
2,12,31415,85,2043.76781528291,-1203051.8768868907,-7.62255035156557
2,12,31415,86,2043.4944594346816,-1203030.7658330954,-7.622416591689025
2,12,31415,87,2043.176305114486,-1203006.1914726724,-7.622260888262364
2,12,31415,88,2042.8865449661785,-1202983.8069590505,-7.622119059729899
2,12,31415,89,2042.6992754208095,-1202969.3383471419,-7.622027386440568
2,12,31415,90,2042.571025180874,-1202959.4288540676,-7.621964599779935
2,12,31415,91,2042.476056593921,-1202952.0905287832,-7.621918104067612
3,2,11,1,2875.427310590775,-1304623.5097918464,-7.963956571957845
3,2,11,2,2727.2112833180745,-1295954.0863214047,-7.911034858142091
3,2,11,3,2646.300586616591,-1291020.453030855,-7.880917938607065
3,2,11,4,2591.9463419927406,-1287620.6841205773,-7.860164355866199
3,2,11,5,2553.778599306105,-1285190.4719828537,-7.845329345014246
3,2,11,6,2525.3091569680087,-1283354.000855135,-7.834118772617662
3,2,11,7,2501.987087294049,-1281834.076272296,-7.824840530059921
3,2,11,8,2483.1958275545053,-1280599.087050184,-7.817301649717878
3,2,11,9,2468.0197359633503,-1279594.8510706224,-7.811171381736964
3,2,11,10,2455.544559371295,-1278764.7053552817,-7.80610383207551
3,2,11,11,2445.586267778213,-1278099.010111449,-7.8020401554881635
3,2,11,12,2437.3423708849764,-1277545.865227903,-7.7986635324260325
3,2,11,13,2430.1898398688377,-1277064.430359663,-7.795724656685934
3,2,11,14,2424.0586903635003,-1276650.6151562573,-7.793198559092258
3,2,11,15,2418.9046241440014,-1276301.9365577458,-7.791070082029507
3,2,11,16,2414.431306655064,-1275998.7086433228,-7.78921905456929
3,2,11,17,2410.686462461721,-1275744.428624096,-7.787666825121454
3,2,11,18,2407.4927416354144,-1275527.258350703,-7.786341128770712
3,2,11,19,2404.7699354908677,-1275341.8822443266,-7.785209517045506
3,2,11,20,2402.240179785782,-1275169.4613469688,-7.784156989225526
3,2,11,21,2400.098468283884,-1275023.3464390598,-7.783265043946011
3,2,11,22,2398.0414881917236,-1274882.8893975907,-7.7824076366019845
3,2,11,23,2396.0787519440314,-1274748.7552486705,-7.7815888267853595
3,2,11,24,2394.2843758472695,-1274626.0307200393,-7.780839665966934
3,2,11,25,2392.601548275228,-1274510.851834531,-7.7801365668465285
3,2,11,26,2391.0658492933194,-1274405.6722506867,-7.779494507561451
3,2,11,27,2389.5272379936273,-1274300.2254357117,-7.778850816988033
3,2,11,28,2388.320345753057,-1274217.465046218,-7.778345613653232
3,2,11,29,2387.3892023133076,-1274153.5850325262,-7.77795566386999
3,2,11,30,2386.4623750270503,-1274089.976376843,-7.7775673705672395
3,2,11,31,2385.450719337611,-1274020.51769743,-7.777143366322154
3,2,11,32,2384.5492942845044,-1273958.6024572472,-7.776765410321624
3,2,11,33,2383.7346886809987,-1273902.6303577167,-7.776423733687287
3,2,11,34,2382.873476232613,-1273843.4350661808,-7.7760623813680025
3,2,11,35,2382.254237483573,-1273800.858572295,-7.775802477000385
3,2,11,36,2381.737323763139,-1273765.3090809619,-7.775585468336193
3,2,11,37,2381.2918471726916,-1273734.6663153039,-7.7753984123364255
3,2,11,38,2380.7048219705134,-1273694.2781639933,-7.7751518665087245
3,2,11,39,2380.0463052392884,-1273648.959442368,-7.7748752224591495
3,2,11,40,2379.545307191228,-1273614.4726614729,-7.774664701014998
3,2,11,41,2378.8741071627874,-1273568.2584483009,-7.774382590518026
3,2,11,42,2378.3700143108977,-1273533.5415101638,-7.774170664099745
3,2,11,43,2377.965669524904,-1273505.6889152147,-7.774000640445467
3,2,11,44,2377.605906871801,-1273480.9033019834,-7.773849338904523
3,2,11,45,2377.0892037488816,-1273445.2988154083,-7.773631994526837
3,2,11,46,2376.625076366392,-1273413.3105691439,-7.773436725162035
3,2,11,47,2376.2861025571565,-1273389.9441179154,-7.773294086767565
3,2,11,48,2375.974875046341,-1273368.4873644984,-7.77316310595118
3,2,11,49,2375.6545454955212,-1273346.400159823,-7.773028276601938
3,2,11,50,2375.296011651373,-1273321.6751791616,-7.772877345187049
3,2,11,51,2374.9119882499767,-1273295.188264205,-7.772715658203135
3,2,11,52,2374.587335731789,-1273272.7929448776,-7.772578947995786
3,2,11,53,2374.395230622924,-1273259.5396258389,-7.772498044304823
3,2,11,54,2374.145944725513,-1273242.3398092636,-7.772393049575522
3,2,11,55,2373.8658139184554,-1273223.0096514313,-7.772275050370118
3,2,11,56,2373.6099056138755,-1273205.3489503176,-7.772167242212712
3,2,11,57,2373.3969535728247,-1273190.6512881422,-7.772077521659314
3,2,11,58,2373.171469867824,-1273175.0872699502,-7.771982512513736
3,2,11,59,2372.9783114837082,-1273161.753331778,-7.771901116690544
3,2,11,60,2372.7868781952675,-1273148.5374079628,-7.77182044127535
3,2,11,61,2372.6394623637134,-1273138.3595777168,-7.771758311628393
3,2,11,62,2372.476070836594,-1273127.078020406,-7.771689444379096
3,2,11,63,2372.3150380674183,-1273115.9585660317,-7.771621566672557
3,2,11,64,2372.181731808627,-1273106.7530805375,-7.7715653726164575
3,2,11,65,2371.9702725469397,-1273092.1496654684,-7.771476227386021
3,2,11,66,2371.8524512536683,-1273084.0123407384,-7.771426553820985
3,2,11,67,2371.7069092196343,-1273073.9599256455,-7.7713651897595195
3,2,11,68,2371.473291566862,-1273057.822942517,-7.771266683001154
3,2,11,69,2371.276462449325,-1273044.2258689166,-7.771183680891467
3,2,11,70,2371.140017974226,-1273034.7995402797,-7.771126138718316
3,2,11,71,2370.9815310904537,-1273023.8497208399,-7.771059296532939
3,2,11,72,2370.799557931248,-1273011.2763377572,-7.7709825434497075
3,2,11,73,2370.6304625215657,-1272999.591873988,-7.770911216694267
3,2,11,74,2370.4430980181246,-1272986.6440455606,-7.770832177843194
3,2,11,75,2370.351103853851,-1272980.286412061,-7.77079336824279
3,2,42,1,2844.7657260661076,-1302867.3081374834,-7.953235997323115
3,2,42,2,2643.1160319788537,-1290823.1983605633,-7.87971381525958
3,2,42,3,2550.4305274923645,-1284975.5639345052,-7.844017458212295
3,2,42,4,2494.4027753947444,-1281336.7441478975,-7.821804610953127
3,2,42,5,2457.258501504571,-1278879.0071713394,-7.806801577204543
3,2,42,6,2431.9597907329835,-1277183.697064967,-7.796452709533665
3,2,42,7,2414.3224974088025,-1275991.3259122034,-7.789173987352904
3,2,42,8,2401.9182573531193,-1275147.5070146967,-7.784022970983889
3,2,42,9,2392.2115619516967,-1274484.148179343,-7.779973556791418
3,2,42,10,2384.27863808014,-1273940.0076085965,-7.776651899744814
3,2,42,11,2378.098500799492,-1273514.839291368,-7.774056498091565
3,2,42,12,2373.017552247012,-1273164.462253179,-7.77191765305696
3,2,42,13,2369.2643612302736,-1272905.1639325875,-7.770334789840965
3,2,42,14,2366.0853821532332,-1272685.2149349677,-7.768992131018751
3,2,42,15,2363.1524859559,-1272482.02981362,-7.767751805767569
3,2,42,16,2360.565469783374,-1272302.5971346751,-7.766656475159174
3,2,42,17,2358.3098984581225,-1272145.9925746801,-7.7657004967443966
3,2,42,18,2356.161395591203,-1271996.6824408132,-7.7647890464961495
3,2,42,19,2354.2590813650518,-1271864.3674911235,-7.763981341817182
3,2,42,20,2352.8911554998817,-1271769.1556799167,-7.763400129901333
3,2,42,21,2351.848869406163,-1271696.5722255206,-7.762957050749137
3,2,42,22,2350.913164267763,-1271631.3835241245,-7.7625591121998125
3,2,42,23,2350.0766784338844,-1271573.0852638031,-7.762203235726688
3,2,42,24,2349.256131186873,-1271515.877666628,-7.76185401710839
3,2,42,25,2348.4907246041867,-1271462.4963969649,-7.7615281559613525
3,2,42,26,2347.605271794293,-1271400.72110986,-7.761151054291767
3,2,42,27,2346.9024022257704,-1271351.6674965348,-7.760851610932599
3,2,42,28,2346.312424065035,-1271310.4812877353,-7.7606001934349225
3,2,42,29,2345.7007355311425,-1271267.768547584,-7.760339457364263
3,2,42,30,2345.1617356750776,-1271230.1222506177,-7.760109648939162
3,2,42,31,2344.600983551708,-1271190.9474881492,-7.759870510134231
3,2,42,32,2344.0787807522006,-1271154.4573977792,-7.759647759668037
3,2,42,33,2343.687543985814,-1271127.1135253115,-7.759480841464273
3,2,42,34,2343.3442138758687,-1271103.114129405,-7.7593343393160925
3,2,42,35,2343.0089608672556,-1271079.6759441446,-7.759191263027693
3,2,42,36,2342.663078978184,-1271055.491158201,-7.759043629182747
3,2,42,37,2342.3569281628475,-1271034.0814728804,-7.758912935689312
3,2,42,38,2342.102510649954,-1271016.2874627593,-7.758804313759091
3,2,42,39,2341.8444825402125,-1270998.2389524197,-7.758694138255236
3,2,42,40,2341.559126468351,-1270978.276594174,-7.758572279839418
3,2,42,41,2341.23035493121,-1270955.2740490327,-7.758431862876842
3,2,42,42,2340.943079556022,-1270935.1721439755,-7.758309152610096
3,2,42,43,2340.7136028947307,-1270919.1128934468,-7.758211120363376
3,2,42,44,2340.445351515052,-1270900.338112035,-7.758096511403251
3,2,42,45,2340.2923377798193,-1270889.6277925412,-7.758031131223697
3,2,42,46,2340.2177440592363,-1270884.4062911584,-7.7579992570393514
3,2,97,1,2847.868279474142,-1303045.87150162,-7.9543260212776525
3,2,97,2,2654.0286744872055,-1291498.1536707054,-7.883834019086691
3,2,97,3,2570.041092893932,-1286230.3468243822,-7.851677167214327
3,2,97,4,2514.499703174205,-1282651.2899995707,-7.829829137566359
3,2,97,5,2476.9911633576608,-1280189.2541942545,-7.814799862005265
3,2,97,6,2450.820024934062,-1278449.215318091,-7.804177951592585
3,2,97,7,2431.950509763376,-1277183.0719007582,-7.796448893275127
3,2,97,8,2416.6686457829023,-1276150.4388813127,-7.790145278124925
3,2,97,9,2404.1104756567206,-1275296.9528372167,-7.784935249531283
3,2,97,10,2394.530693199274,-1274642.8827900356,-7.780942537908603
3,2,97,11,2387.198702373136,-1274140.512935483,-7.777875866432357
3,2,97,12,2381.092250448538,-1273720.934899982,-7.775314590149815
3,2,97,13,2376.1830280769364,-1273382.8382331256,-7.773250709534635
3,2,97,14,2371.9340267649745,-1273089.646394473,-7.771460946393961
3,2,97,15,2368.8392352851683,-1272875.7671789743,-7.770155340009366
3,2,97,16,2366.323246974625,-1272701.6826860297,-7.76909265692014
3,2,97,17,2364.0713404747635,-1272545.7133112857,-7.768140555936451
3,2,97,18,2362.2108789692693,-1272416.7437053353,-7.767353272606677
3,2,97,19,2360.3777158071366,-1272289.5670666662,-7.76657693428399
3,2,97,20,2358.6183683973204,-1272167.4185149416,-7.765831289464653
3,2,97,21,2357.009993674314,-1272055.6719973576,-7.76514914292473
3,2,97,22,2355.793944885341,-1271971.1328332282,-7.764633081220566
3,2,97,23,2354.774845344116,-1271900.251875754,-7.764200394807308
3,2,97,24,2353.8498308407547,-1271835.8882076968,-7.763807492599605
3,2,97,25,2352.859119908472,-1271766.9252417781,-7.763386514392844
3,2,97,26,2351.9934011124515,-1271706.6391472595,-7.763018503365114
3,2,97,27,2351.2351870118537,-1271653.821130932,-7.762696080547273
3,2,97,28,2350.4531432423296,-1271599.325267178,-7.762363415461115
3,2,97,29,2349.7815930558536,-1271552.5145556845,-7.762077663693928
3,2,97,30,2349.2006324623353,-1271512.007638865,-7.761830392872888
3,2,97,31,2348.632970089683,-1271472.4182504113,-7.76158872302102
3,2,97,32,2348.2643745616515,-1271446.7068751296,-7.761431770249119
3,2,97,33,2347.930446887456,-1271423.4102709435,-7.76128955822962
3,2,97,34,2347.5647826829086,-1271397.8957535073,-7.761133807158686
3,2,97,35,2347.1540208587353,-1271369.2297728697,-7.76095881826482
3,2,97,36,2346.852148856268,-1271348.1597264162,-7.760830198066222
3,2,97,37,2346.4369119780813,-1271319.1726157854,-7.76065324886327
3,2,97,38,2346.035691167772,-1271291.159074107,-7.760482242724196
3,2,97,39,2345.7557290476584,-1271271.6090683136,-7.76036290147674
3,2,97,40,2345.521892601643,-1271255.2782713063,-7.760263211599027
3,2,97,41,2345.264125617608,-1271237.274313703,-7.760153308063333
3,2,97,42,2345.131086767828,-1271227.9813261253,-7.760096579858654
3,2,97,43,2345.035983356704,-1271221.3378696488,-7.760056025477663
3,2,2026,1,2848.3051826750493,-1303071.0012612299,-7.954479423629132
3,2,2026,2,2683.593918630912,-1293312.9352453938,-7.894912189562642
3,2,2026,3,2582.362795943174,-1287013.8630231158,-7.856460071196438
3,2,2026,4,2514.933935264406,-1282679.5771465455,-7.830001813904292
3,2,2026,5,2468.6698710795217,-1279637.9984196697,-7.811434770838439
3,2,2026,6,2438.1954728945,-1277603.1929585848,-7.799013484388489
3,2,2026,7,2418.146776533921,-1276250.6046388452,-7.790756730959401
3,2,2026,8,2404.0807034325535,-1275294.9241463877,-7.784922865571054
3,2,2026,9,2393.774735025893,-1274591.157582855,-7.780626786045655
3,2,2026,10,2385.9562860047954,-1274055.232786446,-7.7773552814526425
3,2,2026,11,2379.7022232614663,-1273625.2749417943,-7.774730642561131
3,2,2026,12,2374.8743351238927,-1273292.5910170518,-7.772699803542095
3,2,2026,13,2371.1765081720964,-1273037.320535334,-7.771141527905296
3,2,2026,14,2368.219555335591,-1272832.9078877196,-7.76989370933071
3,2,2026,15,2365.803862512163,-1272665.7227536459,-7.768873142755567
3,2,2026,16,2363.677456773023,-1272518.4172533094,-7.767973929611939
3,2,2026,17,2361.736307942764,-1272383.8295661786,-7.767152351212205
3,2,2026,18,2359.934721311628,-1272258.819277211,-7.7663892371759236
3,2,2026,19,2358.3188814081923,-1272146.6165588931,-7.7657043057997575
3,2,2026,20,2356.818096814017,-1272042.334312792,-7.765067724232016
3,2,2026,21,2355.5023277452287,-1271950.8532538,-7.764509286356644
3,2,2026,22,2354.2785040880067,-1271865.7189735002,-7.763989591819482
3,2,2026,23,2353.165618806638,-1271788.2636011625,-7.763516772483533
3,2,2026,24,2352.0204203169446,-1271708.5210201328,-7.763029991088373
3,2,2026,25,2351.07069718797,-1271642.3603431126,-7.7626261192014985
3,2,2026,26,2350.410048936896,-1271596.3217606088,-7.762345080826103
3,2,2026,27,2349.6312124451965,-1271542.0303734501,-7.762013663948882
3,2,2026,28,2348.93085443209,-1271493.1942199667,-7.761715548053711
3,2,2026,29,2348.403178391803,-1271456.389607829,-7.7614908776177485
3,2,2026,30,2347.8565808453886,-1271418.2565280343,-7.761258097670767
3,2,2026,31,2347.4374756138454,-1271389.0118664787,-7.761079576271419
3,2,2026,32,2347.028414633565,-1271360.4630452574,-7.760905302566644
3,2,2026,33,2346.634908773694,-1271332.995137293,-7.760737627199376
3,2,2026,34,2346.1929174418483,-1271302.1373027791,-7.760549258331171
3,2,2026,35,2345.793571272236,-1271274.2517611491,-7.760379033556851
3,2,2026,36,2345.584665259425,-1271259.662382211,-7.760289974008711
3,2,2026,37,2345.3529711624324,-1271243.4800309774,-7.760191190304838
3,2,2026,38,2344.988671734151,-1271218.0328120722,-7.760035850051718
3,2,2026,39,2344.577428026482,-1271189.3016681008,-7.759860463374156
3,2,2026,40,2344.2838908302247,-1271168.7908932515,-7.759735257198635
3,2,2026,41,2344.0315326233954,-1271151.155427923,-7.759627603090803
3,2,2026,42,2343.7042242612447,-1271128.2794171912,-7.75948795854612
3,2,2026,43,2343.4676430193413,-1271111.742454667,-7.759387010149601
3,2,2026,44,2343.297768141615,-1271099.8672185328,-7.759314518841461
3,2,2026,45,2343.1705564431313,-1271090.9738215606,-7.759260229901601
3,2,2026,46,2342.9916375854755,-1271078.4647489395,-7.759183869395782
3,2,2026,47,2342.7148484593276,-1271059.1112159442,-7.759065727498805
3,2,2026,48,2342.5010659437144,-1271044.1616395568,-7.758974469157816
3,2,2026,49,2342.3382021348148,-1271032.771836747,-7.758904941133632
3,2,2026,50,2342.120079493655,-1271017.516293219,-7.758811815043824
3,2,2026,51,2341.98437954844,-1271008.0246935224,-7.758753874429374
3,2,2026,52,2341.892544409994,-1271001.600927362,-7.758714661128107
3,2,31415,1,2887.95551454503,-1305335.7038465561,-7.968304096343191
3,2,31415,2,2775.4349005463755,-1298825.4329670614,-7.9285627348187075
3,2,31415,3,2711.6693078017047,-1295017.8527900404,-7.9053197049741195
3,2,31415,4,2671.5798710169724,-1292577.9090434134,-7.890425288393157
3,2,31415,5,2642.007339552088,-1290754.469005171,-7.879294263107211
3,2,31415,6,2618.405719294239,-1289284.489775685,-7.870320907455223
3,2,31415,7,2599.2411853925732,-1288081.0846923832,-7.86297482964047
3,2,31415,8,2583.9112953381027,-1287112.0649303293,-7.857059535883732
3,2,31415,9,2572.025669566853,-1286356.7961465758,-7.852449065699173
3,2,31415,10,2562.100132515194,-1285723.4015372547,-7.8485825654225145
3,2,31415,11,2553.311542407402,-1285160.5091699767,-7.845146439724915
3,2,31415,12,2545.5947070139555,-1284664.66084089,-7.8421195783128015
3,2,31415,13,2538.44337538338,-1284203.8053964379,-7.839306327809481
3,2,31415,14,2531.7571163774182,-1283771.7448331353,-7.8366688530615765
3,2,31415,15,2525.5015373470437,-1283366.4800336647,-7.834194950637696
3,2,31415,16,2519.568911660272,-1282981.209117316,-7.8318430990703956
3,2,31415,17,2513.709336110436,-1282599.7906402668,-7.829514764371409
3,2,31415,18,2508.224105130086,-1282241.932868503,-7.827330253873266
3,2,31415,19,2502.4246108569246,-1281862.7203425611,-7.825015385203894
3,2,31415,20,2496.605844731721,-1281481.3634252476,-7.822687426290763
3,2,31415,21,2490.815509462846,-1281100.986504501,-7.820365449678303
3,2,31415,22,2485.4367703762196,-1280746.854995162,-7.81820368581312
3,2,31415,23,2480.4397106666465,-1280417.165518264,-7.816191126130928
3,2,31415,24,2475.4190449544244,-1280085.2490144884,-7.814164971763982
3,2,31415,25,2470.715535363071,-1279773.6884020697,-7.812263078100245
3,2,31415,26,2465.913887464414,-1279455.0146946278,-7.810317763189357
3,2,31415,27,2461.6986474515784,-1279174.747558572,-7.80860689773021
3,2,31415,28,2458.0739807935315,-1278933.3630290183,-7.80713338763624
3,2,31415,29,2454.708720014267,-1278708.934765195,-7.805763385537402
3,2,31415,30,2451.497247693707,-1278494.47551572,-7.804454238387703
3,2,31415,31,2448.5872397638686,-1278299.905027682,-7.803266500388741
3,2,31415,32,2445.688561201465,-1278105.8620263431,-7.802081982384768
3,2,31415,33,2442.8236611957227,-1277913.85411403,-7.800909887398239
3,2,31415,34,2440.0439494492284,-1277727.3402271238,-7.799771330194388
3,2,31415,35,2437.2895137875475,-1277542.3126157355,-7.7986418458254105
3,2,31415,36,2434.761486651575,-1277372.3097440759,-7.797604078625262
3,2,31415,37,2432.48531333416,-1277219.0922678842,-7.796668776358135
3,2,31415,38,2430.525783900949,-1277087.074353639,-7.795862884905254
3,2,31415,39,2428.7844246814016,-1276969.6657084299,-7.795146174417821
3,2,31415,40,2427.1033722015695,-1276856.2432754757,-7.794453797403646
3,2,31415,41,2425.3301134463286,-1276736.5144136422,-7.793722923363055
3,2,31415,42,2423.6606507452084,-1276623.7137398722,-7.793034341821753
3,2,31415,43,2422.297552456649,-1276531.5555718632,-7.792471770595443
3,2,31415,44,2420.839273857629,-1276432.904890388,-7.791869566406139
3,2,31415,45,2419.4024479871227,-1276335.6473205215,-7.791275866341026
3,2,31415,46,2418.0468622870867,-1276243.835864274,-7.790715411585401
3,2,31415,47,2416.6399860483707,-1276148.4961445956,-7.79013341886382
3,2,31415,48,2415.4371785144654,-1276066.941518569,-7.789635576003375
3,2,31415,49,2414.488683730033,-1276002.6015564098,-7.789242818506189
3,2,31415,50,2413.616288227712,-1275943.4013758034,-7.788881436342014
3,2,31415,51,2412.6969244139914,-1275880.990795431,-7.788500456581963
3,2,31415,52,2411.9245135540964,-1275828.5376609694,-7.78818026115257
3,2,31415,53,2411.0841912864216,-1275771.4536943343,-7.7878317972257545
3,2,31415,54,2410.2191441346204,-1275712.669354963,-7.787472953526903
3,2,31415,55,2409.5021487371087,-1275663.9298898496,-7.787175427857167
3,2,31415,56,2408.877354606481,-1275621.4461976434,-7.786916089989033
3,2,31415,57,2408.153342854688,-1275572.2022889063,-7.786615484988684
3,2,31415,58,2407.310940291165,-1275514.8873503502,-7.786265611114605
3,2,31415,59,2406.422688345433,-1275454.4312081458,-7.785896562046111
3,2,31415,60,2405.6478379460327,-1275401.6751675052,-7.785574517553262
3,2,31415,61,2404.961969555553,-1275354.9633278374,-7.785289369340219
3,2,31415,62,2404.3544219291944,-1275313.5744840237,-7.78503671487537
3,2,31415,63,2403.9563836301745,-1275286.4526756473,-7.784871152241828
3,2,31415,64,2403.549021870027,-1275258.690928699,-7.784701683160979
3,2,31415,65,2403.1471712970338,-1275231.3001592502,-7.7845344786788235
3,2,31415,66,2402.6657969800303,-1275198.4828956993,-7.784334148652753
3,2,31415,67,2402.2669284704343,-1275171.2854102603,-7.784168124055405
3,2,31415,68,2401.7865429312974,-1275138.5235610385,-7.783968132301109
3,2,31415,69,2401.3130358738804,-1275106.224404589,-7.783770965013119
3,2,31415,70,2401.0063520344947,-1275085.3012981303,-7.783643241796469
3,2,31415,71,2400.6834928296375,-1275063.271760492,-7.783508764470454
3,2,31415,72,2400.459735211037,-1275048.0024480245,-7.783415554329396
3,2,31415,73,2400.1860274721985,-1275029.322583185,-7.7833015247789294
3,2,31415,74,2399.968578417164,-1275014.4807135586,-7.78321092392415
3,2,31415,75,2399.808782448793,-1275003.5730674758,-7.783144339182227
3,2,31415,76,2399.571685814732,-1274987.3875524937,-7.783045536165537
3,2,31415,77,2399.352779809301,-1274972.442409486,-7.782954304887716
3,2,31415,78,2399.126521433233,-1274956.9938726332,-7.78286000068756
3,2,31415,79,2398.955946135967,-1274945.3463183874,-7.782788899242976
3,2,31415,80,2398.7689904238396,-1274932.57929345,-7.782710964090505
3,2,31415,81,2398.570233538263,-1274919.0052864992,-7.7826281027891
3,2,31415,82,2398.440155732515,-1274910.1210756667,-7.782573869925201
3,2,31415,83,2398.2776266079804,-1274899.019788377,-7.782506103117992
3,2,31415,84,2398.0523082572813,-1274883.6285407078,-7.782412148634491
3,2,31415,85,2397.8374839088183,-1274868.9527799976,-7.7823225617766125
3,2,31415,86,2397.66077898722,-1274856.880168618,-7.782248865609086
3,2,31415,87,2397.490339244208,-1274845.2347558814,-7.782177777237153
3,2,31415,88,2397.3477436603735,-1274835.4911784073,-7.782118298447083
3,2,31415,89,2397.1728789906506,-1274823.5418583385,-7.782045354900245
3,2,31415,90,2396.9344635797856,-1274807.2484146638,-7.781945893042583
3,2,31415,91,2396.7360973544355,-1274793.6907197086,-7.781863131316285
3,2,31415,92,2396.54658710826,-1274780.7372543917,-7.781784058055329
3,2,31415,93,2396.280598610507,-1274762.5545951368,-7.781673063651517
3,2,31415,94,2396.0789346930796,-1274748.7677429246,-7.7815889030554075
3,2,31415,95,2395.95348923788,-1274740.191017696,-7.781536547209649
3,2,31415,96,2395.7856831040635,-1274728.7173841612,-7.781466507448364
3,2,31415,97,2395.5556619577214,-1274712.9885343781,-7.781370492103202
3,2,31415,98,2395.3839245712506,-1274701.2441442825,-7.781298799532906
3,2,31415,99,2395.24212056478,-1274691.5461361676,-7.78123959891688
3,2,31415,100,2395.0489420750264,-1274678.3336916289,-7.781158944740617
3,2,31415,101,2394.9176257461177,-1274669.3517016976,-7.781104114993026
3,2,31415,102,2394.806813491754,-1274661.7717999748,-7.781057844166472
3,2,31415,103,2394.695402386523,-1274654.1505814034,-7.781011321124941
3,2,31415,104,2394.669545469627,-1274652.3817553713,-7.781000523485932
3,3,11,1,3145.8286222985294,-1319346.6424041016,-8.053832607340562
3,3,11,2,2828.4801718541553,-1301926.8089154426,-7.947494804631065
3,3,11,3,2667.824309569926,-1292347.4634226449,-7.889018553881458
3,3,11,4,2570.7768353241436,-1286277.2367879846,-7.851963402768867
3,3,11,5,2504.9662529099514,-1282029.0191922586,-7.826030541535983
3,3,11,6,2456.543420721016,-1278831.3285402835,-7.806510527300651
3,3,11,7,2420.3088488196186,-1276397.0075758782,-7.79165043448673
3,3,11,8,2391.43516828969,-1274430.9729712124,-7.779648953528424
3,3,11,9,2368.3945383853015,-1272845.0114801666,-7.769967594619369
3,3,11,10,2350.3923160033696,-1271595.085827671,-7.762337536184933
3,3,11,11,2336.0882459822924,-1270595.084747934,-7.756233119768118
3,3,11,12,2324.4541679894533,-1269777.2176801327,-7.751240524003349
3,3,11,13,2315.2882817092454,-1269129.9745210696,-7.747289486503575
3,3,11,14,2307.299089813154,-1268563.7294044052,-7.743832894249678
3,3,11,15,2300.4708939837715,-1268078.2153484917,-7.740869117476264
3,3,11,16,2294.803854358499,-1267674.1688943726,-7.738402652331717
3,3,11,17,2290.018127858759,-1267332.1801061262,-7.736315012612481
3,3,11,18,2286.3315363301826,-1267068.2479974371,-7.734703862854893
3,3,11,19,2283.1169823752693,-1266837.7626531369,-7.733296885854476
3,3,11,20,2280.4763946584667,-1266648.1881095907,-7.732139645148158
3,3,11,21,2277.929613536763,-1266465.1401147905,-7.731022245170133
3,3,11,22,2275.8572917258057,-1266316.0424515572,-7.730112091929709
3,3,11,23,2273.654160439244,-1266157.3844563656,-7.729143578504942
3,3,11,24,2271.5978940690966,-1266009.1641373897,-7.728238780933424
3,3,11,25,2269.7926649817587,-1265878.928510261,-7.727443769291528
3,3,11,26,2268.1953180240225,-1265763.603832886,-7.72673978019782
3,3,11,27,2266.739996510432,-1265658.4623299895,-7.726097953374454
3,3,11,28,2265.4241150266857,-1265563.3367158708,-7.725517267640956
3,3,11,29,2264.400525136829,-1265489.3027664043,-7.725065334072401
3,3,11,30,2263.3336000275985,-1265412.0988484635,-7.724594049717143
3,3,11,31,2262.130527151269,-1265324.999454716,-7.724062359322142
3,3,11,32,2260.9227924391457,-1265237.5159517264,-7.723528324166909
3,3,11,33,2260.1093556818146,-1265178.56748469,-7.723168478565525
3,3,11,34,2259.284366415011,-1265118.7601514317,-7.722803390092736
3,3,11,35,2258.491026242834,-1265061.226607293,-7.72245218176059
3,3,11,36,2257.7048632702467,-1265004.1936184815,-7.722104029023304
3,3,11,37,2256.964919688823,-1264950.4955166725,-7.721776233803001
3,3,11,38,2256.4116922461153,-1264910.3360019673,-7.721531083666841
3,3,11,39,2255.877584652369,-1264871.5550796387,-7.72129434902353
3,3,11,40,2255.2579109144426,-1264826.5497927035,-7.721019618307757
3,3,11,41,2254.7008053795757,-1264786.0781136905,-7.720772562592729
3,3,11,42,2254.1729825085627,-1264747.7244866427,-7.720538436334929
3,3,11,43,2253.7567137406604,-1264717.470472374,-7.720353753432962
3,3,11,44,2253.3844708920037,-1264690.411486584,-7.720188574294233
3,3,11,45,2253.0645283607773,-1264667.1507303691,-7.720046581105442
3,3,11,46,2252.7325150723514,-1264643.008902217,-7.7198992094924614
3,3,11,47,2252.4109212566113,-1264619.6213171808,-7.719756442088568
3,3,11,48,2252.127228939953,-1264598.9873080738,-7.719630483640632
3,3,11,49,2251.9168061370033,-1264583.6807872474,-7.719537046364502
3,3,11,50,2251.598461557382,-1264560.5211296722,-7.719395670323242
3,3,11,51,2251.3483082921634,-1264542.3201117914,-7.719284563850853
3,3,11,52,2251.071267303229,-1264522.1603972474,-7.719161500691309
3,3,11,53,2250.7923733109724,-1264501.8633372113,-7.719037599118592
3,3,11,54,2250.623463098536,-1264489.569340665,-7.718962551525277
3,3,11,55,2250.4631938868843,-1264477.9034194383,-7.718891337961117
3,3,11,56,2250.305556686893,-1264466.428270638,-7.718821288950029
3,3,11,57,2250.135243109624,-1264454.0294456214,-7.718745601440771
3,3,11,58,2249.8877900438133,-1264436.0131949617,-7.718635622863223
3,3,11,59,2249.6492674375672,-1264418.645266305,-7.718529601908879
3,3,11,60,2249.486982566931,-1264406.8275053382,-7.718457461452717
3,3,11,61,2249.3636652463347,-1264397.8468337057,-7.718402639752562
3,3,11,62,2249.215990792917,-1264387.0916886958,-7.718336985939687
3,3,11,63,2249.0389965398062,-1264374.200249387,-7.718258291310903
3,3,11,64,2248.8958594649366,-1264363.7740676766,-7.718194645624827
3,3,11,65,2248.799614554144,-1264356.7631633591,-7.718151848191624
3,3,42,1,3129.401958756042,-1318488.9985529042,-8.048597197788398
3,3,42,2,2747.913678310018,-1297192.9255166433,-7.918597240297916
3,3,42,3,2594.649248721589,-1287791.4240215516,-7.861206622195339
3,3,42,4,2507.4035190216787,-1282188.3303504505,-7.827003042135386
3,3,42,5,2451.6886702047755,-1278507.2664115229,-7.804532319257722
3,3,42,6,2413.8040534500137,-1275956.1448062465,-7.788959227464024
3,3,42,7,2386.436368309496,-1274088.1911655187,-7.777556472905691
3,3,42,8,2365.8217949610153,-1272666.9644503708,-7.768880722581255
3,3,42,9,2350.6528978804777,-1271613.2466744112,-7.762448397436216
3,3,42,10,2337.861913791988,-1270719.414349204,-7.75699207860773
3,3,42,11,2328.00477942747,-1270027.256243751,-7.752766861867894
3,3,42,12,2320.160402741777,-1269474.334572189,-7.749391601383192
3,3,42,13,2313.743614112466,-1269020.6465742674,-7.746622103910896
3,3,42,14,2307.658597530697,-1268589.2521157132,-7.743988695339364
3,3,42,15,2301.915287193508,-1268181.0379785362,-7.741496788949408
3,3,42,16,2296.9727221211638,-1267828.921749575,-7.739347327181564
3,3,42,17,2292.6968131559915,-1267523.6873529328,-7.737484051331572
3,3,42,18,2288.839757973025,-1267247.8639511915,-7.735800312247836
3,3,42,19,2285.3021426192763,-1266994.4751736117,-7.734253523304266
3,3,42,20,2282.0825652847916,-1266763.525340518,-7.732843710873895
3,3,42,21,2279.3836495834657,-1266569.672923205,-7.731660356272922
3,3,42,22,2277.151234793021,-1266409.1538885208,-7.73068048230039
3,3,42,23,2275.11422927455,-1266262.5481508195,-7.729785540794669
3,3,42,24,2273.2789950817987,-1266130.3516911005,-7.728978559427043
3,3,42,25,2271.625071952779,-1266011.1240553716,-7.72825074507601
3,3,42,26,2269.9687419551574,-1265891.6358853423,-7.727521340316833
3,3,42,27,2268.5626171880667,-1265790.129153764,-7.726901701627217
3,3,42,28,2267.129584578498,-1265686.6152170429,-7.726269810134803
3,3,42,29,2265.794181039136,-1265590.0945236254,-7.7256806082655265
3,3,42,30,2264.559278737941,-1265500.7872489595,-7.725135440060553
3,3,42,31,2263.518174096968,-1265425.457441708,-7.724675596045002
3,3,42,32,2262.504074870429,-1265352.0483100086,-7.724227476620163
3,3,42,33,2261.422608851052,-1265273.7263330224,-7.723749367174283
3,3,42,34,2260.4673132426824,-1265204.510712826,-7.723326846662267
3,3,42,35,2259.6933493022693,-1265148.4119643224,-7.722984396910695
3,3,42,36,2259.1456369266957,-1265108.7008565667,-7.722741984034323
3,3,42,37,2258.566968817322,-1265066.734886707,-7.722485806555569
3,3,42,38,2257.8491287450515,-1265014.6609910654,-7.722167926155354
3,3,42,39,2257.1194921918964,-1264961.7143805053,-7.721844718345615
3,3,42,40,2256.615305365666,-1264925.117693649,-7.721621317170783
3,3,42,41,2256.1296451938592,-1264889.8580422024,-7.7214060778080436
3,3,42,42,2255.72632177024,-1264860.5703917884,-7.721227293987085
3,3,42,43,2255.3064886671755,-1264830.0783148294,-7.721041157852892
3,3,42,44,2254.889793216882,-1264799.8085093428,-7.720856378554859
3,3,42,45,2254.540578571047,-1264774.4363705935,-7.72070149662178
3,3,42,46,2254.1192723568565,-1264743.8211983398,-7.720514609063461
3,3,42,47,2253.634568525283,-1264708.592015034,-7.720299555690739
3,3,42,48,2253.338002254288,-1264687.0332859508,-7.720167952373094
3,3,42,49,2253.030094289981,-1264664.6470760014,-7.72003129777312
3,3,42,50,2252.7915276306003,-1264647.3001682945,-7.719925405139269
3,3,42,51,2252.501801047132,-1264626.2307965131,-7.719796789059147
3,3,42,52,2252.1330389922205,-1264599.409921096,-7.719633063443717
3,3,42,53,2251.8011426319886,-1264575.266613466,-7.719485682799396
3,3,42,54,2251.4899193928895,-1264552.6239081577,-7.719347462446633
3,3,42,55,2251.2734003562246,-1264536.8694569378,-7.719251290819809
3,3,42,56,2251.0693179320383,-1264522.0185366436,-7.719160634716045
3,3,42,57,2250.8747936525147,-1264507.861901819,-7.719074216815323
3,3,42,58,2250.748041633296,-1264498.6367803258,-7.719017902893038
3,3,42,59,2250.614448273643,-1264488.913177812,-7.718958546038311
3,3,42,60,2250.4694286090435,-1264478.3572574896,-7.718894108374577
3,3,42,61,2250.3429765812148,-1264469.1523124569,-7.718837917617674
3,3,42,62,2250.2572359766345,-1264462.9106192524,-7.718799815764347
3,3,97,1,3140.016135634757,-1319043.6827786667,-8.05198321762628
3,3,97,2,2822.944412319775,-1301605.8823028998,-7.945535737064144
3,3,97,3,2675.193613860938,-1292799.3468842132,-7.891777035724307
3,3,97,4,2588.177666938132,-1287382.3232702946,-7.858709303549682
3,3,97,5,2531.0596333833196,-1283726.608348632,-7.836393321462079
3,3,97,6,2490.58787734129,-1281086.0149068385,-7.820274056910427
3,3,97,7,2460.427221265189,-1279090.1174770435,-7.8080902810289805
3,3,97,8,2437.143807614554,-1277532.5190660576,-7.798582061984529
3,3,97,9,2419.2638907051673,-1276326.2654379455,-7.791218595484846
3,3,97,10,2405.378706890873,-1275383.347281526,-7.785462636626008
3,3,97,11,2394.306798301722,-1274627.5648484144,-7.780849030915261
3,3,97,12,2385.4221561891554,-1274018.556169278,-7.777131392350429
3,3,97,13,2377.545146698813,-1273476.716899328,-7.773823783387019
3,3,97,14,2370.3404313175783,-1272979.5488267576,-7.770788865719817
3,3,97,15,2363.6928757707974,-1272519.4858721658,-7.767980452899386
3,3,97,16,2357.554556816502,-1272093.5156434216,-7.765380156049602
3,3,97,17,2351.694565524882,-1271685.823969456,-7.7628914389892065
3,3,97,18,2346.7548115540462,-1271341.3652045752,-7.760788721520335
3,3,97,19,2342.2255927347865,-1271024.8960889564,-7.758856864341435
3,3,97,20,2337.784756591178,-1270714.0077884006,-7.75695907474484
3,3,97,21,2333.615959114175,-1270421.6261451447,-7.755174257368906
3,3,97,22,2329.9296289740723,-1270162.6472319565,-7.753593343946601
3,3,97,23,2326.5782464045583,-1269926.8438374402,-7.752153903388193
3,3,97,24,2323.633140874902,-1269719.3455403647,-7.750887248744718
3,3,97,25,2320.8593683867903,-1269523.6779331812,-7.749692813480864
3,3,97,26,2318.0670421901023,-1269326.465163244,-7.748488945910314
3,3,97,27,2315.500306198158,-1269144.9754234173,-7.7473810581592595
3,3,97,28,2313.268678349139,-1268987.0170646138,-7.746416815601735
3,3,97,29,2310.938590496912,-1268821.9268419165,-7.7454090372241815
3,3,97,30,2308.71670847909,-1268664.3480490667,-7.744447111692794
3,3,97,31,2306.3757831324733,-1268498.1624048282,-7.743432646413221
3,3,97,32,2304.455815895515,-1268361.7352270782,-7.742599839008877
3,3,97,33,2302.806614516062,-1268244.4570868392,-7.741883925177268
3,3,97,34,2301.306826289498,-1268137.731081943,-7.741232425904326
3,3,97,35,2299.7556767264273,-1268027.2769743172,-7.7405581687644505
3,3,97,36,2298.096104242405,-1267909.019774738,-7.739836278353384
3,3,97,37,2296.7284274675458,-1267811.4981637946,-7.739240966473328
3,3,97,38,2295.3511263458363,-1267713.2315877585,-7.738641107021039
3,3,97,39,2294.326425213661,-1267640.0837722216,-7.73819458277715
3,3,97,40,2293.1162145169724,-1267553.651354137,-7.73766696387494
3,3,97,41,2291.888508585137,-1267465.922816488,-7.737131432927724
3,3,97,42,2290.8565161795177,-1267392.1430753665,-7.736681051151087
3,3,97,43,2289.7843217184122,-1267315.453975625,-7.736212909457105
3,3,97,44,2288.761285988279,-1267242.2474867897,-7.735766027047356
3,3,97,45,2287.9473790623433,-1267183.9824810214,-7.735410353573652
3,3,97,46,2287.1535476017334,-1267127.1346440269,-7.735063331078935
3,3,97,47,2286.4265228467384,-1267075.0536543282,-7.734745407373689
3,3,97,48,2285.783562134266,-1267028.980857667,-7.734464160141055
3,3,97,49,2285.1903685666834,-1266986.462742497,-7.734204612141042
3,3,97,50,2284.7077854038557,-1266951.8646656768,-7.733993411300952
3,3,97,51,2284.195092084883,-1266915.0998793177,-7.733768983977863
3,3,97,52,2283.765609024938,-1266884.2956750966,-7.733580942490945
3,3,97,53,2283.244123534492,-1266846.884908544,-7.733352571840015
3,3,97,54,2282.761652841493,-1266812.2654081713,-7.733141240221781
3,3,97,55,2282.310898893506,-1266779.9151188182,-7.732943760797591
3,3,97,56,2281.857114401024,-1266747.3408750792,-7.732744914264047
3,3,97,57,2281.4827779166417,-1266720.464811884,-7.7325808517598045
3,3,97,58,2281.1748901829,-1266698.3562336229,-7.732445891937435
3,3,97,59,2280.9427022220802,-1266681.681475793,-7.732344102381898
3,3,97,60,2280.6120546714615,-1266657.9328365093,-7.732199130954909
3,3,97,61,2280.3032105131015,-1266635.747107645,-7.73206370017364
3,3,97,62,2279.984317983886,-1266612.8364037366,-7.731923843847589
3,3,97,63,2279.5663894641193,-1266582.8056472088,-7.731740523802369
3,3,97,64,2279.244451643796,-1266559.6686635085,-7.731599286171733
3,3,97,65,2278.9991694121,-1266542.0385597025,-7.731491664792832
3,3,97,66,2278.782448706537,-1266526.4597882282,-7.731396565587172
3,3,97,67,2278.4913009105067,-1266505.5285604636,-7.731268792794743
3,3,97,68,2278.1297859959245,-1266479.5347697833,-7.731110116043507
3,3,97,69,2277.8017990407434,-1266455.9481508273,-7.730966133654999
3,3,97,70,2277.4554612281545,-1266431.0381745186,-7.730814072950864
3,3,97,71,2277.091080563339,-1266404.8263957754,-7.730654065511155
3,3,97,72,2276.8449938359836,-1266387.1217364613,-7.730545989014878
3,3,97,73,2276.572084588,-1266367.485098459,-7.730426118928914
3,3,97,74,2276.2842560203962,-1266346.7724200145,-7.730299680251102
3,3,97,75,2276.0946020106367,-1266333.1231336745,-7.730216359413455
3,3,97,76,2275.887245669441,-1266318.1985194958,-7.730125253452018
3,3,97,77,2275.661446009919,-1266301.944888233,-7.730026034625634
3,3,97,78,2275.5343077250395,-1266292.79244285,-7.729970164348111
3,3,97,79,2275.3633335326836,-1266280.4835268885,-7.729895025680571
3,3,97,80,2275.1839866089317,-1266267.5708402996,-7.729816201349682
3,3,97,81,2275.094989914142,-1266261.1628452598,-7.729777084321799
3,3,2026,1,3181.430904561986,-1321190.1846198074,-8.065086344556132
3,3,2026,2,2865.916326180939,-1304080.7612835239,-7.96064341263078
3,3,2026,3,2717.740005678597,-1295384.1828272166,-7.907555933652492
3,3,2026,4,2625.4507955332724,-1289724.6608216623,-7.873007891913258
3,3,2026,5,2560.8187686276883,-1285641.4529782305,-7.848082317833609
3,3,2026,6,2512.893870222179,-1282546.6388971754,-7.829190304348631
3,3,2026,7,2476.3211903154524,-1280144.9394825161,-7.814529346843508
3,3,2026,8,2448.1179623772114,-1278268.506304894,-7.8030748297168415
3,3,2026,9,2425.5218649406347,-1276749.4655253016,-7.793801982256322
3,3,2026,10,2407.5663790692565,-1275532.2688768713,-7.7863717150758855
3,3,2026,11,2392.3094370212493,-1274490.8504186682,-7.78001447000701
3,3,2026,12,2379.292284034297,-1273597.0527597761,-7.7745583627959185
3,3,2026,13,2368.991282440371,-1272886.281593406,-7.770219524304134
3,3,2026,14,2360.2231827103988,-1272278.8417398154,-7.766511462493379
3,3,2026,15,2352.526133886966,-1271743.7397063766,-7.7632449803827255
3,3,2026,16,2346.2293713947774,-1271304.6825727422,-7.760564795702143
3,3,2026,17,2340.83087971998,-1270927.3203644985,-7.758261222130308
3,3,2026,18,2335.9302892258042,-1270584.0078038527,-7.75616550156183
3,3,2026,19,2331.5890420567766,-1270279.2780744878,-7.7543053064077245
3,3,2026,20,2327.623438892385,-1270000.4200453665,-7.752603042714793
3,3,2026,21,2324.131994357898,-1269754.51090699,-7.751101912554268
3,3,2026,22,2320.5345610543277,-1269500.750063291,-7.749552852366625
3,3,2026,23,2317.4604557649977,-1269283.5925613984,-7.748227233978356
3,3,2026,24,2314.881612937746,-1269101.198535238,-7.747113826092921
3,3,2026,25,2312.566711522364,-1268937.2991698398,-7.746113317196365
3,3,2026,26,2310.3605502302344,-1268780.9460519108,-7.745158873687007
3,3,2026,27,2308.4874302015005,-1268648.0787011131,-7.744347796925289
3,3,2026,28,2306.645515794128,-1268517.3197088547,-7.743549590448153
3,3,2026,29,2304.880400202896,-1268391.9147148975,-7.742784066970855
3,3,2026,30,2303.3954815039265,-1268286.3422811918,-7.742139609569223
3,3,2026,31,2302.2128004014394,-1268202.2091635298,-7.7416260265391035
3,3,2026,32,2301.013287671972,-1268116.8345249705,-7.74110486475662
3,3,2026,33,2299.9503659733964,-1268041.144475155,-7.7406428216728225
3,3,2026,34,2298.6945858731447,-1267951.6759990407,-7.7400966694281434
3,3,2026,35,2297.3145529799867,-1267853.2987032654,-7.73949613409719
3,3,2026,36,2296.162603571637,-1267771.1353477929,-7.738994575302735
3,3,2026,37,2295.100151557533,-1267695.3188887786,-7.738531760565381
3,3,2026,38,2294.131711467854,-1267626.1805280154,-7.738109711676609
3,3,2026,39,2293.185471380038,-1267558.5988621982,-7.737697165491761
3,3,2026,40,2292.433744272691,-1267504.8896800228,-7.737369302632361
3,3,2026,41,2291.6242754523396,-1267447.035287656,-7.737016135711139
3,3,2026,42,2290.64586427111,-1267377.0789543919,-7.736589093582995
3,3,2026,43,2289.8747607414175,-1267321.924046313,-7.736252405420184
3,3,2026,44,2289.2325944710474,-1267275.97748849,-7.735971928801155
3,3,2026,45,2288.6824752642938,-1267236.6065840349,-7.735731592665154
3,3,2026,46,2288.1441412340555,-1267198.0699579865,-7.735496349306456
3,3,2026,47,2287.6826265186533,-1267165.0252214996,-7.73529463069236
3,3,2026,48,2287.282154719127,-1267136.3457926447,-7.735119559705064
3,3,2026,49,2286.8245189625372,-1267103.5664699485,-7.734919461285519
3,3,2026,50,2286.343193986093,-1267069.0832681148,-7.734708961689425
3,3,2026,51,2285.843823643858,-1267033.299582105,-7.734490523404948
3,3,2026,52,2285.438432129387,-1267004.2444449277,-7.734313158940077
3,3,2026,53,2285.030290269647,-1266974.9869787316,-7.734134559375956
3,3,2026,54,2284.6925801649268,-1266950.7744301006,-7.733986756056188
3,3,2026,55,2284.408086565402,-1266930.374527818,-7.733862226692253
3,3,2026,56,2284.0242700439185,-1266902.8485484347,-7.733694196833244
3,3,2026,57,2283.570380441178,-1266870.291202568,-7.733495453451238
3,3,2026,58,2283.198340084139,-1266843.6000487157,-7.733332519709404
3,3,2026,59,2282.8510133063232,-1266818.6779862759,-7.733180385226571
3,3,2026,60,2282.4287713927474,-1266788.3753609064,-7.732995405582521
3,3,2026,61,2282.0071752483236,-1266758.1134862744,-7.732810674697675
3,3,2026,62,2281.5933352779125,-1266728.4029063836,-7.732629309141864
3,3,2026,63,2281.2582768722586,-1266704.3442989404,-7.732482445542196
3,3,2026,64,2281.0299451702635,-1266687.947094597,-7.732382350286889
3,3,2026,65,2280.8310746094667,-1266673.6642483345,-7.732295161939826
3,3,2026,66,2280.549517583466,-1266653.4407458673,-7.732171709392656
3,3,2026,67,2280.318793841403,-1266636.8666034096,-7.732070534034586
3,3,2026,68,2280.0722776062257,-1266619.1561470088,-7.731962422150515
3,3,2026,69,2279.7941374000507,-1266599.1714317016,-7.731840427258031
3,3,2026,70,2279.566103169645,-1266582.785073288,-7.731740398210724
3,3,2026,71,2279.410859325488,-1266571.6284362646,-7.731672293526057
3,3,2026,72,2279.224674608944,-1266558.2472237,-7.731590609120598
3,3,2026,73,2279.0553432885176,-1266546.0763261286,-7.731516312973876
3,3,2026,74,2278.813411126894,-1266528.6855844634,-7.73141015275958
3,3,2026,75,2278.613878106315,-1266514.3412189933,-7.731322588874062
3,3,2026,76,2278.3983503340073,-1266498.845584659,-7.731227997171576
3,3,2026,77,2278.224518726738,-1266486.3466794791,-7.731151698731987
3,3,2026,78,2278.028084750064,-1266472.221462489,-7.731065472618603
3,3,2026,79,2277.875703448182,-1266461.2631558527,-7.7309985786238995
3,3,2026,80,2277.787146985546,-1266454.8943941768,-7.730959701092548
3,3,31415,1,3171.5524464028717,-1320680.7386739878,-8.06197647771883
3,3,31415,2,2879.6954144075507,-1304866.4876939491,-7.965439808650859
3,3,31415,3,2744.1160458497147,-1296966.374281666,-7.917214278713105
3,3,31415,4,2659.3505873392196,-1291826.3119761243,-7.885837231870662
3,3,31415,5,2601.5683309833717,-1288227.6863728887,-7.863869746379406
3,3,31415,6,2558.6285680531196,-1285501.2855360762,-7.847226678322484
3,3,31415,7,2525.5097544697446,-1283367.0130343232,-7.834198204292153
3,3,31415,8,2500.08664387305,-1281709.5986771362,-7.824080667804953
3,3,31415,9,2478.852148736614,-1280312.2843935443,-7.815550888762663
3,3,31415,10,2461.294308964964,-1279147.8382721853,-7.808442632417989
3,3,31415,11,2446.829805940312,-1278182.2865331105,-7.8025485088948
3,3,31415,12,2434.5809355033016,-1277360.161423274,-7.797529920296394
3,3,31415,13,2424.6555443422058,-1276690.9451188564,-7.793444749712216
3,3,31415,14,2416.073207178465,-1276110.0715809744,-7.789898859580104
3,3,31415,15,2409.188281748111,-1275642.5894715413,-7.787045157197962
3,3,31415,16,2402.7338844390665,-1275203.1250965274,-7.7843624865491
3,3,31415,17,2397.072040985574,-1274816.650729947,-7.782003288628382
3,3,31415,18,2392.30676055748,-1274490.6671447877,-7.780013351228132
3,3,31415,19,2388.1311997755065,-1274204.4909221514,-7.778266414282801
3,3,31415,20,2384.53069341404,-1273957.3245922485,-7.77675760970997
3,3,31415,21,2381.328220615727,-1273737.168531252,-7.7754136868880455
3,3,31415,22,2378.2348900819734,-1273524.2342369568,-7.77411384868973
3,3,31415,23,2375.5233251843947,-1273337.3514619726,-7.77297303964187
3,3,31415,24,2373.1333670003664,-1273172.457072544,-7.771966456710846
3,3,31415,25,2370.6566812984365,-1273001.4036415615,-7.770922276466044
3,3,31415,26,2368.346529367662,-1272841.690781348,-7.769947323712873
3,3,31415,27,2366.1007286266945,-1272686.2774451217,-7.768998617016175
3,3,31415,28,2364.0393396298464,-1272543.495829181,-7.768127019516903
3,3,31415,29,2362.3638689226714,-1272427.3529997387,-7.767418036087675
3,3,31415,30,2360.8197788317575,-1272320.2444516877,-7.766764201614541
3,3,31415,31,2359.387422173668,-1272220.823839197,-7.766157297450779
3,3,31415,32,2357.8764279204534,-1272115.87951091,-7.765516674262038
3,3,31415,33,2356.794037683011,-1272040.6620196577,-7.765057515869376
3,3,31415,34,2355.8215670824206,-1271973.0536002456,-7.76464480636962
3,3,31415,35,2354.8120088069463,-1271902.8372277247,-7.764216176855281
3,3,31415,36,2353.792340732751,-1271831.8871391406,-7.763783068437397
3,3,31415,37,2352.780276642844,-1271761.435748294,-7.763353004274881
3,3,31415,38,2351.6787122273286,-1271684.7196455426,-7.762884697743459
3,3,31415,39,2350.6368173983606,-1271612.1260286234,-7.762441556555058
3,3,31415,40,2349.830631241711,-1271555.9332375124,-7.762098532728869
3,3,31415,41,2349.0596436212386,-1271502.175817449,-7.761770375405632
3,3,31415,42,2348.1115119988553,-1271436.0427655266,-7.761366672153676
3,3,31415,43,2347.142673282806,-1271368.4377843698,-7.760953983642439
3,3,31415,44,2346.447343416884,-1271319.9008828748,-7.760657694504046
3,3,31415,45,2345.849815478067,-1271278.179468378,-7.760403009891451
3,3,31415,46,2345.30508195618,-1271240.1350767629,-7.760170771333465
3,3,31415,47,2344.839759802534,-1271207.6298059265,-7.7599723458387855
3,3,31415,48,2344.5394035939953,-1271186.6448733753,-7.75984424521033
3,3,31415,49,2344.252158936447,-1271166.5734881358,-7.759721721249059
3,3,31415,50,2343.831007127024,-1271137.1408170187,-7.759542052162296
3,3,31415,51,2343.451229553401,-1271110.5950960678,-7.759380006202494
3,3,31415,52,2343.0148168338833,-1271080.085374858,-7.759193762360563
3,3,31415,53,2342.6383703533525,-1271053.763342764,-7.759033081889217
3,3,31415,54,2342.4791688184737,-1271042.6303206233,-7.758965121359472
3,3,31415,55,2342.2590913073495,-1271027.2389729803,-7.75887116626569
3,3,31415,56,2341.9806396190647,-1271007.7630945274,-7.758752277521899
3,3,31415,57,2341.672660016837,-1270986.2192340563,-7.758620764968357
3,3,31415,58,2341.433410392133,-1270969.4812332657,-7.758518589351868
3,3,31415,59,2341.169951422727,-1270951.0475581312,-7.758406062644254
3,3,31415,60,2340.9383114110938,-1270934.8384753647,-7.75830711576015
3,3,31415,61,2340.71613209631,-1270919.2899007755,-7.758212200888653
3,3,31415,62,2340.459534244959,-1270901.330808165,-7.758102571227261
3,3,31415,63,2340.276020477867,-1270888.4856085447,-7.758024158864486
3,3,31415,64,2340.1066489872187,-1270876.6294155435,-7.757951783803435
3,3,31415,65,2339.8820612231825,-1270860.9066984775,-7.7578558058948905
3,3,31415,66,2339.7023975241773,-1270848.3278941882,-7.7577790197183925
3,3,31415,67,2339.5844735713154,-1270840.071153023,-7.757728617186496
3,3,31415,68,2339.445072746221,-1270830.3101180287,-7.757669031828568
3,3,31415,69,2339.1831432996596,-1270811.9678893748,-7.757557063347749
3,3,31415,70,2338.9010350811595,-1270792.2102970718,-7.757436454907163
3,3,31415,71,2338.533006070007,-1270766.4316158183,-7.757279091272027
3,3,31415,72,2338.1606872560733,-1270740.3483258055,-7.757119868180187
3,3,31415,73,2337.8564415003443,-1270719.0309005615,-7.75698973788007
3,3,31415,74,2337.5560726107815,-1270697.9823920366,-7.756861249157815
3,3,31415,75,2337.300843053403,-1270680.0949204124,-7.756752056700276
3,3,31415,76,2337.114279645858,-1270667.018601607,-7.756672233491277
3,3,31415,77,2336.949476721857,-1270655.4666172026,-7.756601715444173
3,3,31415,78,2336.8236365081475,-1270646.6452046288,-7.756547865926581
3,3,31415,79,2336.7406856671187,-1270640.830081935,-7.756512368034472
3,4,11,1,3411.763115293036,-1332640.6174552783,-8.134984479265018
3,4,11,2,2879.911106853054,-1304878.7572382449,-7.965514706977614
3,4,11,3,2652.122524334737,-1291380.4570973855,-7.883115550968071
3,4,11,4,2530.2520858660637,-1283674.333676552,-7.836074215440201
3,4,11,5,2459.037583978824,-1278997.5688617895,-7.807525326352673
3,4,11,6,2414.643429726729,-1276013.100283555,-7.789306907039331
3,4,11,7,2384.8069554019276,-1273976.302545663,-7.776873458915264
3,4,11,8,2362.8618409730993,-1272461.8807851707,-7.7676288078403255
3,4,11,9,2345.5876539137917,-1271259.8711101667,-7.760291248169694
3,4,11,10,2331.957835849125,-1270305.1872485972,-7.754463466624732
3,4,11,11,2321.5665188688627,-1269573.583981045,-7.749997460449804
3,4,11,12,2312.6272301706285,-1268941.5860918628,-7.746139486325284
3,4,11,13,2305.4204593616037,-1268430.2941327458,-7.74301835066627
3,4,11,14,2298.964614448462,-1267970.918400105,-7.74021413293027
3,4,11,15,2293.196030239415,-1267559.3531431525,-7.737701769931829
3,4,11,16,2288.6006806163455,-1267230.7519005497,-7.735695853277761
3,4,11,17,2284.8687156936244,-1266963.4031337835,-7.734063846839036
3,4,11,18,2281.4745926596797,-1266719.8770895165,-7.732577264061609
3,4,11,19,2278.3967501644115,-1266498.7305330154,-7.731227294849194
3,4,11,20,2275.6137188867065,-1266298.509162581,-7.730005061548207
3,4,11,21,2273.0575815378584,-1266114.3955116442,-7.72888115636839
3,4,11,22,2270.6879471854813,-1265943.530284352,-7.727838124996044
3,4,11,23,2268.4109776592086,-1265779.1786906198,-7.7268348555124025
3,4,11,24,2266.2815528657834,-1265625.3275197842,-7.725895684913465
3,4,11,25,2264.3811003939795,-1265487.8974949925,-7.725056755719786
3,4,11,26,2262.8058201538415,-1265373.894639461,-7.724360835568327
3,4,11,27,2261.8247916887603,-1265302.8576088874,-7.723927196420908
3,4,11,28,2260.8193079619914,-1265230.0177739286,-7.7234825522166854
3,4,11,29,2259.7421097041843,-1265151.9468013935,-7.723005975004844
3,4,11,30,2258.620492168121,-1265070.6169400027,-7.72250950419985
3,4,11,31,2257.6809704875213,-1265002.4599814285,-7.722093446192243
3,4,11,32,2256.7887611450465,-1264937.7090023598,-7.721698179679395
3,4,11,33,2255.9925356810495,-1264879.9023135866,-7.721345303960459
3,4,11,34,2255.2900838621604,-1264828.8867342945,-7.7210338839569665
3,4,11,35,2254.5344260597863,-1264773.989325564,-7.720698767675708
3,4,11,36,2253.7865964407624,-1264719.6425044825,-7.720367012407106
3,4,11,37,2252.931545569077,-1264657.4815213177,-7.719987556290703
3,4,11,38,2252.2584396724305,-1264608.5310811603,-7.719688742742835
3,4,11,39,2251.6293416805106,-1264562.767810707,-7.719409384985026
3,4,11,40,2250.9922286885203,-1264516.4084616206,-7.719126388518951
3,4,11,41,2250.562802428211,-1264485.1539764544,-7.718935598332608
3,4,11,42,2250.040730657943,-1264447.1485361294,-7.718703597549259
3,4,11,43,2249.4902858686887,-1264407.068063869,-7.718458929920575
3,4,11,44,2249.0203612977607,-1264372.8428858805,-7.718250005407778
3,4,11,45,2248.4640337240567,-1264332.3156265176,-7.718002610407516
3,4,11,46,2247.904966236255,-1264291.5786674048,-7.7177539353140405
3,4,11,47,2247.3050024987597,-1264247.8504941321,-7.717487000623456
3,4,11,48,2246.6746834378014,-1264201.8973055629,-7.717206483527634
3,4,11,49,2246.016694992893,-1264153.9131344804,-7.716913568482202
3,4,11,50,2245.3927428761267,-1264108.3980942545,-7.716635726023432
3,4,11,51,2244.889093638064,-1264071.649486068,-7.716411397458539
3,4,11,52,2244.560658701474,-1264047.6808927497,-7.7162650833419795
3,4,11,53,2244.2605750893495,-1264025.7782619623,-7.7161313807073935
3,4,11,54,2243.9443250605837,-1264002.6925000818,-7.715990455755737
3,4,11,55,2243.5565367165746,-1263974.380110858,-7.715817625328771
3,4,11,56,2243.134420240144,-1263943.5558648512,-7.715629461498579
3,4,11,57,2242.7577100065005,-1263916.0424240516,-7.715461508180224
3,4,11,58,2242.5094965482776,-1263897.911358926,-7.715350828728122
3,4,11,59,2242.199154316987,-1263875.2391958046,-7.715212428552794
3,4,11,60,2241.8540495050065,-1263850.023754586,-7.715058503165661
3,4,11,61,2241.5887686848223,-1263830.6380973344,-7.714940165169058
3,4,11,62,2241.3096369420055,-1263810.2377931103,-7.714815633351506
3,4,11,63,2241.0773357160037,-1263793.2581535098,-7.714711982672693
3,4,11,64,2240.7933782514524,-1263772.5004034345,-7.7145852688591745
3,4,11,65,2240.610586922796,-1263759.1366698616,-7.714503691152644
3,4,11,66,2240.4064438410746,-1263744.2106372807,-7.714412576532699
3,4,11,67,2240.2460487719713,-1263732.4823103484,-7.714340982018536
3,4,11,68,2240.110255125878,-1263722.5522197813,-7.7142803646761084
3,4,11,69,2239.9223532514734,-1263708.8106530714,-7.714196480521264
3,4,11,70,2239.743506691151,-1263695.7302452654,-7.714116632351329
3,4,11,71,2239.590626707649,-1263684.548142461,-7.7140483722130995
3,4,11,72,2239.394051340144,-1263670.1689057641,-7.713960595459321
3,4,11,73,2239.2454916626266,-1263659.3011179427,-7.713894254028561
3,4,11,74,2239.1375546101867,-1263651.4045999346,-7.713846050446444
3,4,11,75,2238.969424720903,-1263639.1037031123,-7.713770960731018
3,4,11,76,2238.766065466681,-1263624.224083856,-7.7136801294370265
3,4,11,77,2238.6491203195246,-1263615.6666973121,-7.713627891642527
3,4,11,78,2238.478210262377,-1263603.159658817,-7.713551543553848
3,4,11,79,2238.3336153953815,-1263592.5775956605,-7.713486946303538
3,4,11,80,2238.2349671312604,-1263585.357706703,-7.713442873142447
3,4,42,1,3445.2078732441796,-1334238.6495673535,-8.144739522191689
3,4,42,2,2923.1210618309183,-1307318.3828008703,-7.980407181233032
3,4,42,3,2702.742808598064,-1294477.7000691218,-7.902022391397188
3,4,42,4,2582.2374264026516,-1287005.9098279912,-7.856411521633975
3,4,42,5,2508.1320526383624,-1282235.9206674106,-7.827293552933844
3,4,42,6,2458.3251212748905,-1278950.0991923264,-7.807235552035982
3,4,42,7,2422.5288455413674,-1276547.1967960815,-7.792567251038247
3,4,42,8,2395.495044593128,-1274708.8432665414,-7.78134518768949
3,4,42,9,2375.1873270207648,-1273314.17940234,-7.772831587893368
3,4,42,10,2359.0409834447573,-1272196.7682842372,-7.766010452484722
3,4,42,11,2345.125204980343,-1271227.5704612008,-7.760094071770772
3,4,42,12,2333.14085449152,-1270388.2711869832,-7.754970645034571
3,4,42,13,2322.6892623132767,-1269652.7886382986,-7.75048095813778
3,4,42,14,2314.0159683443253,-1269039.9284665536,-7.746739808483626
3,4,42,15,2306.8218888299607,-1268529.8450927874,-7.743626050524902
3,4,42,16,2300.421910208252,-1268074.7271880358,-7.740847824315304
3,4,42,17,2294.6475157252366,-1267663.008183651,-7.738334522779526
3,4,42,18,2289.695396549999,-1267309.0919579782,-7.7361740730940705
3,4,42,19,2285.402558382945,-1267001.6730609485,-7.734297462158449
3,4,42,20,2281.7544570398113,-1266739.9708708515,-7.732699924737825
3,4,42,21,2278.4803224681646,-1266504.739244813,-7.73126397448853
3,4,42,22,2275.197639102846,-1266268.5538334316,-7.729822201942616
3,4,42,23,2272.428442564817,-1266069.0480921958,-7.728604337135541
3,4,42,24,2269.8489674088237,-1265882.991931623,-7.727468574080817
3,4,42,25,2267.4554040801663,-1265710.15626775,-7.726413514356047
3,4,42,26,2265.0126397819363,-1265533.5796604136,-7.72533561837924
3,4,42,27,2262.5246112676086,-1265353.5352355835,-7.724236553423252
3,4,42,28,2260.381142002762,-1265198.2657665596,-7.723288724950918
3,4,42,29,2258.5536731905954,-1265065.7705394777,-7.722479919784867
3,4,42,30,2256.7164336298497,-1264932.458801587,-7.721666130302212
3,4,42,31,2254.8798788132635,-1264799.0882340022,-7.720851981698993
3,4,42,32,2253.2889280369823,-1264683.4655879333,-7.720146173682261
3,4,42,33,2251.8747132455946,-1264580.6187054126,-7.719518354162064
3,4,42,34,2250.6036748487504,-1264488.1290081388,-7.718953759145253
3,4,42,35,2249.651024714724,-1264418.7732284751,-7.718530383042408
3,4,42,36,2248.7337307081716,-1264351.9637200714,-7.718122550422861
3,4,42,37,2247.6761515062644,-1264274.9029528047,-7.717652139917986
3,4,42,38,2246.7226015288393,-1264205.3912098424,-7.717227811751248
3,4,42,39,2245.745098975425,-1264134.1027459102,-7.716792637751563
3,4,42,40,2244.732841114316,-1264060.2468941293,-7.71634179136427
3,4,42,41,2243.8712089084243,-1263997.3546712461,-7.715957871460945
3,4,42,42,2243.1041240786417,-1263941.3433226764,-7.715615955234387
3,4,42,43,2242.2221048048486,-1263876.9159593834,-7.71522266420486
3,4,42,44,2241.2954637723146,-1263809.201881218,-7.714809309720772
3,4,42,45,2240.4660727805403,-1263748.5705802657,-7.714439191411497
3,4,42,46,2239.721369206495,-1263694.1110901712,-7.714106748365063
3,4,42,47,2239.001815084805,-1263641.473553015,-7.713785427266048
3,4,42,48,2238.330942861989,-1263592.3820019434,-7.713485752319331
3,4,42,49,2237.6426872044412,-1263542.0031127883,-7.713178218933366
3,4,42,50,2237.0280214546533,-1263496.9977518772,-7.712903487766013
3,4,42,51,2236.433262910565,-1263453.4382081418,-7.712637582459234
3,4,42,52,2235.9956830437172,-1263421.3828822495,-7.712441903612892
3,4,42,53,2235.5686372462737,-1263390.0931905194,-7.712250898511253
3,4,42,54,2235.0899724286264,-1263355.0142623733,-7.712036762357604
3,4,42,55,2234.6466699973166,-1263322.5201638904,-7.71183840506355
3,4,42,56,2234.1825325910586,-1263288.4919519494,-7.711630682912228
3,4,42,57,2233.730946074894,-1263255.3771222478,-7.711428536420422
3,4,42,58,2233.3795669294677,-1263229.605865397,-7.711271218106882
3,4,42,59,2233.039954872319,-1263204.6937904835,-7.711119144592002
3,4,42,60,2232.666388027628,-1263177.286602606,-7.71095183988503
3,4,42,61,2232.3293482620165,-1263152.555333145,-7.710800870080731
3,4,42,62,2231.959422295125,-1263125.406644767,-7.7106351433606415
3,4,42,63,2231.5609327911247,-1263096.1566575067,-7.71045658945101
3,4,42,64,2231.2154933790125,-1263070.7964344332,-7.710301780256099
3,4,42,65,2230.8488368671783,-1263043.8742751668,-7.710137436362546
3,4,42,66,2230.578224505815,-1263024.0014255007,-7.71001612434378
3,4,42,67,2230.402238449141,-1263011.0763153755,-7.709937224174534
3,4,42,68,2230.244872352204,-1262999.5178648161,-7.70986666665537
3,4,42,69,2229.995982080078,-1262981.2353503997,-7.709755062694729
3,4,42,70,2229.781058797224,-1262965.4462774445,-7.709658679722643
3,4,42,71,2229.5484406436753,-1262948.3555576485,-7.709554350964793
3,4,42,72,2229.2861860883954,-1262929.085279258,-7.7094367172880425
3,4,42,73,2229.0481223742577,-1262911.5905636381,-7.709329922374116
3,4,42,74,2228.8737403647556,-1262898.7744739163,-7.709251687710091
3,4,42,75,2228.6605924407245,-1262883.107947203,-7.709156052810489
3,4,42,76,2228.4780471899107,-1262869.6895479825,-7.709074141402443
3,4,42,77,2228.2944808285934,-1262856.1949812872,-7.708991765036915
3,4,42,78,2228.074371340122,-1262840.0125434375,-7.708892980804302
3,4,42,79,2227.8987861056103,-1262827.1023800343,-7.708814171875972
3,4,42,80,2227.7860767344323,-1262818.8147210453,-7.708763580609008
3,4,42,81,2227.667303908355,-1262810.0807549956,-7.708710264900837
3,4,42,82,2227.5428334728053,-1262800.9273152042,-7.708654388553036
3,4,42,83,2227.4433133827356,-1262793.60833259,-7.708609710483652
3,4,97,1,3367.580271422554,-1330505.3194428014,-8.121949745096947
3,4,97,2,2920.8464833944863,-1307190.8624623076,-7.979628744825338
3,4,97,3,2732.1409094416795,-1296249.9279612298,-7.912840796755078
3,4,97,4,2622.5332815750567,-1289542.5202096507,-7.8718960309716435
3,4,97,5,2549.707789182855,-1284929.1353506702,-7.8437340391089405
3,4,97,6,2498.4432595103744,-1281601.881941352,-7.8234231207046445
3,4,97,7,2459.6543888059373,-1279038.6539716711,-7.807776126701123
3,4,97,8,2429.2677943526546,-1277002.2646525158,-7.795345171732405
3,4,97,9,2405.055289329299,-1275361.319759108,-7.785328171601723
3,4,97,10,2386.048755910604,-1274061.5815014867,-7.777394036611117
3,4,97,11,2370.7525983876394,-1273008.031524944,-7.770962735782487
3,4,97,12,2357.62579805661,-1272098.4658061352,-7.76541037387151
3,4,97,13,2346.506358109626,-1271324.0209111222,-7.760682844844961
3,4,97,14,2337.0048183316117,-1270659.3459196398,-7.756625396296087
3,4,97,15,2328.8590832570053,-1270087.3604863638,-7.753133762797064
3,4,97,16,2321.7628503061865,-1269587.4370714459,-7.750082025390962
3,4,97,17,2315.606767098406,-1269152.507099348,-7.747427034595814
3,4,97,18,2310.218356602083,-1268770.8635094995,-7.745097325716044
3,4,97,19,2305.360533345323,-1268426.035921263,-7.742992356798256
3,4,97,20,2301.385447990104,-1268143.3275857891,-7.7412665892573935
3,4,97,21,2297.92772580451,-1267897.0167550782,-7.739763007002235
3,4,97,22,2294.6517422448323,-1267663.3099166586,-7.738336364681463
3,4,97,23,2291.785151872779,-1267458.535081475,-7.737086335165522
3,4,97,24,2289.2418822074505,-1267276.642111536,-7.735975985932608
3,4,97,25,2286.7052988958594,-1267095.0259530065,-7.734867326469981
3,4,97,26,2284.3529649900706,-1266926.4216855122,-7.733838096922842
3,4,97,27,2282.232563149505,-1266774.2923666865,-7.732909437214231
3,4,97,28,2280.5904851169707,-1266656.3834915252,-7.732189673118164
3,4,97,29,2278.884922476864,-1266533.8262069663,-7.731441533226097
3,4,97,30,2277.080908789716,-1266404.0946275103,-7.7306495984977674
3,4,97,31,2275.0894046092053,-1266260.7606803214,-7.729774629342197
3,4,97,32,2273.5232184694305,-1266147.9498608152,-7.7290859858671634
3,4,97,33,2272.196260547809,-1266052.309579418,-7.728502158393674
3,4,97,34,2270.9137437468066,-1265959.8192907588,-7.727937559766804
3,4,97,35,2269.559180586301,-1265862.0765538313,-7.727340898043118
3,4,97,36,2268.236085590649,-1265766.548164719,-7.726757753605991
3,4,97,37,2267.0374689579844,-1265679.9590827127,-7.726229178362996
3,4,97,38,2265.731775578414,-1265585.5825719994,-7.725653065463687
3,4,97,39,2264.491688792399,-1265495.897785538,-7.725105592772001
3,4,97,40,2263.360906694939,-1265414.0752438267,-7.724606114444418
3,4,97,41,2262.3443551882374,-1265340.4834410972,-7.724156879920748
3,4,97,42,2261.371421166758,-1265270.0182881125,-7.723726731748501
3,4,97,43,2260.435374533842,-1265202.1960991796,-7.723312717311981
3,4,97,44,2259.5636993940784,-1265139.012751515,-7.72292702026368
3,4,97,45,2258.865306218596,-1265088.3721517827,-7.722617889289097
3,4,97,46,2258.2838783459,-1265046.2007799605,-7.7223604579525835
3,4,97,47,2257.7026560875943,-1265004.0334682262,-7.722103051400512
3,4,97,48,2257.1308966288784,-1264962.5420834848,-7.721849770983816
3,4,97,49,2256.558453127767,-1264920.9905287302,-7.721596123264701
3,4,97,50,2255.9707926007727,-1264878.3234601342,-7.721335665991932
3,4,97,51,2255.410243535498,-1264837.6144597577,-7.72108716157004
3,4,97,52,2255.0096684499945,-1264808.517120858,-7.72090953948856
3,4,97,53,2254.667788752799,-1264783.6792626677,-7.720757919022975
3,4,97,54,2254.286315859662,-1264755.9604781508,-7.720588712202415
3,4,97,55,2253.867644229059,-1264725.5333398394,-7.720402972480341
3,4,97,56,2253.505746174123,-1264699.2276905135,-7.720242392016124
3,4,97,57,2253.1063039772,-1264670.1881271454,-7.720065122620168
3,4,97,58,2252.61861860092,-1264634.7262783707,-7.7198486489620715
3,4,97,59,2252.163658215928,-1264601.637091768,-7.7196466590062505
3,4,97,60,2251.751379002062,-1264571.646325366,-7.7194635830771485
3,4,97,61,2251.443173772748,-1264549.2227114928,-7.719326700148293
3,4,97,62,2251.08360624219,-1264523.0583297627,-7.719166982039377
3,4,97,63,2250.7328149514933,-1264497.5285343127,-7.719011137705186
3,4,97,64,2250.4461792998463,-1264476.6648867957,-7.718883777450284
3,4,97,65,2250.164072505028,-1264456.128291012,-7.718758413653196
3,4,97,66,2249.8096911300777,-1264430.3266563856,-7.718600909901265
3,4,97,67,2249.4470412018236,-1264403.9188009065,-7.718439705528803
3,4,97,68,2249.181054617793,-1264384.547180327,-7.718321453217799
3,4,97,69,2248.9036148165756,-1264364.3389886748,-7.718198094134118
3,4,97,70,2248.6301491624927,-1264344.4178265466,-7.718076487196285
3,4,97,71,2248.407343043217,-1264328.18527019,-7.717977397019766
3,4,97,72,2248.2253178678384,-1264314.9226186038,-7.717896436359109
3,4,97,73,2247.9822230474974,-1264297.2086582205,-7.717788303085293
3,4,97,74,2247.7161225026643,-1264277.816108475,-7.717669923014083
3,4,97,75,2247.5143463024624,-1264263.1097790604,-7.717580149552305
3,4,97,76,2247.332250405598,-1264249.8367025203,-7.717499125253457
3,4,97,77,2247.208617618464,-1264240.8244232878,-7.717444110607558
3,4,97,78,2247.0672166737195,-1264230.516316698,-7.7173811857004075
3,4,97,79,2246.840738554224,-1264214.0047459118,-7.717280392305463
3,4,97,80,2246.6723979648036,-1264201.730660504,-7.717205466257899
3,4,97,81,2246.491089502762,-1264188.510030043,-7.717124762111412
3,4,97,82,2246.3275647118194,-1264176.5852321705,-7.71705196825811
3,4,97,83,2246.18147722825,-1264165.9312893543,-7.716986932224901
3,4,97,84,2246.034618835693,-1264155.2204268628,-7.716921548730666
3,4,97,85,2245.8847775043264,-1264144.2912870531,-7.716854832782226
3,4,97,86,2245.8190114787567,-1264139.4942088167,-7.7168255494507045
3,4,2026,1,3438.485941422199,-1333918.7165886355,-8.14278652017285
3,4,2026,2,2990.157853189578,-1311032.7922384127,-8.003081458700082
3,4,2026,3,2798.4751400364457,-1300179.7359041232,-7.936829954974625
3,4,2026,4,2677.8632044403375,-1292962.7382702767,-7.892774443706822
3,4,2026,5,2590.7777622905323,-1287546.8109790056,-7.859713403934937
3,4,2026,6,2526.4161259544194,-1283425.7938463308,-7.834557026458532
3,4,2026,7,2479.8706678018284,-1280379.579835418,-7.815961687719257
3,4,2026,8,2446.318519638014,-1278148.0521826968,-7.802339528389759
3,4,2026,9,2420.6035271338174,-1276416.951346403,-7.791772179435482
3,4,2026,10,2400.706756345745,-1275064.8591907807,-7.783518454795506
3,4,2026,11,2384.3420502434415,-1273944.3643933453,-7.776678495344443
3,4,2026,12,2370.356006059548,-1272980.6252052872,-7.77079543637549
3,4,2026,13,2358.559644895392,-1272163.3398691218,-7.765806391739035
3,4,2026,14,2348.492445506424,-1271462.6164362798,-7.761528888730526
3,4,2026,15,2340.1867889930836,-1270882.2394121713,-7.757986029521971
3,4,2026,16,2333.1261442279165,-1270387.2383371515,-7.754964340095909
3,4,2026,17,2327.148209792334,-1269966.970442937,-7.752398852633058
3,4,2026,18,2321.8610794849187,-1269594.3676547096,-7.750124332511535
3,4,2026,19,2317.161962684013,-1269262.4914065653,-7.74809842388146
3,4,2026,20,2312.8647351465283,-1268958.4090008454,-7.746242180256174
3,4,2026,21,2309.1233653513477,-1268693.2000237098,-7.744623235970295
3,4,2026,22,2305.710521357345,-1268450.9037385695,-7.743144160146564
3,4,2026,23,2302.605262004274,-1268230.1327380182,-7.741796483481578
3,4,2026,24,2300.074365898667,-1268049.9762414813,-7.740696734393961
3,4,2026,25,2297.994640608588,-1267901.7869468576,-7.739792126207804
3,4,2026,26,2295.649079337772,-1267734.4946961047,-7.738770905748551
3,4,2026,27,2293.4668894020006,-1267578.7010069075,-7.73781987722144
3,4,2026,28,2291.583930441911,-1267444.1512126012,-7.736998530135037
3,4,2026,29,2289.7524610101236,-1267313.1745774953,-7.736198995076765
3,4,2026,30,2288.2126852521155,-1267202.9771832265,-7.735526305020429
3,4,2026,31,2286.8321064589527,-1267104.1099971149,-7.734922779198094
3,4,2026,32,2285.3882184840804,-1267000.64518416,-7.7342911875772815
3,4,2026,33,2283.8496370169087,-1266890.3229470067,-7.7336177354288145
3,4,2026,34,2282.394432021892,-1266785.9107141388,-7.732980360368577
3,4,2026,35,2281.071310449285,-1266690.9177847104,-7.732400484596806
3,4,2026,36,2279.9058690181055,-1266607.1997786197,-7.731889435577841
3,4,2026,37,2278.7952203881546,-1266527.3779100673,-7.731402170179148
3,4,2026,38,2277.7393033793014,-1266451.4534973733,-7.730938696448291
3,4,2026,39,2276.635925215807,-1266372.0788338047,-7.730454160972095
3,4,2026,40,2275.546363660819,-1266293.6603488787,-7.7299754624022
3,4,2026,41,2274.5706594489593,-1266223.404589386,-7.729546592453643
3,4,2026,42,2273.7450092639806,-1266163.929952162,-7.729183534893796
3,4,2026,43,2272.7702197752806,-1266093.6844523526,-7.72875472757455
3,4,2026,44,2271.8289553148843,-1266025.8262430327,-7.7283404932548265
3,4,2026,45,2270.9915016496343,-1265965.428385587,-7.727971799980386
3,4,2026,46,2270.0876912295917,-1265900.2198290143,-7.727573740226927
3,4,2026,47,2269.313326784884,-1265844.3299498865,-7.727232565499625
3,4,2026,48,2268.5707343343884,-1265790.71530292,-7.7269052797218825
3,4,2026,49,2267.9851269040596,-1265748.422484194,-7.726647107023697
3,4,2026,50,2267.4183184285243,-1265707.4769326765,-7.726397158596697
3,4,2026,51,2266.9387572998485,-1265672.8260285524,-7.726185635277093
3,4,2026,52,2266.4665518480706,-1265638.6994489534,-7.725977312649274
3,4,2026,53,2265.987373701443,-1265604.0616792818,-7.725765869507751
3,4,2026,54,2265.6439952423375,-1265579.2357915672,-7.725614322114856
3,4,2026,55,2265.2995450505186,-1265554.3286382426,-7.725462278643372
3,4,2026,56,2264.9274698198997,-1265527.4196661685,-7.7252980152498445
3,4,2026,57,2264.6020501610137,-1265503.8812625897,-7.725154327187758
3,4,2026,58,2264.198143906527,-1265474.6610257388,-7.724975954886817
3,4,2026,59,2263.730086720199,-1265440.793326251,-7.724769212569291
3,4,2026,60,2263.3889521676647,-1265416.1050874467,-7.724618505441756
3,4,2026,61,2263.036365573638,-1265390.5841425292,-7.724462715134841
3,4,2026,62,2262.628585528916,-1265361.063222749,-7.724282507342072
3,4,2026,63,2262.3735289752635,-1265342.5958968205,-7.724169775216222
3,4,2026,64,2262.1283215258777,-1265324.8397305529,-7.724061384300391
3,4,2026,65,2261.863527524374,-1265305.66308495,-7.72394432219655
3,4,2026,66,2261.6196841028545,-1265288.0017155542,-7.723836509959675
3,4,2026,67,2261.4059084581136,-1265272.516562827,-7.723741982241215
3,4,2026,68,2261.167993619616,-1265255.281130941,-7.723636770101461
3,4,2026,69,2260.9051951665297,-1265236.2409298464,-7.723520540910817
3,4,2026,70,2260.6624167824193,-1265218.6492504897,-7.723413154090502
3,4,2026,71,2260.2777008030434,-1265190.7689285255,-7.723242961179161
3,4,2026,72,2259.8728420758257,-1265161.423738888,-7.723063826115203
3,4,2026,73,2259.5409327938487,-1265137.3621885444,-7.722916944550864
3,4,2026,74,2259.144238258674,-1265108.5994358049,-7.722741364920428
3,4,2026,75,2258.80523517858,-1265084.015659913,-7.722591295477322
3,4,2026,76,2258.5695502940875,-1265066.9221235532,-7.7224869495260124
3,4,2026,77,2258.3541712979904,-1265051.2997540708,-7.722391584180244
3,4,2026,78,2258.1323041770725,-1265035.2052148723,-7.722293336517021
3,4,2026,79,2257.933217700875,-1265020.7618680927,-7.722205168409024
3,4,2026,80,2257.7728994788727,-1265009.1301590377,-7.722134163689979
3,4,2026,81,2257.553089330776,-1264993.1807372957,-7.722036801883184
3,4,2026,82,2257.307369040314,-1264975.3494375187,-7.7219279523216215
3,4,2026,83,2257.038372789948,-1264955.826834545,-7.721808778352206
3,4,2026,84,2256.802941793655,-1264938.738345413,-7.7217044632112435
3,4,2026,85,2256.5657487604467,-1264921.5201580112,-7.721599356338888
3,4,2026,86,2256.364385228721,-1264906.9014657843,-7.7215101178504195
3,4,2026,87,2256.161588214987,-1264892.177386269,-7.721420236034752
3,4,2026,88,2256.0075814721295,-1264880.9948407353,-7.72135197319392
3,4,2026,89,2255.8239690626615,-1264867.6616078124,-7.721270581675858
3,4,2026,90,2255.61718456374,-1264852.644406725,-7.721178910525986
3,4,2026,91,2255.413052206516,-1264837.8184603231,-7.721088406873096
3,4,2026,92,2255.124129026864,-1264816.8319401988,-7.720960296553443
3,4,2026,93,2254.832765811294,-1264795.66546003,-7.720831087683926
3,4,2026,94,2254.5824645367643,-1264777.4797966853,-7.7207200749419185
3,4,2026,95,2254.350396201828,-1264760.6170455362,-7.720617137798116
3,4,2026,96,2254.165717065958,-1264747.1964891586,-7.720535213221899
3,4,2026,97,2254.0405292798396,-1264738.0985192542,-7.720479675485021
3,4,2026,98,2253.868655294214,-1264725.6068262365,-7.720403421071424
3,4,2026,99,2253.662968018203,-1264710.6563523868,-7.720312157251958
3,4,2026,100,2253.4875822362715,-1264697.9072786884,-7.720234331681206
3,4,2026,101,2253.251463755852,-1264680.741880546,-7.720129547056125
3,4,2026,102,2253.0503289027347,-1264666.118311759,-7.720040278799135
3,4,2026,103,2252.807613377586,-1264648.4698696574,-7.719932545475762
3,4,2026,104,2252.619320967885,-1264634.7773562265,-7.719848960762236
3,4,2026,105,2252.4509029314063,-1264622.529125808,-7.719774192544123
3,4,2026,106,2252.2447430337306,-1264607.534865385,-7.719682661433468
3,4,2026,107,2252.054562217937,-1264593.7015659404,-7.7195982173044175
3,4,2026,108,2251.9176727487707,-1264583.7438290282,-7.719537431197369
3,4,2026,109,2251.692180073224,-1264567.3395180975,-7.71943729256054
3,4,2026,110,2251.5174262070905,-1264554.6252623324,-7.719359679532722
3,4,2026,111,2251.3424414731394,-1264541.8932209038,-7.719281957933925
3,4,2026,112,2251.081938358076,-1264522.9369543483,-7.719166241114106
3,4,2026,113,2250.859819861508,-1264506.77212343,-7.719067564361417
3,4,2026,114,2250.622867467702,-1264489.525986512,-7.718962286873761
3,4,2026,115,2250.483243676,-1264479.3628797093,-7.718900247104735
3,4,2026,116,2250.2626342332997,-1264463.3036053248,-7.718802214712389
3,4,2026,117,2249.94249036901,-1264439.9959178267,-7.718659935035812
3,4,2026,118,2249.64990581981,-1264418.6917523115,-7.718529885678515
3,4,2026,119,2249.48271471886,-1264406.5167044897,-7.718455564196963
3,4,2026,120,2249.3498287915445,-1264396.8391533184,-7.718396488458505
3,4,2026,121,2249.237917789327,-1264388.688678647,-7.7183467346208365
3,4,2026,122,2249.0947615635514,-1264378.262024168,-7.718283086048786
3,4,2026,123,2248.915639372094,-1264365.2148862933,-7.718203440972148
3,4,2026,124,2248.721426578476,-1264351.0673850377,-7.718117078826474
3,4,2026,125,2248.4600760653743,-1264332.027283731,-7.718000850244976
3,4,2026,126,2248.2910643389955,-1264319.7131377545,-7.717925679651282
3,4,2026,127,2248.1439752160672,-1264308.995512988,-7.71786025487735
3,4,2026,128,2247.95847665199,-1264295.478190767,-7.717777739602768
3,4,2026,129,2247.7890874753766,-1264283.1337888746,-7.717702384314564
3,4,2026,130,2247.665924718511,-1264274.1575984205,-7.717647589969359
3,4,2026,131,2247.5842405370363,-1264268.20412514,-7.717611247528569
3,4,31415,1,3438.376211252531,-1333913.488751556,-8.142754607312815
3,4,31415,2,2971.8216439204025,-1310025.1490790008,-7.996930391897012
3,4,31415,3,2759.4152169723,-1297877.1551432065,-7.922774058353314
3,4,31415,4,2637.6561478578833,-1290484.4536976966,-7.877645979011187
3,4,31415,5,2560.9131083774405,-1285647.4877964593,-7.848119156837301
3,4,31415,6,2507.3854711598756,-1282187.1512266488,-7.826995844280466
3,4,31415,7,2466.2931071132007,-1279480.2051402747,-7.810471535993277
3,4,31415,8,2434.606673913567,-1277361.8932782586,-7.797540492248978
3,4,31415,9,2409.3817228140965,-1275655.7422291655,-7.787125447020838
3,4,31415,10,2388.4791587356003,-1274228.357740179,-7.778412107121276
3,4,31415,11,2370.345683490485,-1272979.9118079531,-7.770791081505794
3,4,31415,12,2354.8414867978336,-1271904.8878951718,-7.764228694969794
3,4,31415,13,2341.3601499638394,-1270964.3555619468,-7.758487300153506
3,4,31415,14,2330.506707390168,-1270203.216256602,-7.7538409938992645
3,4,31415,15,2321.9051133090416,-1269597.4743765527,-7.75014329721488
3,4,31415,16,2313.8064177229794,-1269025.093089676,-7.746649247263247
3,4,31415,17,2306.893892011666,-1268534.9582266584,-7.743657263189545
3,4,31415,18,2301.395515562498,-1268144.0442088274,-7.74127096381811
3,4,31415,19,2296.6730124988303,-1267807.545598954,-7.739216838397677
3,4,31415,20,2292.1829585022856,-1267486.9676924418,-7.7372598994752755
3,4,31415,21,2287.763604690092,-1267170.82379041,-7.735330027533392
3,4,31415,22,2283.8389075094915,-1266889.5533389347,-7.733613037425738
3,4,31415,23,2279.8970668802476,-1266606.5673254037,-7.731885574824216
3,4,31415,24,2276.229358467591,-1266342.8215927256,-7.73027556278218
3,4,31415,25,2272.8939722983937,-1266102.6040040285,-7.728809176173441
3,4,31415,26,2269.971769545755,-1265891.8543762146,-7.7275226740746605
3,4,31415,27,2267.5404651104127,-1265716.3015248284,-7.726451027523736
3,4,31415,28,2265.418934945475,-1265562.9621364938,-7.725514981054926
3,4,31415,29,2263.434652039098,-1265419.412647358,-7.724638696142977
3,4,31415,30,2261.2413903802453,-1265260.5984574894,-7.72366922924189
3,4,31415,31,2259.363860607483,-1265124.5240082229,-7.722838575036766
3,4,31415,32,2257.7725992996807,-1265009.108379098,-7.722134030736301
3,4,31415,33,2255.9788718681843,-1264878.9101303627,-7.721339247267439
3,4,31415,34,2254.4668704517408,-1264769.0806157363,-7.720668802899206
3,4,31415,35,2252.831539836738,-1264650.2097057602,-7.719943166148363
3,4,31415,36,2251.176279723984,-1264529.8022314832,-7.719208149579304
3,4,31415,37,2249.794548489409,-1264429.2240674947,-7.718594179246806
3,4,31415,38,2248.595000819009,-1264341.8571982284,-7.718060856071619
3,4,31415,39,2247.7165300380257,-1264277.8458100935,-7.7176701043249345
3,4,31415,40,2246.8227165038525,-1264212.6907622397,-7.717272371210625
3,4,31415,41,2246.0233768284784,-1264154.4004816816,-7.716916543449245
3,4,31415,42,2245.129660863195,-1264089.2034263718,-7.7165185539042085
3,4,31415,43,2244.1352833142137,-1264016.632545725,-7.716075551507331
3,4,31415,44,2243.274380329749,-1263953.7768246725,-7.715691854426139
3,4,31415,45,2242.574020656633,-1263902.6247968338,-7.715379601484799
3,4,31415,46,2241.953617878669,-1263857.299219509,-7.715102915585223
3,4,31415,47,2241.338369978665,-1263812.337860359,-7.714828453022654
3,4,31415,48,2240.7475904248045,-1263769.152992951,-7.714564834893729
3,4,31415,49,2240.17004741853,-1263726.9246846952,-7.714307055993891
3,4,31415,50,2239.569798497675,-1263683.0246453227,-7.7140390721621985
3,4,31415,51,2239.003093643206,-1263641.5670983894,-7.713785998305351
3,4,31415,52,2238.6607365951268,-1263616.5167308657,-7.713633080595703
3,4,31415,53,2238.2669589546667,-1263587.6991655608,-7.713457166366904
3,4,31415,54,2237.9120897298826,-1263561.7246652485,-7.713298607371981
3,4,31415,55,2237.430795095498,-1263526.4899294262,-7.713083520104424
3,4,31415,56,2236.9647268905023,-1263492.362669567,-7.712875193324017
3,4,31415,57,2236.6584994191303,-1263469.9356760583,-7.712738289764482
3,4,31415,58,2236.474117564305,-1263456.430734205,-7.7126558500647375
3,4,31415,59,2236.2333117969033,-1263438.7913789582,-7.7125481722112506
3,4,31415,60,2235.9859301761367,-1263420.6683552708,-7.7124375418473825
3,4,31415,61,2235.708483182174,-1263400.3403754851,-7.712313451527843
3,4,31415,62,2235.4403600787173,-1263380.6931412246,-7.712193516757976
3,4,31415,63,2235.109306771014,-1263356.4313243139,-7.7120454126844376
3,4,31415,64,2234.8786758316396,-1263339.5270113067,-7.711942221830021
3,4,31415,65,2234.668110014674,-1263324.091866962,-7.711847999383222
3,4,31415,66,2234.4317142184314,-1263306.7615698925,-7.71174220814751
3,4,31415,67,2234.123306338765,-1263284.1492734954,-7.711604173423203
3,4,31415,68,2233.814542304446,-1263261.507736912,-7.711465960204815
3,4,31415,69,2233.505241404961,-1263238.8236942715,-7.711327487512035
3,4,31415,70,2233.228044387942,-1263218.4914721786,-7.7112033712957135
3,4,31415,71,2232.9938387916395,-1263201.3106759698,-7.711098492674524
3,4,31415,72,2232.7730166486504,-1263185.110009264,-7.710999597165503
3,4,31415,73,2232.5249281049514,-1263166.9070255351,-7.710888478692772
3,4,31415,74,2232.2980975568844,-1263150.2620329428,-7.7107868708364435
3,4,31415,75,2232.143305493098,-1263138.9023064096,-7.710717526410177
3,4,31415,76,2231.9989440457957,-1263128.3073416715,-7.710652850403328
3,4,31415,77,2231.8615341850964,-1263118.2219306882,-7.710591284921426
3,4,31415,78,2231.695382407681,-1263106.0261325433,-7.710516836771398
3,4,31415,79,2231.492211771085,-1263091.1118586862,-7.710425793931522
3,4,31415,80,2231.1890995333106,-1263068.8585849453,-7.710289950828645
3,4,31415,81,2230.8818384937026,-1263046.2976372405,-7.710152229557799
3,4,31415,82,2230.6461787088733,-1263028.9919772968,-7.7100465887172
3,4,31415,83,2230.4626256336837,-1263015.5115033155,-7.709964298379374
3,4,31415,84,2230.2759306554763,-1263001.7991441705,-7.709880592519476
3,4,31415,85,2230.096347093052,-1262988.6080206293,-7.709800068495319
3,4,31415,86,2230.005467919352,-1262981.932180777,-7.7097593164329306
3,5,11,1,3690.689013712036,-1345513.9282529238,-8.213568444186915
3,5,11,2,3045.6240605381645,-1314043.672398792,-8.021461105134982
3,5,11,3,2778.0808767494277,-1298981.5334583034,-7.929515636191235
3,5,11,4,2625.239152409011,-1289711.454736212,-7.872927276555477
3,5,11,5,2527.940998457641,-1283524.6386708724,-7.835160415776679
3,5,11,6,2462.4563846361625,-1279225.1641172713,-7.80891466106651
3,5,11,7,2417.1407548868906,-1276182.4380847625,-7.790340614376877
3,5,11,8,2383.156057220765,-1273862.860580389,-7.776180962667803
3,5,11,9,2357.2723668538383,-1272073.906342072,-7.765260452837769
3,5,11,10,2336.866359959572,-1270649.6401764494,-7.7565661484619906
3,5,11,11,2321.4066672897893,-1269562.3040338054,-7.749928603029041
3,5,11,12,2309.2693023085008,-1268703.552893334,-7.744686434129353
3,5,11,13,2299.3017724083797,-1267994.9413095298,-7.740360778614603
3,5,11,14,2290.79906423479,-1267388.0347142674,-7.736655972031226
3,5,11,15,2283.707153789811,-1266880.1025892063,-7.733555346176236
3,5,11,16,2277.5837974403935,-1266440.2690609088,-7.730870422064443
3,5,11,17,2272.0713758566135,-1266043.3056596604,-7.728447194777435
3,5,11,18,2267.796210438035,-1265734.7765266337,-7.726563806506285
3,5,11,19,2264.1333870880617,-1265469.9757667636,-7.724947354145892
3,5,11,20,2260.626614925154,-1265216.0548943188,-7.723397317077201
3,5,11,21,2257.6624064000116,-1265001.112976647,-7.7220852235230195
3,5,11,22,2254.8963376702022,-1264800.2839581263,-7.720859280889085
3,5,11,23,2252.509338422326,-1264626.7789605982,-7.7198001352773735
3,5,11,24,2250.2190349138514,-1264460.1296045666,-7.7187828393109745
3,5,11,25,2247.8449943212777,-1264287.2081577855,-7.717727255932177
3,5,11,26,2245.9392142809616,-1264148.261885642,-7.716879070943266
3,5,11,27,2244.133267992529,-1264016.4854324525,-7.716074653467626
3,5,11,28,2242.6924567379256,-1263911.276111174,-7.715432412653062
3,5,11,29,2241.278417247253,-1263807.9559481342,-7.714801704034613
3,5,11,30,2239.820496678237,-1263701.3612360118,-7.714151006226571
3,5,11,31,2238.4351200765377,-1263600.0062084987,-7.713532293600739
3,5,11,32,2236.862388434712,-1263484.8681124265,-7.712829443475768
3,5,11,33,2235.2837379606754,-1263369.2152650072,-7.712123451097617
3,5,11,34,2234.370462389008,-1263302.2708677792,-7.711714795061405
3,5,11,35,2233.4917641744455,-1263237.8352064837,-7.7113214533774705
3,5,11,36,2232.4783217763907,-1263163.4871568845,-7.7108676024129785
3,5,11,37,2231.522709663716,-1263093.3507231611,-7.710439460877821
3,5,11,38,2230.7199080673167,-1263034.4064841312,-7.710079641085921
3,5,11,39,2229.993756274284,-1262981.0718421303,-7.709754064573242
3,5,11,40,2229.1720185056215,-1262920.6956181305,-7.709385503358222
3,5,11,41,2228.433436882403,-1262866.4101998685,-7.7090541229175935
3,5,11,42,2227.7499633979983,-1262816.1591742074,-7.708747370062798
3,5,11,43,2226.938259997358,-1262756.4602686577,-7.708382943477179
3,5,11,44,2226.307809864926,-1262710.077105471,-7.708099801640078
3,5,11,45,2225.8654453846857,-1262677.5238440505,-7.707901083191206
3,5,11,46,2225.364619089506,-1262640.6606132002,-7.707676054922597
3,5,11,47,2224.8498873224557,-1262602.765226627,-7.707444725952453
3,5,11,48,2224.359263022135,-1262566.6365089195,-7.707224181453091
3,5,11,49,2224.0102773129424,-1262540.9329595466,-7.707067276453745
3,5,11,50,2223.6163029736426,-1262511.9110534263,-7.706890114844865
3,5,11,51,2223.3680476434993,-1262493.6208180676,-7.706778463752427
3,5,11,52,2223.039546551701,-1262469.415329114,-7.706630703527824
3,5,11,53,2222.54371360722,-1262432.873275927,-7.7064076358593
3,5,11,54,2222.0735311775575,-1262398.2140911457,-7.706196061991171
3,5,11,55,2221.6075224072506,-1262363.855327735,-7.705986322018209
3,5,11,56,2221.272530669647,-1262339.1519794853,-7.705835522656427
3,5,11,57,2220.9224033260143,-1262313.3285017246,-7.705677885565052
3,5,11,58,2220.5934479311745,-1262289.0628415921,-7.705529758030914
3,5,11,59,2220.265262437707,-1262264.8503915225,-7.705381955312805
3,5,11,60,2219.968617414908,-1262242.96181428,-7.705248338466816
3,5,11,61,2219.7534943589094,-1262227.0866771962,-7.705151430124018
3,5,11,62,2219.6675582498824,-1262220.7445395745,-7.705112715116805
3,5,42,1,3689.2961782714037,-1345452.0937837977,-8.213190981246019
3,5,42,2,3030.563991578587,-1313231.6220516253,-8.016504017016807
3,5,42,3,2768.5611155581764,-1298419.214587626,-7.92608301135192
3,5,42,4,2628.516911746546,-1289915.8606837846,-7.874175054230262
3,5,42,5,2542.7061701823227,-1284478.6700310453,-7.8409842141857045
3,5,42,6,2485.3309864930284,-1280739.8825943342,-7.818161123420998
3,5,42,7,2443.4427700115098,-1277955.3663531751,-7.801163295118762
3,5,42,8,2411.538137494574,-1275802.293203292,-7.788020054227255
3,5,42,9,2387.3705930481738,-1274152.3081115887,-7.777947869021272
3,5,42,10,2367.8923017767347,-1272810.2693307344,-7.769755514301011
3,5,42,11,2351.817074265133,-1271694.3575474862,-7.762943531446783
3,5,42,12,2338.7347603536714,-1270780.5640458625,-7.7573653614168485
3,5,42,13,2327.3707122964724,-1269982.6324139617,-7.75249445972287
3,5,42,14,2317.5004983064764,-1269286.4230529775,-7.748244512458963
3,5,42,15,2309.7000956508546,-1268734.109858014,-7.744872966364787
3,5,42,16,2302.8890453429008,-1268250.3209082154,-7.741919720346091
3,5,42,17,2297.037157598463,-1267833.5171084995,-7.739375379135735
3,5,42,18,2291.439768748273,-1267433.8453562222,-7.736935618964095
3,5,42,19,2286.432260964701,-1267075.464773751,-7.734747917015134
3,5,42,20,2281.857813995196,-1266747.39109939,-7.7327452208538245
3,5,42,21,2277.504272202559,-1266434.5490808939,-7.730835504962237
3,5,42,22,2273.450418906328,-1266142.7042912645,-7.7290539647608565
3,5,42,23,2270.0958290592694,-1265900.807076953,-7.727577325029014
3,5,42,24,2267.150967100221,-1265688.160246795,-7.726279241629603
3,5,42,25,2264.471964854888,-1265494.470926418,-7.725096882639168
3,5,42,26,2262.12391722449,-1265324.5207850132,-7.724059437326105
3,5,42,27,2259.873606899537,-1265161.479180211,-7.723064164551759
3,5,42,28,2257.8358402354042,-1265013.696853615,-7.7221620406652285
3,5,42,29,2256.072327350639,-1264885.6961807155,-7.721380672099889
3,5,42,30,2254.3490235997033,-1264760.5173031632,-7.720616528929794
3,5,42,31,2252.640408542851,-1264636.3108892026,-7.7198583220760035
3,5,42,32,2251.15885784842,-1264528.5344529282,-7.719200410539436
3,5,42,33,2249.7321049601805,-1264424.6772562533,-7.718566423647588
3,5,42,34,2248.343422991248,-1264323.5280731253,-7.717948967580244
3,5,42,35,2247.210649516069,-1264240.9725435758,-7.7174450147944995
3,5,42,36,2246.2524485684203,-1264171.1072101379,-7.717018528166588
3,5,42,37,2245.346615251462,-1264105.0327495486,-7.716615182580142
3,5,42,38,2244.0939292095786,-1264013.6137765471,-7.7160571237031
3,5,42,39,2242.842747976924,-1263922.2536683632,-7.715499424161029
3,5,42,40,2241.8160480180245,-1263847.2468992616,-7.7150415521027345
3,5,42,41,2240.958067300664,-1263784.5397597556,-7.714658762024196
3,5,42,42,2239.886765390745,-1263706.207925661,-7.714180592406486
3,5,42,43,2238.7494048475432,-1263623.004980984,-7.713672687533476
3,5,42,44,2237.812429477773,-1263554.4293351662,-7.713254073687346
3,5,42,45,2236.9639041075907,-1263492.302416033,-7.712874825511752
3,5,42,46,2236.2009004043944,-1263436.4170546313,-7.7125336783625
3,5,42,47,2235.7079376391284,-1263400.3004021652,-7.712313207514316
3,5,42,48,2235.111414611157,-1263356.5858124085,-7.71204635574308
3,5,42,49,2234.4881147400038,-1263310.896487589,-7.711767449379725
3,5,42,50,2233.9136963559376,-1263268.7790028593,-7.7115103469921085
3,5,42,51,2233.2568737937495,-1263220.6062080518,-7.711216280510157
3,5,42,52,2232.782301723442,-1263185.7912431548,-7.7110037556963595
3,5,42,53,2232.3202146161084,-1263151.885073445,-7.710796778540833
3,5,42,54,2231.8716440853286,-1263118.9639837414,-7.710595814717374
3,5,42,55,2231.320424835339,-1263078.5003282584,-7.710348807981262
3,5,42,56,2230.7435319523715,-1263036.1413275995,-7.710090231281435
3,5,42,57,2230.18909275734,-1262995.4206894361,-7.709841655817724
3,5,42,58,2229.7130023976256,-1262960.4462810303,-7.709628157695404
3,5,42,59,2229.108581813969,-1262916.0337558512,-7.709357045440319
3,5,42,60,2228.507380559601,-1262871.845837415,-7.709087304276841
3,5,42,61,2227.66907182558,-1262810.2107622963,-7.7087110585186815
3,5,42,62,2227.197622814284,-1262775.5381685616,-7.708499402796806
3,5,42,63,2226.784646844161,-1262745.1599283174,-7.708313961568574
3,5,42,64,2226.4623874099566,-1262721.4508229569,-7.708169231472853
3,5,42,65,2226.1523735301007,-1262698.639402454,-7.708029981213398
3,5,42,66,2225.7262681975285,-1262667.2805640888,-7.70783855401236
3,5,42,67,2225.338444689397,-1262638.733822998,-7.707664293005554
3,5,42,68,2224.994158169036,-1262613.3875642954,-7.707509569054888
3,5,42,69,2224.6670270440386,-1262589.3006461062,-7.707362532634823
3,5,42,70,2224.3204092098586,-1262563.7750414365,-7.707206713882872
3,5,42,71,2223.933242237074,-1262535.2586168153,-7.707032637940221
3,5,42,72,2223.4781675897093,-1262501.7341677265,-7.706827990963804
3,5,42,73,2223.1536133171207,-1262477.8207044885,-7.7066820133838485
3,5,42,74,2222.806382989852,-1262452.2325824834,-7.706525813000461
3,5,42,75,2222.522900527019,-1262431.3392086825,-7.706398271284139
3,5,42,76,2222.3034713965826,-1262415.1648974933,-7.7062995366599925
3,5,42,77,2222.1119914184815,-1262401.0494375979,-7.706213370107913
3,5,42,78,2221.950006900116,-1262389.1073648355,-7.7061404708016035
3,5,42,79,2221.769692235682,-1262375.8129047502,-7.706059315968832
3,5,42,80,2221.58721156745,-1262362.3576483703,-7.70597717956958
3,5,42,81,2221.401834645861,-1262348.6877043354,-7.705893732628898
3,5,42,82,2221.285202923371,-1262340.0865392773,-7.705841227592405
3,5,42,83,2221.1809603348765,-1262332.398645548,-7.705794297538384
3,5,42,84,2220.997427688693,-1262318.8622310422,-7.705711665716671
3,5,42,85,2220.799576854364,-1262304.2685284193,-7.705622579774987
3,5,42,86,2220.6061740714345,-1262290.001662438,-7.70553548897811
3,5,42,87,2220.417933297928,-1262276.1143923735,-7.705450715390276
3,5,42,88,2220.2959996542413,-1262267.118234512,-7.705395799155833
3,5,42,89,2220.138346556179,-1262255.4859941006,-7.7053247911931715
3,5,42,90,2219.9199879128632,-1262239.3733051007,-7.705226432736123
3,5,42,91,2219.7494961701022,-1262226.7916138528,-7.705149628936446
3,5,42,92,2219.535810698317,-1262211.021012572,-7.705053358723031
3,5,42,93,2219.4328956255595,-1262203.4250430227,-7.705006989811879
3,5,42,94,2219.2798362777467,-1262192.127366581,-7.704938024164801
3,5,42,95,2219.160637932469,-1262183.3285120067,-7.704884312350483
3,5,42,96,2219.0592561523745,-1262175.844449438,-7.704838626565402
3,5,42,97,2218.8936682129906,-1262163.6199151298,-7.704764002998058
3,5,42,98,2218.760826950343,-1262153.8122456449,-7.704704132964087
3,5,42,99,2218.6575220305267,-1262146.1848382577,-7.704657572143488
3,5,42,100,2218.5027570674474,-1262134.757269449,-7.7045878135801695
3,5,42,101,2218.3709565224012,-1262125.024723748,-7.7045284021325635
3,5,42,102,2218.273204549516,-1262117.8060527835,-7.704484336406599
3,5,97,1,3555.2475626251926,-1339389.099223953,-8.17617997768199
3,5,97,2,2943.726890148539,-1308469.1125554536,-7.987431707253586
3,5,97,3,2713.7062741126565,-1295140.862776662,-7.906070608345106
3,5,97,4,2586.5640494435975,-1287280.1591869297,-7.858085652115359
3,5,97,5,2501.3984749562205,-1281795.5327229418,-7.824605244438527
3,5,97,6,2440.521809767322,-1277759.418953231,-7.799967151885231
3,5,97,7,2396.028055490527,-1274745.2891780834,-7.781567668470012
3,5,97,8,2361.267254548807,-1272351.2916059503,-7.766953726168081
3,5,97,9,2333.4263639472297,-1270408.316335747,-7.755093008837641
3,5,97,10,2311.53720129654,-1268864.3551992371,-7.745668037305496
3,5,97,11,2293.901147712988,-1267609.715941445,-7.738009205092573
3,5,97,12,2280.049484884427,-1266617.5185536686,-7.731952425609639
3,5,97,13,2268.737069182237,-1265802.7260858014,-7.726978598462918
3,5,97,14,2259.5839009603133,-1265140.477337347,-7.722935960695824
3,5,97,15,2251.61673893023,-1264561.85090228,-7.719403787800215
3,5,97,16,2245.3876187710725,-1264108.0242570476,-7.716633443967913
3,5,97,17,2240.0925977486054,-1263721.2609564122,-7.71427248227531
3,5,97,18,2235.599226777656,-1263392.3346875177,-7.7122645815275535
3,5,97,19,2231.2221327720576,-1263071.283898417,-7.710304755936031
3,5,97,20,2227.4038506177844,-1262790.7060411912,-7.708591993707521
3,5,97,21,2224.0129435980098,-1262541.1293524757,-7.707068475316671
3,5,97,22,2220.980329446676,-1262317.6010965803,-7.7057039672350705
3,5,97,23,2218.3432855366214,-1262122.9813421106,-7.704515928493618
3,5,97,24,2215.9889724047443,-1261949.0321773589,-7.703454071503143
3,5,97,25,2213.7584543427633,-1261784.0590795625,-7.702447008103986
3,5,97,26,2211.5955193670165,-1261623.9257269285,-7.7014694884927515
3,5,97,27,2209.467611217247,-1261466.2326933371,-7.700506865589058
3,5,97,28,2207.6346337040786,-1261330.2743003077,-7.699676919838769
3,5,97,29,2206.1887226850217,-1261222.9463223414,-7.699021745875504
3,5,97,30,2204.9120614289304,-1261128.1230315564,-7.698442905647534
3,5,97,31,2203.390414536338,-1261015.0318275767,-7.6977525505907645
3,5,97,32,2202.2374127895323,-1260929.286891386,-7.697229128359782
3,5,97,33,2201.1101975463275,-1260845.4162036024,-7.696717147309191
3,5,97,34,2199.9979669000513,-1260762.6183387823,-7.69621171520964
3,5,97,35,2198.921330722417,-1260682.4303545689,-7.695722214890908
3,5,97,36,2198.0303258764716,-1260616.038516204,-7.69531693190045
3,5,97,37,2197.3458763852236,-1260565.0195482683,-7.695005491211288
3,5,97,38,2196.5851966369873,-1260508.2997168412,-7.694659250115015
3,5,97,39,2195.90824352572,-1260457.8064135436,-7.694351018298235
3,5,97,40,2195.2818772390187,-1260411.0724678496,-7.694065735140948
3,5,97,41,2194.622645944064,-1260361.8720198418,-7.6937653954427025
3,5,97,42,2194.00422736618,-1260315.7041129544,-7.693483567618269
3,5,97,43,2193.4528960308885,-1260274.5336162602,-7.6932322460337215
3,5,97,44,2192.9837640419223,-1260239.4931804107,-7.693018344852827
3,5,97,45,2192.6981011792795,-1260218.1527599192,-7.692888074180295
3,5,97,46,2192.417091413589,-1260197.1572358257,-7.692759908896724
3,5,97,47,2191.962703944898,-1260163.2021765872,-7.692552633299478
3,5,97,48,2191.4696414875943,-1260126.3490836313,-7.692327666916731
3,5,97,49,2191.1183104721677,-1260100.0844005821,-7.692167336527459
3,5,97,50,2190.8646061177374,-1260081.115439104,-7.692051542212628
3,5,97,51,2190.5289930125427,-1260056.0189508272,-7.691898342963002
3,5,97,52,2190.180515337446,-1260029.956406011,-7.6917392465083445
3,5,97,53,2189.9207073583607,-1260010.5227437334,-7.691620615469389
3,5,97,54,2189.609272315024,-1259987.2243334556,-7.6914783924247665
3,5,97,55,2189.365249702832,-1259968.9667217343,-7.691366940480382
3,5,97,56,2189.097917114095,-1259948.9627368918,-7.691244827958758
3,5,97,57,2188.8935780081893,-1259933.6707862178,-7.69115147962481
3,5,97,58,2188.590395157663,-1259910.9791203085,-7.691012960396472
3,5,97,59,2188.317974140034,-1259890.5871368735,-7.690888479372427
3,5,97,60,2188.0052129379405,-1259867.1723720222,-7.6907455460518035
3,5,97,61,2187.7330207753416,-1259846.7920709236,-7.6906211363415276
3,5,97,62,2187.5030993939113,-1259829.574805377,-7.690516035096554
3,5,97,63,2187.214193121229,-1259807.937992358,-7.690383955122565
3,5,97,64,2187.0461907179015,-1259795.354616289,-7.690307141038049
3,5,97,65,2186.9714777585145,-1259789.7583068619,-7.6902729788717945
3,5,2026,1,3625.066255217688,-1342574.9709620273,-8.195627844423178
3,5,2026,2,2983.5561762077687,-1310670.7190787701,-8.000871215746754
3,5,2026,3,2745.5936258844304,-1297054.5579093206,-7.917752587716222
3,5,2026,4,2618.413970203033,-1289285.0059786306,-7.870324058569557
3,5,2026,5,2540.5563877069017,-1284340.1098905928,-7.840138386302881
3,5,2026,6,2487.280808920218,-1280868.3511497912,-7.818945348133218
3,5,2026,7,2450.1703579712025,-1278405.7849762635,-7.8039128349872025
3,5,2026,8,2421.9550495247804,-1276508.391024103,-7.792330364702489
3,5,2026,9,2399.9601699292234,-1275013.9067696803,-7.783207420335501
3,5,2026,10,2382.3132080180785,-1273804.9136380241,-7.775827230783465
3,5,2026,11,2368.7523027525804,-1272869.755288905,-7.7701186409685565
3,5,2026,12,2356.7855907642283,-1272040.074890318,-7.765053931791266
3,5,2026,13,2346.55454099349,-1271327.3846549443,-7.7607033785158
3,5,2026,14,2337.9894526523667,-1270728.350863357,-7.757046630752534
3,5,2026,15,2330.44957483259,-1270199.2002450859,-7.753816478519106
3,5,2026,16,2323.9862982488157,-1269744.2412226528,-7.751039222192294
3,5,2026,17,2318.1872894765224,-1269334.9627253134,-7.748540818511705
3,5,2026,18,2313.3511032265133,-1268992.8539452527,-7.746452446313258
3,5,2026,19,2309.039954196961,-1268687.2824843233,-7.7445871128847195
3,5,2026,20,2304.912897824712,-1268394.2244195074,-7.74279816635437
3,5,2026,21,2301.1146182949,-1268124.0483954528,-7.741148901178473
3,5,2026,22,2297.6389061385767,-1267876.4259177577,-7.739637312092578
3,5,2026,23,2294.763410879646,-1267671.2817860467,-7.738385028239285
3,5,2026,24,2291.746762030149,-1267455.7909659857,-7.737069583959966
3,5,2026,25,2289.1628394846352,-1267270.985790844,-7.7359414574329985
3,5,2026,26,2286.6911798405226,-1267094.0144827873,-7.734861152041238
3,5,2026,27,2284.4363609761017,-1266932.4020868284,-7.733874603743398
3,5,2026,28,2282.089321985837,-1266764.010359823,-7.732846671630506
3,5,2026,29,2279.895486293009,-1266606.4537564307,-7.73188488155266
3,5,2026,30,2278.0504412533974,-1266473.829140201,-7.731075286542224
3,5,2026,31,2276.5497640797616,-1266365.8789668863,-7.730416314443561
3,5,2026,32,2275.201489192288,-1266268.831042632,-7.729823894141183
3,5,2026,33,2273.842139383159,-1266170.9277147495,-7.729226252104492
3,5,2026,34,2272.4373545703734,-1266069.690544214,-7.728608258925954
3,5,2026,35,2270.9103966524467,-1265959.5778425685,-7.727936085868099
3,5,2026,36,2269.5027441156144,-1265858.0029381656,-7.727316031023621
3,5,2026,37,2268.130231508472,-1265758.9030183102,-7.726711084499135
3,5,2026,38,2266.652878942677,-1265652.1662723245,-7.726059519658181
3,5,2026,39,2265.2192839963504,-1265548.5244266954,-7.725426847357373
3,5,2026,40,2264.0475432560074,-1265463.7646221959,-7.724909438773965
3,5,2026,41,2262.9406686018274,-1265383.6567122668,-7.724420427261482
3,5,2026,42,2262.1019390773818,-1265322.9291880147,-7.724049721565748
3,5,2026,43,2261.202954973244,-1265257.8139745183,-7.723652231616682
3,5,2026,44,2260.2689489864847,-1265190.1346302016,-7.723239089162241
3,5,2026,45,2259.131547067065,-1265107.6791642928,-7.7227357472059674
3,5,2026,46,2258.280391559413,-1265045.9478481384,-7.722358913953084
3,5,2026,47,2257.570906898473,-1264994.4736376335,-7.722044694276709
3,5,2026,48,2257.008108397041,-1264953.6302281036,-7.721795369366262
3,5,2026,49,2256.5324821078607,-1264919.1051385805,-7.7215846140705455
3,5,2026,50,2256.0479006476835,-1264883.9225201881,-7.721369844949139
3,5,2026,51,2255.655485833036,-1264855.4260433891,-7.721195890776171
3,5,2026,52,2255.224624194805,-1264824.1319151386,-7.721004858592193
3,5,2026,53,2254.724294826248,-1264787.7847379765,-7.720782980526789
3,5,2026,54,2254.2790386566376,-1264755.4316525946,-7.720585484034493
3,5,2026,55,2253.7945644683564,-1264720.2216578517,-7.720370547796624
3,5,2026,56,2253.1152275807576,-1264670.836931928,-7.720069083190458
3,5,2026,57,2252.618608674522,-1264634.7255564984,-7.7198486445554675
3,5,2026,58,2252.1489231152373,-1264600.565298809,-7.719640116342781
3,5,2026,59,2251.723172589818,-1264569.5942824045,-7.719451056565931
3,5,2026,60,2251.319959769107,-1264540.2573608283,-7.7192719719736065
3,5,2026,61,2251.0178252353016,-1264518.2712401827,-7.7191377596827095
3,5,2026,62,2250.775908758192,-1264500.6650183103,-7.719030284088919
3,5,2026,63,2250.6545042556004,-1264491.82871599,-7.718976343678213
3,5,2026,64,2250.5262583333742,-1264482.4939502433,-7.718919360442468
3,5,2026,65,2250.3076134523776,-1264466.5779973895,-7.718822202943482
3,5,2026,66,2250.094879804867,-1264451.0908602816,-7.71872766311155
3,5,2026,67,2249.8420583384745,-1264432.68340171,-7.718615296440579
3,5,2026,68,2249.5482674166897,-1264411.2904350068,-7.718484705004437
3,5,2026,69,2249.3467900130713,-1264396.6178445367,-7.7183951374990025
3,5,2026,70,2249.119302705599,-1264380.0495032289,-7.718293997553529
3,5,2026,71,2248.916127398914,-1264365.2504352448,-7.718203657977516
3,5,2026,72,2248.6859144293285,-1264348.4803575422,-7.718101286550411
3,5,2026,73,2248.4992182661435,-1264334.8790412594,-7.718018258541653
3,5,2026,74,2248.3335779735175,-1264322.810756127,-7.717944588783311
3,5,2026,75,2248.0723136910983,-1264303.7736537086,-7.717828378508257
3,5,2026,76,2247.825231986641,-1264285.7679335484,-7.717718464213193
3,5,2026,77,2247.6104009829896,-1264270.110827722,-7.717622886822544
3,5,2026,78,2247.4497996884315,-1264258.4050616114,-7.717551430028883
3,5,2026,79,2247.274834614353,-1264245.6514088644,-7.717473576505741
3,5,2026,80,2247.004483141749,-1264225.9428443725,-7.717353267351006
3,5,2026,81,2246.7082600248336,-1264204.3455198596,-7.717221428431042
3,5,2026,82,2246.5019979410727,-1264189.3054805126,-7.717129617867074
3,5,2026,83,2246.303885328175,-1264174.858377006,-7.7170414268264755
3,5,2026,84,2246.0742614005376,-1264158.1117576724,-7.71693919859887
3,5,2026,85,2245.83278885034,-1264140.499163788,-7.7168316841077065
3,5,2026,86,2245.6169502919206,-1264124.7546664134,-7.716735573243232
3,5,2026,87,2245.3665405175225,-1264106.4864506742,-7.716624056567578
3,5,2026,88,2245.0980658352046,-1264086.8980773247,-7.716504481108834
3,5,2026,89,2244.7943513345153,-1264064.7357223737,-7.716369193011511
3,5,2026,90,2244.577522775042,-1264048.9116880444,-7.71627259662087
3,5,2026,91,2244.4370641671553,-1264038.6602767953,-7.716210017805314
3,5,2026,92,2244.2857838386813,-1264027.6183215943,-7.71614261318549
3,5,2026,93,2244.165927515027,-1264018.8694768776,-7.716089206651839
3,5,2026,94,2244.031396633107,-1264009.0489144702,-7.716029257914186
3,5,2026,95,2243.8673429246096,-1263997.0724310945,-7.71595614855139
3,5,2026,96,2243.744125596163,-1263988.0765676943,-7.71590123411446
3,5,2026,97,2243.6405708997095,-1263980.5158536907,-7.715855080417607
3,5,2026,98,2243.5503442671893,-1263973.927961036,-7.715814865220956
3,5,31415,1,3718.609000347704,-1346748.5289318683,-8.221104952702229
3,5,31415,2,3122.5238487978336,-1318128.5512442885,-8.046396879696053
3,5,31415,3,2846.813146460268,-1302985.1665529667,-7.953955453392628
3,5,31415,4,2693.0470733768584,-1293888.9750426714,-7.898428572561114
3,5,31415,5,2599.3397953777776,-1288087.29942421,-7.863012766910498
3,5,31415,6,2534.6559073253375,-1283959.2022660454,-7.837813170056926
3,5,31415,7,2486.041544810226,-1280786.7110391348,-7.818446983439559
3,5,31415,8,2446.8993776275815,-1278186.9443125238,-7.802576941889216
3,5,31415,9,2416.2032607644824,-1276118.8893124901,-7.789952686627009
3,5,31415,10,2392.2485563373493,-1274486.681494338,-7.779989021184365
3,5,31415,11,2371.9917868136495,-1273093.6355041286,-7.771485297554138
3,5,31415,12,2354.3576862389696,-1271871.2285532253,-7.764023224552091
3,5,31415,13,2339.3203562897183,-1270821.5768094868,-7.757615720134095
3,5,31415,14,2326.5946818339967,-1269928.0010634237,-7.752160967569857
3,5,31415,15,2315.4622785323704,-1269142.2850367061,-7.7473646349361855
3,5,31415,16,2306.4671224989434,-1268504.649879024,-7.743472248614445
3,5,31415,17,2298.366507332689,-1267928.2938802545,-7.73995393539248
3,5,31415,18,2291.349723382327,-1267427.4078483703,-7.736896321777911
3,5,31415,19,2285.354736258851,-1266998.245169868,-7.734276536906456
3,5,31415,20,2279.8681147902576,-1266604.4870360096,-7.731872875885197
3,5,31415,21,2274.933775129834,-1266249.5543203554,-7.729706221128311
3,5,31415,22,2270.8644204301186,-1265956.2612356734,-7.727915839940381
3,5,31415,23,2266.916132786988,-1265671.1911031792,-7.7261756550225815
3,5,31415,24,2263.3985016560905,-1265416.7962438185,-7.724622724543503
3,5,31415,25,2260.0759696803966,-1265176.1476010727,-7.723153706604194
3,5,31415,26,2257.227918849393,-1264969.583522913,-7.7218927548158485
3,5,31415,27,2254.6225366733424,-1264780.3913773848,-7.720737848423749
3,5,31415,28,2251.8734772006937,-1264580.5287874497,-7.719517805265967
3,5,31415,29,2249.349204236716,-1264396.7936681358,-7.718396210798309
3,5,31415,30,2246.9118392439086,-1264219.1885785242,-7.717312036544197
3,5,31415,31,2244.4879544264186,-1264042.3745908805,-7.716232691500711
3,5,31415,32,2242.2720220636475,-1263880.5628570875,-7.715244926363038
3,5,31415,33,2240.0279538351438,-1263716.533535707,-7.714243624161908
3,5,31415,34,2237.994087693912,-1263567.726836851,-7.713335247087287
3,5,31415,35,2236.053074132818,-1263425.5874780235,-7.712467570188648
3,5,31415,36,2234.5222966755105,-1263313.4024329467,-7.711782746697189
3,5,31415,37,2232.8296449260233,-1263189.2647084568,-7.711024959152078
3,5,31415,38,2231.504632627101,-1263092.0236831934,-7.710431360082003
3,5,31415,39,2230.2282337327565,-1262998.2957199814,-7.709859206182433
3,5,31415,40,2229.0733026960556,-1262913.4410917878,-7.709341218756335
3,5,31415,41,2227.8516482586683,-1262823.6363270546,-7.708793013668107
3,5,31415,42,2226.487233115608,-1262723.2788805205,-7.708180390685406
3,5,31415,43,2225.2624409717328,-1262633.1387919744,-7.7076301386432
3,5,31415,44,2224.3264846635298,-1262564.2224837902,-7.707209445254373
3,5,31415,45,2223.4800418469335,-1262501.8722546196,-7.706828833902791
3,5,31415,46,2222.812379960232,-1262452.6745455721,-7.706528510924282
3,5,31415,47,2222.2208056238483,-1262409.0711176493,-7.706262337730437
3,5,31415,48,2221.634956740455,-1262365.878257048,-7.705998670807785
3,5,31415,49,2221.053757010948,-1262323.0169081818,-7.705737027568625
3,5,31415,50,2220.552274651096,-1262286.025408249,-7.70551121629297
3,5,31415,51,2220.02180319319,-1262246.8864540337,-7.7052722960762905
3,5,31415,52,2219.5440389955675,-1262211.6283126378,-7.70505706593152
3,5,31415,53,2219.0688308253125,-1262176.5512720402,-7.704842941300241
3,5,31415,54,2218.574025049589,-1262140.019669149,-7.704619937424605
3,5,31415,55,2218.078155709462,-1262103.4013682993,-7.704396404309098
3,5,31415,56,2217.643432322707,-1262071.291757658,-7.704200394086401
3,5,31415,57,2217.1544410008714,-1262035.1662768624,-7.703979869346476
3,5,31415,58,2216.6794472998463,-1262000.0672765907,-7.703765610664347
3,5,31415,59,2216.2918674345888,-1261971.422027677,-7.7035907483254205
3,5,31415,60,2215.96307110242,-1261947.1174239048,-7.7034423830633445
3,5,31415,61,2215.698183357198,-1261927.5343157062,-7.70332283974524
3,5,31415,62,2215.435483622728,-1261908.1106544102,-7.703204269756374
3,5,31415,63,2215.1298802437473,-1261885.511857598,-7.703066317439066
3,5,31415,64,2214.8716911616984,-1261866.4168292866,-7.70294975356062
3,5,31415,65,2214.6380255698837,-1261849.1335789622,-7.702844249517521
3,5,31415,66,2214.413804156304,-1261832.547159778,-7.70274299921728
3,5,31415,67,2214.176663413107,-1261815.0032264162,-7.702635903858086
3,5,31415,68,2213.9844423739282,-1261800.7811233709,-7.702549086312515
3,5,31415,69,2213.7720973042055,-1261785.0686424987,-7.702453170889893
3,5,31415,70,2213.536727491593,-1261767.6506837409,-7.702346844531308
3,5,31415,71,2213.4362093718482,-1261760.2115254076,-7.702301432860085
3,5,31415,72,2213.2855318515435,-1261749.0595307178,-7.7022333565141246
3,5,31415,73,2213.108877716833,-1261735.983979346,-7.7021535379898545
3,5,31415,74,2212.9280775966313,-1261722.6004704388,-7.70207183956658
3,5,31415,75,2212.7804995327465,-1261711.6753732704,-7.702005148296078
3,5,31415,76,2212.6464141083757,-1261701.74849466,-7.701944550560751
3,5,31415,77,2212.505253213419,-1261691.2971407112,-7.7018807512130145
3,5,31415,78,2212.374755054442,-1261681.6346475466,-7.7018217673948
3,5,31415,79,2212.225189956108,-1261670.5596773967,-7.701754161238198
3,5,31415,80,2212.0438416036004,-1261657.1302220363,-7.7016721823389425
3,5,31415,81,2211.880483046125,-1261645.0320288937,-7.701598330009851
3,5,31415,82,2211.7239542446832,-1261633.4388032737,-7.701527560209465
3,5,31415,83,2211.6303489663924,-1261626.5055841736,-7.701485236998667
3,6,11,1,3864.334023605962,-1353045.564193992,-8.259544636628851
3,6,11,2,3091.6008843418213,-1316498.1629346937,-8.036444321279324
3,6,11,3,2795.8926616285407,-1300028.4940380473,-7.935906712641301
3,6,11,4,2629.0164188252215,-1289946.9883045533,-7.874365069984332
3,6,11,5,2524.9145807076225,-1283328.402819024,-7.833962511714509
3,6,11,6,2454.9779598001046,-1278726.9016081637,-7.805873062510156
3,6,11,7,2405.2391481058107,-1275373.8424891566,-7.785404615478077
3,6,11,8,2368.8895265585093,-1272879.2450121928,-7.770176570128637
3,6,11,9,2342.4893215404472,-1271043.3403268084,-7.758969455528205
3,6,11,10,2321.269208582599,-1269552.6036212908,-7.749869387735574
3,6,11,11,2303.621129491495,-1268302.389434429,-7.742237567969117
3,6,11,12,2288.8053491939245,-1267245.4012401577,-7.735785278850403
3,6,11,13,2277.3694032556205,-1266424.8479594172,-7.730776285340975
3,6,11,14,2267.7672730704344,-1265732.6862003366,-7.726551046297899
3,6,11,15,2259.5694241429555,-1265139.4277892828,-7.722929553824308
3,6,11,16,2253.0260964053373,-1264664.3563927773,-7.72002952332359
3,6,11,17,2247.107167632681,-1264233.428801054,-7.717398964698527
3,6,11,18,2242.0664120336537,-1263865.5407024522,-7.71515322497468
3,6,11,19,2237.853678418205,-1263557.4488796378,-7.713272506224286
3,6,11,20,2234.0583145332566,-1263279.3837117904,-7.711575082481506
3,6,11,21,2230.0782377363253,-1262987.2777577324,-7.709791948025422
3,6,11,22,2226.8124488985377,-1262747.2052059849,-7.708326446781663
3,6,11,23,2223.9127631563765,-1262533.7501108646,-7.707023429401674
3,6,11,24,2221.2792868986303,-1262339.6502419491,-7.705838564254707
3,6,11,25,2218.6199893746866,-1262143.4135671197,-7.704640655168724
3,6,11,26,2216.437125475061,-1261982.1583443815,-7.703656287202603
3,6,11,27,2214.754593482595,-1261857.7558397711,-7.702896883331122
3,6,11,28,2212.9393471874,-1261723.434720137,-7.702076932168634
3,6,11,29,2211.0959384077105,-1261586.9168803657,-7.701243571326157
3,6,11,30,2209.4716236242652,-1261466.5301839488,-7.700508681593671
3,6,11,31,2207.9957300031538,-1261357.0670101086,-7.699840473519733
3,6,11,32,2206.78081252898,-1261266.9048358486,-7.699290086657277
3,6,11,33,2205.6017789615134,-1261179.3582265144,-7.698755666275055
3,6,11,34,2204.458712304438,-1261094.4375719975,-7.69823727579722
3,6,11,35,2203.4251626067194,-1261017.615230398,-7.697768320740331
3,6,11,36,2202.541841761379,-1260951.9306306744,-7.697367355024383
3,6,11,37,2201.646510890879,-1260885.326066038,-7.696960773465584
3,6,11,38,2200.802307686622,-1260822.5001255206,-7.6965772581769825
3,6,11,39,2199.861415900441,-1260752.450178115,-7.696149644589752
3,6,11,40,2198.933294042692,-1260683.321599706,-7.69572765541648
3,6,11,41,2198.303138476858,-1260636.369580426,-7.695441041048652
3,6,11,42,2197.4776108278224,-1260574.8402882903,-7.695065441033173
3,6,11,43,2196.677530323222,-1260515.185594644,-7.694701284335132
3,6,11,44,2195.9545388188726,-1260461.260032256,-7.694372100602236
3,6,11,45,2195.209030488164,-1260405.636418173,-7.694032551265891
3,6,11,46,2194.581729190186,-1260358.8177902454,-7.693746751173545
3,6,11,47,2194.061866129085,-1260320.0076723737,-7.693509838308674
3,6,11,48,2193.596094967737,-1260285.2279472763,-7.693297528613056
3,6,11,49,2193.129179080572,-1260250.355331153,-7.693084651872545
3,6,11,50,2192.5950648826524,-1260210.454759657,-7.692841082431856
3,6,11,51,2192.077261193165,-1260171.7633714376,-7.692604894341441
3,6,11,52,2191.46919293718,-1260126.3155537385,-7.692327462236524
3,6,11,53,2190.8194277216235,-1260077.7373113881,-7.692030920736608
3,6,11,54,2190.285604616209,-1260037.8164395425,-7.691787227374264
3,6,11,55,2189.8067915921606,-1260002.0011061819,-7.691568595901389
3,6,11,56,2189.5054775129547,-1259979.4587231574,-7.69143098795696
3,6,11,57,2189.172192290683,-1259954.520850953,-7.691278756964844
3,6,11,58,2188.8036719543147,-1259926.9421116281,-7.691110405037531
3,6,11,59,2188.472104120587,-1259902.1247964154,-7.6909589099747
3,6,11,60,2188.15354307829,-1259878.2774765834,-7.690813336161201
3,6,11,61,2187.8061065142524,-1259852.26459125,-7.690654542848379
3,6,11,62,2187.444897425854,-1259825.2161644942,-7.690489428166321
3,6,11,63,2187.092257302592,-1259798.805098585,-7.6903282041960805
3,6,11,64,2186.799256674158,-1259776.8575075825,-7.6901942271059145
3,6,11,65,2186.4333502548684,-1259749.4446843874,-7.690026887998654
3,6,11,66,2186.1123313594107,-1259725.3909475934,-7.689880054131424
3,6,11,67,2185.794858876857,-1259701.599467111,-7.689734821184201
3,6,11,68,2185.504978187282,-1259679.8727053318,-7.689602192126116
3,6,11,69,2185.217166884792,-1259658.2981943781,-7.689470492469467
3,6,11,70,2184.892464171977,-1259633.9548692943,-7.689321890836636
3,6,11,71,2184.5812995550777,-1259610.6231155298,-7.6891794642497056
3,6,11,72,2184.3289148978256,-1259591.696361246,-7.689063927584888
3,6,11,73,2184.1183195231356,-1259575.9017824973,-7.688967511003182
3,6,11,74,2183.8835213829398,-1259558.2902092552,-7.688860002742437
3,6,11,75,2183.58436722384,-1259535.8487218516,-7.688723010706229
3,6,11,76,2183.279790751172,-1259512.997312821,-7.688583516340413
3,6,11,77,2183.01051870807,-1259492.7920282695,-7.688460175002866
3,6,11,78,2182.8178941000247,-1259478.3365848446,-7.688371933051989
3,6,11,79,2182.6581479795113,-1259466.3475278723,-7.688298746934807
3,6,11,80,2182.5224101077583,-1259456.1596170126,-7.688236555751652
3,6,11,81,2182.35979446524,-1259443.9535400288,-7.688162044855379
3,6,11,82,2182.2003752840315,-1259431.9865094072,-7.688088993196069
3,6,11,83,2182.1580937259673,-1259428.8124366242,-7.6880696173549845
3,6,42,1,3909.2874624500178,-1354940.2215657295,-8.271110401705142
3,6,42,2,3153.857015186266,-1319764.1806740994,-8.056381432058526
3,6,42,3,2852.3261754648056,-1303302.0995458604,-7.955890142268523
3,6,42,4,2693.8224487861958,-1293936.1337490075,-7.898716448631437
3,6,42,5,2597.5652031907202,-1287975.4226032584,-7.862329824945417
3,6,42,6,2531.4204235325133,-1283749.9578526362,-7.8365358564037475
3,6,42,7,2482.293078951486,-1280539.5220528329,-7.816938040562783
3,6,42,8,2445.3596552104304,-1278083.8299131745,-7.801947489336661
3,6,42,9,2416.7121844800354,-1276153.3901634319,-7.790163293960491
3,6,42,10,2394.3560630645225,-1274630.9354579633,-7.780869606497309
3,6,42,11,2376.402770651653,-1273397.9867653858,-7.773343182383807
3,6,42,12,2360.9388078870443,-1272328.5036048684,-7.766814618870369
3,6,42,13,2347.1942262102266,-1271372.0358194234,-7.760975947522973
3,6,42,14,2335.6044099188157,-1270561.152683179,-7.756025984538622
3,6,42,15,2326.253485407231,-1269903.9755925988,-7.752014306249688
3,6,42,16,2318.336741182819,-1269345.5234732209,-7.748605285644997
3,6,42,17,2311.2868451236905,-1268846.6117824686,-7.745559724217833
3,6,42,18,2304.552452645107,-1268368.6046639944,-7.742641772867085
3,6,42,19,2298.579385991047,-1267943.4660972576,-7.7400465528230304
3,6,42,20,2292.9214525023867,-1267539.7373235438,-7.737582026929871
3,6,42,21,2287.7875450424917,-1267172.5380375644,-7.735340492000564
3,6,42,22,2283.050246291778,-1266832.9742002806,-7.733267655175811
3,6,42,23,2279.173443908527,-1266554.5650493037,-7.731568131619034
3,6,42,24,2274.953336845382,-1266250.9629364004,-7.729714819897937
3,6,42,25,2270.7935831951854,-1265951.1510875868,-7.72788464550219
3,6,42,26,2267.1956140674197,-1265691.3862408597,-7.726298934419469
3,6,42,27,2263.613721933974,-1265432.3723117975,-7.724717807245919
3,6,42,28,2260.3306854966795,-1265194.60900483,-7.723266402578686
3,6,42,29,2257.5008817509506,-1264989.3923276989,-7.722013675878418
3,6,42,30,2254.880516161222,-1264799.1345370356,-7.720852264351685
3,6,42,31,2252.4748145140024,-1264624.2681555103,-7.719784808294125
3,6,42,32,2250.3131625695482,-1264466.9819568535,-7.718824668877604
3,6,42,33,2248.2770647855095,-1264318.6930927832,-7.717919452878737
3,6,42,34,2246.5641835159236,-1264193.8400196086,-7.717157298552086
3,6,42,35,2244.6527815757604,-1264054.4042089728,-7.716306125219593
3,6,42,36,2242.748845719115,-1263915.3949555508,-7.715457555767146
3,6,42,37,2240.9840957427555,-1263786.4424506493,-7.714670376829182
3,6,42,38,2239.475800209415,-1263676.1488842918,-7.713997099699002
3,6,42,39,2238.3381159774135,-1263592.906977572,-7.7134889569857155
3,6,42,40,2237.3912917872976,-1263523.5976249678,-7.713065864292669
3,6,42,41,2236.556067856656,-1263462.4332732162,-7.712692492022857
3,6,42,42,2235.6654385500865,-1263397.186356352,-7.712294198102456
3,6,42,43,2234.7988658475747,-1263333.6768566908,-7.711906510088702
3,6,42,44,2234.0441350619963,-1263278.3439754413,-7.711568735504721
3,6,42,45,2233.373134579399,-1263229.134058727,-7.71126833800561
3,6,42,46,2232.752039148106,-1263183.5709068354,-7.710990201853515
3,6,42,47,2232.1562758034347,-1263139.8541889251,-7.710723337091158
3,6,42,48,2231.597789381996,-1263098.8622298003,-7.7104731053731035
3,6,42,49,2231.026039625746,-1263056.886135838,-7.7102168660926775
3,6,42,50,2230.504620495661,-1263018.5957807514,-7.709983126072859
3,6,42,51,2230.1273301644746,-1262990.8839256938,-7.709813961552558
3,6,42,52,2229.60680627472,-1262952.6439143827,-7.7095805288517765
3,6,42,53,2229.012473696764,-1262908.970669347,-7.709313929465663
3,6,42,54,2228.6216342299053,-1262880.2443285498,-7.709138572108645
3,6,42,55,2228.1833690741023,-1262848.0262508276,-7.708941899758434
3,6,42,56,2227.788736628398,-1262819.010311158,-7.708764774571214
3,6,42,57,2227.4666947209453,-1262795.3278902436,-7.708620207368289
3,6,42,58,2227.1562615185403,-1262772.4959127374,-7.708480831620461
3,6,42,59,2226.766916019661,-1262743.8555344173,-7.708305999013633
3,6,42,60,2226.353979111111,-1262713.4742919593,-7.7081205394586565
3,6,42,61,2225.9725458631183,-1262685.4058792966,-7.707949198364608
3,6,42,62,2225.722539704028,-1262667.0061424712,-7.707836878830341
3,6,42,63,2225.453404743055,-1262647.1962704866,-7.707715951253153
3,6,42,64,2225.137862068333,-1262623.9674742254,-7.707574153161019
3,6,42,65,2224.776361590271,-1262597.3514275027,-7.707411677903885
3,6,42,66,2224.3864381139515,-1262568.6378437406,-7.7072363984210375
3,6,42,67,2224.172427277681,-1262552.8761554086,-7.707140182615914
3,6,42,68,2223.927032116339,-1262534.801175675,-7.707029845532029
3,6,42,69,2223.679525581321,-1262516.5686589014,-7.706918546777491
3,6,42,70,2223.412812223218,-1262496.919003709,-7.706798597229263
3,6,42,71,2223.1239375900986,-1262475.6339948906,-7.706668664812293
3,6,42,72,2222.797677145641,-1262451.5909794276,-7.706521896392462
3,6,42,73,2222.6122456653907,-1262437.924458718,-7.70643847034916
3,6,42,74,2222.333062907633,-1262417.3462065551,-7.706312852264462
3,6,42,75,2221.9747626696467,-1262390.932504257,-7.706151612200621
3,6,42,76,2221.5882925875285,-1262362.4373609025,-7.705977666167545
3,6,42,77,2221.3895534082667,-1262347.7820290327,-7.705888204015681
3,6,42,78,2221.2114023787644,-1262334.6437844075,-7.705808002786099
3,6,42,79,2220.9997930161317,-1262319.036692421,-7.705712730700426
3,6,42,80,2220.7480537247384,-1262300.4679103892,-7.705599379244941
3,6,42,81,2220.5638978886195,-1262286.8828829038,-7.705516450669677
3,6,42,82,2220.3500387227386,-1262271.1052508014,-7.705420137537246
3,6,42,83,2220.1268906268024,-1262254.6407002155,-7.705319631172873
3,6,42,84,2219.9950495487465,-1262244.9122835908,-7.705260244930842
3,6,42,85,2219.772554557296,-1262228.4932982745,-7.705160016715549
3,6,42,86,2219.595340790908,-1262215.4146568757,-7.705080179328489
3,6,42,87,2219.4267894070204,-1262202.9743433534,-7.705004238556389
3,6,42,88,2219.2509771700848,-1262189.9971195334,-7.704925020263792
3,6,42,89,2219.128942262122,-1262180.9887557381,-7.704870029519327
3,6,42,90,2219.0438753658814,-1262174.709000871,-7.704831695322014
3,6,97,1,3759.8539424970877,-1348555.4911381567,-8.232135390548889
3,6,97,2,3071.999920330334,-1315456.2517381087,-8.030084068333426
3,6,97,3,2807.7903639636115,-1300724.1211552646,-7.940153105650635
3,6,97,4,2670.865367688897,-1292534.0912511253,-7.890157806631375
3,6,97,5,2583.187597721045,-1287066.1771886528,-7.856779418302564
3,6,97,6,2520.2758111959442,-1283027.1634914933,-7.832123623403656
3,6,97,7,2471.7891804119645,-1279844.858891613,-7.81269753193591
3,6,97,8,2432.8694712120614,-1277244.9613811735,-7.796826692027479
3,6,97,9,2401.547356265237,-1275122.2088081015,-7.7838685403629775
3,6,97,10,2377.3334123350282,-1273462.1274724351,-7.773734723546144
3,6,97,11,2358.3130058709007,-1272146.2084256997,-7.765701814387482
3,6,97,12,2342.348138689743,-1271033.4667676617,-7.758909183276736
3,6,97,13,2328.9988793744933,-1270097.1936933757,-7.753193788722565
3,6,97,14,2317.282246510405,-1269270.994870808,-7.748150332512135
3,6,97,15,2305.969858083275,-1268469.3280445249,-7.743256629660869
3,6,97,16,2296.233613113774,-1267776.201330172,-7.739025500135346
3,6,97,17,2287.7973901066102,-1267173.2429874435,-7.735344795303533
3,6,97,18,2280.532526778295,-1266652.2202610294,-7.732164259053019
3,6,97,19,2274.3651975655794,-1266208.6064278076,-7.7294562584107025
3,6,97,20,2268.85558822785,-1265811.283626086,-7.727030837195915
3,6,97,21,2263.4862497268946,-1265423.1469855572,-7.724661492073773
3,6,97,22,2258.7002824967103,-1265076.4039686958,-7.722544830594666
3,6,97,23,2253.951718193381,-1264731.6439043647,-7.7204402738704685
3,6,97,24,2249.7987135853245,-1264429.5273435079,-7.7185960305678805
3,6,97,25,2246.0135649251342,-1264153.6848389658,-7.716912174872819
3,6,97,26,2242.779995459172,-1263917.6701948806,-7.715471444760467
3,6,97,27,2239.623871412245,-1263686.9798253067,-7.714063216201755
3,6,97,28,2236.594648507515,-1263465.2590791425,-7.712709741900317
3,6,97,29,2234.0459740396655,-1263278.4788223037,-7.711569558665232
3,6,97,30,2231.5903488722606,-1263098.3160397206,-7.710469771205013
3,6,97,31,2229.59934340038,-1262952.0955933668,-7.70957718167558
3,6,97,32,2227.771504098784,-1262817.7431465732,-7.708757039279272
3,6,97,33,2225.788125571431,-1262671.8332743207,-7.707866345621433
3,6,97,34,2223.946599405303,-1262536.2425093432,-7.707038644023436
3,6,97,35,2222.6537855973465,-1262440.986100224,-7.706457159863652
3,6,97,36,2221.4492819521397,-1262352.1866412666,-7.705915091573879
3,6,97,37,2220.124706790233,-1262254.4795618819,-7.705318647518447
3,6,97,38,2218.7981735044336,-1262156.5696008054,-7.704720964990022
3,6,97,39,2217.57990791418,-1262066.5991802115,-7.70417174867053
3,6,97,40,2216.423848437129,-1261981.177040768,-7.703650296923183
3,6,97,41,2215.476843031379,-1261911.1688656264,-7.703222938330971
3,6,97,42,2214.627975357939,-1261848.3901666137,-7.702839711423876
3,6,97,43,2213.7488575975253,-1261783.3489280904,-7.7024426730483615
3,6,97,44,2212.767257802195,-1261710.6950619277,-7.701999164073886
3,6,97,45,2211.9867034215617,-1261652.8987194125,-7.701646351512749
3,6,97,46,2211.092939177093,-1261586.6946727773,-7.701242214879971
3,6,97,47,2210.391107666941,-1261534.6889523384,-7.700924750649134
3,6,97,48,2209.6141819584573,-1261477.0994904116,-7.700573200971893
3,6,97,49,2208.871745015548,-1261422.0475774286,-7.700237141533358
3,6,97,50,2208.115535419316,-1261365.9553930678,-7.6998947318520035
3,6,97,51,2207.522280120003,-1261321.9369682074,-7.699626025346776
3,6,97,52,2206.928997988161,-1261277.904720405,-7.699357234460644
3,6,97,53,2206.326718736235,-1261233.1926144771,-7.699084293441893
3,6,97,54,2205.823672191243,-1261195.8380069186,-7.6988562656084785
3,6,97,55,2205.3134827170634,-1261157.9442863925,-7.698624946808569
3,6,97,56,2204.8149093043417,-1261120.9048647403,-7.698398842999098
3,6,97,57,2204.353679069918,-1261086.6322390316,-7.698189628845971
3,6,97,58,2203.9004618167637,-1261052.9480477707,-7.697984006737868
3,6,97,59,2203.498132193243,-1261023.0401425136,-7.697801436627152
3,6,97,60,2203.0690628548805,-1260991.1384740064,-7.697606695768463
3,6,97,61,2202.7458865306653,-1260967.1059381734,-7.697459991320588
3,6,97,62,2202.3376405063423,-1260936.7422774157,-7.697274639091516
3,6,97,63,2202.012472047491,-1260912.5535571775,-7.697126981230023
3,6,97,64,2201.6129022759674,-1260882.8253599275,-7.696945508130631
3,6,97,65,2201.2610086624995,-1260856.6398249916,-7.6967856608938785
3,6,97,66,2200.9000193147676,-1260829.7730971528,-7.696621655376476
3,6,97,67,2200.5120132253824,-1260800.8907270255,-7.696445345552482
3,6,97,68,2200.3069066582384,-1260785.6209610845,-7.696352132643237
3,6,97,69,2200.109707613688,-1260770.9385518786,-7.696262505200216
3,6,97,70,2199.944321917434,-1260758.6237834468,-7.696187330806801
3,6,97,71,2199.8214577326457,-1260749.4746058276,-7.696131480477045
3,6,97,72,2199.6782333630426,-1260738.8086460656,-7.696066371087474
3,6,97,73,2199.4717878476663,-1260723.4333674738,-7.695972514085765
3,6,97,74,2199.29757859591,-1260710.457800708,-7.695893305908507
3,6,97,75,2199.0906964795868,-1260695.047337296,-7.6957992341242365
3,6,97,76,2198.8914175310883,-1260680.2018561624,-7.695708611223338
3,6,97,77,2198.64175922428,-1260661.6014165122,-7.695595066516776
3,6,97,78,2198.3828525769472,-1260642.3097112647,-7.695477302041709
3,6,97,79,2198.040572618939,-1260616.8021892216,-7.695321593673522
3,6,97,80,2197.805288838347,-1260599.2659747805,-7.695214545433783
3,6,97,81,2197.646105396242,-1260587.4006201562,-7.695142114446429
3,6,97,82,2197.5155931999716,-1260577.6717467192,-7.695082725415827
3,6,97,83,2197.344973112595,-1260564.9522076913,-7.6950050801368075
3,6,97,84,2197.214553154877,-1260555.2288778913,-7.694945724946838
3,6,97,85,2197.0536299381592,-1260543.2306126133,-7.6948724826183845
3,6,97,86,2196.915141293475,-1260532.9043417606,-7.694809446829129
3,6,97,87,2196.8214358844107,-1260525.916919996,-7.694766792743053
3,6,2026,1,3844.574459587613,-1352205.772196135,-8.254418202105624
3,6,2026,2,3105.3552923769084,-1317225.3572999437,-8.04088341370772
3,6,2026,3,2831.997994236763,-1302130.4226910674,-7.948737746563629
3,6,2026,4,2681.844509139925,-1293206.110321694,-7.894260086448784
3,6,2026,5,2581.636448097423,-1286967.7795928668,-7.8561787590520265
3,6,2026,6,2506.413039409397,-1282123.6066381305,-7.8266079420699475
3,6,2026,7,2449.519406611961,-1278362.2572209907,-7.803647123730226
3,6,2026,8,2406.272453372293,-1275444.2037195377,-7.785834129264161
3,6,2026,9,2372.375228147175,-1273120.114832322,-7.771646938225339
3,6,2026,10,2345.9157720986686,-1271282.7853036695,-7.76043112579766
3,6,2026,11,2324.919847117987,-1269810.0331482482,-7.751440843069347
3,6,2026,12,2307.676160419997,-1268590.498864833,-7.743996306006941
3,6,2026,13,2293.9492935475387,-1267613.1541782115,-7.738030193498873
3,6,2026,14,2283.1411446806123,-1266839.4963143107,-7.73330746883278
3,6,2026,15,2273.7322087502384,-1266163.007713805,-7.729177905172907
3,6,2026,16,2265.5454685445034,-1265572.1117241832,-7.725570833887918
3,6,2026,17,2257.9909661035026,-1265024.9515364487,-7.722230743861703
3,6,2026,18,2251.465021601809,-1264550.8123614746,-7.719336404023261
3,6,2026,19,2245.5922528049714,-1264122.9529941513,-7.716724575097373
3,6,2026,20,2240.247391291048,-1263732.5804808326,-7.714341581291404
3,6,2026,21,2235.8017630381255,-1263407.175083243,-7.712355173385036
3,6,2026,22,2231.907277427072,-1263121.579396204,-7.71061178026691
3,6,2026,23,2228.4542678483754,-1262867.9415130843,-7.709063470681034
3,6,2026,24,2225.39145952067,-1262642.6364087702,-7.707688115988488
3,6,2026,25,2222.4679139795144,-1262427.2862526057,-7.706373530379241
3,6,2026,26,2219.7042837206805,-1262223.4549319176,-7.7051292604624555
3,6,2026,27,2217.0132574497084,-1262024.734499718,-7.703916189503578
3,6,2026,28,2214.8286242285308,-1261863.2314884185,-7.702930308934527
3,6,2026,29,2213.0382374928763,-1261730.7550528655,-7.702121618479669
3,6,2026,30,2211.341659531025,-1261605.1208914735,-7.70135469607043
3,6,2026,31,2209.453357349288,-1261465.1758689901,-7.70050041430013
3,6,2026,32,2207.7092126848784,-1261335.8082884839,-7.699710701570567
3,6,2026,33,2206.3273909347013,-1261233.2425240604,-7.699084598110444
3,6,2026,34,2205.1583309139787,-1261146.4188311312,-7.698554590706227
3,6,2026,35,2203.9550685855847,-1261057.0069205626,-7.69800878376082
3,6,2026,36,2202.7547407584393,-1260967.7644168797,-7.697464010944473
3,6,2026,37,2201.4799928007656,-1260872.9356305418,-7.696885137169396
3,6,2026,38,2200.457066396228,-1260796.8001871456,-7.696420375220647
3,6,2026,39,2199.3603668705223,-1260715.1345562648,-7.695921854741081
3,6,2026,40,2198.5308460593474,-1260653.3373101596,-7.695544619024757
3,6,2026,41,2197.731477201808,-1260593.7642453236,-7.6951809606224275
3,6,2026,42,2196.931748674055,-1260534.1426892611,-7.694817006209779
3,6,2026,43,2196.2637897498994,-1260484.3282163993,-7.694512918252181
3,6,2026,44,2195.7592748548814,-1260446.6928892664,-7.69428317679144
3,6,2026,45,2195.2144002614127,-1260406.0371334064,-7.694034997395898
3,6,2026,46,2194.747913067275,-1260371.2222256563,-7.693822472930949
3,6,2026,47,2194.1858498238475,-1260329.2644483177,-7.6935663454627
3,6,2026,48,2193.6365379902927,-1260288.2481719772,-7.6933159653023955
3,6,2026,49,2193.1412120546715,-1260251.2541328724,-7.6930901385265935
3,6,2026,50,2192.7951553559706,-1260225.4034959625,-7.692932335644641
3,6,2026,51,2192.347681729605,-1260191.970906624,-7.692728249417787
3,6,2026,52,2192.0847688098115,-1260172.3244217455,-7.692608319222454
3,6,2026,53,2191.926337037599,-1260160.4842787434,-7.692536042137174
3,6,2026,54,2191.6838899812205,-1260142.3637319924,-7.692425426893542
3,6,2026,55,2191.3217755964865,-1260115.2954894619,-7.6922601912478745
3,6,2026,56,2190.991775516749,-1260090.6239124357,-7.692109585830662
3,6,2026,57,2190.6456212721428,-1260064.740618718,-7.691951583598172
3,6,2026,58,2190.159517395082,-1260028.3858434972,-7.691729659151104
3,6,2026,59,2189.755990811078,-1259998.2007356118,-7.691545396881939
3,6,2026,60,2189.5578574388433,-1259983.377675355,-7.691454910847261
3,6,2026,61,2189.4299773690354,-1259973.8098015394,-7.691396504624331
3,6,2026,62,2189.307457207508,-1259964.6424271143,-7.691340543213815
3,6,2026,63,2189.1508606302623,-1259952.9245926407,-7.691269012749919
3,6,2026,64,2188.988181716841,-1259940.750740401,-7.69119469856669
3,6,2026,65,2188.8310157929477,-1259928.9885858495,-7.691122897554876
3,6,2026,66,2188.6339165175746,-1259914.2366618863,-7.691032845765288
3,6,2026,67,2188.3860286660683,-1259895.6815733402,-7.69091957790045
3,6,2026,68,2188.166157138517,-1259879.2218248174,-7.69081910084984
3,6,2026,69,2187.9703140964875,-1259864.5594741318,-7.690729595852248
3,6,2026,70,2187.7950764239154,-1259851.438690898,-7.690649501214155
3,6,2026,71,2187.6236172357517,-1259838.59980148,-7.690571127371442
3,6,2026,72,2187.4596690248477,-1259826.322394001,-7.690496181044593
3,6,2026,73,2187.2874098935145,-1259813.4216244873,-7.690417429460415
3,6,2026,74,2187.2025754442284,-1259807.0678597318,-7.690378643476412
3,6,31415,1,3959.249236575764,-1357020.5697417122,-8.2838096995514
3,6,31415,2,3228.1485747055744,-1323578.246865185,-8.079664055191099
3,6,31415,3,2917.533741196928,-1307004.96150581,-7.978493929199895
3,6,31415,4,2748.5697879077547,-1297232.0346128624,-7.918835978249148
3,6,31415,5,2643.0741487404543,-1290820.60248552,-7.87969796897446
3,6,31415,6,2569.9131549746744,-1286222.191779736,-7.85162738547966
3,6,31415,7,2514.9299350547585,-1282679.3165834923,-7.83000022332063
3,6,31415,8,2470.840306067024,-1279781.9608726434,-7.812313576650897
3,6,31415,9,2436.1875709961355,-1277468.2316832703,-7.798189625453376
3,6,31415,10,2407.9705258018635,-1275559.7655828926,-7.786539566238296
3,6,31415,11,2384.543625894217,-1273958.2130444013,-7.776763033186021
3,6,31415,12,2364.596330862343,-1272582.0879654854,-7.768362601732953
3,6,31415,13,2347.945355335724,-1271424.4504357453,-7.761295907821856
3,6,31415,14,2334.456077988168,-1270480.5904943896,-7.7555341999218
3,6,31415,15,2323.480947639915,-1269708.6155748349,-7.7508217486377085
3,6,31415,16,2313.9690443128957,-1269036.606542601,-7.746719530098409
3,6,31415,17,2305.708995336887,-1268450.7953179122,-7.743143498302438
3,6,31415,18,2298.1258753056172,-1267911.1419422543,-7.739849232933622
3,6,31415,19,2291.3703803805192,-1267428.8846773012,-7.736905336946948
3,6,31415,20,2285.6214629950196,-1267017.3632335626,-7.73439324140232
3,6,31415,21,2280.342303032131,-1266638.5554732934,-7.7320808435884985
3,6,31415,22,2275.524063576996,-1266292.0549636886,-7.729965662473071
3,6,31415,23,2270.873239465945,-1265956.8974235298,-7.727919723491782
3,6,31415,24,2266.5055816687213,-1265641.5204277337,-7.725994533059858
3,6,31415,25,2262.754567828235,-1265370.1841814173,-7.724338185411788
3,6,31415,26,2259.827942908887,-1265158.1690093025,-7.7230439579119405
3,6,31415,27,2256.7063456848905,-1264931.7265117608,-7.721661660105001
3,6,31415,28,2253.9152860608488,-1264728.9960151445,-7.720424110069496
3,6,31415,29,2251.1172434085324,-1264525.506157492,-7.719181924583021
3,6,31415,30,2248.524581834306,-1264336.726911525,-7.718029538699059
3,6,31415,31,2246.267509407632,-1264172.2055720636,-7.71702523301792
3,6,31415,32,2244.199159922175,-1264021.2953045024,-7.716104014897827
3,6,31415,33,2242.1862830614305,-1263874.298813837,-7.715206688075872
3,6,31415,34,2240.234749497795,-1263731.6560588893,-7.71433593824101
3,6,31415,35,2238.4702276758358,-1263602.5754772413,-7.713547977470096
3,6,31415,36,2236.7816289904,-1263478.95361003,-7.712793338929226
3,6,31415,37,2235.2655891034674,-1263367.8851943717,-7.71211533180136
3,6,31415,38,2233.842170008802,-1263263.5337923178,-7.711478328077342
3,6,31415,39,2232.632090337831,-1263174.7700808644,-7.710936478004983
3,6,31415,40,2231.4320187077356,-1263086.6929681306,-7.710398819212596
3,6,31415,41,2230.4499121687654,-1263014.5777620904,-7.709958598440265
3,6,31415,42,2229.5457893128437,-1262948.160751085,-7.709553161785693
3,6,31415,43,2228.6719551385686,-1262883.9431515278,-7.709161151239975
3,6,31415,44,2227.7558887505393,-1262816.5948901884,-7.708750029851714
3,6,31415,45,2226.9197172828754,-1262755.096240738,-7.708374616891744
3,6,31415,46,2226.1955643635056,-1262701.8176579112,-7.708049382587239
3,6,31415,47,2225.4107411158143,-1262644.0557635955,-7.70769678031203
3,6,31415,48,2224.735169004292,-1262594.318283474,-7.707393162349673
3,6,31415,49,2224.226732983971,-1262556.8758610382,-7.7071645984582595
3,6,31415,50,2223.623788707401,-1262512.4625338665,-7.706893481307482
3,6,31415,51,2222.961720211347,-1262463.6801981467,-7.706595693937996
3,6,31415,52,2222.4463254571046,-1262425.6949753857,-7.706363816570944
3,6,31415,53,2221.94309666217,-1262388.5978982425,-7.706137360808728
3,6,31415,54,2221.4921635294595,-1262355.3488204475,-7.705934394811542
3,6,31415,55,2221.0176918994257,-1262320.3568688838,-7.7057207895985975
3,6,31415,56,2220.4556603072433,-1262278.897758136,-7.705467706195585
3,6,31415,57,2219.999310653206,-1262245.226715111,-7.705262164349703
3,6,31415,58,2219.6280657665925,-1262217.8298877059,-7.7050949228873
3,6,31415,59,2219.213312118279,-1262187.2168163813,-7.7049080481539125
3,6,31415,60,2218.859462367681,-1262161.0945539435,-7.704748587158418
3,6,31415,61,2218.5288493178127,-1262136.6839305437,-7.7045995747090865
3,6,31415,62,2218.078486462343,-1262103.4257960273,-7.704396553425961
3,6,31415,63,2217.7945383554384,-1262082.4534900645,-7.7042685298753755
3,6,31415,64,2217.516864761781,-1262061.942020477,-7.704143319458887
3,6,31415,65,2217.307092297629,-1262046.4446359829,-7.704048717072709
3,6,31415,66,2217.090658229219,-1262030.4535745701,-7.703951101080298
3,6,31415,67,2216.8388247834464,-1262011.8450928812,-7.703837507281836
3,6,31415,68,2216.6570263180274,-1261998.4103233775,-7.703755495942872
3,6,31415,69,2216.5055656103154,-1261987.2166498816,-7.703687165172398
3,6,31415,70,2216.4016979370876,-1261979.5398879964,-7.703640303071717
3,6,31415,71,2216.2277352518795,-1261966.6816639178,-7.703561811202311
3,6,31415,72,2215.9727000045373,-1261947.8292429883,-7.7034467282987515
3,6,31415,73,2215.6603194085155,-1261924.7348488548,-7.7033057506522855
3,6,31415,74,2215.536057508391,-1261915.5472228935,-7.703249665618093
3,6,31415,75,2215.437915664306,-1261908.2904868212,-7.703205367527111
3,7,11,1,4072.9265951564043,-1361657.7724261999,-8.312117085182155
3,7,11,2,3188.615854996097,-1321559.7298943964,-8.06734220036136
3,7,11,3,2860.7798505603423,-1303786.8965175443,-7.95884954166592
3,7,11,4,2677.4494654251425,-1292937.4261830742,-7.892619928352995
3,7,11,5,2561.6600854317376,-1285695.2633144907,-7.848410798178998
3,7,11,6,2484.880441956587,-1280710.183091588,-7.817979825484618
3,7,11,7,2428.4443815807595,-1276946.7289669719,-7.7950061591478965
3,7,11,8,2386.957086365491,-1274123.931755608,-7.777774648115007
3,7,11,9,2355.622156698911,-1271959.1866782065,-7.764560156994473
3,7,11,10,2331.0464109269183,-1270241.148710755,-7.754072549145108
3,7,11,11,2311.6874308438655,-1268875.0014496322,-7.745733026381014
3,7,11,12,2295.8663990604978,-1267750.0017538036,-7.738865567183936
3,7,11,13,2283.3370411410333,-1266853.551335828,-7.73339326644423
3,7,11,14,2273.232009517949,-1266126.9658037156,-7.728957890582822
3,7,11,15,2264.622921770269,-1265505.391058885,-7.725163543603098
3,7,11,16,2257.51972278951,-1264990.7595257,-7.722022021815329
3,7,11,17,2251.038696321367,-1264519.7901095343,-7.719147031483703
3,7,11,18,2245.4036354610766,-1264109.192777222,-7.716640577093947
3,7,11,19,2240.968438211414,-1263785.2978806724,-7.714663389904969
3,7,11,20,2237.3126290632927,-1263517.8380426469,-7.713030705441757
3,7,11,21,2233.966399776314,-1263272.6437724265,-7.711533939129429
3,7,11,22,2231.0892073544996,-1263061.52424314,-7.710245179000463
3,7,11,23,2228.551305726033,-1262875.0747134837,-7.709107014659641
3,7,11,24,2225.892788819894,-1262679.5362139712,-7.707913367521922
3,7,11,25,2223.2721517017917,-1262486.55512852,-7.706735331887727
3,7,11,26,2220.9839664755173,-1262317.8693578616,-7.705705604811872
3,7,11,27,2218.832774875589,-1262159.1242333485,-7.704736559514019
3,7,11,28,2216.622121550658,-1261995.8307613058,-7.7037397492388155
3,7,11,29,2214.461434446731,-1261836.070674547,-7.702764508195457
3,7,11,30,2212.6679665470256,-1261703.3441482051,-7.70195429108393
3,7,11,31,2211.108507518641,-1261587.848099852,-7.701249255871539
3,7,11,32,2209.558890180014,-1261473.000226667,-7.700548177386012
3,7,11,33,2207.952590885156,-1261353.8663939596,-7.6998209356470655
3,7,11,34,2206.5341946851877,-1261248.5966259544,-7.699178325840909
3,7,11,35,2205.2995470231654,-1261156.909106196,-7.6986186276444055
3,7,11,36,2204.024906176912,-1261062.1977403609,-7.6980404706522005
3,7,11,37,2202.669529681828,-1260961.427257564,-7.697425326326878
3,7,11,38,2201.5755886482925,-1260880.0489313263,-7.696928559672598
3,7,11,39,2200.5476524723035,-1260803.5438511898,-7.6964615413096995
3,7,11,40,2199.3493899865516,-1260714.3169577762,-7.695916863784833
3,7,11,41,2198.2966156372695,-1260635.8835022976,-7.695438073828549
3,7,11,42,2197.355855809357,-1260565.7635302008,-7.695010032781907
3,7,11,43,2196.615787560683,-1260510.5810979,-7.694673176599966
3,7,11,44,2195.913210829067,-1260458.1769767706,-7.694353280368039
3,7,11,45,2195.326715706651,-1260414.4183631889,-7.694086159857333
3,7,11,46,2194.872982532783,-1260380.557145484,-7.693879457107267
3,7,11,47,2194.3733561004615,-1260343.2629051174,-7.693651797779932
3,7,11,48,2193.775227959594,-1260298.6049094938,-7.693379187072654
3,7,11,49,2193.178285591931,-1260254.0233057898,-7.693107042692959
3,7,11,50,2192.5879338921295,-1260209.921978998,-7.692837830120367
3,7,11,51,2192.116431921986,-1260174.6906107713,-7.692622763409992
3,7,11,52,2191.746568580561,-1260147.0485365205,-7.692454024860334
3,7,11,53,2191.2572052510277,-1260110.4683519437,-7.692230724422179
3,7,11,54,2190.832191255547,-1260078.6916871602,-7.692036746637448
3,7,11,55,2190.441741456052,-1260049.4938211944,-7.691858510897558
3,7,11,56,2190.088318719236,-1260023.0603538356,-7.691697150179687
3,7,11,57,2189.8124785950135,-1260002.4265413634,-7.6915711929320905
3,7,11,58,2189.5365088684775,-1259981.7804330438,-7.691445160625603
3,7,11,59,2189.207720600966,-1259957.179416812,-7.691294985940397
3,7,11,60,2188.9007762705173,-1259934.209500669,-7.691154768158599
3,7,11,61,2188.6471709647017,-1259915.228734576,-7.691038901783561
3,7,11,62,2188.4047187480764,-1259897.080650724,-7.690928118442179
3,7,11,63,2188.142073581831,-1259877.4188110833,-7.690808094515086
3,7,11,64,2187.8593024726983,-1259856.247687906,-7.690678857302743
3,7,11,65,2187.5205932815456,-1259830.8848685438,-7.690524032259021
3,7,11,66,2187.020567191445,-1259793.4353298023,-7.690295424926761
3,7,11,67,2186.6263438512724,-1259763.9038691325,-7.690115152788082
3,7,11,68,2186.2870054804066,-1259738.4796037823,-7.689959952652869
3,7,11,69,2185.963060619064,-1259714.2049851303,-7.6898117704322555
3,7,11,70,2185.721085621116,-1259696.0703830053,-7.689701069388859
3,7,11,71,2185.561332277062,-1259684.0967096896,-7.689627977179821
3,7,11,72,2185.3807181229627,-1259670.5584435933,-7.689545334055241
3,7,11,73,2185.176309987642,-1259655.2353061056,-7.6894517953442
3,7,11,74,2184.998177872548,-1259641.8807406696,-7.6893702736037355
3,7,11,75,2184.847933221036,-1259630.6160520667,-7.6893015093279455
3,7,11,76,2184.630497558231,-1259614.3123027147,-7.6892019845602055
3,7,11,77,2184.433089863372,-1259599.5088839426,-7.6891116184252
3,7,11,78,2184.249729890702,-1259585.7576923182,-7.689027675515933
3,7,11,79,2184.1277497798455,-1259576.6090809912,-7.688971828643059
3,7,11,80,2183.9275156903122,-1259561.5902473729,-7.688880147527549
3,7,11,81,2183.7102991726833,-1259545.296066129,-7.688780681167463
3,7,11,82,2183.5142305727677,-1259530.5868733379,-7.688690890226461
3,7,11,83,2183.4083708655803,-1259522.6446607646,-7.6886424077059905
3,7,11,84,2183.3177982343664,-1259515.849068102,-7.68860092462337
3,7,42,1,4074.0177648598324,-1361701.6541686808,-8.312384957322122
3,7,42,2,3177.9945320829966,-1321013.1457176562,-8.064005626542317
3,7,42,3,2836.0653566216038,-1302365.529149679,-7.950172932739653
3,7,42,4,2654.986560128054,-1291557.2670802209,-7.884194871564565
3,7,42,5,2544.516361457667,-1284595.251644935,-7.841695876135024
3,7,42,6,2468.602110295459,-1279633.5018877205,-7.811407322164627
3,7,42,7,2414.142842446087,-1275979.1355555106,-7.7890995724197305
3,7,42,8,2373.357997596577,-1273187.9624566054,-7.7720611079296615
3,7,42,9,2342.9770814662465,-1271077.4470190438,-7.759177656755408
3,7,42,10,2319.737748300982,-1269444.4901412076,-7.749209418745468
3,7,42,11,2301.827557589156,-1268174.7945747003,-7.741458676653687
3,7,42,12,2287.1801108322998,-1267129.0372084235,-7.735074945111732
3,7,42,13,2275.327111239318,-1266277.8756627492,-7.729879106209095
3,7,42,14,2266.1062829505404,-1265612.6578112377,-7.7258183438201256
3,7,42,15,2257.821059451538,-1265012.6244387068,-7.722155494205126
3,7,42,16,2251.094252077299,-1264523.8330473234,-7.7191717112328675
3,7,42,17,2244.8071991421384,-1264065.6733006553,-7.716374916373586
3,7,42,18,2239.5622515416467,-1263682.4726133063,-7.714035702332533
3,7,42,19,2234.829575588054,-1263335.9279372504,-7.711920251606988
3,7,42,20,2231.069157476071,-1263060.0520897037,-7.710236192372562
3,7,42,21,2228.0249606082657,-1262836.3796493537,-7.708870804129961
3,7,42,22,2224.9892747215576,-1262613.0280183132,-7.707507374238861
3,7,42,23,2222.2307464812034,-1262409.8039286472,-7.706266811109093
3,7,42,24,2219.7101706829467,-1262223.889393994,-7.705131912597023
3,7,42,25,2217.67538913495,-1262073.6523713432,-7.7042148042397764
3,7,42,26,2215.737564633345,-1261930.445915242,-7.703340613342054
3,7,42,27,2213.921593632904,-1261796.1307855921,-7.702520698744885
3,7,42,28,2212.2033269365324,-1261668.9407056351,-7.70174427837107
3,7,42,29,2210.8972043250346,-1261572.1923787852,-7.701153686934031
3,7,42,30,2209.7112302018477,-1261484.2942785565,-7.700617120907338
3,7,42,31,2208.567835472967,-1261399.507259763,-7.700099546196728
3,7,42,32,2207.459989779034,-1261317.3144561006,-7.699597807638452
3,7,42,33,2206.4031492683316,-1261238.8673529823,-7.6991189343713815
3,7,42,34,2205.5046449809374,-1261172.1436646176,-7.698711625632524
3,7,42,35,2204.451100027227,-1261093.8718934706,-7.6982338226636635
3,7,42,36,2203.40101913916,-1261015.82024865,-7.697757363436111
3,7,42,37,2202.4056084202352,-1260941.797841908,-7.697305500329076
3,7,42,38,2201.5480651747594,-1260878.000937359,-7.6969160578781
3,7,42,39,2200.899240010283,-1260829.7150924434,-7.696621301291958
3,7,42,40,2200.218696026698,-1260779.0534216026,-7.696312041690693
3,7,42,41,2199.539729581515,-1260728.4935693073,-7.696003403631558
3,7,42,42,2199.0232006711744,-1260690.0193213734,-7.695768541054436
3,7,42,43,2198.4633384267236,-1260648.307132778,-7.695513912760524
3,7,42,44,2197.8198798226163,-1260600.3535273299,-7.695221184300251
3,7,42,45,2197.2691799295235,-1260559.3015928036,-7.694970586467766
3,7,42,46,2196.764980648141,-1260521.7070239754,-7.6947410938124206
3,7,42,47,2196.2340491083332,-1260482.1098918298,-7.694499376689882
3,7,42,48,2195.733370966355,-1260444.7603019914,-7.694271379486689
3,7,42,49,2195.266451660544,-1260409.9213785669,-7.69405870842022
3,7,42,50,2194.7569646645,-1260371.897835545,-7.693826597130592
3,7,42,51,2194.3079161961273,-1260338.37756362,-7.6936219756532935
3,7,42,52,2193.9196363099077,-1260309.3879739754,-7.693445011317426
3,7,42,53,2193.618539068695,-1260286.9040461907,-7.6933077602077375
3,7,42,54,2193.331077270943,-1260265.435442242,-7.69317670705085
3,7,42,55,2193.069295446246,-1260245.8822561207,-7.6930573463893674
3,7,42,56,2192.79521790113,-1260225.408168491,-7.692932364167669
3,7,42,57,2192.6326585948646,-1260213.2634856561,-7.692858228046443
3,7,42,58,2192.4655032714963,-1260200.7744988853,-7.692781990152887
3,7,42,59,2192.2832208813884,-1260187.1542100552,-7.692698846327924
3,7,42,60,2192.142559741735,-1260176.6431208435,-7.692634682331661
3,7,42,61,2191.9974498926235,-1260165.7988891362,-7.692568484697076
3,7,42,62,2191.8236601012263,-1260152.8104264375,-7.692489197797758
3,7,42,63,2191.6619758107972,-1260140.7257632571,-7.6924154280611
3,7,42,64,2191.4615374584378,-1260125.743292855,-7.692323968921565
3,7,42,65,2191.1651220692133,-1260103.584169002,-7.692188700548188
3,7,42,66,2190.884833851847,-1260082.627906458,-7.692060774933205
3,7,42,67,2190.649050765931,-1260064.997075312,-7.691953149114324
3,7,42,68,2190.408684768173,-1260047.0216005729,-7.691843419449705
3,7,42,69,2190.241653834248,-1260034.5292364853,-7.691767160939623
3,7,42,70,2190.132446337318,-1260026.3610139035,-7.691717298761437
3,7,42,71,2189.9921618517265,-1260015.867776676,-7.691653243741003
3,7,42,72,2189.762486111513,-1259998.6866493677,-7.691548363098645
3,7,42,73,2189.520865398328,-1259980.6100210182,-7.691438015950934
3,7,42,74,2189.296382534686,-1259963.8137572142,-7.691335484673135
3,7,42,75,2189.0283254316346,-1259943.7549240408,-7.691213037334819
3,7,42,76,2188.72971370068,-1259921.4067819293,-7.691076615116529
3,7,42,77,2188.465700910089,-1259901.6454894764,-7.690955984088712
3,7,42,78,2188.296166066038,-1259888.954591104,-7.690878513643991
3,7,42,79,2188.095419315082,-1259873.9259863112,-7.690786772881228
3,7,42,80,2187.8254459283053,-1259853.7126589927,-7.690663382447336
3,7,42,81,2187.616269564001,-1259838.0495842455,-7.690567768619949
3,7,42,82,2187.360768764571,-1259818.9157151347,-7.690450967641346
3,7,42,83,2187.1986186445793,-1259806.7715050709,-7.690376834406107
3,7,42,84,2187.058513199515,-1259796.2776027215,-7.690312775325496
3,7,42,85,2186.876373994827,-1259782.6343653428,-7.690229491413188
3,7,42,86,2186.7532835206703,-1259773.413562166,-7.690173203851676
3,7,42,87,2186.6228541017413,-1259763.6424265376,-7.690113556835337
3,7,42,88,2186.4536311262523,-1259750.964198265,-7.690036163734098
3,7,42,89,2186.3007528548333,-1259739.5096756818,-7.689966240633893
3,7,42,90,2186.1499522003155,-1259728.210035413,-7.68989726299881
3,7,42,91,2186.080688334178,-1259723.0197650779,-7.689865579461578
3,7,97,1,3972.172099232085,-1357554.3892054851,-8.287068352331183
3,7,97,2,3174.959830238255,-1320856.641286219,-8.063050259353293
3,7,97,3,2868.4720065786396,-1304226.7790777348,-7.961534765088482
3,7,97,4,2712.75354593445,-1295083.3401464315,-7.905719466635929
3,7,97,5,2610.8013838374713,-1288808.045576507,-7.867412496804384
3,7,97,6,2534.7069177085887,-1283962.4990578636,-7.837833295025295
3,7,97,7,2477.13929514123,-1280199.0506081632,-7.814859663330585
3,7,97,8,2433.1234944934645,-1277262.0650137507,-7.796931099610237
3,7,97,9,2398.822320669407,-1274936.221265824,-7.782733196182449
3,7,97,10,2370.813833483605,-1273012.2627378248,-7.770988564839972
3,7,97,11,2349.1353131712735,-1271507.4526878742,-7.761802587585304
3,7,97,12,2331.357846240943,-1270263.0335944605,-7.754206143444233
3,7,97,13,2316.336970698529,-1269204.1567050945,-7.747742324956625
3,7,97,14,2303.6766606564292,-1268306.3383405902,-7.742261673710689
3,7,97,15,2292.9832643243913,-1267544.1533618434,-7.7376089842374585
3,7,97,16,2284.3243552331196,-1266924.37000376,-7.7338255726165945
3,7,97,17,2276.5117967559313,-1266363.146890881,-7.730399636731949
3,7,97,18,2269.538648980828,-1265860.5945829162,-7.727331851485302
3,7,97,19,2262.923159362433,-1265382.3892001766,-7.724412689848223
3,7,97,20,2257.4596257664543,-1264986.3985516315,-7.721995400642376
3,7,97,21,2252.612772734319,-1264634.3011519343,-7.7198460538160765
3,7,97,22,2248.3109667696767,-1264321.1632712383,-7.71793453186037
3,7,97,23,2244.3254329235824,-1264030.5123813285,-7.716160279712168
3,7,97,24,2240.992882707777,-1263787.0847767785,-7.714674297851117
3,7,97,25,2237.8835177821047,-1263559.6331746588,-7.713285840056275
3,7,97,26,2234.679409553173,-1263324.9201960147,-7.711853055843231
3,7,97,27,2231.487482318534,-1263090.7646646355,-7.710423674516748
3,7,97,28,2228.709389072688,-1262886.6946672176,-7.709177947619387
3,7,97,29,2226.162839184044,-1262699.4095373095,-7.708034682432177
3,7,97,30,2223.8374286789353,-1262528.2007916693,-7.706989554083052
3,7,97,31,2221.6896840773475,-1262369.9136198205,-7.706023304315943
3,7,97,32,2219.9395746767955,-1262240.8186775388,-7.705235255881836
3,7,97,33,2218.3143789997557,-1262120.8466931917,-7.704502897721784
3,7,97,34,2216.716780163313,-1262002.8262090425,-7.703782452318714
3,7,97,35,2215.1178589114443,-1261884.6228388846,-7.703060890504497
3,7,97,36,2213.6129625592043,-1261773.2924734752,-7.7023812843279975
3,7,97,37,2212.2464563872086,-1261672.1344560168,-7.701763774332281
3,7,97,38,2211.097808510785,-1261587.0554327779,-7.701244417106863
3,7,97,39,2209.9645695110426,-1261503.0744037065,-7.70073176248783
3,7,97,40,2208.7481472279187,-1261412.8809693104,-7.700181184800694
3,7,97,41,2207.5954156307635,-1261327.3641244725,-7.699659154932806
3,7,97,42,2206.6220511849383,-1261255.119078169,-7.699218141562296
3,7,97,43,2205.8362524476142,-1261196.7722798737,-7.698861968793486
3,7,97,44,2205.0391929134926,-1261137.5681115945,-7.698500562286923
3,7,97,45,2204.299356077721,-1261082.5951895204,-7.698164985041268
3,7,97,46,2203.5125549849377,-1261024.1123813675,-7.697807982012548
3,7,97,47,2202.7100210956255,-1260964.438640064,-7.697443709039801
3,7,97,48,2201.9352325778805,-1260906.8073213892,-7.697091903851817
3,7,97,49,2201.075836664241,-1260842.8589003824,-7.696701536482288
3,7,97,50,2200.286483024407,-1260784.1003852424,-7.6963428504251254
3,7,97,51,2199.5428358966215,-1260728.7249194162,-7.696004815887436
3,7,97,52,2198.8441243067246,-1260676.6785033965,-7.6956871032340946
3,7,97,53,2198.1731041506837,-1260626.6792275128,-7.695381887163115
3,7,97,54,2197.5616463787896,-1260581.1047910687,-7.695103682125486
3,7,97,55,2196.9409612580916,-1260534.8296316313,-7.694821199587532
3,7,97,56,2196.467656537442,-1260499.533626564,-7.694605738307394
3,7,97,57,2195.9716121329984,-1260462.5336793668,-7.694379875466175
3,7,97,58,2195.4666530808227,-1260424.8602031798,-7.694149901127972
3,7,97,59,2195.0476636579997,-1260393.5940842032,-7.693959039924081
3,7,97,60,2194.6419193267257,-1260363.310661057,-7.693774177498272
3,7,97,61,2194.0894650815476,-1260322.0682895472,-7.693522417160395
3,7,97,62,2193.6710073649015,-1260290.822249592,-7.6933316785270796
3,7,97,63,2193.356702824553,-1260267.349358117,-7.693188390377722
3,7,97,64,2193.0070232902226,-1260241.2306382414,-7.693028951007481
3,7,97,65,2192.686254726665,-1260217.2677116205,-7.6928826714827645
3,7,97,66,2192.351923876174,-1260192.2878868256,-7.6927301843948435
3,7,97,67,2191.9633071427143,-1260163.2472564783,-7.692552908485608
3,7,97,68,2191.526219787011,-1260130.578351005,-7.692353484098043
3,7,97,69,2190.9760875376655,-1260089.4509499394,-7.692102425586874
3,7,97,70,2190.3956935350125,-1260046.0500110346,-7.691837488468981
3,7,97,71,2190.027931158374,-1260018.5433738714,-7.691669576682811
3,7,97,72,2189.6979714699055,-1259993.8602418078,-7.691518900728914
3,7,97,73,2189.3679391257765,-1259969.1679536842,-7.691368168882675
3,7,97,74,2189.0154770001304,-1259942.7934084642,-7.6912071678496865
3,7,97,75,2188.7194552096116,-1259920.6389809074,-7.691071928144426
3,7,97,76,2188.5373429838587,-1259907.0081167535,-7.690988719763354
3,7,97,77,2188.37671758278,-1259894.9845721507,-7.690915323119541
3,7,97,78,2188.30607763727,-1259889.696570321,-7.690883042989213
3,7,2026,1,4070.306824059629,-1361552.3694702236,-8.31147366234204
3,7,2026,2,3206.7827458418583,-1322490.410085331,-8.073023453663446
3,7,2026,3,2883.329811200362,-1305073.1057116159,-7.966701089708062
3,7,2026,4,2709.8621901788338,-1294908.6457176174,-7.904653060248189
3,7,2026,5,2599.4417990752772,-1288093.7277910912,-7.8630520082964495
3,7,2026,6,2520.1736207982494,-1283020.52105914,-7.8320830752743325
3,7,2026,7,2460.9469507495187,-1279124.7175714665,-7.808301494185345
3,7,2026,8,2415.0201133442065,-1276038.6535350622,-7.789462894558909
3,7,2026,9,2379.628960854765,-1273620.2315632384,-7.77469985571152
3,7,2026,10,2351.1937873084394,-1271650.9366923359,-7.762678472751965
3,7,2026,11,2329.0190614738563,-1270098.613245997,-7.753202454253535
3,7,2026,12,2312.3547977138446,-1268922.2870783214,-7.7460216772373975
3,7,2026,13,2298.2785545486613,-1267922.0249284098,-7.739915667141243
3,7,2026,14,2285.5623590981536,-1267013.1270600257,-7.734367382062959
3,7,2026,15,2274.750466687871,-1266236.3539072503,-7.72962564039685
3,7,2026,16,2265.49282375016,-1265568.3050648374,-7.725547596479205
3,7,2026,17,2257.1479395614774,-1264963.7790053268,-7.721857321661662
3,7,2026,18,2249.528094889574,-1264409.8214300664,-7.718475737596244
3,7,2026,19,2243.003089780263,-1263933.9645268354,-7.715570912040554
3,7,2026,20,2237.644949637649,-1263542.1687435983,-7.71317923001171
3,7,2026,21,2232.5243028015675,-1263166.8611426372,-7.710888198604759
3,7,2026,22,2228.28970745308,-1262855.8440599313,-7.708989622869142
3,7,2026,23,2224.0109119941358,-1262540.9797088448,-7.70706756183062
3,7,2026,24,2220.249029914226,-1262263.6527162571,-7.705374644212148
3,7,2026,25,2217.2757785385043,-1262044.1311400288,-7.704034594545275
3,7,2026,26,2214.210502643477,-1261817.506804877,-7.702651186727041
3,7,2026,27,2211.5904534880688,-1261623.5504896988,-7.701467197890919
3,7,2026,28,2209.032122828442,-1261433.941205083,-7.700309745110874
3,7,2026,29,2206.8142937804805,-1261269.390231343,-7.699305258529955
3,7,2026,30,2204.731880235199,-1261114.7357545611,-7.698361184222305
3,7,2026,31,2202.827419540482,-1260973.1693540376,-7.6974970048959666
3,7,2026,32,2200.9426822595597,-1260832.948527734,-7.696641039506117
3,7,2026,33,2199.1108422284487,-1260696.5480397837,-7.695808395027249
3,7,2026,34,2197.67100422984,-1260589.2566078918,-7.695153444156198
3,7,2026,35,2196.56810990387,-1260507.025424743,-7.69465147131381
3,7,2026,36,2195.5861116947112,-1260433.7734334897,-7.6942043111386536
3,7,2026,37,2194.4783455024913,-1260351.100464942,-7.693699641457134
3,7,2026,38,2193.339680188864,-1260266.0779776317,-7.693180629350196
3,7,2026,39,2192.350829668168,-1260192.206125854,-7.692729685292365
3,7,2026,40,2191.564037305192,-1260133.4051760053,-7.69237074019635
3,7,2026,41,2190.811973455513,-1260077.179926275,-7.692027518229446
3,7,2026,42,2190.094818815652,-1260023.5465525908,-7.691700118136145
3,7,2026,43,2189.456143984766,-1259975.7676100796,-7.691408455890021
3,7,2026,44,2188.7149612524704,-1259920.3026276862,-7.6910698749065185
3,7,2026,45,2187.969112774022,-1259864.4695296322,-7.690729046794161
3,7,2026,46,2187.392643737708,-1259821.3028808134,-7.6904655398789705
3,7,2026,47,2186.759347450681,-1259773.8678280355,-7.690175976876712
3,7,2026,48,2185.9628341671564,-1259714.188014831,-7.689811666838593
3,7,2026,49,2185.0662628690184,-1259646.9852016834,-7.689401433325703
3,7,2026,50,2184.3179008273305,-1259590.8703475862,-7.689058885258987
3,7,2026,51,2183.620047208604,-1259538.5254696424,-7.688739350671744
3,7,2026,52,2182.8193156842235,-1259478.4432717843,-7.688372584312792
3,7,2026,53,2182.1883730318245,-1259431.0855076583,-7.68808349311214
3,7,2026,54,2181.544338155374,-1259382.7309336872,-7.687788316975675
3,7,2026,55,2180.926138535172,-1259336.3026586068,-7.687504899757086
3,7,2026,56,2180.337714781273,-1259292.0983960372,-7.687235058822321
3,7,2026,57,2179.8159303289017,-1259252.8903087932,-7.686995716589302
3,7,2026,58,2179.2471499282397,-1259210.1401448573,-7.686734752068524
3,7,2026,59,2178.556164984222,-1259158.1899385916,-7.68641762671895
3,7,2026,60,2178.0401104626985,-1259119.3807478617,-7.686180719513733
3,7,2026,61,2177.518725259025,-1259080.161330949,-7.685941308119775
3,7,2026,62,2177.0192861984624,-1259042.5839304125,-7.6857119202667175
3,7,2026,63,2176.6242386273766,-1259012.8547563478,-7.685530441204448
3,7,2026,64,2176.3045350629877,-1258988.7916200454,-7.685383549958767
3,7,2026,65,2175.9667983939426,-1258963.3673456616,-7.685228349768408
3,7,2026,66,2175.6171295913473,-1258937.040681331,-7.685067641019992
3,7,2026,67,2175.2182503906706,-1258907.0037851424,-7.684884283495766
3,7,2026,68,2174.855448091501,-1258879.6788128784,-7.684717480666592
3,7,2026,69,2174.4550675400505,-1258849.518289565,-7.684533368471731
3,7,2026,70,2174.2657983028644,-1258835.2587726475,-7.68444632253655
3,7,2026,71,2174.031291792724,-1258817.589364276,-7.684338461226474
3,7,2026,72,2173.8358997969763,-1258802.8656692842,-7.684248581758096
3,7,2026,73,2173.6596238961733,-1258789.58132531,-7.684167488678212
3,7,2026,74,2173.4468503309286,-1258773.5450425097,-7.6840695966359185
3,7,2026,75,2173.240774436539,-1258758.0120520329,-7.68397477689623
3,7,2026,76,2173.1428846137824,-1258750.6330811616,-7.683929732633941
3,7,31415,1,4196.741334878807,-1366563.4956904817,-8.342063630478597
3,7,31415,2,3329.3823137121562,-1328636.5604584534,-8.110542074391105
3,7,31415,3,2978.9292104095484,-1310416.4723570754,-7.9993191895606985
3,7,31415,4,2789.5508109921643,-1299656.492403661,-7.933635862209192
3,7,31415,5,2669.4576000748784,-1292447.7238661593,-7.889630584717972
3,7,31415,6,2584.3686147197054,-1287141.055709976,-7.85723650748386
3,7,31415,7,2523.5276068690996,-1283238.3914834056,-7.833413045632939
3,7,31415,8,2476.97245328635,-1280188.0167975842,-7.814792308428873
3,7,31415,9,2439.9747090841097,-1277722.6916056958,-7.799742953104066
3,7,31415,10,2410.0205974550604,-1275699.1741245924,-7.787390573110029
3,7,31415,11,2385.598641754746,-1274030.6756550863,-7.77720537465868
3,7,31415,12,2364.953353285408,-1272606.820123629,-7.768513576962134
3,7,31415,13,2347.5019123453817,-1271393.5085241527,-7.761107025712707
3,7,31415,14,2332.7813588392664,-1270363.0281001106,-7.7548165508870355
3,7,31415,15,2319.39166819819,-1269420.048719926,-7.749060218293244
3,7,31415,16,2307.8834911483837,-1268605.2160792938,-7.744086145915501
3,7,31415,17,2297.440919706639,-1267862.3093641466,-7.73955113886401
3,7,31415,18,2288.2592413961515,-1267206.3101617366,-7.735546650887194
3,7,31415,19,2280.1335151036365,-1266623.5558089241,-7.731989279489941
3,7,31415,20,2272.6029736854994,-1266081.6292989955,-7.728681137977948
3,7,31415,21,2265.7311309754336,-1265585.5359661751,-7.725652780962636
3,7,31415,22,2259.3425630556458,-1265122.9798141883,-7.7228291486435285
3,7,31415,23,2253.633468904181,-1264708.5120838967,-7.720299067758318
3,7,31415,24,2248.717040356324,-1264350.747854988,-7.7181151282841
3,7,31415,25,2244.625397535972,-1264052.405694431,-7.716293925467786
3,7,31415,26,2241.0109019121705,-1263788.4019706626,-7.7146823385424055
3,7,31415,27,2238.136154931877,-1263578.1255006078,-7.713398724792498
3,7,31415,28,2235.2057563554918,-1263363.5001706525,-7.712088563819483
3,7,31415,29,2232.3581088874466,-1263154.6658730924,-7.710813753681523
3,7,31415,30,2229.660911156009,-1262956.6191164989,-7.709604795114634
3,7,31415,31,2227.105174272877,-1262768.7382041446,-7.708457893027205
3,7,31415,32,2225.0193767350224,-1262615.2442798193,-7.707520903207374
3,7,31415,33,2222.767841084034,-1262449.392103155,-7.706508473550538
3,7,31415,34,2220.8666334781897,-1262309.2148469265,-7.705652774130283
3,7,31415,35,2219.055431803662,-1262175.5621270768,-7.704836903154007
3,7,31415,36,2217.422144118572,-1262054.9445141486,-7.704100603812501
3,7,31415,37,2216.0595345152765,-1261954.248366975,-7.703485913262288
3,7,31415,38,2214.818497948385,-1261862.4825137653,-7.702925736886296
3,7,31415,39,2213.5886677296576,-1261771.4945513883,-7.702370309074745
3,7,31415,40,2212.432875390516,-1261685.9381299892,-7.701848037615307
3,7,31415,41,2211.4603087259793,-1261613.9101778422,-7.701408349476499
3,7,31415,42,2210.5138415395345,-1261543.7847244977,-7.700980274970075
3,7,31415,43,2209.584576116235,-1261474.9045628172,-7.700559802234319
3,7,31415,44,2208.6961500018488,-1261409.0244509196,-7.700157643031936
3,7,31415,45,2207.899862777671,-1261349.9542579693,-7.699797054365686
3,7,31415,46,2207.1412424141818,-1261293.6584492882,-7.6994534016780305
3,7,31415,47,2206.3508158879563,-1261234.9817771683,-7.6990952152242045
3,7,31415,48,2205.67143507448,-1261184.5316924274,-7.698787247231206
3,7,31415,49,2204.9868905588833,-1261133.6824372874,-7.698476842538503
3,7,31415,50,2204.2664167708044,-1261080.1472344347,-7.698150041720191
3,7,31415,51,2203.6089435235344,-1261031.2780494103,-7.697851724186956
3,7,31415,52,2203.0335503611673,-1260988.497811643,-7.697590576083185
3,7,31415,53,2202.4741175766803,-1260946.8935070208,-7.6973366063572595
3,7,31415,54,2202.0161899558575,-1260912.830146148,-7.697128669642453
3,7,31415,55,2201.5977508939604,-1260881.6979831152,-7.6969386261605415
3,7,31415,56,2201.1279599832856,-1260846.738154514,-7.696725217039325
3,7,31415,57,2200.684262624912,-1260813.7132443045,-7.69652361945295
3,7,31415,58,2200.3066241953984,-1260785.5999313202,-7.696352004268937
3,7,31415,59,2199.9511213137907,-1260759.1300908935,-7.696190421514952
3,7,31415,60,2199.628900654745,-1260735.1346643695,-7.696043943597509
3,7,31415,61,2199.306656296583,-1260711.133957295,-7.69589743344542
3,7,31415,62,2198.897349530381,-1260680.6437857081,-7.6957113089424
3,7,31415,63,2198.532576966186,-1260653.4662827067,-7.6955454063260404
3,7,31415,64,2198.163130328085,-1260625.9359396314,-7.695377349829268
3,7,31415,65,2197.8892391455747,-1260605.523190082,-7.69525274204035
3,7,31415,66,2197.7005921288915,-1260591.4620966269,-7.695166907363303
3,7,31415,67,2197.4168404086563,-1260570.3099556067,-7.695037786025826
3,7,31415,68,2197.15559295096,-1260550.832969288,-7.694918890519168
3,7,31415,69,2196.867470861602,-1260529.3496918576,-7.694787747789334
3,7,31415,70,2196.6676981255155,-1260514.4523623502,-7.694696808384713
3,7,31415,71,2196.505054980918,-1260502.3228373418,-7.694622764793071
3,7,31415,72,2196.3222840793796,-1260488.6911620162,-7.694539551460274
3,7,31415,73,2196.107958757073,-1260472.7046055607,-7.694441962967969
3,7,31415,74,2195.9711694117027,-1260462.500653057,-7.694379673860044
3,7,31415,75,2195.8910854173855,-1260456.5264039328,-7.69434320459499
3,8,11,1,4296.424561740655,-1370409.0481219667,-8.365538458526435
3,8,11,2,3322.008153028761,-1328273.3263324501,-8.108324744423317
3,8,11,3,2958.416762300363,-1309284.5590125893,-7.992409526618824
3,8,11,4,2759.1211212149788,-1297859.6948647287,-7.922667473657816
3,8,11,5,2629.656322182522,-1289986.8563146235,-7.874608440656734
3,8,11,6,2539.6368019932247,-1284280.8039353695,-7.839776358447096
3,8,11,7,2473.8300913618395,-1279980.0629454518,-7.8135228728906325
3,8,11,8,2425.0262990853066,-1276715.9923533245,-7.793597648296409
3,8,11,9,2387.687415465868,-1274174.046310857,-7.778080567898477
3,8,11,10,2358.342468029029,-1272148.2549490987,-7.765714307205027
3,8,11,11,2334.385020502675,-1270475.6040950674,-7.755503760896783
3,8,11,12,2315.552588632253,-1269148.6742363735,-7.747403637229413
3,8,11,13,2299.092811873437,-1267980.0530356383,-7.740269894489173
3,8,11,14,2285.5936075062195,-1267015.3667513656,-7.73438105405678
3,8,11,15,2273.6791196529553,-1266159.1827492558,-7.72915455602173
3,8,11,16,2263.134490992993,-1265397.687062065,-7.724506074266646
3,8,11,17,2254.3050703619783,-1264757.3233373181,-7.720597031653307
3,8,11,18,2246.476737873351,-1264187.4634939388,-7.717118373626134
3,8,11,19,2239.4504306645435,-1263674.293110319,-7.713985771294128
3,8,11,20,2233.4235478852206,-1263232.8317896486,-7.711290910470581
3,8,11,21,2228.504210179985,-1262871.612784888,-7.709085881628705
3,8,11,22,2223.788962555764,-1262524.6305608382,-7.706967759930887
3,8,11,23,2219.3156567705705,-1262194.7714326428,-7.704954164627648
3,8,11,24,2215.5780971202394,-1261918.6555883358,-7.703268640354641
3,8,11,25,2212.2858325418297,-1261675.0502191866,-7.701781573345623
3,8,11,26,2208.98432243043,-1261430.3964151992,-7.700288106260677
3,8,11,27,2206.07469300233,-1261214.4790642727,-7.6989700582621525
3,8,11,28,2203.5852967823416,-1261029.5201443378,-7.697840993213958
3,8,11,29,2200.984000038741,-1260836.0237780975,-7.696659812094651
3,8,11,30,2198.593175745624,-1260657.9815275331,-7.695572969230924
3,8,11,31,2196.6128164818374,-1260510.3595249767,-7.694671824028036
3,8,11,32,2194.8970801684222,-1260382.3556808166,-7.693890436104023
3,8,11,33,2193.2175162917283,-1260256.9535549548,-7.693124930134754
3,8,11,34,2191.856261048258,-1260155.2469897063,-7.692504071578517
3,8,11,35,2190.358643298496,-1260043.2790628925,-7.691820573465916
3,8,11,36,2188.8044037035465,-1259926.996877715,-7.69111073935217
3,8,11,37,2187.3317471064265,-1259816.7422083416,-7.690437699665122
3,8,11,38,2186.0143444012706,-1259718.0481450043,-7.689835230655151
3,8,11,39,2184.796813070773,-1259626.7831095636,-7.689278111476068
3,8,11,40,2183.437136168931,-1259524.8028396724,-7.688655582114522
3,8,11,41,2182.0906159774045,-1259423.7467606764,-7.688038694392955
3,8,11,42,2180.822077088959,-1259328.4861001843,-7.687457184281048
3,8,11,43,2179.79937293323,-1259251.645994265,-7.686988120783471
3,8,11,44,2178.675171913973,-1259167.1383912677,-7.6864722517413915
3,8,11,45,2177.5171300668194,-1259080.0413236679,-7.685940575546148
3,8,11,46,2176.5273147726325,-1259005.559959465,-7.68548591077468
3,8,11,47,2175.821438952486,-1258952.4237054973,-7.685161545303861
3,8,11,48,2175.010641990904,-1258891.3680204581,-7.6847888363801955
3,8,11,49,2174.086345709212,-1258821.7376937997,-7.684363784329978
3,8,11,50,2173.2407545671276,-1258758.010554303,-7.683974767753473
3,8,11,51,2172.4119970572456,-1258695.5280000612,-7.683593348635427
3,8,11,52,2171.668907926963,-1258639.4839747236,-7.683251232936487
3,8,11,53,2170.981215561067,-1258587.600903166,-7.682934517404686
3,8,11,54,2170.338247150201,-1258539.0771698314,-7.68263830865014
3,8,11,55,2169.887147815451,-1258505.024888135,-7.682430439567167
3,8,11,56,2169.328583144155,-1258462.8505246686,-7.682172989968431
3,8,11,57,2168.7704269376864,-1258420.696153636,-7.681915662411706
3,8,11,58,2168.319633601868,-1258386.642370876,-7.681707784165624
3,8,11,59,2167.8666811267312,-1258352.4183511722,-7.681498866723472
3,8,11,60,2167.4880347151666,-1258323.8032344033,-7.681324188323504
3,8,11,61,2167.1793558786276,-1258300.4720175806,-7.681181765014288
3,8,11,62,2166.824038045122,-1258273.6115188438,-7.681017797521877
3,8,11,63,2166.626351844908,-1258258.6653860013,-7.680926560201698
3,8,11,64,2166.469165763897,-1258246.780305253,-7.680854008798
3,8,11,65,2166.2421969134616,-1258229.6173206347,-7.680749238906057
3,8,11,66,2165.925517788589,-1258205.6675979882,-7.680603039983812
3,8,11,67,2165.5955967600908,-1258180.7126955972,-7.680450705032459
3,8,11,68,2165.351714774182,-1258162.2632578313,-7.680338082103282
3,8,11,69,2165.166398122827,-1258148.242841897,-7.680252495738493
3,8,11,70,2164.962769298959,-1258132.835606618,-7.68015844366007
3,8,11,71,2164.7947023021575,-1258120.1180059938,-7.680080810213861
3,8,11,72,2164.61980451913,-1258106.882472554,-7.680000015093483
3,8,11,73,2164.40500185987,-1258090.6256414976,-7.6799007767342475
3,8,11,74,2164.209063325175,-1258075.7950899454,-7.679810244969633
3,8,11,75,2164.0454820188115,-1258063.412622595,-7.679734657314273
3,8,11,76,2163.8976896205463,-1258052.2245091824,-7.679666360484827
3,8,11,77,2163.796682080135,-1258044.5776423651,-7.679619680875892
3,8,11,78,2163.665665887427,-1258034.6584116912,-7.679559129826703
3,8,11,79,2163.5561995877997,-1258026.3702619725,-7.679508535564124
3,8,11,80,2163.475735524131,-1258020.277724985,-7.679471344221474
3,8,42,1,4248.01476001855,-1368552.7800545064,-8.354207037496376
3,8,42,2,3230.379077248605,-1323691.397118248,-8.080354770707672
3,8,42,3,2862.243821981408,-1303870.706042462,-7.959361149353311
3,8,42,4,2664.680837755235,-1292154.3267920306,-7.887839568735841
3,8,42,5,2544.734117660023,-1284609.2701925437,-7.841781451094787
3,8,42,6,2465.5492879792146,-1279430.7917704158,-7.810169896532792
3,8,42,7,2411.6445423354558,-1275809.521134131,-7.7880641764792875
3,8,42,8,2372.464224198859,-1273126.2600253685,-7.771684451002152
3,8,42,9,2343.737904315437,-1271130.6335078045,-7.75950232887999
3,8,42,10,2321.8612315904124,-1269594.378386322,-7.750124398021694
3,8,42,11,2304.8706383149743,-1268391.220901536,-7.742779831649754
3,8,42,12,2290.7225528356444,-1267382.563260715,-7.7366225720364
3,8,42,13,2278.320103079118,-1266493.2195393199,-7.731193653485128
3,8,42,14,2267.9400846388444,-1265745.169060306,-7.726627246790948
3,8,42,15,2258.6227592061377,-1265070.7813664367,-7.72251050792619
3,8,42,16,2250.959287934048,-1264514.0111800795,-7.7191117545299575
3,8,42,17,2244.858601854649,-1264069.4243980092,-7.71639781460913
3,8,42,18,2239.406958783212,-1263671.1131074328,-7.713966359253265
3,8,42,19,2234.3084383341934,-1263297.7234242102,-7.711687035602202
3,8,42,20,2229.669875317507,-1262957.277723429,-7.70960881552125
3,8,42,21,2225.8829647081393,-1262678.8132006028,-7.707908953952012
3,8,42,22,2222.8886247419605,-1262458.293508769,-7.706562811378431
3,8,42,23,2220.0991960081847,-1262252.5971909189,-7.705307156754644
3,8,42,24,2217.5509421343486,-1262064.4594200333,-7.704158686697474
3,8,42,25,2215.020181164059,-1261877.3990559129,-7.703016793572745
3,8,42,26,2212.6332325230264,-1261700.7725768613,-7.701938593158552
3,8,42,27,2210.489429516102,-1261541.975596666,-7.700969231312364
3,8,42,28,2208.5248553117067,-1261396.3192632277,-7.700080085359353
3,8,42,29,2206.718704866909,-1261262.2943317664,-7.699261942250858
3,8,42,30,2205.2115450160754,-1261150.371933295,-7.698578722061916
3,8,42,31,2203.7210595116053,-1261039.6125252463,-7.697902601243141
3,8,42,32,2202.281253556931,-1260932.5480055718,-7.6972490355372605
3,8,42,33,2201.021678731287,-1260838.8281237292,-7.696676930969681
3,8,42,34,2199.9500071044,-1260759.047122972,-7.696189915044758
3,8,42,35,2199.048053489333,-1260691.8707189632,-7.695779842744074
3,8,42,36,2198.1725984100517,-1260626.6415378437,-7.6953816570899285
3,8,42,37,2197.225925053083,-1260556.0767213816,-7.694950900530971
3,8,42,38,2196.3556749374907,-1260491.1816504442,-7.694554754422304
3,8,42,39,2195.5246663908415,-1260429.188842297,-7.694176324915131
3,8,42,40,2194.776212559288,-1260373.3344863255,-7.6938353670357325
3,8,42,41,2193.8374130816956,-1260303.2483996085,-7.693407532839335
3,8,42,42,2192.8821497902627,-1260231.9024147193,-7.692972007708156
3,8,42,43,2191.9125358853125,-1260159.452831362,-7.692529745759645
3,8,42,44,2191.1060214953936,-1260099.1656292612,-7.692161727970779
3,8,42,45,2190.322295463807,-1260040.560601096,-7.691803978861015
3,8,42,46,2189.491804153347,-1259978.435696682,-7.691424742984092
3,8,42,47,2188.7821763042043,-1259925.3333110057,-7.691100584259204
3,8,42,48,2188.1623475671777,-1259878.936622855,-7.690817359860179
3,8,42,49,2187.697807578819,-1259844.1553088638,-7.690605040465302
3,8,42,50,2187.164552796612,-1259804.2200338135,-7.690361259179894
3,8,42,51,2186.678502915704,-1259767.8114354233,-7.690139006174142
3,8,42,52,2186.28721804317,-1259738.4955308677,-7.689960049878326
3,8,42,53,2185.8093531013133,-1259702.6857437997,-7.689741452262292
3,8,42,54,2185.356745546257,-1259668.7614509081,-7.689534364475437
3,8,42,55,2185.019071919969,-1259643.4472238556,-7.689379836059088
3,8,42,56,2184.726123288572,-1259621.4827060502,-7.689245755640781
3,8,42,57,2184.4442792381756,-1259600.348000479,-7.68911674073643
3,8,42,58,2184.193749792351,-1259581.5592011006,-7.689002046204892
3,8,42,59,2183.7623733814985,-1259549.2024848894,-7.688804527548527
3,8,42,60,2183.3549548460405,-1259518.6369332992,-7.688617942895073
3,8,42,61,2182.919872816024,-1259485.989699271,-7.688418650798891
3,8,42,62,2182.6721751577174,-1259467.400312452,-7.68830517356334
3,8,42,63,2182.427024511738,-1259448.9999983117,-7.688192850504906
3,8,42,64,2182.1393630000957,-1259427.4063030507,-7.688061033739382
3,8,42,65,2181.848903093744,-1259405.599654092,-7.687927917017214
3,8,42,66,2181.6202740215194,-1259388.4329921496,-7.687823124677379
3,8,42,67,2181.4128818326235,-1259372.8593498562,-7.687728056782342
3,8,42,68,2181.252842980136,-1259360.8405859515,-7.68765468932187
3,8,42,69,2181.0970715124313,-1259349.141451648,-7.687583273011476
3,8,42,70,2180.938434830044,-1259337.2262681352,-7.6875105378481665
3,8,42,71,2180.7871970890346,-1259325.8660112636,-7.687441190184497
3,8,42,72,2180.613793877748,-1259312.8398205813,-7.687361672978105
3,8,42,73,2180.473969087052,-1259302.335313832,-7.68729754916389
3,8,42,74,2180.3245916934584,-1259291.1124119814,-7.687229039971562
3,8,42,75,2180.1495608516902,-1259277.9611576053,-7.687148759325129
3,8,42,76,2180.0280599754337,-1259268.8313517666,-7.687093027248661
3,8,42,77,2179.9219220767127,-1259260.8555327358,-7.687044339580601
3,8,42,78,2179.7764949375774,-1259249.926661078,-7.686977625269069
3,8,42,79,2179.6780832409795,-1259242.530593426,-7.686932476641024
3,8,97,1,4201.0174388736805,-1366730.3245626697,-8.343082022285184
3,8,97,2,3270.654992056398,-1325721.2045624768,-8.092745547214417
3,8,97,3,2932.0574087937885,-1307818.4248604204,-7.983459642894592
3,8,97,4,2761.450609329232,-1297997.9441136108,-7.923511403731081
3,8,97,5,2648.720673785792,-1291170.1971047004,-7.881832037802781
3,8,97,6,2567.1596054464285,-1286046.5760025198,-7.850555354803681
3,8,97,7,2507.2505866523525,-1282178.338527089,-7.826942047950682
3,8,97,8,2459.864155591679,-1279052.6241012616,-7.8078614060974605
3,8,97,9,2421.956828110028,-1276508.511323864,-7.792331099061533
3,8,97,10,2391.836765305426,-1274458.4805090642,-7.779816870812766
3,8,97,11,2367.0949709064816,-1272755.0989374244,-7.769418731610004
3,8,97,12,2347.250427554256,-1271375.9581915261,-7.760999891289777
3,8,97,13,2330.8530024069337,-1270227.5562209482,-7.753989575016776
3,8,97,14,2317.79321727774,-1269307.1130260418,-7.748370812533829
3,8,97,15,2306.472887066348,-1268505.0593048444,-7.743474747917446
3,8,97,16,2296.5856207259494,-1267801.3120415555,-7.739178786208646
3,8,97,17,2288.1204564266,-1267196.3742735104,-7.73548599815348
3,8,97,18,2280.4183001476968,-1266644.0148887585,-7.732114170097906
3,8,97,19,2273.4200699876087,-1266140.5174515552,-7.729040615395048
3,8,97,20,2266.6127877339554,-1265649.2687666714,-7.726041832096202
3,8,97,21,2260.153483938014,-1265181.7659333972,-7.72318800320724
3,8,97,22,2254.4152327837187,-1264765.328432365,-7.720645898034167
3,8,97,23,2248.875087460278,-1264362.2609685191,-7.718185409047463
3,8,97,24,2243.6806377317544,-1263983.441246304,-7.715872938213019
3,8,97,25,2239.157271942396,-1263652.8471197411,-7.713854856178524
3,8,97,26,2234.9196381299766,-1263342.5295091346,-7.711960550307263
3,8,97,27,2230.8723126468944,-1263045.598142796,-7.710147959557039
3,8,97,28,2227.208045233109,-1262776.3047619478,-7.708504082397005
3,8,97,29,2223.792907062921,-1262524.9211337396,-7.706969533706962
3,8,97,30,2220.620438572382,-1262291.053963386,-7.705541912654356
3,8,97,31,2217.5996766830604,-1262068.0595227212,-7.704180663199695
3,8,97,32,2215.110309662375,-1261884.0645435832,-7.703057482441173
3,8,97,33,2212.6312316380518,-1261700.6244379305,-7.701937688857807
3,8,97,34,2210.296379953279,-1261527.6683632617,-7.700881894096192
3,8,97,35,2208.211769843264,-1261373.0946910891,-7.699938313052993
3,8,97,36,2206.2375378188494,-1261226.5709494702,-7.699043872084962
3,8,97,37,2204.3488985210874,-1261086.276973339,-7.698187460158587
3,8,97,38,2202.4998939567304,-1260948.8106958456,-7.6973483096635595
3,8,97,39,2200.8282283657295,-1260824.4295114307,-7.696589035939289
3,8,97,40,2199.0540930992784,-1260692.3206333625,-7.695782589205954
3,8,97,41,2197.414779368876,-1260570.156306356,-7.69503684808783
3,8,97,42,2196.071155580807,-1260469.9592944218,-7.694425204463678
3,8,97,43,2194.9275687122918,-1260384.6311754899,-7.693904326656065
3,8,97,44,2193.892229987973,-1260307.3415808433,-7.693432519295083
3,8,97,45,2192.8836756001815,-1260232.0163980406,-7.692972703509063
3,8,97,46,2191.926294167677,-1260160.481074813,-7.692536022579071
3,8,97,47,2190.8277962843126,-1260078.3630598318,-7.692034740561556
3,8,97,48,2189.718972248738,-1259995.4313475643,-7.691528491402331
3,8,97,49,2188.606805909909,-1259912.2074605757,-7.691020458688869
3,8,97,50,2187.447262505075,-1259825.3932832908,-7.690490509372045
3,8,97,51,2186.4009061989627,-1259747.0138328387,-7.690012049084575
3,8,97,52,2185.618128620892,-1259688.353752872,-7.689653963916052
3,8,97,53,2184.7553008347563,-1259623.6704937723,-7.689259110793648
3,8,97,54,2183.806841473692,-1259552.5382465604,-7.688824890404847
3,8,97,55,2183.02145642884,-1259493.6128072632,-7.68846518537422
3,8,97,56,2182.327636786,-1259441.5396478702,-7.688147309468368
3,8,97,57,2181.6219617826146,-1259388.5597246373,-7.687823898304423
3,8,97,58,2180.860132735215,-1259331.344687054,-7.687474634266823
3,8,97,59,2180.257413707326,-1259286.0649990612,-7.6871982284945375
3,8,97,60,2179.659219357967,-1259241.112852313,-7.686923822168244
3,8,97,61,2179.0112995358895,-1259192.410095867,-7.686626520583258
3,8,97,62,2178.3961143253573,-1259146.1545261915,-7.6863441576292395
3,8,97,63,2177.834438601119,-1259103.9109076164,-7.686086285268938
3,8,97,64,2177.2572453296552,-1259060.488862629,-7.685821219310867
3,8,97,65,2176.70085794631,-1259018.6211395485,-7.685565641570716
3,8,97,66,2176.2261344174635,-1258982.8900969436,-7.685347524643158
3,8,97,67,2175.7235186099424,-1258945.0511888424,-7.685116540440753
3,8,97,68,2175.3061523025235,-1258913.6235570416,-7.6849246932963915
3,8,97,69,2174.8249225569125,-1258877.37953084,-7.6847034449067255
3,8,97,70,2174.4616613832973,-1258850.0150463865,-7.684536400878953
3,8,97,71,2174.171677507706,-1258828.1672634478,-7.684403033058112
3,8,97,72,2173.782473458371,-1258798.839515959,-7.684224004468177
3,8,97,73,2173.361868006099,-1258767.139670004,-7.6840304956170575
3,8,97,74,2172.9647438598495,-1258737.203912693,-7.683847755485991
3,8,97,75,2172.674030193449,-1258715.286053192,-7.683713959889095
3,8,97,76,2172.204809693871,-1258679.9037889263,-7.683497972047458
3,8,97,77,2171.876771002909,-1258655.1630075655,-7.683346944178624
3,8,97,78,2171.5640768658304,-1258631.5760383205,-7.683202959651807
3,8,97,79,2171.1347098156843,-1258599.1827288275,-7.683005217615053
3,8,97,80,2170.738107962078,-1258569.2556756143,-7.682822530617366
3,8,97,81,2170.3965016213365,-1258543.4741279485,-7.682665149484474
3,8,97,82,2170.114649472183,-1258522.1992641718,-7.682535278996995
3,8,97,83,2169.6443573099123,-1258486.694352016,-7.682318542462373
3,8,97,84,2169.1937089123444,-1258452.6652331438,-7.682110814774771
3,8,97,85,2168.818680257855,-1258424.34088148,-7.681937911324168
3,8,97,86,2168.4216491715547,-1258394.3494400678,-7.681754831274526
3,8,97,87,2167.957531138513,-1258359.2833368375,-7.68154077340942
3,8,97,88,2167.6185966982903,-1258333.670646512,-7.681384423050935
3,8,97,89,2167.289545809001,-1258308.8010073819,-7.681232608581468
3,8,97,90,2166.9094177783845,-1258280.066261171,-7.681057199914361
3,8,97,91,2166.6435593468314,-1258259.9664192593,-7.680934502241901
3,8,97,92,2166.4307123951235,-1258243.8726557638,-7.680836259313887
3,8,97,93,2166.2132950249943,-1258227.431681673,-7.680735896870105
3,8,97,94,2165.962517877289,-1258208.466011281,-7.680620122645412
3,8,97,95,2165.681996988522,-1258187.248291396,-7.680490600987669
3,8,97,96,2165.384783659219,-1258164.7650089646,-7.680353353817481
3,8,97,97,2165.063114585207,-1258140.4282464108,-7.680204792245024
3,8,97,98,2164.7813926945837,-1258119.1108280963,-7.680074661987207
3,8,97,99,2164.5797038631254,-1258103.8476717547,-7.679981489425664
3,8,97,100,2164.4192912244266,-1258091.707148339,-7.679907378695237
3,8,97,101,2164.320671528566,-1258084.242858851,-7.679861813613146
3,8,2026,1,4334.334911214753,-1371848.1710101867,-8.374323454425616
3,8,2026,2,3318.775773485936,-1328113.8525309036,-8.107351250982221
3,8,2026,3,2946.5865431514926,-1308628.172666071,-7.98840267535571
3,8,2026,4,2746.670763908146,-1297118.8128075674,-7.918144825948426
3,8,2026,5,2621.8660962532963,-1289500.8393141334,-7.871641593703505
3,8,2026,6,2535.3294775731842,-1284002.7296437372,-7.838078879008993
3,8,2026,7,2469.8699095530437,-1279717.6112263615,-7.811920760037856
3,8,2026,8,2420.136731063827,-1276385.3575565445,-7.79157931799424
3,8,2026,9,2381.962650645134,-1273780.80634096,-7.775680069962397
3,8,2026,10,2351.196252593206,-1271651.1084573686,-7.762679521276118
3,8,2026,11,2326.67278770797,-1269933.500421428,-7.752194537904892
3,8,2026,12,2306.608504576413,-1268514.6911826064,-7.743533544846696
3,8,2026,13,2290.307931626516,-1267352.909850457,-7.736441555467457
3,8,2026,14,2276.714037662209,-1266377.6993411786,-7.730488470852533
3,8,2026,15,2264.765397559121,-1265515.6970040542,-7.725226455316051
3,8,2026,16,2254.287334933638,-1264756.0345328897,-7.720589164262891
3,8,2026,17,2245.856517611724,-1264142.2299828674,-7.7168422497367
3,8,2026,18,2238.567149240309,-1263609.66824939,-7.713591274658093
3,8,2026,19,2232.158923486451,-1263140.0484999546,-7.710724523245315
3,8,2026,20,2226.430207314939,-1262719.0830971098,-7.7081547779039274
3,8,2026,21,2221.8585271766265,-1262382.3627707467,-7.706099299035178
3,8,2026,22,2217.6148538360217,-1262069.1806682588,-7.704187507131531
3,8,2026,23,2213.8850866636863,-1261793.429481718,-7.702504208878974
3,8,2026,24,2210.440983271959,-1261538.3852800631,-7.700947314548415
3,8,2026,25,2207.1778984488938,-1261296.3790704263,-7.699470009464438
3,8,2026,26,2204.2906136196,-1261081.9454786018,-7.698161018939553
3,8,2026,27,2201.605556153283,-1260882.2787541004,-7.6969421714246495
3,8,2026,28,2199.26189645586,-1260707.7999735319,-7.695877081442178
3,8,2026,29,2197.192910291889,-1260553.615260004,-7.694935874761953
3,8,2026,30,2195.131363252205,-1260399.8404503046,-7.693997170302684
3,8,2026,31,2193.4725180670534,-1260275.9990633207,-7.693241191723157
3,8,2026,32,2192.288167379177,-1260187.5238313524,-7.692701102647802
3,8,2026,33,2191.092082181635,-1260098.1234661418,-7.6921553661799935
3,8,2026,34,2189.588957828183,-1259985.7044945254,-7.691469114705068
3,8,2026,35,2188.0913328098177,-1259873.6200418968,-7.690784905271139
3,8,2026,36,2186.648264112146,-1259765.5460662397,-7.69012517743224
3,8,2026,37,2185.255848097958,-1259661.1979270133,-7.689488193625857
3,8,2026,38,2184.1152920330082,-1259575.6747107026,-7.688966124863888
3,8,2026,39,2183.004133229165,-1259492.3128527761,-7.688457249919276
3,8,2026,40,2181.884366996212,-1259408.262307507,-7.687944170944883
3,8,2026,41,2180.8396409523248,-1259329.8054330566,-7.687465238029597
3,8,2026,42,2179.7942556020025,-1259251.2614168003,-7.686985773165016
3,8,2026,43,2178.8925949703794,-1259183.4857562857,-7.686572042757031
3,8,2026,44,2178.105032448158,-1259124.2636246355,-7.686210526594689
3,8,2026,45,2177.4752090537863,-1259076.8875488106,-7.685921323611922
3,8,2026,46,2176.887989263986,-1259032.70382169,-7.685651608033953
3,8,2026,47,2176.1703636970256,-1258978.6918873624,-7.685321897051341
3,8,2026,48,2175.4736943808084,-1258926.240179384,-7.685001710329784
3,8,2026,49,2174.7749137538335,-1258873.612636232,-7.684680450238267
3,8,2026,50,2174.010239749526,-1258816.0030585872,-7.68432877776644
3,8,2026,51,2173.373162135212,-1258767.9909567935,-7.684035692220501
3,8,2026,52,2172.732834634506,-1258719.7197500202,-7.683741024991577
3,8,2026,53,2172.0462591879104,-1258667.946326393,-7.683424978795679
3,8,2026,54,2171.3028041519387,-1258611.8652564231,-7.683082636961122
3,8,2026,55,2170.6391815510297,-1258561.7899669812,-7.68277695687223
3,8,2026,56,2170.0569044279796,-1258517.8401912437,-7.6825086694293825
3,8,2026,57,2169.572463608129,-1258481.2660274412,-7.682285405744501
3,8,2026,58,2169.1136147262423,-1258446.6164642517,-7.682073890610512
3,8,2026,59,2168.689569092127,-1258414.588519748,-7.681878378911389
3,8,2026,60,2168.313847997404,-1258386.2052693386,-7.681705115918705
3,8,2026,61,2167.904193621993,-1258355.2529783247,-7.681516170449313
3,8,2026,62,2167.526276624247,-1258326.6934839517,-7.681341831591247
3,8,2026,63,2167.198013491889,-1258301.8823311336,-7.681190374146198
3,8,2026,64,2166.8585867687275,-1258276.223446941,-7.681033741801418
3,8,2026,65,2166.5697524824345,-1258254.3859207104,-7.6809004365917275
3,8,2026,66,2166.349001487531,-1258237.6939183602,-7.680798541768571
3,8,2026,67,2166.033413213184,-1258213.8278770493,-7.680652853671493
3,8,2026,68,2165.667867047085,-1258186.1794742562,-7.68048407648982
3,8,2026,69,2165.3969687291333,-1258165.6868330264,-7.680358981009342
3,8,2026,70,2165.1016460069613,-1258143.3436381964,-7.680222588991285
3,8,2026,71,2164.8581118961956,-1258124.9163150054,-7.6801101010585375
3,8,2026,72,2164.5900205709454,-1258104.6284412397,-7.67998625556258
3,8,2026,73,2164.350498743915,-1258086.500445495,-7.679875594847236
3,8,2026,74,2164.1847808446814,-1258073.9570599657,-7.6797990248813655
3,8,2026,75,2163.9587288065723,-1258056.8453627098,-7.679694568068503
3,8,2026,76,2163.7743040482433,-1258042.883445004,-7.679609338800875
3,8,2026,77,2163.6161540133585,-1258030.9097133165,-7.679536246235511
3,8,2026,78,2163.45496260363,-1258018.7048147712,-7.67946174253291
3,8,2026,79,2163.2893780942986,-1258006.1663378666,-7.679385202531295
3,8,2026,80,2163.1925600974923,-1257998.8345901815,-7.679340446538687
3,8,31415,1,4446.555914559035,-1376035.5814273965,-8.399885123720495
3,8,31415,2,3447.2710335794804,-1334336.7213026905,-8.145338192256498
3,8,31415,3,3061.7041421427944,-1314906.3018981954,-8.026726949127042
3,8,31415,4,2855.042401418898,-1303458.0247497421,-7.956841973615167
3,8,31415,5,2723.8079985995278,-1295749.53281203,-7.909786179689591
3,8,31415,6,2631.8793275972166,-1290125.281254003,-7.875453443216799
3,8,31415,7,2562.675967605037,-1285760.2152437002,-7.84880729137386
3,8,31415,8,2508.792722796166,-1282279.0659598121,-7.827556929480711
3,8,31415,9,2465.822210545526,-1279448.9242851462,-7.810280584833875
3,8,31415,10,2429.7628689549024,-1277035.6462658218,-7.795548946780667
3,8,31415,11,2399.497077676533,-1274982.2940614976,-7.783014443409054
3,8,31415,12,2375.4352236358654,-1273331.2758698042,-7.772935951737341
3,8,31415,13,2354.9821538038827,-1271914.6731899208,-7.764288428419207
3,8,31415,14,2337.1576238549337,-1270670.056711114,-7.756690779356803
3,8,31415,15,2321.773701234104,-1269588.2026756736,-7.7500866989529325
3,8,31415,16,2308.732596301022,-1268665.4753725156,-7.744453993337132
3,8,31415,17,2297.230542016222,-1267847.3079730594,-7.739459564224858
3,8,31415,18,2286.3883983698925,-1267072.3221205107,-7.734728732971814
3,8,31415,19,2276.8480989268305,-1266387.3451435077,-7.730547352783048
3,8,31415,20,2268.3205588918177,-1265772.6488615207,-7.726794994759491
3,8,31415,21,2260.794921669668,-1265228.250765661,-7.723471765674055
3,8,31415,22,2254.2712958148095,-1264754.8689877542,-7.720582049297714
3,8,31415,23,2248.058545840856,-1264302.7703936943,-7.7178222541979675
3,8,31415,24,2242.536826501095,-1263899.9078081166,-7.715363015872177
3,8,31415,25,2237.5239693759995,-1263533.3116466235,-7.71312516266191
3,8,31415,26,2232.9226547775597,-1263196.0884195894,-7.711066613881363
3,8,31415,27,2228.9892209617883,-1262907.2617556707,-7.709303497556226
3,8,31415,28,2225.35262048905,-1262639.7773565804,-7.707670663162209
3,8,31415,29,2221.815025040469,-1262379.155358747,-7.706079719677852
3,8,31415,30,2218.806330009057,-1262157.1718022681,-7.704724641074548
3,8,31415,31,2216.302789755744,-1261972.2293430762,-7.703595676509475
3,8,31415,32,2213.8637083824333,-1261791.847592282,-7.7024945523775585
3,8,31415,33,2211.505548117591,-1261617.261294001,-7.701428806062906
3,8,31415,34,2209.2836136421065,-1261452.5900394502,-7.700423585238623
3,8,31415,35,2207.1634496220104,-1261295.306679853,-7.699463463152885
3,8,31415,36,2205.1430654903975,-1261145.2847949716,-7.698547668084751
3,8,31415,37,2203.3472682545553,-1261011.823989123,-7.69773296863019
3,8,31415,38,2201.8353879140823,-1260899.3790718925,-7.697046558772602
3,8,31415,39,2200.49093198511,-1260799.3213372752,-7.696435765354271
3,8,31415,40,2199.2482838610185,-1260706.786011647,-7.695870891803285
3,8,31415,41,2198.195652198011,-1260628.3595828814,-7.6953921447409375
3,8,31415,42,2197.2285882721817,-1260556.2752797685,-7.694952112612739
3,8,31415,43,2196.135945885015,-1260474.7922580002,-7.6944547068540325
3,8,31415,44,2195.004638384116,-1260390.3830845242,-7.6939394386660895
3,8,31415,45,2193.9583414059994,-1260312.2779878061,-7.69346265314625
3,8,31415,46,2192.879112161675,-1260231.6754930357,-7.692970622485201
3,8,31415,47,2191.915743981024,-1260159.6925932202,-7.6925312093642875
3,8,31415,48,2191.1579125544413,-1260103.0451699996,-7.692185410277382
3,8,31415,49,2190.381270938256,-1260044.9713657945,-7.6918309039763795
3,8,31415,50,2189.5472477873136,-1259982.5838918611,-7.691450065267502
3,8,31415,51,2188.7211875683242,-1259920.7686402667,-7.691072719638294
3,8,31415,52,2188.048799271651,-1259870.4356493142,-7.690765466433769
3,8,31415,53,2187.460901842362,-1259826.4147180698,-7.690496744628546
3,8,31415,54,2186.998672388156,-1259791.7953191397,-7.690285413629558
3,8,31415,55,2186.5147518341696,-1259755.5434904126,-7.690064117610079
3,8,31415,56,2186.1583447279368,-1259728.8389161832,-7.689901101944763
3,8,31415,57,2185.8006042243223,-1259702.030055828,-7.689737449674195
3,8,31415,58,2185.41811147387,-1259673.361422825,-7.689562444589203
3,8,31415,59,2184.921282710293,-1259636.1155735927,-7.689335080661185
3,8,31415,60,2184.5494513557333,-1259608.2348855035,-7.6891648855148675
3,8,31415,61,2184.1277645569,-1259576.6101893138,-7.688971835408713
3,8,31415,62,2183.784685414537,-1259550.8762243844,-7.688814744740346
3,8,31415,63,2183.468774779035,-1259527.1765617807,-7.688670072287083
3,8,31415,64,2183.17779848297,-1259505.3444431575,-7.688536800087644
3,8,31415,65,2182.802970133182,-1259477.2165679543,-7.688365096009878
3,8,31415,66,2182.291735768902,-1259438.844722831,-7.688130858541479
3,8,31415,67,2181.9253431587103,-1259411.3387711851,-7.687962950939989
3,8,31415,68,2181.472997916782,-1259377.3737821446,-7.687755614727161
3,8,31415,69,2181.1291130058935,-1259351.5479794487,-7.687597963443428
3,8,31415,70,2180.800053074639,-1259326.8317221468,-7.687447085279501
3,8,31415,71,2180.46422848392,-1259301.6035141272,-7.6872930819585825
3,8,31415,72,2180.147131644365,-1259277.7786273533,-7.687147645085664
3,8,31415,73,2179.8230695918905,-1259253.426832806,-7.686998991751759
3,8,31415,74,2179.541677710168,-1259232.2785714276,-7.686869894097204
3,8,31415,75,2179.2548113361504,-1259210.7160588799,-7.686738267683742
3,8,31415,76,2178.9527096479574,-1259188.0053045186,-7.686599631931671
3,8,31415,77,2178.636230516884,-1259164.2103361823,-7.686454377693157
3,8,31415,78,2178.350005346926,-1259142.6870813584,-7.68632299092493
3,8,31415,79,2178.1126239865425,-1259124.8345857537,-7.686214011975348
3,8,31415,80,2177.787052615103,-1259100.346510342,-7.686064526727194
3,8,31415,81,2177.320765208962,-1259065.2680042698,-7.685850393150058
3,8,31415,82,2177.0315071489813,-1259043.5035279668,-7.685717533867063
3,8,31415,83,2176.746716888866,-1259022.072394401,-7.685586709444749
3,8,31415,84,2176.466586852309,-1259000.989217938,-7.685458009095192
3,8,31415,85,2176.33042941423,-1258990.7407423945,-7.685395448200386
3,8,31415,86,2176.158138314888,-1258977.771592307,-7.685316279193161
3,8,31415,87,2175.975489878694,-1258964.021676152,-7.685232344069884
3,8,31415,88,2175.8582897734627,-1258955.198153281,-7.685178481670172
3,8,31415,89,2175.690505369279,-1258942.5655154486,-7.685101366871664
3,8,31415,90,2175.4821720799237,-1258926.8785599149,-7.68500560726617
3,8,31415,91,2175.2534666419824,-1258909.6559046367,-7.684900473120066
3,8,31415,92,2174.9920413793047,-1258889.9670660167,-7.684780284380138
3,8,31415,93,2174.766315953775,-1258872.9650013943,-7.6846764968098
3,8,31415,94,2174.5533940184237,-1258856.9257023244,-7.684578586354961
3,8,31415,95,2174.433570820172,-1258847.8987922836,-7.684523482396614
3,8,31415,96,2174.302127507655,-1258837.9959059353,-7.684463031119886
3,8,31415,97,2174.1766477477154,-1258828.5417526911,-7.68440531909393
3,8,31415,98,2173.9630875134353,-1258812.4500051867,-7.684307088472352
3,8,31415,99,2173.810563107003,-1258800.9563350088,-7.684236926399184
3,8,31415,100,2173.670585540541,-1258790.4074381872,-7.684172531609777
3,8,31415,101,2173.498077621783,-1258777.4060759563,-7.684093165966428
3,8,31415,102,2173.3365038141947,-1258765.2278463135,-7.684018825061737
3,8,31415,103,2173.2522193196714,-1258758.8747498344,-7.683980043157167
3,9,11,1,4512.386300435488,-1378443.067563409,-8.414581405744304
3,9,11,2,3404.3469322922842,-1332284.1414285193,-8.13280840350466
3,9,11,3,3027.446336649046,-1313063.0116408288,-8.015474749968433
3,9,11,4,2819.007236500534,-1301377.247766893,-7.944140058156059
3,9,11,5,2682.5890395278498,-1293251.5824073132,-7.89453766669503
3,9,11,6,2584.906797467227,-1287175.166078744,-7.857444731154124
3,9,11,7,2513.6211908195082,-1282594.0461964102,-7.829479697931888
3,9,11,8,2458.9811578181216,-1278993.8098244912,-7.807502379648454
3,9,11,9,2416.0962367784764,-1276111.6330398591,-7.789908391365063
3,9,11,10,2382.161411799496,-1273794.4752785675,-7.775763510759434
3,9,11,11,2355.9084768651105,-1271979.0969061353,-7.764681697185472
3,9,11,12,2333.715218404166,-1270428.5938357727,-7.755216791008038
3,9,11,13,2315.607632712589,-1269152.5683366135,-7.74742740841318
3,9,11,14,2301.2484140810875,-1268133.573020243,-7.741207043391629
3,9,11,15,2288.723767674735,-1267239.5621257324,-7.735749634502933
3,9,11,16,2277.669293327508,-1266446.418266657,-7.730907959336433
3,9,11,17,2268.3934849714337,-1265777.9154304708,-7.726827144054737
3,9,11,18,2260.4538148773554,-1265203.5324837652,-7.723320875151177
3,9,11,19,2253.34034399489,-1264687.2035286657,-7.720168991604396
3,9,11,20,2247.082343493363,-1264231.6190904502,-7.717387917483336
3,9,11,21,2241.6502417545667,-1263835.1305066708,-7.714967588676752
3,9,11,22,2236.6992100228244,-1263472.9173505355,-7.7127564911274575
3,9,11,23,2232.351920221196,-1263154.2117327142,-7.7108109814225365
3,9,11,24,2228.0735018312635,-1262839.9486140227,-7.708892590552954
3,9,11,25,2224.162220891576,-1262552.1244271875,-7.707135593758775
3,9,11,26,2220.7563310718124,-1262301.0784971502,-7.705603106516764
3,9,11,27,2217.483435650757,-1262059.472472391,-7.704128244325286
3,9,11,28,2214.624747336899,-1261848.151389769,-7.70283825383216
3,9,11,29,2211.9435766687993,-1261649.7047937927,-7.701626854481813
3,9,11,30,2209.25792810588,-1261450.6854735373,-7.70041195898775
3,9,11,31,2206.9502986477405,-1261279.4858188515,-7.699366886133537
3,9,11,32,2205.102096551612,-1261142.241260007,-7.698529089100009
3,9,11,33,2203.3271749461633,-1261010.3300709997,-7.697723849141718
3,9,11,34,2201.6230716000055,-1260883.5820297932,-7.6969501271535945
3,9,11,35,2200.362955765353,-1260789.793844222,-7.696377605632064
3,9,11,36,2199.2368851068227,-1260705.9369473688,-7.695865708766963
3,9,11,37,2197.924652022002,-1260608.1626083597,-7.695268854131219
3,9,11,38,2196.6718660620927,-1260514.763184989,-7.694698705773484
3,9,11,39,2195.564340028813,-1260432.1490085195,-7.694194394982905
3,9,11,40,2194.642409019338,-1260363.3472134783,-7.693774400629232
3,9,11,41,2193.6297853777423,-1260287.7439007997,-7.693312887024464
3,9,11,42,2192.6119279648356,-1260211.7146512312,-7.692848773326361
3,9,11,43,2191.50158142346,-1260128.736629553,-7.692342241475514
3,9,11,44,2190.3522955821586,-1260042.8043191745,-7.691817675435699
3,9,11,45,2189.3110954995177,-1259964.914663865,-7.691342205058511
3,9,11,46,2188.294547693982,-1259888.833439617,-7.690877774085663
3,9,11,47,2187.4556737059916,-1259826.0231895125,-7.6904943545777735
3,9,11,48,2186.6700399431465,-1259767.1774268146,-7.690135135925762
3,9,11,49,2185.978637184125,-1259715.3722882457,-7.6898188961288625
3,9,11,50,2185.3091121355,-1259665.1907753767,-7.689512567608639
3,9,11,51,2184.5466378915685,-1259608.0239080216,-7.689163597621854
3,9,11,52,2183.91276118641,-1259560.483511019,-7.688873391555275
3,9,11,53,2183.22300924838,-1259508.7368237807,-7.688557508569253
3,9,11,54,2182.683873266844,-1259468.2782877758,-7.6883105330845325
3,9,11,55,2182.183476279202,-1259430.7179100038,-7.688081249145406
3,9,11,56,2181.7126277431466,-1259395.3676073188,-7.687865456410355
3,9,11,57,2181.328188559836,-1259366.4990763708,-7.6876892310663845
3,9,11,58,2180.9313452235983,-1259336.6937483544,-7.6875072871291845
3,9,11,59,2180.4270166936776,-1259298.807807338,-7.687276015818589
3,9,11,60,2179.8958251649847,-1259258.8943995235,-7.687032368019751
3,9,11,61,2179.424183292826,-1259223.447364169,-7.686815984788842
3,9,11,62,2179.054941343046,-1259195.6910126251,-7.686646548643753
3,9,11,63,2178.7863193572807,-1259175.495426488,-7.686523266509304
3,9,11,64,2178.427867797411,-1259148.5423788105,-7.686358734060229
3,9,11,65,2178.004405373499,-1259116.695254235,-7.686164326160052
3,9,11,66,2177.5553661520867,-1259082.9178234504,-7.685958134879685
3,9,11,67,2177.146059509314,-1259052.123070545,-7.68577015108747
3,9,11,68,2176.6941801310018,-1259018.1185740873,-7.685562573705177
3,9,11,69,2176.3626946366435,-1258993.1693811817,-7.685410273606862
3,9,11,70,2176.176871910837,-1258979.1818067075,-7.685324887719805
3,9,11,71,2175.909657264327,-1258959.065462837,-7.685202089312625
3,9,11,72,2175.6305928414663,-1258938.054411609,-7.685073829245061
3,9,11,73,2175.3348197668033,-1258915.7824064428,-7.684937871797888
3,9,11,74,2175.0409485133678,-1258893.6506109887,-7.684802770248258
3,9,11,75,2174.764147296153,-1258872.801645455,-7.6846754996182
3,9,11,76,2174.4085394711765,-1258846.012986654,-7.684511970666199
3,9,11,77,2174.0954188226447,-1258822.421345602,-7.684367957620758
3,9,11,78,2173.791194435016,-1258799.4967264489,-7.68422801635035
3,9,11,79,2173.4511391217693,-1258773.8682948896,-7.684071569900923
3,9,11,80,2173.235659829435,-1258757.626519296,-7.683972423446404
3,9,11,81,2172.9844926941705,-1258738.6927359016,-7.683856843873014
3,9,11,82,2172.759591122055,-1258721.7370775563,-7.683753339585611
3,9,11,83,2172.5142182262557,-1258703.2360540975,-7.683640401756223
3,9,11,84,2172.269205884671,-1258684.7601311924,-7.6835276171509035
3,9,11,85,2172.015665854058,-1258665.638957085,-7.683410893667805
3,9,11,86,2171.7421054831984,-1258645.00540976,-7.683284938038775
3,9,11,87,2171.489626982085,-1258625.9596757386,-7.683168675072878
3,9,11,88,2171.324590496694,-1258613.508939626,-7.6830926706770155
3,9,11,89,2171.0809455493227,-1258595.126068469,-7.6829804540977005
3,9,11,90,2170.921848593265,-1258583.121181231,-7.6829071713460895
3,9,11,91,2170.749662495035,-1258570.1276427698,-7.682827853462237
3,9,11,92,2170.573807964389,-1258556.8562125233,-7.682746839213039
3,9,11,93,2170.396581623856,-1258543.480166335,-7.682665186345258
3,9,11,94,2170.2946585839363,-1258535.7870945237,-7.682618224682105
3,9,11,95,2170.153876323092,-1258525.1603647445,-7.682553354768426
3,9,11,96,2170.0480150145377,-1258517.1691345852,-7.682504573024523
3,9,11,97,2169.8639124224705,-1258503.2707187904,-7.682419731398584
3,9,11,98,2169.7249337665166,-1258492.778053094,-7.682355679867009
3,9,11,99,2169.539142736833,-1258478.7500783957,-7.682270047360427
3,9,11,100,2169.273932850142,-1258458.7235770943,-7.682147797389109
3,9,11,101,2169.0574191864125,-1258442.372404494,-7.682047983130428
3,9,11,102,2168.854586313363,-1258427.0529282514,-7.6819544667691275
3,9,11,103,2168.628502980471,-1258409.9757124872,-7.681850220445422
3,9,11,104,2168.4001213293727,-1258392.7230854784,-7.681744903339591
3,9,11,105,2168.149322161266,-1258373.7748792588,-7.681629235723365
3,9,11,106,2167.8367532645952,-1258350.156820725,-7.681485061414788
3,9,11,107,2167.3082271851254,-1258310.2130453477,-7.681241228239902
3,9,11,108,2166.6774794364014,-1258262.531035794,-7.6809501577122745
3,9,11,109,2166.017937521973,-1258212.6574542513,-7.680645708931065
3,9,11,110,2165.448608824702,-1258169.5934483719,-7.680382828590442
3,9,11,111,2165.0256231087296,-1258137.5914898994,-7.680187475520703
3,9,11,112,2164.6867203399543,-1258111.9465085801,-7.680030928044758
3,9,11,113,2164.334574337956,-1258085.2951499177,-7.679868237229073
3,9,11,114,2163.9621670706483,-1258057.1056459644,-7.679696156944159
3,9,11,115,2163.5899679534805,-1258028.927050386,-7.679524143248438
3,9,11,116,2163.1335637752154,-1257994.366807932,-7.679313173364824
3,9,11,117,2162.688743382546,-1257960.6767057835,-7.679107515174241
3,9,11,118,2162.3664730545506,-1257936.2640527622,-7.678958490335267
3,9,11,119,2162.176496166244,-1257921.871200534,-7.678870630466707
3,9,11,120,2161.977769945436,-1257906.814136143,-7.678778715974893
3,9,11,121,2161.855944591232,-1257897.5830030574,-7.678722365355383
3,9,11,122,2161.6708920284955,-1257883.5599280165,-7.678636762758317
3,9,11,123,2161.5060322048876,-1257871.066024875,-7.67856049485322
3,9,11,124,2161.3634970870826,-1257860.263231634,-7.678494550176014
3,9,11,125,2161.1148941313168,-1257841.4198098,-7.6783795222066225
3,9,11,126,2160.88631119709,-1257824.0919377292,-7.678273745774095
3,9,11,127,2160.718567859838,-1257811.3748831542,-7.678196115661194
3,9,11,128,2160.562968298923,-1257799.5775968777,-7.6781241001909315
3,9,11,129,2160.4600769788563,-1257791.7760904683,-7.678076476598552
3,9,11,130,2160.2531112694264,-1257776.0822486395,-7.67798067495629
3,9,11,131,2160.0845939056017,-1257763.302765937,-7.677902663756513
3,9,11,132,2159.9406452024127,-1257752.3856534364,-7.677836021227697
3,9,11,133,2159.737210577042,-1257736.9558701392,-7.677741831506929
3,9,11,134,2159.557915474258,-1257723.3557776622,-7.677658810968784
3,9,11,135,2159.4138123354396,-1257712.4242868884,-7.677592080669095
3,9,11,136,2159.2687638502184,-1257701.4203465688,-7.677524908107687
3,9,11,137,2159.1869584436868,-1257695.2139453273,-7.6774870216909665
3,9,42,1,4505.793880699841,-1378203.5638049806,-8.413119376648073
3,9,42,2,3371.5528864142875,-1330698.4534728387,-8.123128714367576
3,9,42,3,2964.5204216638235,-1309622.1879237767,-7.994470551861703
3,9,42,4,2749.125549955107,-1297265.1549333837,-7.919038158259167
3,9,42,5,2618.3662849840516,-1289282.0226180723,-7.870305846914052
3,9,42,6,2528.9410551095075,-1283589.431672126,-7.835555938810165
3,9,42,7,2464.991999912063,-1279393.760257214,-7.809943840999744
3,9,42,8,2417.143365251913,-1276182.6149959848,-7.790341694315481
3,9,42,9,2381.229492648974,-1273730.3767098915,-7.775372226826998
3,9,42,10,2353.8597434981994,-1271836.5780768853,-7.763811703843857
3,9,42,11,2332.5198084850126,-1270344.6600971282,-7.754704425069153
3,9,42,12,2314.8784979311035,-1269100.9780970658,-7.747112480447977
3,9,42,13,2300.095992927653,-1268051.5165554713,-7.740706137101817
3,9,42,14,2286.9831312482715,-1267114.928220244,-7.734988818065658
3,9,42,15,2275.516134519906,-1266291.4841463107,-7.729962177969861
3,9,42,16,2265.635301071271,-1265578.6071636525,-7.725610484712437
3,9,42,17,2257.015757704402,-1264954.1854218605,-7.721798758496488
3,9,42,18,2249.3843710299934,-1264399.3547815296,-7.718411844884075
3,9,42,19,2242.58859388761,-1263903.6893416948,-7.715386099902908
3,9,42,20,2236.706160743256,-1263473.4264209748,-7.712759598702048
3,9,42,21,2231.5559474347842,-1263095.790688541,-7.71045435542646
3,9,42,22,2226.839953729466,-1262749.228593073,-7.708338798365685
3,9,42,23,2222.835904827124,-1262454.408263288,-7.706539094247741
3,9,42,24,2219.4287029531033,-1262203.1155822226,-7.705005100736329
3,9,42,25,2216.282578555826,-1261970.73544385,-7.703586557136361
3,9,42,26,2213.068200897027,-1261732.973022579,-7.702135157875781
3,9,42,27,2210.4332991596184,-1261537.8158087474,-7.70094383826212
3,9,42,28,2208.121404029559,-1261366.3907738088,-7.699897389594477
3,9,42,29,2205.980495185442,-1261207.4840885005,-7.698927358063318
3,9,42,30,2203.932770395784,-1261055.349528,-7.6979986663573765
3,9,42,31,2201.948864020093,-1260907.8214481412,-7.697098094497126
3,9,42,32,2200.0534420959725,-1260766.7490744719,-7.69623693091317
3,9,42,33,2198.368040465826,-1260641.2059594924,-7.695470564288545
3,9,42,34,2196.8548314480818,-1260528.407193437,-7.694781994392715
3,9,42,35,2195.146489745544,-1260400.9692907634,-7.6940040612074725
3,9,42,36,2193.491234769518,-1260277.396884458,-7.6932497245962415
3,9,42,37,2191.9601200619422,-1260163.009070373,-7.6925514545000055
3,9,42,38,2190.413082061485,-1260047.3504644434,-7.6918454269695475
3,9,42,39,2188.8900530591545,-1259933.4069801006,-7.691149869244155
3,9,42,40,2187.3913590409306,-1259821.206668572,-7.690464952560019
3,9,42,41,2186.0388871772325,-1259719.8873263565,-7.689846457771869
3,9,42,42,2184.9529611658695,-1259638.4906707187,-7.689349579227418
3,9,42,43,2184.0417478681557,-1259570.1585578718,-7.688932452006347
3,9,42,44,2183.0833156361796,-1259498.2547150685,-7.688493521481837
3,9,42,45,2182.3725128017327,-1259444.9082226367,-7.688167872629271
3,9,42,46,2181.7065481408013,-1259394.9111138682,-7.6878626697872505
3,9,42,47,2181.007755149429,-1259342.4330161999,-7.687542321972212
3,9,42,48,2180.295813497963,-1259288.950183475,-7.687215840842621
3,9,42,49,2179.6319551402407,-1259239.0637507907,-7.686911313612777
3,9,42,50,2179.0249417642995,-1259193.4357024317,-7.686632781306049
3,9,42,51,2178.3505888211353,-1259142.7309597058,-7.686323258776345
3,9,42,52,2177.6934481837175,-1259093.305310855,-7.6860215443598605
3,9,42,53,2176.941668344929,-1259036.74325043,-7.685676266362444
3,9,42,54,2176.357071581392,-1258992.7461302173,-7.685407689909517
3,9,42,55,2175.871693375327,-1258956.2072804333,-7.6851846417958765
3,9,42,56,2175.5148799636268,-1258929.341478006,-7.685020641927565
3,9,42,57,2175.035158108022,-1258893.2144985995,-7.6848001080395045
3,9,42,58,2174.541445837469,-1258856.0256055072,-7.684573091795107
3,9,42,59,2174.05366394615,-1258819.2751255815,-7.684348751804351
3,9,42,60,2173.61147880103,-1258785.952871174,-7.684145339107133
3,9,42,61,2173.1246335144556,-1258749.2572698132,-7.683921334117628
3,9,42,62,2172.781119280684,-1258723.3601928689,-7.683763247746672
3,9,42,63,2172.377634829441,-1258692.9368123687,-7.6835775309638175
3,9,42,64,2171.9016747790906,-1258657.0413892786,-7.68335841059041
3,9,42,65,2171.636315070679,-1258637.0253718528,-7.683236224616965
3,9,42,66,2171.2473522416785,-1258607.681581023,-7.6830570980919015
3,9,42,67,2170.8112705136,-1258574.7768366085,-7.682856234046787
3,9,42,68,2170.424242567226,-1258545.567930508,-7.68267793091339
3,9,42,69,2169.968595610353,-1258511.1736878925,-7.682467974360822
3,9,42,70,2169.6055008651606,-1258483.7605235612,-7.682300633171126
3,9,42,71,2169.2745662272578,-1258458.7714075176,-7.682148089365615
3,9,42,72,2169.001262510796,-1258438.1311700395,-7.68202209289715
3,9,42,73,2168.722578607655,-1258417.0819359196,-7.681893599745566
3,9,42,74,2168.4829411790197,-1258398.979752442,-7.68178309659888
3,9,42,75,2168.26762039578,-1258382.712739177,-7.681683796083271
3,9,42,76,2168.0463337926394,-1258365.9933380478,-7.681581734006738
3,9,42,77,2167.8124076121526,-1258348.3170928075,-7.681473830961613
3,9,42,78,2167.601685157113,-1258332.3925656537,-7.6813766211215855
3,9,42,79,2167.3831222355243,-1258315.873890187,-7.681275784356759
3,9,42,80,2167.1134037198613,-1258295.4866511365,-7.681151332294382
3,9,42,81,2166.8537207084732,-1258275.8555690248,-7.681031496123851
3,9,42,82,2166.686071960156,-1258263.180689512,-7.680954123464814
3,9,42,83,2166.5021438968424,-1258249.2739039597,-7.6808692307464455
3,9,42,84,2166.303361281724,-1258234.2426394073,-7.68077747374742
3,9,42,85,2166.085379042132,-1258217.7579789895,-7.680676844624393
3,9,42,86,2165.9312079620026,-1258206.0979637676,-7.680605667112904
3,9,42,87,2165.794443384077,-1258195.7537139659,-7.680542521572776
3,9,42,88,2165.6810585208245,-1258187.1773040313,-7.680490167651703
3,9,42,89,2165.565913678545,-1258178.4673100696,-7.6804369982789815
3,9,42,90,2165.462464443463,-1258170.6416213796,-7.68038922706805
3,9,42,91,2165.3626665189927,-1258163.0917913571,-7.6803431398114785
3,9,97,1,4386.103103253593,-1373793.155368835,-8.3861964360553
3,9,97,2,3337.667255678552,-1329043.6990998131,-8.113027415513827
3,9,97,3,2982.602277513054,-1310618.3356661885,-8.000551445928288
3,9,97,4,2801.794411817423,-1300373.922946268,-7.93801535226271
3,9,97,5,2684.212533645135,-1293350.6933272171,-7.8951426803683225
3,9,97,6,2601.9208537228565,-1288249.8825812903,-7.864005241132065
3,9,97,7,2540.816344286955,-1284356.8711279202,-7.840240703764713
3,9,97,8,2491.37280744632,-1281137.6347887625,-7.820589165824844
3,9,97,9,2452.533690145818,-1278563.7189040326,-7.804876928407681
3,9,97,10,2421.340244155426,-1276466.8015892988,-7.7920764857480265
3,9,97,11,2394.9983003095253,-1274674.8698713207,-7.781137800161893
3,9,97,12,2372.329939858653,-1273116.987579517,-7.771627848192589
3,9,97,13,2353.189581909714,-1271789.9317879125,-7.763526955779121
3,9,97,14,2337.107132717462,-1270666.517649205,-7.756669175472512
3,9,97,15,2323.049278915895,-1269678.1781342288,-7.750635946026205
3,9,97,16,2310.8623812667697,-1268816.5244927793,-7.7453760590710266
3,9,97,17,2300.074126446465,-1268049.9591872047,-7.740696630287669
3,9,97,18,2290.6796225869152,-1267379.4931693512,-7.736603830940514
3,9,97,19,2282.234497140882,-1266774.4311862802,-7.732910284625923
3,9,97,20,2274.230210199625,-1266198.883386576,-7.7293969049822735
3,9,97,21,2267.325528938284,-1265700.7729583632,-7.726356234790027
3,9,97,22,2261.263148070783,-1265262.174689333,-7.723678851207043
3,9,97,23,2255.337634818679,-1264832.340624963,-7.7210549679211
3,9,97,24,2250.0138057800527,-1264445.1882373104,-7.718691631081887
3,9,97,25,2245.188044812322,-1264093.4633588032,-7.716544558277599
3,9,97,26,2240.3938428615916,-1263743.2892652387,-7.714406952100153
3,9,97,27,2236.1202520728907,-1263430.5089426578,-7.712497612825718
3,9,97,28,2231.7315073986715,-1263108.677840153,-7.710533023881385
3,9,97,29,2227.678631991034,-1262810.9137862434,-7.708715350064971
3,9,97,30,2224.133993794769,-1262550.0454064265,-7.707122902564014
3,9,97,31,2220.8837470594503,-1262310.4771773987,-7.705660479912821
3,9,97,32,2218.0439583823095,-1262100.8757077332,-7.704380986641922
3,9,97,33,2215.635619421684,-1261922.9086322812,-7.70329460267789
3,9,97,34,2213.1243366270064,-1261737.1282556218,-7.702160523121195
3,9,97,35,2210.7050688127097,-1261557.955516597,-7.701066779292603
3,9,97,36,2208.148161674469,-1261368.3758566002,-7.699909507353373
3,9,97,37,2205.719825069599,-1261188.1255951093,-7.698809185886051
3,9,97,38,2203.7556048391893,-1261042.1804695893,-7.69791827702782
3,9,97,39,2201.865905261194,-1260901.6495391207,-7.697060418635059
3,9,97,40,2200.35326371628,-1260789.0722740814,-7.696373200872206
3,9,97,41,2198.9432139006526,-1260684.0606070196,-7.695732166619986
3,9,97,42,2197.6574333312924,-1260588.24502009,-7.695147269009681
3,9,97,43,2196.2622482603106,-1260484.213238978,-7.694512216382881
3,9,97,44,2194.950548883771,-1260386.346266283,-7.6939147962731536
3,9,97,45,2193.475313796145,-1260276.2078577601,-7.693242466289985
3,9,97,46,2191.9705890291416,-1260163.7914661015,-7.692556230564179
3,9,97,47,2190.570484299599,-1260059.1217959991,-7.6919172840015575
3,9,97,48,2189.2032415141744,-1259956.844251343,-7.691292939953015
3,9,97,49,2187.846451962155,-1259855.2855028994,-7.690672983731134
3,9,97,50,2186.902983384376,-1259784.627627189,-7.690241659100387
3,9,97,51,2186.018001846219,-1259718.3222271493,-7.68983690376489
3,9,97,52,2185.010611264869,-1259642.8129074888,-7.689375963932026
3,9,97,53,2183.9620008708916,-1259564.1769539828,-7.688895937844794
3,9,97,54,2182.916004116341,-1259485.6993746115,-7.688416878538186
3,9,97,55,2182.1616854979043,-1259429.0820730126,-7.6880712633260035
3,9,97,56,2181.1703664683723,-1259354.6463349108,-7.687616877074954
3,9,97,57,2180.3570673400295,-1259293.5524114745,-7.687243934728443
3,9,97,58,2179.5740482827546,-1259234.7115500646,-7.6868847459959015
3,9,97,59,2178.738241360894,-1259171.880555271,-7.686501199853927
3,9,97,60,2177.784944539744,-1259100.1879380704,-7.686063558737061
3,9,97,61,2176.990692647331,-1259040.432313308,-7.685698785914123
3,9,97,62,2176.3524937870857,-1258992.4015559054,-7.6854055864867
3,9,97,63,2175.7801028320237,-1258949.3115097482,-7.685142547185551
3,9,97,64,2175.1576056637095,-1258902.4365583458,-7.684856403271633
3,9,97,65,2174.5623226041653,-1258857.598319609,-7.684582692286522
3,9,97,66,2173.9598214969856,-1258812.203898822,-7.68430558613824
3,9,97,67,2173.594152607414,-1258784.6470632716,-7.684137367920543
3,9,97,68,2173.2024193536317,-1258755.1208713679,-7.683957127944571
3,9,97,69,2172.757734900026,-1258721.5971269612,-7.683752485269823
3,9,97,70,2172.2634802634716,-1258684.3283478776,-7.683524981368594
3,9,97,71,2171.6413661014376,-1258637.4063926926,-7.683238550524323
3,9,97,72,2171.011097006816,-1258589.8556556227,-7.682948281337737
3,9,97,73,2170.5105624160583,-1258552.0829200174,-7.682717701079366
3,9,97,74,2170.1722839312174,-1258526.5498735607,-7.682561836899697
3,9,97,75,2169.8073459216907,-1258499.0001197793,-7.682393661912019
3,9,97,76,2169.454402217628,-1258472.351427302,-7.6822309873718195
3,9,97,77,2169.185311747825,-1258452.031083893,-7.682106943667853
3,9,97,78,2168.934103485831,-1258433.0588386625,-7.681991129307653
3,9,97,79,2168.675786531491,-1258413.547425089,-7.6818720236429225
3,9,97,80,2168.397475603879,-1258392.5232088838,-7.681743683210943
3,9,97,81,2168.1085796547322,-1258370.6965224813,-7.681610444172006
3,9,97,82,2167.788739042714,-1258346.5285102143,-7.681462912720456
3,9,97,83,2167.423867670591,-1258318.9534986708,-7.681294583549048
3,9,97,84,2167.1309425613354,-1258296.8124383444,-7.68115942544284
3,9,97,85,2166.900762439903,-1258279.4119256695,-7.681053205582296
3,9,97,86,2166.6103170914894,-1258257.4530131877,-7.680919159381182
3,9,97,87,2166.412795855194,-1258242.5178798991,-7.680827989206787
3,9,97,88,2166.150037538713,-1258222.6478777407,-7.680706694570376
3,9,97,89,2165.9263176657564,-1258205.7280952919,-7.6806034092841475
3,9,97,90,2165.706713921048,-1258189.1179130296,-7.68050201392434
3,9,97,91,2165.472779349268,-1258171.4219362605,-7.6803939904298755
3,9,97,92,2165.2682509941774,-1258155.9488258585,-7.680299536222704
3,9,97,93,2165.1404019951806,-1258146.275968951,-7.680240489139956
3,9,97,94,2165.0367391947266,-1258138.432582979,-7.680192609897563
3,9,97,95,2164.888956784368,-1258127.2503479735,-7.680124348952321
3,9,97,96,2164.655906567962,-1258109.6146123512,-7.6800166931945055
3,9,97,97,2164.4583419153914,-1258094.6627079705,-7.679925420642492
3,9,97,98,2164.296252230982,-1258082.3945679427,-7.679850530887964
3,9,97,99,2164.1613508645955,-1258072.183539318,-7.679788198584497
3,9,97,100,2164.0113494443917,-1258060.8288017123,-7.679718884612689
3,9,97,101,2163.837101282654,-1258047.6376573348,-7.67963836046134
3,9,97,102,2163.6830621104396,-1258035.9755136159,-7.679567169956633
3,9,97,103,2163.5423719203686,-1258025.323281817,-7.679502144368175
3,9,97,104,2163.34504059879,-1258010.3813502544,-7.6794109326943305
3,9,97,105,2163.092286948585,-1257991.240847862,-7.679294091223459
3,9,97,106,2162.8539265717923,-1257973.1882685665,-7.679183890881028
3,9,97,107,2162.5917928032923,-1257953.3328787365,-7.679062685444258
3,9,97,108,2162.3499727846456,-1257935.014024813,-7.678950859652372
3,9,97,109,2162.1841479317627,-1257922.4509309144,-7.6788741693785365
3,9,97,110,2162.0857877500966,-1257914.9985878542,-7.678828677222336
3,9,2026,1,4569.443272873666,-1380501.4563272027,-8.427146654339031
3,9,2026,2,3407.016310981537,-1332412.5406772827,-8.133592205140419
3,9,2026,3,3008.9672740926662,-1312060.0400874524,-8.009352200563146
3,9,2026,4,2799.182590774493,-1300221.1431341805,-7.93708272167664
3,9,2026,5,2669.307317680766,-1292438.501260909,-7.889574286155864
3,9,2026,6,2577.9435778685242,-1286733.283246392,-7.854747297250524
3,9,2026,7,2511.197825547644,-1282436.036112918,-7.828515139625666
3,9,2026,8,2459.7537475322943,-1279045.271251095,-7.807816521286657
3,9,2026,9,2419.0502596098704,-1276311.7991629404,-7.791130287413564
3,9,2026,10,2387.2137788954833,-1274141.5475237572,-7.777882181983184
3,9,2026,11,2361.4698581600783,-1272365.3468931334,-7.767039525401263
3,9,2026,12,2340.1442605939287,-1270879.262344027,-7.75796785627794
3,9,2026,13,2322.692405223374,-1269653.010303168,-7.7504823112709875
3,9,2026,14,2307.913629214942,-1268607.3552970204,-7.7440992045772115
3,9,2026,15,2295.065787883928,-1267692.8661149007,-7.738516787828422
3,9,2026,16,2283.988095373678,-1266900.2539890043,-7.733678358579164
3,9,2026,17,2274.312694617254,-1266204.8247474218,-7.729433173483797
3,9,2026,18,2266.2228965390086,-1265621.0875482918,-7.725869802389826
3,9,2026,19,2259.0128560602852,-1265099.0723185453,-7.722683207492219
3,9,2026,20,2252.406374764648,-1264619.2906542134,-7.7197544235863
3,9,2026,21,2246.753923671995,-1264207.6749953143,-7.717241752913722
3,9,2026,22,2241.915318177488,-1263854.5006970996,-7.715085832257531
3,9,2026,23,2237.815578725881,-1263554.659871407,-7.7132554809750395
3,9,2026,24,2233.5472329821155,-1263241.9035292377,-7.711346288086864
3,9,2026,25,2229.6934587988117,-1262959.010415423,-7.709619392583282
3,9,2026,26,2226.142064527722,-1262697.8807915593,-7.7080253503415985
3,9,2026,27,2222.5080769980486,-1262430.2466038237,-7.706391601576303
3,9,2026,28,2219.230841811767,-1262188.510803269,-7.704915947180184
3,9,2026,29,2216.216549682232,-1261965.85486265,-7.703556764068527
3,9,2026,30,2213.3779573150046,-1261755.9002448411,-7.702275115036633
3,9,2026,31,2210.9917366321833,-1261579.1965820282,-7.701196443461129
3,9,2026,32,2209.2230160959057,-1261448.0967350553,-7.700396156267125
3,9,2026,33,2207.4634767599878,-1261317.5732253755,-7.699599387272156
3,9,2026,34,2206.0079574603924,-1261209.5234229555,-7.698939806996603
3,9,2026,35,2204.7445014330665,-1261115.6735321886,-7.698366908801269
3,9,2026,36,2203.3969432075564,-1261015.5172155555,-7.697755513597912
3,9,2026,37,2201.849800086352,-1260900.4513303814,-7.697053104277857
3,9,2026,38,2200.2859573533674,-1260784.0612479127,-7.696342611514826
3,9,2026,39,2199.1201154211894,-1260697.2388163058,-7.695812611810237
3,9,2026,40,2197.916662384391,-1260607.5671225898,-7.695265219042033
3,9,2026,41,2196.9273913188194,-1260533.8177792071,-7.694815022825653
3,9,2026,42,2195.8458636357323,-1260453.1527722834,-7.694322610564801
3,9,2026,43,2194.777600925018,-1260373.4381125846,-7.693835999612887
3,9,2026,44,2193.8021264425915,-1260300.6134903277,-7.693391448273232
3,9,2026,45,2192.906384999979,-1260233.712860017,-7.6929830594082205
3,9,2026,46,2192.108164093216,-1260174.0727580094,-7.6926189917835215
3,9,2026,47,2191.1981527567073,-1260106.0535923534,-7.692203774920358
3,9,2026,48,2190.528826665046,-1260056.006510735,-7.691898267023581
3,9,2026,49,2190.03922847548,-1260019.388420868,-7.691674735196
3,9,2026,50,2189.4427359541855,-1259974.7644127016,-7.691402331962089
3,9,2026,51,2188.7841407911924,-1259925.480339915,-7.691101481783923
3,9,2026,52,2188.138046590096,-1259877.117328701,-7.6908062541430695
3,9,2026,53,2187.5445529289004,-1259832.6791154682,-7.6905349850775755
3,9,2026,54,2186.928820929751,-1259786.5630483585,-7.6902534737043915
3,9,2026,55,2186.357905066337,-1259743.791943022,-7.689992381348721
3,9,2026,56,2185.9227843420763,-1259711.1866544487,-7.6897933453047855
3,9,2026,57,2185.453624609014,-1259676.0234180049,-7.689578694498736
3,9,2026,58,2184.9591070997044,-1259638.951459074,-7.689352392068381
3,9,2026,59,2184.550375212457,-1259608.3041640823,-7.689165308419704
3,9,2026,60,2184.2041911751917,-1259582.3423099632,-7.689006826622327
3,9,2026,61,2183.8864069996825,-1259558.506663052,-7.688861324065122
3,9,2026,62,2183.566046562185,-1259534.4742706763,-7.688714620492969
3,9,2026,63,2183.210363011902,-1259507.7879230655,-7.688551716090403
3,9,2026,64,2182.877327664496,-1259482.7968910746,-7.688399160589165
3,9,2026,65,2182.5664284193376,-1259459.463514824,-7.688256724097914
3,9,2026,66,2182.071686864619,-1259422.325689999,-7.688030019595149
3,9,2026,67,2181.686167076861,-1259393.3807705834,-7.687853327944666
3,9,2026,68,2181.358017255538,-1259368.739172213,-7.687702905529454
3,9,2026,69,2180.972609668037,-1259339.793209645,-7.68752620751114
3,9,2026,70,2180.6543755988046,-1259315.8884454118,-7.687380283033475
3,9,2026,71,2180.3661966230034,-1259294.2383172426,-7.687248121778352
3,9,2026,72,2180.0453854360517,-1259270.1332507792,-7.687100974573785
3,9,2026,73,2179.7747365396417,-1259249.7945127438,-7.68697681858148
3,9,2026,74,2179.4734036548393,-1259227.1469614469,-7.686838568646817
3,9,2026,75,2179.174139919231,-1259204.6518238157,-7.686701249107631
3,9,2026,76,2178.9464729388424,-1259187.536421372,-7.686596769676784
3,9,2026,77,2178.661343821825,-1259166.098644746,-7.686465904702508
3,9,2026,78,2178.441216072205,-1259149.5461551193,-7.686364861522192
3,9,2026,79,2178.2353990668075,-1259134.0682477327,-7.68627037803226
3,9,2026,80,2177.9552551849415,-1259112.998439794,-7.6861417592896535
3,9,2026,81,2177.5964813146643,-1259086.010859794,-7.685977016041131
3,9,2026,82,2177.3245174283065,-1259065.5503113347,-7.685852116468078
3,9,2026,83,2176.986428962133,-1259040.111475676,-7.68569682738973
3,9,2026,84,2176.6589943397676,-1259015.4705024303,-7.685546408790535
3,9,2026,85,2176.313130706603,-1258989.4386348133,-7.685387499602074
3,9,2026,86,2175.9631938556035,-1258963.0959805185,-7.6852266932443625
3,9,2026,87,2175.648571267036,-1258939.4081072244,-7.685082092757877
3,9,2026,88,2175.2917413311684,-1258912.5383049722,-7.684918068472996
3,9,2026,89,2174.9859641609432,-1258889.509341586,-7.684777490242626
3,9,2026,90,2174.6987828581528,-1258867.8779383453,-7.6846454432921405
3,9,2026,91,2174.419117980759,-1258846.8099504623,-7.684516835659901
3,9,2026,92,2174.2033961000657,-1258830.557127633,-7.684417621768526
3,9,2026,93,2174.001858180879,-1258815.3714894846,-7.684324922409805
3,9,2026,94,2173.8033334612333,-1258800.41151586,-7.684233600599819
3,9,2026,95,2173.603074577667,-1258785.3194788087,-7.684141472620554
3,9,2026,96,2173.35771623977,-1258766.8267325163,-7.684028585318384
3,9,2026,97,2173.109176936166,-1258748.0921070818,-7.683914221486801
3,9,2026,98,2172.9081036495577,-1258732.9338509517,-7.68382168927914
3,9,2026,99,2172.707174499634,-1258717.7850595652,-7.683729214848154
3,9,2026,100,2172.43689748236,-1258697.4056662999,-7.683604810679664
3,9,2026,101,2172.1110243679054,-1258672.8308515307,-7.683454795938923
3,9,2026,102,2171.7557660460184,-1258646.0358321639,-7.683291228159422
3,9,2026,103,2171.550985110082,-1258630.5884342487,-7.683196930911808
3,9,2026,104,2171.3321499172307,-1258614.0792605649,-7.6830961521497585
3,9,2026,105,2170.9929386064846,-1258588.485488076,-7.682939917273502
3,9,2026,106,2170.701806420268,-1258566.516135973,-7.682805807344661
3,9,2026,107,2170.4924219105037,-1258550.713787092,-7.682709343330883
3,9,2026,108,2170.3534427674326,-1258540.2241230868,-7.6826453101228624
3,9,2026,109,2170.214443407523,-1258529.7322613085,-7.682581263498733
3,9,2026,110,2170.0924536295724,-1258520.5237523508,-7.682525050986173
3,9,2026,111,2169.954739178712,-1258510.1276301488,-7.682461588795653
3,9,2026,112,2169.8291847835,-1258500.6489007133,-7.682403726746553
3,9,2026,113,2169.678444055078,-1258489.2680044046,-7.682334253091302
3,9,2026,114,2169.51932813546,-1258477.253924905,-7.682260914226358
3,9,2026,115,2169.404099553384,-1258468.5530175392,-7.682207800321942
3,9,2026,116,2169.2822733390285,-1258459.3534205088,-7.682151642211437
3,9,2026,117,2169.162900972783,-1258450.3386224564,-7.68209661218963
3,9,2026,118,2169.094971871054,-1258445.208510759,-7.682065295885378
3,9,31415,1,4676.7745660035,-1384304.8218175767,-8.450363956009038
3,9,31415,2,3545.0271665530586,-1338917.4933711765,-8.173301102280464
3,9,31415,3,3102.284667091467,-1317063.2932639911,-8.039894108414265
3,9,31415,4,2870.5751773877405,-1304346.845365271,-7.962267698913848
3,9,31415,5,2723.431098276159,-1295726.8636020417,-7.909647797541399
3,9,31415,6,2621.138601167401,-1289455.3786126336,-7.871364082950588
3,9,31415,7,2548.0382941730104,-1284821.8369486555,-7.843079045689405
3,9,31415,8,2493.784485741552,-1281296.1339089295,-7.8215567094113485
3,9,31415,9,2450.0110784664694,-1278395.1353577974,-7.803847825351598
3,9,31415,10,2415.1111107172737,-1276044.8259659866,-7.789500573606892
3,9,31415,11,2386.200115022059,-1274071.9728473201,-7.777457469644724
3,9,31415,12,2361.9947195253835,-1272401.752666209,-7.767261761160136
3,9,31415,13,2340.59520431488,-1270910.8265006624,-7.7581605368258435
3,9,31415,14,2322.3765460580007,-1269630.7317167113,-7.750346313648919
3,9,31415,15,2306.3975438358684,-1268499.7080048977,-7.743442081389472
3,9,31415,16,2293.0339874268057,-1267547.7770969013,-7.737631105001351
3,9,31415,17,2281.3636580140787,-1266711.9114905149,-7.732528638780796
3,9,31415,18,2270.7218198167993,-1265945.9739656125,-7.727853042227942
3,9,31415,19,2261.0728836503013,-1265248.3905051833,-7.723594706897881
3,9,31415,20,2252.0649753673724,-1264594.4590238514,-7.719602841137932
3,9,31415,21,2244.393281009924,-1264035.4646195155,-7.7161905102036155
3,9,31415,22,2237.8470060232858,-1263556.9604443633,-7.713269524615198
3,9,31415,23,2231.559305738265,-1263096.0372176184,-7.710455860340983
3,9,31415,24,2225.9513912593693,-1262683.849041122,-7.707939694786358
3,9,31415,25,2220.613868224183,-1262290.5692656257,-7.705538953860586
3,9,31415,26,2215.76643452584,-1261932.5803374653,-7.703353642730046
3,9,31415,27,2211.6596801832543,-1261628.6781401625,-7.701498499170792
3,9,31415,28,2207.933258248055,-1261352.4320293101,-7.699812179697405
3,9,31415,29,2204.2199713513605,-1261076.6954815374,-7.698128970805888
3,9,31415,30,2200.8693637320903,-1260827.4913442961,-7.696607726621918
3,9,31415,31,2197.668040404167,-1260589.035682015,-7.695152095534104
3,9,31415,32,2194.929943011984,-1260384.8083786347,-7.693905408376684
3,9,31415,33,2192.4544701672507,-1260199.950128536,-7.692776957858427
3,9,31415,34,2190.230035553168,-1260033.6602614212,-7.691761856359704
3,9,31415,35,2188.293657401189,-1259888.766792175,-7.690877367242363
3,9,31415,36,2186.3213458562955,-1259741.0526689026,-7.689975659696871
3,9,31415,37,2184.38901537827,-1259596.203596761,-7.689091441597652
3,9,31415,38,2182.716644332198,-1259470.7378214751,-7.6883255470862135
3,9,31415,39,2181.410317209479,-1259372.6667560765,-7.687726881110981
3,9,31415,40,2179.9518065575962,-1259263.1012657203,-7.687058048455098
3,9,31415,41,2178.762282721678,-1259173.688178488,-7.686512234326855
3,9,31415,42,2177.45619400509,-1259075.4570008046,-7.685912590960618
3,9,31415,43,2176.5961336025584,-1259010.7395164326,-7.685517528913126
3,9,31415,44,2175.7720011465876,-1258948.701527071,-7.685138823601302
3,9,31415,45,2174.9137891395603,-1258884.0731596164,-7.684744305559997
3,9,31415,46,2174.0514486863767,-1258819.1082045962,-7.684347732850248
3,9,31415,47,2173.3237195034017,-1258764.2642215767,-7.684012942701425
3,9,31415,48,2172.747740161227,-1258720.8435676156,-7.683747885234749
3,9,31415,49,2172.0766650035926,-1258670.2395207563,-7.683438977393883
3,9,31415,50,2171.3531222251054,-1258615.6615072032,-7.683105810831685
3,9,31415,51,2170.7741356036345,-1258571.9744997467,-7.6828391274341135
3,9,31415,52,2170.2728340800545,-1258534.1397509752,-7.682608168621961
3,9,31415,53,2169.5978044759763,-1258483.1794068897,-7.682297085796807
3,9,31415,54,2169.0459707921423,-1258441.5077731162,-7.682042705066149
3,9,31415,55,2168.38255296847,-1258391.395844145,-7.681736801314554
3,9,31415,56,2167.7899498912784,-1258346.620011895,-7.681463471284215
3,9,31415,57,2167.3819387587473,-1258315.7844401572,-7.681275238317119
3,9,31415,58,2166.681986459616,-1258262.8717979765,-7.6809522378642905
3,9,31415,59,2166.0906643646044,-1258218.1576951495,-7.680679284655647
3,9,31415,60,2165.6808758554007,-1258187.1634868905,-7.680490083306212
3,9,31415,61,2165.2882803246985,-1258157.464162183,-7.680308786456653
3,9,31415,62,2164.814965152144,-1258121.6513446956,-7.680090170341698
3,9,31415,63,2164.3867310408004,-1258089.2427833322,-7.679892335201276
3,9,31415,64,2164.0602605823096,-1258064.531340714,-7.679741486428152
3,9,31415,65,2163.634399501209,-1258032.2911460765,-7.679544679067225
3,9,31415,66,2163.1700900532946,-1257997.132951619,-7.679330059039526
3,9,31415,67,2162.79553454648,-1257968.7655578938,-7.679156892842541
3,9,31415,68,2162.452154235844,-1257942.7549369384,-7.67899811335241
3,9,31415,69,2162.236085639133,-1257926.385898846,-7.678898190035442
3,9,31415,70,2162.0327908139147,-1257910.9830892317,-7.67880416497309
3,9,31415,71,2161.7524769670913,-1257889.7424908432,-7.678674503655584
3,9,31415,72,2161.463111038374,-1257867.8130875623,-7.678540637590726
3,9,31415,73,2161.152926709107,-1257844.3027152661,-7.678397120643076
3,9,31415,74,2160.8054953741657,-1257817.9652052168,-7.678236345687948
3,9,31415,75,2160.5666925465353,-1257799.8599727352,-7.678125823928891
3,9,31415,76,2160.3042349133702,-1257779.959003505,-7.678004340256782
3,9,31415,77,2159.9506883419976,-1257753.1473517418,-7.677840670946317
3,9,31415,78,2159.5763884994776,-1257724.7570663865,-7.677667365009441
3,9,31415,79,2159.4339083842638,-1257713.9487927507,-7.67760138687766
3,9,31415,80,2159.225914778834,-1257698.1695084872,-7.67750506365976
3,9,31415,81,2159.071933119097,-1257686.486822174,-7.677433747754639
3,9,31415,82,2158.879512150457,-1257671.8865498833,-7.67734462170901
3,9,31415,83,2158.675340743815,-1257656.3932698602,-7.677250044378206
3,9,31415,84,2158.4817999028996,-1257641.7053234251,-7.677160383133669
3,9,31415,85,2158.3121247194254,-1257628.8274745606,-7.677081771466527
3,9,31415,86,2158.164990092122,-1257617.6595681987,-7.6770135979892
3,9,31415,87,2158.0536363796896,-1257609.207021496,-7.676962000180056
3,9,31415,88,2157.8450950406377,-1257593.3760624533,-7.676865361518126
3,9,31415,89,2157.657449917276,-1257579.130086126,-7.676778398240257
3,9,31415,90,2157.4398780448623,-1257562.6105264626,-7.676677556077932
3,9,31415,91,2157.3009225488404,-1257552.059193441,-7.676613146416962
3,9,31415,92,2157.1797599893434,-1257542.858380035,-7.676556980881203
3,9,31415,93,2157.0158128609414,-1257530.4077795253,-7.6764809773131155
3,9,31415,94,2156.8621257014092,-1257518.7354901861,-7.676409724875385
3,9,31415,95,2156.699102669398,-1257506.3532474819,-7.676334138591358
3,9,31415,96,2156.5432006111096,-1257494.5109952753,-7.67626184863063
3,9,31415,97,2156.4483567442167,-1257487.306277763,-7.676217868082258
3,10,11,1,4792.362072753517,-1388304.3466500218,-8.47477869469418
3,10,11,2,3535.6922482475698,-1338485.5570738867,-8.17066438610323
3,10,11,3,3097.915192662117,-1316832.4007257482,-8.038484645735142
3,10,11,4,2864.00472414305,-1303971.4575048832,-7.959976177570464
3,10,11,5,2717.6192708699605,-1295376.9051874476,-7.907511507956778
3,10,11,6,2614.8669961915066,-1289062.9459794152,-7.868968513328461
3,10,11,7,2535.9270924864136,-1284041.3389642187,-7.8383145661243026
3,10,11,8,2475.3700952630616,-1280082.0096349013,-7.814145197263401
3,10,11,9,2428.5929352666526,-1276956.7496726112,-7.795067329641862
3,10,11,10,2392.9666595733433,-1274535.8482696167,-7.780289155330473
3,10,11,11,2365.0054160563454,-1272610.4263770024,-7.768535591010661
3,10,11,12,2341.578821493768,-1270979.654456761,-7.758580690877332
3,10,11,13,2321.559780103815,-1269573.1084749037,-7.749994557765443
3,10,11,14,2304.6519016866673,-1268375.6737123344,-7.742684925235229
3,10,11,15,2290.5968379186434,-1267373.572787407,-7.7365676905028025
3,10,11,16,2278.635328072034,-1266515.8833104724,-7.731332002432438
3,10,11,17,2268.1255819533762,-1265758.5672032465,-7.72670903454636
3,10,11,18,2258.9327514742386,-1265093.2633009036,-7.72264774686785
3,10,11,19,2250.1823645647933,-1264457.4599805183,-7.718766542831704
3,10,11,20,2242.686908066025,-1263910.8708115718,-7.715429938538188
3,10,11,21,2236.1785393760892,-1263434.7789582836,-7.71252367875106
3,10,11,22,2230.2524737392127,-1263000.076201126,-7.709870074969026
3,10,11,23,2225.0715938432695,-1262619.0886946241,-7.707544371090883
3,10,11,24,2220.6342956293497,-1262292.0762004699,-7.705548152808455
3,10,11,25,2215.8178404793753,-1261936.3808373145,-7.703376842538669
3,10,11,26,2211.432478676884,-1261611.8486278378,-7.701395764930396
3,10,11,27,2207.35027716557,-1261309.1724611318,-7.6995481055643635
3,10,11,28,2203.836444160254,-1261048.1895439655,-7.6979549588804845
3,10,11,29,2200.664262420391,-1260812.2244490022,-7.696514531236279
3,10,11,30,2197.6168440888496,-1260585.219421722,-7.695128799517275
3,10,11,31,2194.640697206968,-1260363.2194375985,-7.693773620632896
3,10,11,32,2191.81370499422,-1260152.0663841395,-7.692484655858643
3,10,11,33,2189.3804958341866,-1259970.1074868753,-7.691373904178318
3,10,11,34,2186.8238184193683,-1259778.6974497926,-7.69020545886722
3,10,11,35,2184.62364895713,-1259613.7987549098,-7.689198849653939
3,10,11,36,2182.4696604904934,-1259452.200282763,-7.688212386352755
3,10,11,37,2180.370100250476,-1259294.5316056206,-7.6872499121308095
3,10,11,38,2178.300794911568,-1259138.986322657,-7.686300399977151
3,10,11,39,2176.2243302045895,-1258982.7542842843,-7.685346695587026
3,10,11,40,2174.5451395841155,-1258856.303868443,-7.684574790426106
3,10,11,41,2172.9551459581776,-1258736.4803421258,-7.68384333851471
3,10,11,42,2171.2624316448628,-1258608.819286007,-7.683064043109384
3,10,11,43,2169.8023472434834,-1258498.6227294023,-7.682391358166493
3,10,11,44,2168.5083647652023,-1258400.90034204,-7.6817948206648925
3,10,11,45,2167.165919114419,-1258299.456336168,-7.681175564878694
3,10,11,46,2165.6845999217817,-1258187.4451817332,-7.680491802886978
3,10,11,47,2164.2459303813225,-1258078.5856531735,-7.679827279711222
3,10,11,48,2162.9046514124543,-1257977.0301568033,-7.67920734334133
3,10,11,49,2161.468472660186,-1257868.2194411776,-7.678543118139728
3,10,11,50,2160.298940367707,-1257779.557517297,-7.67800188942043
3,10,11,51,2159.410870038519,-1257712.201080184,-7.677590718123895
3,10,11,52,2158.474929544595,-1257641.183903042,-7.677157200169959
3,10,11,53,2157.4735232738403,-1257565.1652135756,-7.676693150935047
3,10,11,54,2156.698215375543,-1257506.2858514506,-7.6763337271783625
3,10,11,55,2155.9132105131534,-1257446.6485017068,-7.67596967635461
3,10,11,56,2155.1701870300412,-1257390.180498242,-7.675624972519424
3,10,11,57,2154.4868658276523,-1257338.23253781,-7.67530786087934
3,10,11,58,2153.728001185208,-1257280.5222446192,-7.674955573598544
3,10,11,59,2153.1042893820454,-1257233.0748556484,-7.6746659352911095
3,10,11,60,2152.6002207501883,-1257194.7189920822,-7.674431795380684
3,10,11,61,2152.109814224708,-1257157.394092113,-7.674203948894571
3,10,11,62,2151.7168308404202,-1257127.4779400148,-7.674021328441756
3,10,11,63,2151.1984440189403,-1257088.0069997178,-7.6737803816459795
3,10,11,64,2150.681068260648,-1257048.603558786,-7.67353984689399
3,10,11,65,2150.100737494729,-1257004.3941709953,-7.673269974672775
3,10,11,66,2149.5101530144293,-1256959.3914066537,-7.672995259355946
3,10,11,67,2149.026665072977,-1256922.5402341255,-7.672770304696278
3,10,11,68,2148.5410018356865,-1256885.5149140444,-7.672544286968577
3,10,11,69,2148.1786350725156,-1256857.8838471689,-7.672375615612449
3,10,11,70,2147.880560557573,-1256835.1516767798,-7.672236849128168
3,10,11,71,2147.549690337865,-1256809.9147003407,-7.6720827922812225
3,10,11,72,2147.2313606687717,-1256785.630578497,-7.6719345520492315
3,10,11,73,2146.8541122268766,-1256756.8471128177,-7.671758845978522
3,10,11,74,2146.551383821331,-1256733.7457511546,-7.671617825799401
3,10,11,75,2146.2278744034384,-1256709.054978248,-7.671467103202666
3,10,11,76,2145.903006118324,-1256684.2567488474,-7.671315724647455
3,10,11,77,2145.6576802185004,-1256665.5277546253,-7.6712013951911
3,10,11,78,2145.3892682335245,-1256645.0338386572,-7.671076291929099
3,10,11,79,2145.174391999917,-1256628.6256611303,-7.670976129688982
3,10,11,80,2144.907201157778,-1256608.2203918588,-7.670851567562746
3,10,11,81,2144.5230816768003,-1256578.880869864,-7.670672467096401
3,10,11,82,2144.1648174518496,-1256551.5114674773,-7.6705053930475495
3,10,11,83,2143.777348397355,-1256521.905829925,-7.67032466810278
3,10,11,84,2143.5283936118335,-1256502.8809319378,-7.670208532328575
3,10,11,85,2143.261734333322,-1256482.5006216725,-7.670084122562341
3,10,11,86,2142.9567651344923,-1256459.1892415523,-7.669941820344485
3,10,11,87,2142.6431698024485,-1256435.21503314,-7.669795471951091
3,10,11,88,2142.365583860365,-1256413.990797034,-7.669665910515664
3,10,11,89,2142.1308788133692,-1256396.0430907623,-7.669556350361151
3,10,11,90,2141.860633588222,-1256375.3752198138,-7.669430185206657
3,10,11,91,2141.522157407955,-1256349.4854888383,-7.669272143678507
3,10,11,92,2141.25437099035,-1256328.9998531519,-7.6691470909627375
3,10,11,93,2141.06232045256,-1256314.3064275195,-7.669057396270936
3,10,11,94,2140.838423460193,-1256297.1748254912,-7.668952817951184
3,10,11,95,2140.641106990782,-1256282.0755615353,-7.668860645855932
3,10,11,96,2140.4328104817732,-1256266.1345609338,-7.668763335455229
3,10,11,97,2140.2571302783035,-1256252.6884909656,-7.668681255133599
3,10,11,98,2140.0417468530086,-1256236.202141652,-7.668580615700859
3,10,11,99,2139.781304613327,-1256216.264585601,-7.668458908687802
3,10,11,100,2139.636847334963,-1256205.2049449296,-7.668391396108619
3,10,11,101,2139.4598522411206,-1256191.6531930787,-7.668308670661466
3,10,11,102,2139.191527172744,-1256171.1065602447,-7.6681832455941095
3,10,11,103,2138.9502154219213,-1256152.6262348169,-7.668070434113987
3,10,11,104,2138.7007138441236,-1256133.5165172683,-7.6679537805664175
3,10,11,105,2138.4392921140616,-1256113.4914247412,-7.667831539194836
3,10,11,106,2138.279579239426,-1256101.256098983,-7.667756849752058
3,10,11,107,2138.1291802547025,-1256089.7334586196,-7.667686510833005
3,10,11,108,2137.942491834699,-1256075.4294185678,-7.667599193110367
3,10,11,109,2137.7635510202317,-1256061.7178265238,-7.667515491933168
3,10,11,110,2137.6048318307567,-1256049.5547844528,-7.667441243739639
3,10,11,111,2137.4198325996413,-1256035.3766982697,-7.667354694891035
3,10,11,112,2137.238730150258,-1256021.49606737,-7.667269961831384
3,10,11,113,2137.0237930012267,-1256005.0206432028,-7.667169389090216
3,10,11,114,2136.763286588878,-1255985.050009335,-7.667047480156608
3,10,11,115,2136.510830924452,-1255965.694229184,-7.666929324542071
3,10,11,116,2136.3259838118965,-1255951.5205474254,-7.666842802579878
3,10,11,117,2136.2134940228366,-1255942.894470412,-7.666790145470602
3,10,11,118,2136.14213431048,-1255937.4221438281,-7.666756740146433
3,10,42,1,4764.612787258087,-1387353.0435872772,-8.468971550930783
3,10,42,2,3435.2135860381622,-1333762.741132348,-8.141834382064927
3,10,42,3,2992.5463901986736,-1311163.5961637124,-8.003879939466916
3,10,42,4,2757.0382977256004,-1297735.9856667025,-7.92191230201386
3,10,42,5,2615.2403049037807,-1289086.33132759,-7.869111267077636
3,10,42,6,2522.7938417364926,-1283190.7518429132,-7.833122233743427
3,10,42,7,2457.3643455796414,-1278886.0632379162,-7.806844650326685
3,10,42,8,2409.386136494371,-1275656.0423189267,-7.787127278891724
3,10,42,9,2373.613113637879,-1273205.5703537182,-7.772168593749806
3,10,42,10,2345.5399004363107,-1271256.5359701277,-7.76027088910807
3,10,42,11,2322.92258749475,-1269669.2439080009,-7.750581407847835
3,10,42,12,2303.9306594026352,-1268324.3993669583,-7.742371925617512
3,10,42,13,2287.826572118938,-1267175.3325300156,-7.735357550727741
3,10,42,14,2274.0985932868393,-1266189.4025609267,-7.729339030137024
3,10,42,15,2262.240075807625,-1265332.9324134712,-7.724110785353513
3,10,42,16,2251.5801397889873,-1264559.1881162268,-7.719387533062868
3,10,42,17,2242.2681207441815,-1263880.2778340844,-7.715243186465817
3,10,42,18,2234.1874384904836,-1263288.8516646973,-7.71163287874626
3,10,42,19,2226.982229852063,-1262759.6947070519,-7.708402687814694
3,10,42,20,2220.435390944279,-1262277.402361863,-7.705458577683883
3,10,42,21,2214.0351624921886,-1261804.5339373306,-7.702571995026924
3,10,42,22,2208.1488967723803,-1261368.4303913373,-7.699909840255758
3,10,42,23,2203.0054645242885,-1260986.4093555768,-7.697577827291454
3,10,42,24,2197.758892216032,-1260595.8077115095,-7.695193434777491
3,10,42,25,2192.6832579622455,-1260217.0438226375,-7.692881304772657
3,10,42,26,2188.0190158823693,-1259868.2057955256,-7.690751854492391
3,10,42,27,2183.597658465922,-1259536.8458491068,-7.6887290975796425
3,10,42,28,2179.155206582139,-1259203.2285336957,-7.686692560761438
3,10,42,29,2175.3265624780042,-1258915.1605809762,-7.6849340759204
3,10,42,30,2171.690889386156,-1258641.1420987968,-7.683261354805372
3,10,42,31,2168.6592778399845,-1258412.300397701,-7.681864411276683
3,10,42,32,2165.4604044662506,-1258170.4857852047,-7.680388275780172
3,10,42,33,2162.5802021397094,-1257952.4548853769,-7.679057325812966
3,10,42,34,2160.1023623973565,-1257764.6502831972,-7.677910889554116
3,10,42,35,2158.0377304662,-1257607.9996128,-7.676954629662549
3,10,42,36,2156.014025495996,-1257454.3086992605,-7.676016437339823
3,10,42,37,2154.0673123130437,-1257306.3287594544,-7.675113107141271
3,10,42,38,2152.3799109792326,-1257177.952240847,-7.6743294442597
3,10,42,39,2150.765312639314,-1257055.0202734978,-7.673579017150326
3,10,42,40,2149.4894507701733,-1256957.8136633842,-7.6729856281644295
3,10,42,41,2148.259429695536,-1256864.0449749527,-7.67241322566143
3,10,42,42,2147.0408468819082,-1256771.095306851,-7.671845822794177
3,10,42,43,2145.7848453859465,-1256675.2362332789,-7.671260659723585
3,10,42,44,2144.7442436218535,-1256595.7741350655,-7.670775590510484
3,10,42,45,2143.6594996483277,-1256512.900211249,-7.670269694115648
3,10,42,46,2142.496084226653,-1256423.9692045844,-7.669726822804758
3,10,42,47,2141.492202356682,-1256347.1940574923,-7.669258155842484
3,10,42,48,2140.7647135553443,-1256291.534479393,-7.668918386967042
3,10,42,49,2140.012767169789,-1256233.9837886982,-7.668567073965292
3,10,42,50,2139.2870057422574,-1256178.417999218,-7.668227877614018
3,10,42,51,2138.817267908706,-1256142.4438535084,-7.668008276685479
3,10,42,52,2138.3212305500374,-1256104.4470215887,-7.667776328451364
3,10,42,53,2137.715223153738,-1256058.0144388117,-7.66749288493683
3,10,42,54,2137.003841743428,-1256003.4912496065,-7.6671600530449195
3,10,42,55,2136.407496082093,-1255957.7708853502,-7.66688095720412
3,10,42,56,2135.960633822207,-1255923.5026827953,-7.666671770051736
3,10,42,57,2135.5329258019738,-1255890.6966320316,-7.666471508473114
3,10,42,58,2135.1304047343665,-1255859.816468318,-7.6662830032983225
3,10,42,59,2134.749274494255,-1255830.5719760745,-7.666104482932525
3,10,42,60,2134.3329090123166,-1255798.6178814594,-7.665909422043387
3,10,42,61,2133.9886175849383,-1255772.1904231538,-7.6657480980072386
3,10,42,62,2133.721166550853,-1255751.6582122617,-7.665622760977326
3,10,42,63,2133.320943824835,-1255720.9283133848,-7.665435173080681
3,10,42,64,2133.086121726621,-1255702.895520785,-7.66532509352435
3,10,42,65,2132.843938686279,-1255684.2953766582,-7.665211550621784
3,10,42,66,2132.5831475980654,-1255664.2637352324,-7.66508926927304
3,10,42,67,2132.3308196216763,-1255644.879822616,-7.664970941926406
3,10,42,68,2132.13817765194,-1255630.0794632016,-7.664880594466973
3,10,42,69,2131.9722381653405,-1255617.3295386923,-7.664802763702522
3,10,42,70,2131.831809895055,-1255606.5389876848,-7.664736893756927
3,10,42,71,2131.658677946104,-1255593.234497645,-7.664655677697203
3,10,42,72,2131.403362463013,-1255573.6125635367,-7.664535897369834
3,10,42,73,2131.286167592299,-1255564.604919508,-7.66448091101912
3,10,42,74,2131.174662891518,-1255556.0341643535,-7.66442859161714
3,10,42,75,2131.0603169835354,-1255547.2445554486,-7.6643749362421785
3,10,42,76,2130.8655599829854,-1255532.272773327,-7.664283542348287
3,10,42,77,2130.6087859240974,-1255512.5313900087,-7.664163032853987
3,10,42,78,2130.4464006344683,-1255500.0456054066,-7.6640868145077805
3,10,42,79,2130.3231393229676,-1255490.5674232044,-7.664028955799217
3,10,42,80,2130.223410920462,-1255482.8984033756,-7.66398214095922
3,10,97,1,4502.965946387997,-1378100.7170399793,-8.41249155784526
3,10,97,2,3359.2399489169984,-1330099.1010730744,-8.119470021689422
3,10,97,3,2974.4092813538664,-1310167.725593733,-7.99780073737445
3,10,97,4,2778.6393360997276,-1299014.4610032337,-7.929716639420042
3,10,97,5,2657.0582607138717,-1291685.0437582494,-7.884974872773412
3,10,97,6,2573.24282009983,-1286434.2998709509,-7.852922180195773
3,10,97,7,2513.2324623024097,-1282568.7102883938,-7.8293250371660505
3,10,97,8,2467.322399149624,-1279548.5584630948,-7.810888792688717
3,10,97,9,2430.3117836600863,-1277072.6502289928,-7.7957748341370365
3,10,97,10,2400.8919171108632,-1275077.4934394867,-7.783595579427447
3,10,97,11,2375.330630881974,-1273324.0627310814,-7.772891919782447
3,10,97,12,2353.259324771247,-1271794.7868269589,-7.76355659292718
3,10,97,13,2336.063223976587,-1270593.3300938252,-7.756222408640336
3,10,97,14,2320.8973988666694,-1269526.3622621559,-7.749709199725032
3,10,97,15,2307.8598503142593,-1268603.5380194033,-7.744075902350218
3,10,97,16,2295.9034150876405,-1267752.6429216966,-7.738881689955173
3,10,97,17,2284.727581992819,-1266953.2840962003,-7.734002076086586
3,10,97,18,2274.8655361273363,-1266244.640415513,-7.7296762246393085
3,10,97,19,2266.578709046059,-1265646.805762697,-7.72602679691054
3,10,97,20,2259.2694182697664,-1265117.6762889933,-7.722796773752218
3,10,97,21,2252.8827965879505,-1264653.9368288445,-7.71996591803514
3,10,97,22,2246.59289234533,-1264195.9334098545,-7.717170077464073
3,10,97,23,2241.268132638038,-1263807.2042399147,-7.714797115299572
3,10,97,24,2236.6302223341163,-1263467.86460967,-7.7127256471264705
3,10,97,25,2232.1206090623896,-1263137.2366170308,-7.710707358359567
3,10,97,26,2227.877715539937,-1262825.5530672332,-7.708804714235686
3,10,97,27,2223.961668186357,-1262537.3524726287,-7.707045419694222
3,10,97,28,2220.576038070723,-1262287.778489032,-7.705521917816526
3,10,97,29,2217.31807508821,-1262047.2560492384,-7.704053670271758
3,10,97,30,2214.448044760072,-1261835.080162133,-7.7027584617017455
3,10,97,31,2211.8197129734576,-1261640.5312219749,-7.701570855239872
3,10,97,32,2209.455653977082,-1261465.3461482956,-7.7005014537547956
3,10,97,33,2207.1555227112567,-1261294.7183422996,-7.699459871699343
3,10,97,34,2204.699932037171,-1261112.3619221805,-7.698346693376596
3,10,97,35,2202.448106334847,-1260944.9588269626,-7.697324796277303
3,10,97,36,2200.378267585174,-1260790.9337981292,-7.696384564377895
3,10,97,37,2198.575423199483,-1260656.6587894878,-7.695564894695804
3,10,97,38,2196.9423858899167,-1260534.9358599803,-7.69482184804891
3,10,97,39,2195.5196813508546,-1260428.8168900935,-7.694174054366445
3,10,97,40,2193.8689320947615,-1260305.6019384456,-7.693421899804937
3,10,97,41,2192.494798454803,-1260202.9633532504,-7.69279535181698
3,10,97,42,2191.225155898164,-1260108.0723597382,-7.692216098303818
3,10,97,43,2189.9321850154183,-1260011.3813222814,-7.6916258565847135
3,10,97,44,2188.7117488994927,-1259920.0621965607,-7.6910684072163935
3,10,97,45,2187.4724751391273,-1259827.2814243804,-7.690502035359064
3,10,97,46,2186.560328102686,-1259758.958077113,-7.690084961646682
3,10,97,47,2185.72039516136,-1259696.0186342373,-7.689700753493171
3,10,97,48,2184.9003833785137,-1259634.5486240939,-7.689325515359268
3,10,97,49,2184.018109858642,-1259568.3855582827,-7.688921628890235
3,10,97,50,2183.381287814643,-1259520.6126704838,-7.688630003604555
3,10,97,51,2182.718061566379,-1259470.844186889,-7.688326196384291
3,10,97,52,2181.86554087191,-1259406.848834946,-7.687935542529094
3,10,97,53,2181.0478231844518,-1259345.44250799,-7.687560693143466
3,10,97,54,2180.1466448181422,-1259277.7420472838,-7.687147421785929
3,10,97,55,2179.2091020623184,-1259207.2800270342,-7.686717292737182
3,10,97,56,2178.309734498955,-1259139.6586101784,-7.686304503895703
3,10,97,57,2177.5433715060367,-1259082.0154719513,-7.685952626556327
3,10,97,58,2176.7528442485445,-1259022.5335220704,-7.685589524357025
3,10,97,59,2175.9449495568347,-1258961.722464374,-7.685218308738914
3,10,97,60,2175.3283377690077,-1258915.294271686,-7.684934892023283
3,10,97,61,2174.7203929373504,-1258869.5057771858,-7.684655380287553
3,10,97,62,2174.162619882707,-1258827.484802627,-7.684398867037572
3,10,97,63,2173.6772800377116,-1258790.9119599243,-7.684175611417226
3,10,97,64,2173.1903564155186,-1258754.2115645602,-7.6839515771631595
3,10,97,65,2172.8432943232433,-1258728.0477893122,-7.683791862756459
3,10,97,66,2172.460787101244,-1258699.2070904488,-7.6836158073109395
3,10,97,67,2172.112663107639,-1258672.9544417541,-7.683455550384298
3,10,97,68,2171.830907766478,-1258651.7036900907,-7.683325827087041
3,10,97,69,2171.435087800089,-1258621.8452177523,-7.683143558735119
3,10,97,70,2170.972696259031,-1258586.9580598697,-7.682930593225752
3,10,97,71,2170.473279184288,-1258549.2690003538,-7.682700523760523
3,10,97,72,2169.9522479840234,-1258509.9395627314,-7.682460440755063
3,10,97,73,2169.44620144322,-1258471.7321837733,-7.682227207255538
3,10,97,74,2168.9632728310844,-1258435.261936176,-7.682004577917762
3,10,97,75,2168.654199888953,-1258411.916819419,-7.681862069757649
3,10,97,76,2168.307589747233,-1258385.7324581768,-7.6817022296856035
3,10,97,77,2168.0852321159746,-1258368.9324406274,-7.681599675493404
3,10,97,78,2167.8406930204583,-1258350.4545343139,-7.681486878780546
3,10,97,79,2167.5916594535515,-1258331.6348736552,-7.681371995859105
3,10,97,80,2167.348659603032,-1258313.2691012917,-7.681259883657834
3,10,97,81,2167.04915031268,-1258290.629548515,-7.681121682549415
3,10,97,82,2166.7958062747416,-1258271.4771296436,-7.681004768335471
3,10,97,83,2166.4850497984253,-1258247.9813606397,-7.680861340532303
3,10,97,84,2166.1401469842535,-1258221.8998987272,-7.680702128599936
3,10,97,85,2165.9086160415704,-1258204.3892588348,-7.680595236477724
3,10,97,86,2165.6815344650254,-1258187.2133053006,-7.680490387418204
3,10,97,87,2165.3289593364907,-1258160.5417248616,-7.680327573160507
3,10,97,88,2164.9845893101797,-1258134.4866506895,-7.680168522309723
3,10,97,89,2164.7598323211505,-1258117.479276876,-7.680064702329907
3,10,97,90,2164.6129532849045,-1258106.3639780083,-7.6799968499902835
3,10,97,91,2164.435967715013,-1258092.9693185056,-7.679915083499204
3,10,97,92,2164.318229752577,-1258084.0580423374,-7.679860685417403
3,10,97,93,2164.2231502774066,-1258076.861373557,-7.679816754001789
3,10,2026,1,4747.657355526624,-1386769.0454660088,-8.465406587061146
3,10,2026,2,3448.7053914270286,-1334404.868510297,-8.145754190740202
3,10,2026,3,3031.6286122599054,-1313289.159617559,-8.016855249899638
3,10,2026,4,2816.275878541926,-1301218.4482314477,-7.943170680711577
3,10,2026,5,2680.9248685344382,-1293149.925975027,-7.893917114170942
3,10,2026,6,2586.632412353247,-1287284.4887879763,-7.85811208177453
3,10,2026,7,2515.943242516522,-1282745.3075045678,-7.830403058947647
3,10,2026,8,2461.251558063659,-1279144.9928820813,-7.8084252629906805
3,10,2026,9,2419.1857647225843,-1276320.9751954607,-7.791186301676642
3,10,2026,10,2386.357500754833,-1274082.7772433213,-7.7775234241058335
3,10,2026,11,2360.0624353602916,-1272267.6843692467,-7.7664433533308515
3,10,2026,12,2338.2199012287015,-1270744.496917203,-7.757145192882277
3,10,2026,13,2320.7544562740118,-1269516.2726283371,-7.749647608465212
3,10,2026,14,2305.9092593517516,-1268465.023056666,-7.743230350250683
3,10,2026,15,2292.777442111413,-1267529.448289415,-7.737519218448839
3,10,2026,16,2281.619512626169,-1266730.2824016537,-7.732640782351258
3,10,2026,17,2271.7286067742507,-1266018.5901966922,-7.728296321462446
3,10,2026,18,2263.762817792194,-1265443.1619101022,-7.7247836713758256
3,10,2026,19,2256.8922636407838,-1264945.221879212,-7.72174404135867
3,10,2026,20,2250.6645248914,-1264492.558075746,-7.718980795989073
3,10,2026,21,2244.5899473991562,-1264049.818471869,-7.716278132000959
3,10,2026,22,2239.2258395763192,-1263657.86342819,-7.7138854777811074
3,10,2026,23,2234.729881052624,-1263328.620031325,-7.7118756411542515
3,10,2026,24,2230.448492191536,-1263014.4734714436,-7.709957961807416
3,10,2026,25,2226.8943752833475,-1262753.2320295658,-7.708363236982748
3,10,2026,26,2223.553709798501,-1262507.2996877488,-7.706861965178913
3,10,2026,27,2220.5947817862534,-1262289.1612417465,-7.705530358705783
3,10,2026,28,2218.0079456506073,-1262098.2159274672,-7.7043647502531325
3,10,2026,29,2215.6122122940114,-1261921.1779856677,-7.703284038101698
3,10,2026,30,2213.4337716642,-1261760.031111021,-7.702300331536731
3,10,2026,31,2210.9998899496477,-1261579.8006735628,-7.701200131083428
3,10,2026,32,2208.7606966036133,-1261413.8117149416,-7.70018686645347
3,10,2026,33,2206.7101778278966,-1261261.6613248868,-7.699258078117442
3,10,2026,34,2204.7720631148463,-1261117.7213958928,-7.6983794098005855
3,10,2026,35,2202.7046682986916,-1260964.040550965,-7.697441278940793
3,10,2026,36,2200.6343242053786,-1260809.9958528122,-7.696500926971799
3,10,2026,37,2198.7525748770195,-1260669.857840928,-7.695645467115105
3,10,2026,38,2196.802757173076,-1260524.5240508558,-7.694758290098988
3,10,2026,39,2194.935297698934,-1260385.208018874,-7.6939078479444865
3,10,2026,40,2193.2291937965424,-1260257.8257698729,-7.693130254492069
3,10,2026,41,2191.550963506461,-1260132.4279269883,-7.6923647746678485
3,10,2026,42,2190.0081566784766,-1260017.0642188443,-7.6916605473143305
3,10,2026,43,2188.504566630458,-1259904.554728726,-7.690973743277372
3,10,2026,44,2186.931694124349,-1259786.7782702409,-7.690254787506964
3,10,2026,45,2185.4480528285562,-1259675.605771096,-7.689576145010841
3,10,2026,46,2184.031633028454,-1259569.3998835383,-7.688927820747291
3,10,2026,47,2182.933534403087,-1259487.0149222172,-7.688424909179917
3,10,2026,48,2181.969203703056,-1259414.6317283616,-7.687983052500132
3,10,2026,49,2180.9644587463476,-1259339.1809810104,-7.687522470216648
3,10,2026,50,2179.803988685628,-1259251.9928763239,-7.686990238293719
3,10,2026,51,2178.5716769273126,-1259159.35635122,-7.68642474697966
3,10,2026,52,2177.6380390861623,-1259089.137133644,-7.685996100097939
3,10,2026,53,2176.787966952048,-1259025.1767318377,-7.685605659592699
3,10,2026,54,2175.712908551856,-1258944.2523274529,-7.685111663863437
3,10,2026,55,2174.571024800743,-1258858.2538796577,-7.684586694093725
3,10,2026,56,2173.5340220955204,-1258780.1151794435,-7.684109703444373
3,10,2026,57,2172.5328371431383,-1258704.6399866438,-7.683648971935853
3,10,2026,58,2171.674213020796,-1258639.8841545975,-7.683253675798442
3,10,2026,59,2170.772095708185,-1258571.820560346,-7.682838187724922
3,10,2026,60,2169.901003996671,-1258506.0709595575,-7.682436825215837
3,10,2026,61,2169.193588197018,-1258452.6561168062,-7.682110759124909
3,10,2026,62,2168.3985126774405,-1258392.6015566979,-7.681744161478108
3,10,2026,63,2167.595172527707,-1258331.9003744412,-7.681373616584712
3,10,2026,64,2166.9059205566036,-1258279.8018747868,-7.68105558599152
3,10,2026,65,2166.271064832933,-1258231.8003616598,-7.680762565083141
3,10,2026,66,2165.759604503908,-1258193.1185553458,-7.6805264354846035
3,10,2026,67,2165.286273895377,-1258157.312364669,-7.680307859822417
3,10,2026,68,2164.7081700520666,-1258113.569740523,-7.680040836917779
3,10,2026,69,2164.154218851025,-1258071.6436812987,-7.6797849030698995
3,10,2026,70,2163.720479978685,-1258038.80845741,-7.679584463406566
3,10,2026,71,2163.182184142325,-1257998.0488295518,-7.679335649933778
3,10,2026,72,2162.784458692992,-1257967.926640561,-7.679151771747333
3,10,2026,73,2162.431867067286,-1257941.2180805565,-7.678988731751212
3,10,2026,74,2161.9242551817333,-1257902.7591994307,-7.678753962979384
3,10,2026,75,2161.478634811468,-1257868.989620841,-7.678547819632033
3,10,2026,76,2161.042197828057,-1257835.9092198967,-7.678345883307471
3,10,2026,77,2160.64704044598,-1257805.9519053774,-7.678163011582369
3,10,2026,78,2160.207524221536,-1257772.625261773,-7.6779595720916936
3,10,2026,79,2159.953326048617,-1257753.3474018106,-7.677841892133922
3,10,2026,80,2159.6343569019027,-1257729.1542363197,-7.677694207136786
3,10,2026,81,2159.318310908907,-1257705.1792616148,-7.677547854065628
3,10,2026,82,2158.9162907893287,-1257674.677293022,-7.677361657548847
3,10,2026,83,2158.606093304281,-1257651.1381857388,-7.677217965191061
3,10,2026,84,2158.2970336843537,-1257627.682060227,-7.677074779388015
3,10,2026,85,2157.9644098522845,-1257602.4337723302,-7.676920653491297
3,10,2026,86,2157.7540853750797,-1257586.4667834623,-7.676823184447565
3,10,2026,87,2157.579256563299,-1257573.1932982518,-7.676742157654026
3,10,2026,88,2157.3291444549945,-1257554.2022275862,-7.676626228375654
3,10,2026,89,2157.0976484849593,-1257536.6227225054,-7.6765189158721086
3,10,2026,90,2156.8886338109533,-1257520.7487972663,-7.676422014926907
3,10,2026,91,2156.7146455069555,-1257507.5338277025,-7.676341345336857
3,10,2026,92,2156.510339517416,-1257492.0147717183,-7.676246610659022
3,10,2026,93,2156.35777456605,-1257480.424999241,-7.6761758619380345
3,10,2026,94,2156.1855383705515,-1257467.3398925792,-7.676095985084358
3,10,2026,95,2155.969442840446,-1257450.9212315879,-7.675995758848878
3,10,2026,96,2155.7654727437643,-1257435.4223356505,-7.675901147236232
3,10,2026,97,2155.554909368873,-1257419.4209037032,-7.675803467937828
3,10,2026,98,2155.4292025748978,-1257409.867268787,-7.675745148634975
3,10,2026,99,2155.28102212308,-1257398.6049349073,-7.67567639873338
3,10,2026,100,2155.134096086939,-1257387.4371773314,-7.675608226164303
3,10,2026,101,2154.9521981422895,-1257373.610171706,-7.675523820455303
3,10,2026,102,2154.8147732124485,-1257363.1630164587,-7.675460046738162
3,10,2026,103,2154.7408376157036,-1257357.542096433,-7.675425734338727
3,10,31415,1,4919.662868696649,-1392599.0435282632,-8.50099528451594
3,10,31415,2,3615.435342016837,-1342139.1728101482,-8.192967553902843
3,10,31415,3,3131.705550688301,-1318609.5411988925,-8.04933303950098
3,10,31415,4,2875.787714674784,-1304644.0410901003,-7.96408190341664
3,10,31415,5,2716.3837541086154,-1295302.4122523742,-7.907056772551974
3,10,31415,6,2608.4012281686987,-1288657.377377557,-7.866492756370301
3,10,31415,7,2531.1489138494926,-1283732.386683804,-7.836428594788079
3,10,31415,8,2474.4158632936064,-1280018.8479274847,-7.813759632316041
3,10,31415,9,2431.4299585910053,-1277148.0038604378,-7.796234823585229
3,10,31415,10,2396.1053083973156,-1274750.5708600478,-7.781599910021291
3,10,31415,11,2367.612425203992,-1272790.905709183,-7.769637310819353
3,10,31415,12,2343.427066425337,-1271108.905994394,-7.759369695233641
3,10,31415,13,2322.898714026372,-1269667.5603063977,-7.7505711304536655
3,10,31415,14,2305.565705431439,-1268440.6145411502,-7.7430813506687395
3,10,31415,15,2290.1751688342624,-1267343.4136164987,-7.7363835865635755
3,10,31415,16,2276.906294602215,-1266391.5321865212,-7.73057291220956
3,10,31415,17,2264.571294220208,-1265501.6564348713,-7.725140745927573
3,10,31415,18,2254.292438423936,-1264756.405396181,-7.7205914281644095
3,10,31415,19,2245.699265222784,-1264130.75936618,-7.716772228391489
3,10,31415,20,2238.1394839939476,-1263578.369164616,-7.713400212217464
3,10,31415,21,2231.3863163608626,-1263083.3377898135,-7.71037833782911
3,10,31415,22,2225.4325230968225,-1262645.6591617784,-7.707706568111652
3,10,31415,23,2219.8360698510073,-1262233.1805679125,-7.705188629730384
3,10,31415,24,2214.6161155455356,-1261847.5128941091,-7.702834356192979
3,10,31415,25,2210.4405950439636,-1261538.3565084455,-7.700947138914669
3,10,31415,26,2206.475607103631,-1261244.246949116,-7.699151773630879
3,10,31415,27,2202.983615738679,-1260984.784666728,-7.6975679095248815
3,10,31415,28,2199.730766277909,-1260742.720867904,-7.696090252892904
3,10,31415,29,2196.855022242897,-1260528.4214207048,-7.694782081241788
3,10,31415,30,2194.166230578115,-1260327.7996860105,-7.69355740395328
3,10,31415,31,2191.670345781988,-1260141.3513764208,-7.6924192470602435
3,10,31415,32,2189.304623136338,-1259964.4303662172,-7.691339248707191
3,10,31415,33,2187.084395811775,-1259798.2162618362,-7.690324609695245
3,10,31415,34,2185.074619506877,-1259647.6117036769,-7.689405257750628
3,10,31415,35,2183.341149673167,-1259517.601135,-7.688611619957757
3,10,31415,36,2181.494010633675,-1259378.9517080027,-7.687765247033274
3,10,31415,37,2179.8206038819817,-1259253.2415320042,-7.686997860599723
3,10,31415,38,2178.1766497118,-1259129.6498941735,-7.68624340659138
3,10,31415,39,2176.6279858911016,-1259013.1367807852,-7.685532162797194
3,10,31415,40,2174.995648866796,-1258890.2387744503,-7.68478194299977
3,10,31415,41,2173.6966460809413,-1258792.3714468658,-7.684184520723653
3,10,31415,42,2172.4520256005017,-1258698.5464217232,-7.683611774318279
3,10,31415,43,2171.401738637519,-1258619.3292925016,-7.683128200496298
3,10,31415,44,2170.586596397998,-1258557.8213692303,-7.682752730925125
3,10,31415,45,2169.6522413990315,-1258487.2896281923,-7.682322176272112
3,10,31415,46,2168.9043760468253,-1258430.813559051,-7.68197742320073
3,10,31415,47,2168.01873454479,-1258363.9079457326,-7.6815690039173985
3,10,31415,48,2167.179920332162,-1258300.5146843344,-7.6811820254696395
3,10,31415,49,2166.5755855434463,-1258254.8269623318,-7.6809031288905345
3,10,31415,50,2166.046995802762,-1258214.8551181364,-7.680659124372078
3,10,31415,51,2165.4710359721157,-1258171.2900513487,-7.680393185350324
3,10,31415,52,2164.99975167443,-1258135.6339240589,-7.680175525736551
3,10,31415,53,2164.5783379872228,-1258103.74430185,-7.679980858413403
3,10,31415,54,2164.0361682725006,-1258062.7075801354,-7.679730353446156
3,10,31415,55,2163.5582188688622,-1258026.523153953,-7.679509468879432
3,10,31415,56,2163.0262319769904,-1257986.2382751494,-7.679263553469437
3,10,31415,57,2162.5682117929086,-1257951.546611041,-7.679051781334186
3,10,31415,58,2162.166125708132,-1257921.0854871369,-7.678865834150125
3,10,31415,59,2161.7141763606433,-1257886.8400735706,-7.678656786111067
3,10,31415,60,2161.247227791701,-1257851.4506079168,-7.6784407543092055
3,10,31415,61,2160.860024485089,-1257822.0991395968,-7.678261580917595
3,10,31415,62,2160.528524132356,-1257796.9659856213,-7.678108157845518
3,10,31415,63,2160.1300644986363,-1257766.751118048,-7.677923713911023
3,10,31415,64,2159.7966856419907,-1257741.4669898453,-7.677769369230388
3,10,31415,65,2159.3742255575676,-1257709.4211538117,-7.677573748314034
3,10,31415,66,2158.9355993638487,-1257676.1423981362,-7.677370601150902
3,10,31415,67,2158.5459979060047,-1257646.57749964,-7.677190124894027
3,10,31415,68,2158.2313270373784,-1257622.6948115947,-7.6770443351784605
3,10,31415,69,2157.75265568782,-1257586.358242027,-7.6768225218661605
3,10,31415,70,2157.327721795471,-1257554.0941984197,-7.676625568921349
3,10,31415,71,2156.985259451083,-1257528.0873640662,-7.676466812546187
3,10,31415,72,2156.550645043269,-1257495.076490552,-7.676265300645553
3,10,31415,73,2156.0930302176753,-1257460.3114433114,-7.676053080549589
3,10,31415,74,2155.8187710960315,-1257439.4724120873,-7.675925870562627
3,10,31415,75,2155.5530695291536,-1257419.281081094,-7.675802614403318
3,10,31415,76,2155.2454317796182,-1257395.8998046792,-7.675659885509836
3,10,31415,77,2155.063571295426,-1257382.076360896,-7.675575501543781
3,10,31415,78,2154.9069542954367,-1257370.1707711343,-7.675502824944659
3,10,31415,79,2154.70580678588,-1257354.8788262305,-7.675409476645935
3,10,31415,80,2154.479145643148,-1257337.6455339945,-7.675304277567482
3,10,31415,81,2154.2068954972838,-1257316.94366362,-7.675177904866557
3,10,31415,82,2154.0551679815194,-1257305.4051850564,-7.675107469264641
3,10,31415,83,2153.937223589244,-1257296.435262729,-7.67505271318265
3,10,31415,84,2153.75606979783,-1257282.6571743228,-7.674968606084404
3,10,31415,85,2153.640979571514,-1257273.903107631,-7.674915167673677
3,10,31415,86,2153.461345712104,-1257260.2387467185,-7.674831754814661
3,10,31415,87,2153.2174474383537,-1257241.6841056251,-7.6747184896812595
3,10,31415,88,2152.9177736416586,-1257218.883445526,-7.674579305107718
3,10,31415,89,2152.7174193304286,-1257203.6377312928,-7.674486239019954
3,10,31415,90,2152.542977872969,-1257190.3626681494,-7.674405202594065
3,10,31415,91,2152.3210304629165,-1257173.470828181,-7.674302087880188
3,10,31415,92,2152.1533754179854,-1257160.7098839798,-7.674224189847022
3,10,31415,93,2152.1058579771675,-1257157.0929470514,-7.674202110581698
3,11,11,1,5038.822965752084,-1396519.5717066396,-8.52492779524979
3,11,11,2,3624.257028993697,-1342538.3981128214,-8.195404588763132
3,11,11,3,3170.373688389029,-1320619.8425295309,-8.061604742696263
3,11,11,4,2927.744954635099,-1307577.3078144232,-7.9819877656298726
3,11,11,5,2771.9021970879758,-1298616.7874790414,-7.927289077251559
3,11,11,6,2663.9442217007995,-1292109.0357479074,-7.887563093641081
3,11,11,7,2584.7983199138066,-1287168.2912731254,-7.857402764523156
3,11,11,8,2524.0053128396503,-1283269.3990598791,-7.8336023285874345
3,11,11,9,2476.76961384026,-1280174.6013446725,-7.814710415006303
3,11,11,10,2439.4470249180604,-1277687.2599031723,-7.799526663471043
3,11,11,11,2408.1406475412123,-1275571.3386807144,-7.786610213170352
3,11,11,12,2381.9247843038593,-1273778.2021179816,-7.775664172718059
3,11,11,13,2361.000010719516,-1272332.750166965,-7.766840541625757
3,11,11,14,2342.8235327977613,-1271066.7108692345,-7.759112118897022
3,11,11,15,2327.217385233251,-1269971.839868769,-7.752428577603952
3,11,11,16,2313.7633504985433,-1269022.0439296237,-7.746630633940663
3,11,11,17,2301.6310320701837,-1268160.807689054,-7.741373294971517
3,11,11,18,2291.0500950113833,-1267405.9850466812,-7.736765548216788
3,11,11,19,2281.4592894917178,-1266718.7782772928,-7.732570556461474
3,11,11,20,2273.605864403005,-1266153.9047066132,-7.729122336686363
3,11,11,21,2266.5397631527744,-1265643.9909408505,-7.726009614084402
3,11,11,22,2260.0772806246728,-1265176.2426215888,-7.7231542866483665
3,11,11,23,2254.6201956111513,-1264780.221280778,-7.720736810084351
3,11,11,24,2249.684661845022,-1264421.222612349,-7.718545335085395
3,11,11,25,2244.335576135735,-1264031.2527448528,-7.71616479919454
3,11,11,26,2239.6710976172426,-1263690.4341224902,-7.714084302647423
3,11,11,27,2235.23037154814,-1263365.3041836317,-7.712099576254039
3,11,11,28,2231.045071610755,-1263058.2835782268,-7.710225396653726
3,11,11,29,2227.2683857171314,-1262780.7428757797,-7.7085311744626885
3,11,11,30,2223.905919097378,-1262533.245968745,-7.707020351911566
3,11,11,31,2220.8602968155765,-1262308.7474401097,-7.705649920887518
3,11,11,32,2217.7421660583846,-1262078.5849975748,-7.70424491501181
3,11,11,33,2214.458772457251,-1261835.873752296,-7.702763306101333
3,11,11,34,2210.965249207368,-1261577.2340735744,-7.70118446350524
3,11,11,35,2207.3962889630097,-1261312.5871389606,-7.6995689501572535
3,11,11,36,2204.312568082738,-1261083.577057669,-7.698170978766842
3,11,11,37,2201.686465959835,-1260888.2989411808,-7.696978921113816
3,11,11,38,2198.8581974879585,-1260677.7269655652,-7.69569350347686
3,11,11,39,2196.2160331480036,-1260480.766084842,-7.6944911735413015
3,11,11,40,2193.6834421259114,-1260291.7508332445,-7.6933373469822515
3,11,11,41,2191.517221367437,-1260129.9057201627,-7.69234937808372
3,11,11,42,2189.522938693421,-1259980.765141142,-7.691438962867743
3,11,11,43,2187.7523593434416,-1259848.240123698,-7.690629975849111
3,11,11,44,2185.9867056085027,-1259715.9769302793,-7.6898225871116335
3,11,11,45,2184.3529074963135,-1259593.4957010348,-7.689074911492375
3,11,11,46,2182.8819911043975,-1259483.1468627588,-7.688401296959753
3,11,11,47,2181.395994046113,-1259371.5911349452,-7.687720315078779
3,11,11,48,2180.0867495431544,-1259273.2414605122,-7.687119948359819
3,11,11,49,2178.806375841918,-1259177.0034027114,-7.686532471814178
3,11,11,50,2177.549389992943,-1259082.4682404709,-7.685955390440927
3,11,11,51,2176.357951736893,-1258992.812380157,-7.685408094326299
3,11,11,52,2175.2780392728864,-1258911.5064326003,-7.6849117695011495
3,11,11,53,2174.380828321828,-1258843.925265563,-7.684499226361058
3,11,11,54,2173.6109646573464,-1258785.9141223119,-7.6841451025681975
3,11,11,55,2172.832483638762,-1258727.232743193,-7.683786887380921
3,11,11,56,2172.072929348083,-1258669.9577808531,-7.68343725753805
3,11,11,57,2171.4157725386053,-1258620.3880418201,-7.683134663536041
3,11,11,58,2170.8196744451116,-1258575.411021532,-7.682860105371466
3,11,11,59,2170.23788995563,-1258531.5020859395,-7.6825920672336006
3,11,11,60,2169.5096407432075,-1258476.52244795,-7.682256448991246
3,11,11,61,2168.9556869932294,-1258434.6889971122,-7.682001080462911
3,11,11,62,2168.315852356875,-1258386.3566985237,-7.681706040304511
3,11,11,63,2167.6523180924482,-1258336.2190934322,-7.681399979815355
3,11,11,64,2167.041004000875,-1258290.0137347376,-7.681117923369742
3,11,11,65,2166.363377375648,-1258238.7809974377,-7.680805177744772
3,11,11,66,2165.672878930006,-1258186.558583941,-7.680486390730705
3,11,11,67,2164.960134188982,-1258132.6362159196,-7.680157226497531
3,11,11,68,2164.1318134138,-1258069.9476893623,-7.679774550040059
3,11,11,69,2163.143912359602,-1257995.1505134199,-7.6793179574243045
3,11,11,70,2162.361125240339,-1257935.8589139353,-7.678956017201831
3,11,11,71,2161.779519390901,-1257891.791732853,-7.678687013068644
3,11,11,72,2161.2122578699723,-1257848.7999722234,-7.678424573742634
3,11,11,73,2160.6228700371516,-1257804.1193423695,-7.678151824866737
3,11,11,74,2160.0781243859437,-1257762.8121312542,-7.677899668721335
3,11,11,75,2159.6405110386945,-1257729.6210489692,-7.6776970567525105
3,11,11,76,2159.2813493249096,-1257702.375158748,-7.6775307366725345
3,11,11,77,2158.999438867424,-1257680.9863487866,-7.677400170610848
3,11,11,78,2158.614595534659,-1257651.7834163036,-7.67722190394286
3,11,11,79,2158.2155564100967,-1257621.497770997,-7.677037027952074
3,11,11,80,2157.8180701593774,-1257591.3244157983,-7.676852837426126
3,11,11,81,2157.4477205135495,-1257563.2060098075,-7.676681191152315
3,11,11,82,2157.2439066115585,-1257547.729595232,-7.676586716775114
3,11,11,83,2157.06112988272,-1257533.849374721,-7.676501986220644
3,11,11,84,2156.886682435495,-1257520.6005899543,-7.676421110208736
3,11,11,85,2156.74170030667,-1257509.5887964861,-7.676353889708491
3,11,11,86,2156.447511509518,-1257487.2420689478,-7.676217476125334
3,11,11,87,2156.2373773326954,-1257471.2783056658,-7.676120026771901
3,11,11,88,2156.083163940597,-1257459.561819932,-7.676048504541265
3,11,11,89,2155.9189544685187,-1257447.0849527356,-7.675972340630558
3,11,11,90,2155.808511695625,-1257438.692820612,-7.675921111616765
3,11,11,91,2155.626066377169,-1257424.828543298,-7.6758364783861035
3,11,11,92,2155.4833073322156,-1257413.9792635932,-7.675770249936472
3,11,11,93,2155.2717156781096,-1257397.8975803372,-7.675672080751192
3,11,11,94,2155.0577806460965,-1257381.6361872058,-7.675572814543181
3,11,11,95,2154.893137401658,-1257369.1204076728,-7.675496413095624
3,11,11,96,2154.727237271558,-1257356.5081154692,-7.675419422495173
3,11,11,97,2154.5409983892782,-1257342.348445154,-7.675332986064572
3,11,11,98,2154.3807278713834,-1257330.1621596564,-7.675258595983642
3,11,11,99,2154.2034220339906,-1257316.6795249605,-7.675176292455929
3,11,11,100,2154.0218414814185,-1257302.870683501,-7.675091997628443
3,11,11,101,2153.87391069409,-1257291.6199795562,-7.675023318720736
3,11,11,102,2153.737252656819,-1257281.2259248507,-7.674959869151063
3,11,11,103,2153.6435913170676,-1257274.101769086,-7.674916380384614
3,11,42,1,4987.884575240948,-1394855.0980725326,-8.514767166043198
3,11,42,2,3512.7363527576836,-1337418.4947583254,-8.164150600419529
3,11,42,3,3031.86110930554,-1313301.7222630968,-8.016931937436494
3,11,42,4,2781.8378163741645,-1299202.920478224,-7.930867073290912
3,11,42,5,2631.4753903307037,-1290100.1370671005,-7.8752999527952126
3,11,42,6,2528.7261400653038,-1283575.5096319665,-7.835470952971422
3,11,42,7,2456.206065290633,-1278808.8302560018,-7.806373188553022
3,11,42,8,2403.5533965721324,-1275258.9890901018,-7.784703503260376
3,11,42,9,2362.8516323023073,-1272461.1730217298,-7.767624487362222
3,11,42,10,2330.8135973235353,-1270224.7867465536,-7.75397266901007
3,11,42,11,2305.540034158216,-1268438.7905251628,-7.743070216127624
3,11,42,12,2284.137904280234,-1266910.998480661,-7.7337439473596055
3,11,42,13,2265.8648457848917,-1265595.2034764055,-7.725711795407076
3,11,42,14,2250.0423422915705,-1264447.2658723518,-7.718704313817648
3,11,42,15,2237.2835019789236,-1263515.7053440465,-7.713017686575466
3,11,42,16,2226.610491782961,-1262732.3475078463,-7.708235749303159
3,11,42,17,2217.5219690259582,-1262062.3190905193,-7.7041456212489585
3,11,42,18,2209.1793054659984,-1261444.8555179692,-7.700376370549697
3,11,42,19,2201.8394859484424,-1260899.6839643363,-7.697048419961031
3,11,42,20,2196.2312866031966,-1260481.9038378228,-7.694498118851778
3,11,42,21,2191.100502096991,-1260098.752976063,-7.692159208966541
3,11,42,22,2186.023357507543,-1259718.7235696542,-7.689839353724021
3,11,42,23,2182.0281726906433,-1259419.058891276,-7.688010077716926
3,11,42,24,2178.543736596621,-1259157.2553863483,-7.6864119218290545
3,11,42,25,2175.3350609778226,-1258915.800571105,-7.68493798268243
3,11,42,26,2171.944532316441,-1258660.2738933794,-7.683378143120204
3,11,42,27,2168.852074882368,-1258426.8632369642,-7.68195330881577
3,11,42,28,2166.0171173052154,-1258212.5954212223,-7.6806453302560325
3,11,42,29,2163.5515556608216,-1258026.0186416362,-7.679506389129489
3,11,42,30,2161.3839657715816,-1257861.8146051753,-7.678504020395903
3,11,42,31,2159.3281581719257,-1257705.9263194026,-7.677552414412528
3,11,42,32,2157.4713297042063,-1257564.9986567295,-7.676692134203798
3,11,42,33,2156.0249984852876,-1257455.1424353207,-7.676021526806421
3,11,42,34,2154.6750944200767,-1257352.5438379657,-7.675395222920629
3,11,42,35,2153.2617334467013,-1257245.0533343798,-7.674739056834374
3,11,42,36,2151.981458245444,-1257147.623498613,-7.674144305187607
3,11,42,37,2150.7815836152663,-1257056.2595700861,-7.673586582324597
3,11,42,38,2149.551376850209,-1256962.5330801725,-7.673014437418644
3,11,42,39,2148.6183389979856,-1256891.411397547,-7.672580281520407
3,11,42,40,2147.8257588264705,-1256830.971968152,-7.672211334473752
3,11,42,41,2146.9684398282984,-1256765.5706639807,-7.671812098109957
3,11,42,42,2146.1137588938304,-1256700.3446061837,-7.671413931521852
3,11,42,43,2145.3222677252074,-1256639.9177849775,-7.671045061440747
3,11,42,44,2144.6186913118636,-1256586.1841434834,-7.6707170492716426
3,11,42,45,2143.929775597111,-1256533.553087279,-7.670395767735013
3,11,42,46,2143.3369276550447,-1256488.2477746783,-7.67011920553962
3,11,42,47,2142.9459545033383,-1256458.362832523,-7.669936775605087
3,11,42,48,2142.512765454227,-1256425.244652114,-7.6697346086591915
3,11,42,49,2141.9307595603705,-1256380.7385791375,-7.669462925350011
3,11,42,50,2141.3426373151215,-1256335.752501712,-7.669188311896957
3,11,42,51,2140.782003977892,-1256292.8575750156,-7.6689264636849614
3,11,42,52,2140.301680909128,-1256256.0983757314,-7.668702070467667
3,11,42,53,2139.9150688688524,-1256226.5049033142,-7.668521419783868
3,11,42,54,2139.504629494258,-1256195.0817003876,-7.66832959967517
3,11,42,55,2139.020531076204,-1256158.0114185433,-7.668103307482439
3,11,42,56,2138.5138509525073,-1256119.2029349082,-7.667866404593618
3,11,42,57,2138.0788578441725,-1256085.8778856772,-7.667662974835652
3,11,42,58,2137.6564701352013,-1256053.5120539078,-7.667465400534184
3,11,42,59,2137.2664454796463,-1256023.6203901689,-7.6672829295683504
3,11,42,60,2137.0140975930726,-1256004.2774289297,-7.667164852205705
3,11,42,61,2136.748793300601,-1255983.9388705487,-7.667040697310084
3,11,42,62,2136.482154258216,-1255963.495444036,-7.66691590225641
3,11,42,63,2136.1844308452614,-1255940.6657391088,-7.666776540381335
3,11,42,64,2135.8135201782216,-1255912.2195166708,-7.666602892981582
3,11,42,65,2135.4931175144525,-1255887.6429234555,-7.666452867384477
3,11,42,66,2135.1518731505453,-1255861.4636053622,-7.66629305809788
3,11,42,67,2134.8422428648705,-1255837.7060105794,-7.6661480320028526
3,11,42,68,2134.5758285699635,-1255817.2615736744,-7.66602323078133
3,11,42,69,2134.2928365497582,-1255795.5421793868,-7.6658906466974335
3,11,42,70,2134.063985009488,-1255777.9759141826,-7.665783415015521
3,11,42,71,2133.908025567642,-1255766.0036463826,-7.665710331386327
3,11,42,72,2133.68576513643,-1255748.9402534647,-7.66560616944294
3,11,42,73,2133.4414125798376,-1255730.1787510358,-7.665491641543169
3,11,42,74,2133.3044354575973,-1255719.6606442332,-7.665427434708656
3,11,42,75,2133.2026164584067,-1255711.8417980568,-7.665379705267232
3,11,42,76,2133.0390641961076,-1255699.281573194,-7.665303032507167
3,11,42,77,2132.783641426207,-1255679.6640975457,-7.665183279396064
3,11,42,78,2132.5265289509425,-1255659.914472962,-7.665062719593703
3,11,42,79,2132.369630972019,-1255647.8614717338,-7.6649891431345765
3,11,42,80,2132.2382040656844,-1255637.7644916936,-7.664927507030409
3,11,42,81,2132.0832769549015,-1255625.861289881,-7.664854845008308
3,11,42,82,2131.95108776692,-1255615.7043811071,-7.664792843074591
3,11,42,83,2131.867406361588,-1255609.2742982523,-7.664753591213632
3,11,97,1,4764.907842203576,-1387363.1877955422,-8.46903347533539
3,11,97,2,3491.882709204361,-1336443.0896620683,-8.158196327965939
3,11,97,3,3057.7417066823937,-1314694.1551012027,-8.025431918134997
3,11,97,4,2837.300467258509,-1302436.855728494,-7.950608339408202
3,11,97,5,2699.8320759628186,-1294301.182525654,-7.900944855970443
3,11,97,6,2604.797878309798,-1288430.9189429441,-7.865110361276946
3,11,97,7,2534.0469775788233,-1283919.8421227897,-7.837572899611697
3,11,97,8,2480.1741104812977,-1280399.623511741,-7.816084042533946
3,11,97,9,2437.3830823229423,-1277548.6014578654,-7.798680235495101
3,11,97,10,2401.967839221969,-1275150.8885700728,-7.784043613383752
3,11,97,11,2374.1487390505176,-1273242.5326174928,-7.772394226555971
3,11,97,12,2350.883765636725,-1271629.3349600483,-7.762546606925137
3,11,97,13,2331.030935015889,-1270240.0611261213,-7.754065910082784
3,11,97,14,2313.867254930239,-1269029.4002680338,-7.7466755400451355
3,11,97,15,2299.435409013248,-1268004.4621032632,-7.740418897441417
3,11,97,16,2286.886288008517,-1267107.991217583,-7.734946471758454
3,11,97,17,2275.62820852094,-1266299.5522334436,-7.730011428880229
3,11,97,18,2265.3277635157597,-1265556.369254602,-7.725474735401926
3,11,97,19,2256.6377144216235,-1264926.7444413162,-7.7216312475052264
3,11,97,20,2249.0692126706617,-1264376.4011238266,-7.718271726350458
3,11,97,21,2241.8134122506226,-1263847.0542959804,-7.715040376373373
3,11,97,22,2235.4858938938046,-1263384.029884901,-7.712213885608859
3,11,97,23,2230.085210398592,-1262987.7899513573,-7.709795074665218
3,11,97,24,2225.1466938746034,-1262624.6176758735,-7.707578122258347
3,11,97,25,2220.7635534117635,-1262301.6112583997,-7.70560635870977
3,11,97,26,2216.682908453441,-1262000.323060933,-7.7037671720768
3,11,97,27,2212.6785335247487,-1261704.1264779153,-7.701959066745101
3,11,97,28,2209.4543168088917,-1261465.2470064051,-7.700500848552065
3,11,97,29,2206.644179073679,-1261256.7618080806,-7.699228169458909
3,11,97,30,2204.120790193666,-1261069.3242453237,-7.698083973759118
3,11,97,31,2201.5106297514208,-1260875.215364086,-7.696899053597243
3,11,97,32,2198.9257898794035,-1260682.7625540479,-7.695724242772671
3,11,97,33,2196.191377502608,-1260478.927007166,-7.6944799470574665
3,11,97,34,2193.8296632943006,-1260302.66971433,-7.693404000307235
3,11,97,35,2191.669779678014,-1260141.3090630772,-7.6924189887622525
3,11,97,36,2189.7787710671237,-1259999.9049213883,-7.691555799930338
3,11,97,37,2188.15388319095,-1259878.3029390979,-7.690813491594825
3,11,97,38,2186.6862089867936,-1259768.3887381752,-7.6901425302667334
3,11,97,39,2185.2177906605702,-1259658.344956064,-7.689470777921961
3,11,97,40,2183.7644571768346,-1259549.3588017388,-7.688805481770638
3,11,97,41,2182.3616366906995,-1259444.0918242289,-7.688162888998809
3,11,97,42,2181.139423473522,-1259352.3223561523,-7.687602690556187
3,11,97,43,2180.076576631249,-1259272.4770461486,-7.687115282061268
3,11,97,44,2179.1355944676534,-1259201.7542042886,-7.686683560850518
3,11,97,45,2178.2549125673677,-1259135.5357701553,-7.686279336390555
3,11,97,46,2177.323510520531,-1259065.474554303,-7.68585165401611
3,11,97,47,2176.286033094113,-1258987.3989236795,-7.685375048369387
3,11,97,48,2175.348313477153,-1258916.7985621071,-7.684944074828509
3,11,97,49,2174.462198702037,-1258850.055526013,-7.684536647983182
3,11,97,50,2173.5377535537573,-1258780.396413614,-7.684111420213007
3,11,97,51,2172.7925935140497,-1258724.225286013,-7.683768528629761
3,11,97,52,2172.083203205082,-1258670.7326250838,-7.683441987504785
3,11,97,53,2171.4073334023055,-1258619.7513750629,-7.6831307770612325
3,11,97,54,2170.9184578821178,-1258582.8653207212,-7.682905609468679
3,11,97,55,2170.5842640819,-1258557.645347274,-7.682751656414965
3,11,97,56,2170.1502419305266,-1258524.886019152,-7.682551680050495
3,11,97,57,2169.5642037234206,-1258480.6423544034,-7.682281598588681
3,11,97,58,2168.9650242127127,-1258435.394213297,-7.682005385391518
3,11,97,59,2168.4173549158636,-1258394.025025078,-7.681752850912476
3,11,97,60,2167.8097502462974,-1258348.1162823914,-7.6814726051325355
3,11,97,61,2167.2595324894555,-1258306.5324152557,-7.681218760165403
3,11,97,62,2166.791546342335,-1258271.155066175,-7.681002802328069
3,11,97,63,2166.31338843466,-1258235.0008916047,-7.680782102429584
3,11,97,64,2165.778969490547,-1258194.5832979989,-7.6805353768740465
3,11,97,65,2165.11383845435,-1258144.2661409995,-7.680228220326461
3,11,97,66,2164.4516204482006,-1258094.1539961337,-7.679922315256957
3,11,97,67,2163.746890913969,-1258040.8080259352,-7.679596669592319
3,11,97,68,2163.175884445454,-1257997.5717580167,-7.679332737693612
3,11,97,69,2162.776512296468,-1257967.324754747,-7.679148097589656
3,11,97,70,2162.3116953269,-1257932.1141632749,-7.678933157709106
3,11,97,71,2161.871336832123,-1257898.749355683,-7.678729485249812
3,11,97,72,2161.500351377462,-1257870.6354863364,-7.678557866669534
3,11,97,73,2161.1042465985147,-1257840.6127076256,-7.678374595324178
3,11,97,74,2160.811414624732,-1257818.4139576033,-7.678239085056425
3,11,97,75,2160.5475777360475,-1257798.4106651729,-7.678116976761567
3,11,97,76,2160.3166928530345,-1257780.9036870948,-7.67801010699257
3,11,97,77,2159.975153578853,-1257755.0028452792,-7.677851997639298
3,11,97,78,2159.690044739036,-1257733.378303734,-7.677719992575414
3,11,97,79,2159.501363644477,-1257719.065910842,-7.677632623863616
3,11,97,80,2159.25148729643,-1257700.1096309668,-7.677516906962487
3,11,97,81,2159.0383900863594,-1257683.9417804591,-7.677418211776988
3,11,97,82,2158.7602067558087,-1257662.8333940818,-7.677289357535783
3,11,97,83,2158.4757014955517,-1257641.242489729,-7.677157557807107
3,11,97,84,2158.1911630052978,-1257619.646217026,-7.677025725307821
3,11,97,85,2157.951999075733,-1257601.491639268,-7.676914902324974
3,11,97,86,2157.783750154848,-1257588.718908573,-7.676836932342219
3,11,97,87,2157.537655688017,-1257570.034686736,-7.676722876194853
3,11,97,88,2157.368941689268,-1257557.2241881497,-7.676644675661411
3,11,97,89,2157.1492795753625,-1257540.543684308,-7.676542851029862
3,11,97,90,2156.9370909741215,-1257524.4290843934,-7.676444480907808
3,11,97,91,2156.77443820538,-1257512.0753950952,-7.676369068925473
3,11,97,92,2156.5554339514415,-1257495.4402654124,-7.676267521276386
3,11,97,93,2156.3975382213916,-1257483.4457701826,-7.676194301961852
3,11,97,94,2156.251609417019,-1257472.3595574128,-7.67612662717569
3,11,97,95,2156.011834438889,-1257454.142220569,-7.676015421085664
3,11,97,96,2155.8031819181615,-1257438.2878199362,-7.67591863932666
3,11,97,97,2155.662979699495,-1257427.6337334607,-7.675853602416495
3,11,97,98,2155.6111818949717,-1257423.6973987122,-7.67582957341598
3,11,2026,1,4940.799597238261,-1393301.3512827205,-8.505282458872884
3,11,2026,2,3518.270629665099,-1337676.3819415881,-8.165724849474948
3,11,2026,3,3068.9466433950356,-1315293.3531847803,-8.029089668803904
3,11,2026,4,2838.977844940726,-1302533.6731483862,-7.951199352617486
3,11,2026,5,2698.5635089456846,-1294224.1923995933,-7.900474876688439
3,11,2026,6,2597.626144794469,-1287979.26585333,-7.862353285718917
3,11,2026,7,2522.016615526196,-1283140.275381626,-7.8328141047371815
3,11,2026,8,2465.6223727480965,-1279435.6475958966,-7.810199538481569
3,11,2026,9,2420.7638778664355,-1276427.8028325336,-7.791838421354041
3,11,2026,10,2386.3548352753205,-1274082.5942663634,-7.7775223071394946
3,11,2026,11,2359.3111580677714,-1272215.5286161348,-7.76612497323909
3,11,2026,12,2337.2026209837154,-1270673.2106184992,-7.756710032100035
3,11,2026,13,2318.739823322517,-1269374.0031858347,-7.74877913748251
3,11,2026,14,2302.627081396027,-1268231.6850442702,-7.741805959395116
3,11,2026,15,2288.4713346465337,-1267221.4931694982,-7.735639334188957
3,11,2026,16,2276.3220496092545,-1266349.4922662464,-7.730316283307164
3,11,2026,17,2265.906129999113,-1265598.188188066,-7.725730015310263
3,11,2026,18,2256.6474901893084,-1264927.4540916425,-7.721635579501651
3,11,2026,19,2248.5445567344204,-1264338.1821741133,-7.718038422218302
3,11,2026,20,2240.951951458003,-1263784.0926856836,-7.714656032900837
3,11,2026,21,2234.073261458352,-1263280.479715988,-7.711581772940299
3,11,2026,22,2227.8781287000584,-1262825.5834469222,-7.7088048996857585
3,11,2026,23,2222.4168032693374,-1262423.5188873617,-7.706350532837829
3,11,2026,24,2218.245549382217,-1262115.763749285,-7.704471869349056
3,11,2026,25,2214.369806862878,-1261829.2923335081,-7.702723130423818
3,11,2026,26,2210.5193441933,-1261544.1925127641,-7.700982764276775
3,11,2026,27,2206.5035994783084,-1261246.325181818,-7.699164460015005
3,11,2026,28,2202.661171835675,-1260960.8056702106,-7.697421531902932
3,11,2026,29,2199.6739353025546,-1260738.488557539,-7.6960644171359265
3,11,2026,30,2196.5771535706253,-1260507.699883348,-7.694655588485546
3,11,2026,31,2193.9815171976525,-1260314.008442465,-7.6934732165506725
3,11,2026,32,2191.503778609056,-1260128.900870354,-7.692343244068674
3,11,2026,33,2188.9799829420763,-1259940.137172446,-7.691190953096437
3,11,2026,34,2186.642003794673,-1259765.0770645938,-7.690122314453983
3,11,2026,35,2184.8604278880216,-1259631.5528772266,-7.689307228092656
3,11,2026,36,2183.1450528295504,-1259502.8873358187,-7.688521800897463
3,11,2026,37,2181.422659808785,-1259373.5936378795,-7.687732539177366
3,11,2026,38,2179.7005808971107,-1259244.2214197207,-7.686942798137671
3,11,2026,39,2177.8720438662626,-1259106.7395390403,-7.686103552394395
3,11,2026,40,2176.2732101350643,-1258986.4336957564,-7.685369156222569
3,11,2026,41,2174.867312927847,-1258880.572502034,-7.684722936111455
3,11,2026,42,2173.3769687110366,-1258768.2778736886,-7.684037443678814
3,11,2026,43,2172.010527873765,-1258665.2514440536,-7.683408528129448
3,11,2026,44,2170.691852941268,-1258565.7649766707,-7.682801221960435
3,11,2026,45,2169.5243701878862,-1258477.6346396052,-7.682263238264914
3,11,2026,46,2168.4787071085416,-1258398.6598932662,-7.681781144047384
3,11,2026,47,2167.488970732983,-1258323.8739774288,-7.681324620167925
3,11,2026,48,2166.318655916095,-1258235.3992165627,-7.680784533968372
3,11,2026,49,2165.2720701032895,-1258156.2377649432,-7.680301300025292
3,11,2026,50,2164.3370055619557,-1258085.4791663687,-7.679869360540904
3,11,2026,51,2163.242901944451,-1258002.6468740231,-7.6793637182816274
3,11,2026,52,2162.249898216934,-1257927.4323683009,-7.6789045781138645
3,11,2026,53,2161.4193209508076,-1257864.4942293246,-7.67852037791989
3,11,2026,54,2160.727198962597,-1257812.0292533839,-7.678200110205254
3,11,2026,55,2160.129171011096,-1257766.6833593573,-7.6779233002842044
3,11,2026,56,2159.5495519617225,-1257722.721351601,-7.677654938172101
3,11,2026,57,2159.001289966134,-1257681.1268024852,-7.677401027997785
3,11,2026,58,2158.415016745318,-1257636.636798414,-7.677129442779789
3,11,2026,59,2157.956535788433,-1257601.8360330944,-7.676917004646032
3,11,2026,60,2157.495007838736,-1257566.79651886,-7.6767031090910525
3,11,2026,61,2157.1052848801755,-1257537.2026505885,-7.676522455990797
3,11,2026,62,2156.755279323832,-1257510.6201917953,-7.67636018576815
3,11,2026,63,2156.3765057820556,-1257481.8479818231,-7.676184548406891
3,11,2026,64,2155.9351037646975,-1257448.3120411607,-7.6759798312811975
3,11,2026,65,2155.5160252299393,-1257416.4657938476,-7.675785428736189
3,11,2026,66,2155.1528089444478,-1257388.8595724218,-7.675616909046868
3,11,2026,67,2154.8498703707373,-1257365.8311944066,-7.675476334389844
3,11,2026,68,2154.578370653387,-1257345.189942125,-7.675350331726602
3,11,2026,69,2154.298721819866,-1257323.9264192195,-7.675220530468449
3,11,2026,70,2154.0369604632215,-1257304.0204965547,-7.675099016558545
3,11,2026,71,2153.694337270302,-1257277.9616933423,-7.674939942944171
3,11,2026,72,2153.4029080778673,-1257255.7932759877,-7.6748046178394524
3,11,2026,73,2153.0756067106645,-1257230.892559224,-7.674652613659374
3,11,2026,74,2152.767763390808,-1257207.4687339535,-7.674509625030239
3,11,2026,75,2152.569452608388,-1257192.3774751155,-7.674417501801506
3,11,2026,76,2152.344513787253,-1257175.2581653015,-7.674312998518469
3,11,2026,77,2152.068533720525,-1257154.2518398517,-7.674184767298993
3,11,2026,78,2151.800245846864,-1257133.828426119,-7.674060094411528
3,11,2026,79,2151.568658683503,-1257116.196806041,-7.673952463776683
3,11,2026,80,2151.330128659762,-1257098.0346152296,-7.6738415943206375
3,11,2026,81,2151.133300868609,-1257083.046205921,-7.673750098927584
3,11,2026,82,2150.9362398741328,-1257068.0386642774,-7.673658486742915
3,11,2026,83,2150.810200573889,-1257058.4391891337,-7.673599887612527
3,11,2026,84,2150.638649313924,-1257045.3725029086,-7.673520123204746
3,11,2026,85,2150.461284058097,-1257031.8618813397,-7.67343764883369
3,11,2026,86,2150.3051139793474,-1257019.9648586866,-7.6733650245317095
3,11,2026,87,2150.1744168103705,-1257010.0076958695,-7.6733042419291735
3,11,2026,88,2150.0379875152303,-1256999.613185404,-7.673240789577355
3,11,2026,89,2149.912920915529,-1256990.0838160978,-7.67318261840173
3,11,2026,90,2149.7322066589018,-1256976.31343003,-7.673098558321714
3,11,2026,91,2149.5204430439435,-1256960.1756166923,-7.673000046495411
3,11,2026,92,2149.3867470134587,-1256949.986260203,-7.672937846487541
3,11,2026,93,2149.2521543977605,-1256939.7279321852,-7.672875225449194
3,11,2026,94,2149.1717809891575,-1256933.601756404,-7.672837828761561
3,11,31415,1,5009.784755680997,-1395572.7864814005,-8.519148230218052
3,11,31415,2,3606.431863925984,-1341730.714861808,-8.190474159189629
3,11,31415,3,3118.476362813394,-1317916.0715024194,-8.045099816272034
3,11,31415,4,2858.9426137716946,-1303681.6575679285,-7.9582071199878435
3,11,31415,5,2699.1260537967682,-1294258.338063803,-7.900683315816544
3,11,31415,6,2593.0982587941016,-1287693.4713077145,-7.860608678686542
3,11,31415,7,2517.6855867707964,-1282858.7143080637,-7.831095340553205
3,11,31415,8,2462.5875715870798,-1279233.8911547344,-7.808967934479748
3,11,31415,9,2421.6607416542893,-1276488.4834425563,-7.792208840666091
3,11,31415,10,2391.1725926170143,-1274412.9852546407,-7.779539149134643
3,11,31415,11,2365.8951677379064,-1272672.0449042167,-7.76891173575363
3,11,31415,12,2345.621127212097,-1271262.2088708978,-7.760305518819272
3,11,31415,13,2329.2994411466393,-1270118.3330983457,-7.753322832313972
3,11,31415,14,2315.343007451653,-1269133.8465426834,-7.747313122910359
3,11,31415,15,2304.1375980432476,-1268339.1126300783,-7.742461741405469
3,11,31415,16,2293.553351247016,-1267584.8766210803,-7.737857575701277
3,11,31415,17,2283.5680485742105,-1266870.1239218407,-7.733494432301122
3,11,31415,18,2274.7380200835096,-1266235.4575634324,-7.72962016874684
3,11,31415,19,2267.0226045041186,-1265678.884974591,-7.726222621566825
3,11,31415,20,2260.387643209005,-1265198.7369260693,-7.723291601101658
3,11,31415,21,2253.8402990721324,-1264723.5458223324,-7.720390839858942
3,11,31415,22,2247.4988948140744,-1264261.9835527798,-7.717573274605532
3,11,31415,23,2242.2650093841153,-1263880.0505236615,-7.715241798869839
3,11,31415,24,2237.438618111298,-1263527.062699283,-7.713087016526365
3,11,31415,25,2233.1696417224225,-1263214.2073525244,-7.711177219273602
3,11,31415,26,2229.320592685388,-1262931.6135807533,-7.709452151076533
3,11,31415,27,2225.216051944424,-1262629.723759227,-7.707609291883741
3,11,31415,28,2221.89161565248,-1262384.8023416435,-7.706114191175731
3,11,31415,29,2218.8458594466324,-1262160.0902618812,-7.704742456548086
3,11,31415,30,2216.209980156186,-1261965.3692625067,-7.703553799766242
3,11,31415,31,2213.9941081855327,-1261801.4963095787,-7.7025534521022285
3,11,31415,32,2211.7557627672554,-1261635.7947516525,-7.701541941883897
3,11,31415,33,2209.7888947834654,-1261490.0518080252,-7.700652267226799
3,11,31415,34,2207.8804278245493,-1261348.5122676205,-7.699788251865633
3,11,31415,35,2205.7542210173237,-1261190.6801183883,-7.698824779743055
3,11,31415,36,2203.978505248336,-1261058.7489161172,-7.6980194176156
3,11,31415,37,2202.297436351785,-1260933.7517532664,-7.697256383706515
3,11,31415,38,2200.579995251939,-1260805.9515363164,-7.696476238806444
3,11,31415,39,2199.0617381894194,-1260692.8901445507,-7.695786065735647
3,11,31415,40,2197.7557597153377,-1260595.5742217936,-7.695192009460575
3,11,31415,41,2196.4665650284855,-1260499.4522200953,-7.694605241368946
3,11,31415,42,2195.224085738364,-1260406.7599022584,-7.69403940947318
3,11,31415,43,2193.957406960488,-1260312.2082156707,-7.693462227228541
3,11,31415,44,2192.6722937228983,-1260216.2246790987,-7.692876304384789
3,11,31415,45,2191.5599967457647,-1260133.1031501999,-7.692368896507056
3,11,31415,46,2190.5052157320542,-1260054.240786679,-7.691887488320305
3,11,31415,47,2189.504789274503,-1259979.4072300284,-7.691430673621798
3,11,31415,48,2188.5376038229415,-1259907.0276410321,-7.690988838947551
3,11,31415,49,2187.6761794559757,-1259842.5357752733,-7.6905951541685384
3,11,31415,50,2186.948053002549,-1259788.0036564637,-7.690262267766663
3,11,31415,51,2186.185679971016,-1259730.8872226088,-7.689913605646633
3,11,31415,52,2185.29021021749,-1259663.7738362467,-7.689503918031491
3,11,31415,53,2184.3531326451584,-1259593.5125861184,-7.689075014565844
3,11,31415,54,2183.5876711334754,-1259536.0965862619,-7.68872452377217
3,11,31415,55,2182.9696278996776,-1259489.7234991223,-7.68844144344339
3,11,31415,56,2182.2501832046514,-1259435.7255066603,-7.688111817567639
3,11,31415,57,2181.4780553952714,-1259377.753569076,-7.687757933102237
3,11,31415,58,2180.913769997177,-1259335.3736174395,-7.687499228509056
3,11,31415,59,2180.1471564748854,-1259277.7804931155,-7.687147656475043
3,11,31415,60,2179.291431791774,-1259213.4688191921,-7.68675507166084
3,11,31415,61,2178.570819339127,-1259159.2918655318,-7.686424353332591
3,11,31415,62,2177.8656880896833,-1259106.261467145,-7.686100634047621
3,11,31415,63,2177.0016897213522,-1259041.2598281584,-7.685703837403907
3,11,31415,64,2176.1899567380297,-1258980.1667898837,-7.685330900460784
3,11,31415,65,2175.476571454784,-1258926.4568266547,-7.685003032833513
3,11,31415,66,2174.695580541391,-1258867.6367136235,-7.684643970757579
3,11,31415,67,2173.8885266111697,-1258806.831474542,-7.684272790658677
3,11,31415,68,2173.316169291764,-1258763.6951173944,-7.684009468656264
3,11,31415,69,2172.760742289928,-1258721.823870254,-7.683753869403807
3,11,31415,70,2172.3405046225107,-1258690.1368507678,-7.6835604388507095
3,11,31415,71,2171.753512220286,-1258645.8658255206,-7.683290190369198
3,11,31415,72,2171.0795055472236,-1258595.0174150064,-7.682979790832436
3,11,31415,73,2170.5744226282904,-1258556.9026019927,-7.682747122393373
3,11,31415,74,2170.337801846043,-1258539.043558502,-7.6826381034728115
3,11,31415,75,2170.0374675126795,-1258516.3729062292,-7.682499712520323
3,11,31415,76,2169.593692316909,-1258482.8689170438,-7.6822951904395405
3,11,31415,77,2169.1511365522056,-1258449.4501665703,-7.682091188690789
3,11,31415,78,2168.7958484517644,-1258422.6163321352,-7.681927383968203
3,11,31415,79,2168.444159996843,-1258396.0500383882,-7.681765212423623
3,11,31415,80,2168.066147333143,-1258367.490427879,-7.681590872856613
3,11,31415,81,2167.559528789919,-1258329.2065768945,-7.681357172540499
3,11,31415,82,2167.10172612728,-1258294.6039185314,-7.681145943732794
3,11,31415,83,2166.7503847941334,-1258268.0430989724,-7.6809838056049005
3,11,31415,84,2166.461150907347,-1258246.1742665474,-7.68085030928937
3,11,31415,85,2166.1711682936098,-1258224.2458920982,-7.680716449504922
3,11,31415,86,2165.85974766113,-1258200.693113548,-7.680572673692118
3,11,31415,87,2165.5732353528115,-1258179.0211631556,-7.680440379225201
3,11,31415,88,2165.272839327018,-1258156.2959613858,-7.680301655280228
3,11,31415,89,2164.98941495509,-1258134.8517881457,-7.680170751258398
3,11,31415,90,2164.720631732376,-1258114.5127853055,-7.680046593649616
3,11,31415,91,2164.4278574398595,-1258092.3554886933,-7.679911336430467
3,11,31415,92,2164.079339054131,-1258065.9755450278,-7.679750302443154
3,11,31415,93,2163.7630025093217,-1258042.0278207685,-7.679604115719884
3,11,31415,94,2163.5474809298757,-1258025.7101180186,-7.679504505774885
3,11,31415,95,2163.2774149510333,-1258005.2604212954,-7.679379672445276
3,11,31415,96,2163.0243617380206,-1257986.0966332243,-7.679262688829078
3,11,31415,97,2162.836956240944,-1257971.9029193386,-7.679176044582571
3,11,31415,98,2162.7088476843446,-1257962.199528245,-7.679116811106638
3,11,31415,99,2162.5667104195954,-1257951.4328809609,-7.679051087079167
3,11,31415,100,2162.3336160591407,-1257933.7748620904,-7.678943295295272
3,11,31415,101,2162.105283969415,-1257916.47576248,-7.6788376945016354
3,11,31415,102,2161.918061906701,-1257902.2899142588,-7.678751098270369
3,11,31415,103,2161.6818291752966,-1257884.3887660762,-7.678641822325512
3,11,31415,104,2161.4766495252798,-1257868.8391581967,-7.678546901146388
3,11,31415,105,2161.2724087792953,-1257853.3592394607,-7.678452405378356
3,11,31415,106,2161.0784172088493,-1257838.6547768177,-7.678362643312116
3,11,31415,107,2160.8399554316234,-1257820.5776864288,-7.6782522933439274
3,11,31415,108,2160.644283359215,-1257805.7428683597,-7.6781617355347445
3,11,31415,109,2160.552401366892,-1257798.776399784,-7.678119209355521
3,12,11,1,5228.903154764959,-1402585.5173147758,-8.561956813222004
3,12,11,2,3695.541229419982,-1345729.1586631848,-8.214882298818093
3,12,11,3,3204.754856211931,-1322386.7841536708,-8.072390878508026
3,12,11,4,2947.898310906892,-1308701.0843981346,-7.9888477584493245
3,12,11,5,2787.1849293745545,-1299517.4973698757,-7.932787379559235
3,12,11,6,2676.2194129836234,-1292862.1498524374,-7.892160410780616
3,12,11,7,2592.604366625891,-1287662.2672663275,-7.860418196429698
3,12,11,8,2528.4609340558395,-1283558.328148644,-7.835366070155809
3,12,11,9,2478.6078025894913,-1280296.1358784328,-7.815452311608346
3,12,11,10,2440.2089673042024,-1277738.418573022,-7.79983895695794
3,12,11,11,2408.2842915832393,-1275581.1099084166,-7.786669860748747
3,12,11,12,2381.281370358236,-1273733.9455831456,-7.775394012691957
3,12,11,13,2357.725166540063,-1272105.3701267722,-7.765452520674246
3,12,11,14,2337.968346934173,-1270726.8720414857,-7.757037603417772
3,12,11,15,2320.592040426904,-1269504.807716403,-7.74957762194415
3,12,11,16,2305.416634752807,-1268430.022367727,-7.74301669170122
3,12,11,17,2292.647064912185,-1267520.1327413162,-7.737462352525493
3,12,11,18,2281.615266847312,-1266729.9775624145,-7.732638921487611
3,12,11,19,2271.050488644969,-1265969.6833060165,-7.727997773758464
3,12,11,20,2262.066160351173,-1265320.3381579362,-7.724033904856279
3,12,11,21,2253.2441056500243,-1264680.2069302967,-7.7201262815005665
3,12,11,22,2245.761806774849,-1264135.3214927262,-7.716800077481603
3,12,11,23,2238.7528490818067,-1263623.257005728,-7.713674225995801
3,12,11,24,2232.1639630593168,-1263140.4183489506,-7.71072678095516
3,12,11,25,2226.0825403045105,-1262693.5005003496,-7.7079986112488985
3,12,11,26,2220.117874227228,-1262253.9754078314,-7.705315569955507
3,12,11,27,2214.5054802643554,-1261839.3289556764,-7.702784398078798
3,12,11,28,2209.4705953868342,-1261466.453947721,-7.700508216216493
3,12,11,29,2204.565711177896,-1261102.3885950693,-7.698285812100584
3,12,11,30,2200.3857898801743,-1260791.4938246435,-7.696387983009251
3,12,11,31,2197.060515096639,-1260543.7439807619,-7.694875616427955
3,12,11,32,2194.0023976588927,-1260315.5674972404,-7.6934827336599625
3,12,11,33,2191.011934898587,-1260092.1311814904,-7.692118786818689
3,12,11,34,2188.4821930008866,-1259902.8799882238,-7.690963519974995
3,12,11,35,2185.8344333896275,-1259704.5653811677,-7.689752926339111
3,12,11,36,2183.198386456532,-1259506.8892662942,-7.688546230321179
3,12,11,37,2180.713000003987,-1259320.292392492,-7.687407166531304
3,12,11,38,2178.2833832602596,-1259137.6768990562,-7.686292406718857
3,12,11,39,2175.8883575484597,-1258957.4618800224,-7.6851923003859355
3,12,11,40,2173.9115368916346,-1258808.5654328885,-7.684283375451045
3,12,11,41,2172.196627164775,-1258679.2867054427,-7.683494205116977
3,12,11,42,2170.6452877901525,-1258562.2507981823,-7.682779769974742
3,12,11,43,2168.958577121918,-1258434.907281427,-7.682002412959826
3,12,11,44,2167.293034420853,-1258309.0646961816,-7.681234218245969
3,12,11,45,2165.9064524429195,-1258204.2256174646,-7.680594237543736
3,12,11,46,2164.6306658867175,-1258107.7044466138,-7.68000503276001
3,12,11,47,2163.3001463006353,-1258006.9817628008,-7.679390180219276
3,12,11,48,2161.987077391483,-1257907.5193724877,-7.678783021026565
3,12,11,49,2160.851145202987,-1257821.4259949003,-7.6782574717664955
3,12,11,50,2159.6146841873874,-1257727.6619836756,-7.677685097815083
3,12,11,51,2158.708585513451,-1257658.9161055754,-7.677265444801335
3,12,11,52,2157.77227848295,-1257587.84799257,-7.676831615914013
3,12,11,53,2156.923462954036,-1257523.3940543036,-7.676438162659958
3,12,11,54,2156.0933696182515,-1257460.3372303436,-7.676053237964202
3,12,11,55,2155.172188297649,-1257390.3326159283,-7.6756259011081225
3,12,11,56,2154.320475172485,-1257325.5805673583,-7.6752306280666005
3,12,11,57,2153.6611252686366,-1257275.4354763574,-7.674924521880386
3,12,11,58,2153.0093133673868,-1257225.8485758726,-7.674621823117843
3,12,11,59,2152.2946477939754,-1257171.4627960506,-7.674289830029122
3,12,11,60,2151.5475448443244,-1257114.589233986,-7.673942650498035
3,12,11,61,2150.7955118668465,-1257057.3204230757,-7.67359305820601
3,12,11,62,2150.1174953887094,-1257005.6709485967,-7.67327776864651
3,12,11,63,2149.7296654097836,-1256976.11977916,-7.6730973761974415
3,12,11,64,2149.3199110598193,-1256944.892263588,-7.672906750644553
3,12,11,65,2148.8508107860293,-1256909.134665424,-7.672688471610978
3,12,11,66,2148.4088823753314,-1256875.4411258423,-7.672482792436894
3,12,11,67,2148.048539584536,-1256847.9627133,-7.672315052945378
3,12,11,68,2147.749264483117,-1256825.1375933436,-7.672175719058844
3,12,11,69,2147.39390115073,-1256798.030604102,-7.672010246887373
3,12,11,70,2147.0459768422033,-1256771.4867146683,-7.6718482121079035
3,12,11,71,2146.519715067388,-1256731.3289038783,-7.6716030723731405
3,12,11,72,2146.1040602466087,-1256699.6042925927,-7.6714094123442935
3,12,11,73,2145.677811305138,-1256667.0647093076,-7.671210777392365
3,12,11,74,2145.360662697647,-1256642.8495843704,-7.671062958345768
3,12,11,75,2145.0427786383098,-1256618.5747133137,-7.670914774584373
3,12,11,76,2144.6680541654005,-1256589.954665575,-7.670740066083746
3,12,11,77,2144.3304239737836,-1256564.163456804,-7.670582625975508
3,12,11,78,2143.952845611899,-1256535.3158396098,-7.670406528297662
3,12,11,79,2143.703412771804,-1256516.2559674014,-7.670290179026478
3,12,11,80,2143.4027945951657,-1256493.281930873,-7.670149936092158
3,12,11,81,2143.0020491249893,-1256462.6508903962,-7.669962951667702
3,12,11,82,2142.649077144518,-1256435.666678952,-7.669798228982224
3,12,11,83,2142.3403822953323,-1256412.0637478456,-7.669654147017663
3,12,11,84,2141.97408849594,-1256384.052365583,-7.669483154060549
3,12,11,85,2141.6726732710426,-1256360.99881364,-7.6693424257315534
3,12,11,86,2141.4013188423623,-1256340.2416671468,-7.6692157156025464
3,12,11,87,2141.179805744096,-1256323.2951628391,-7.66911226719514
3,12,11,88,2140.9617761393883,-1256306.6134454915,-7.669010435155855
3,12,11,89,2140.727615629243,-1256288.6956403176,-7.668901057529897
3,12,11,90,2140.5274049697555,-1256273.3741006006,-7.668807528572304
3,12,11,91,2140.369887650731,-1256261.3187508078,-7.668733937776577
3,12,11,92,2140.1648863697155,-1256245.6279590495,-7.668638154753196
3,12,11,93,2139.9832357680307,-1256231.7231715822,-7.668553274231956
3,12,11,94,2139.880068865477,-1256223.825541163,-7.668505063859227
3,12,11,95,2139.746324232691,-1256213.586558243,-7.668442560911285
3,12,11,96,2139.586721826067,-1256201.3671644384,-7.66836796872368
3,12,11,97,2139.489364641473,-1256193.9129083178,-7.668322464889374
3,12,42,1,5249.144900647563,-1403218.4454996672,-8.565820466252791
3,12,42,2,3608.681457314494,-1341832.8669378923,-8.191097737326588
3,12,42,3,3091.1352262905584,-1316473.4870507147,-8.036293689570705
3,12,42,4,2821.3457440659345,-1301513.0850021169,-7.94496926430945
3,12,42,5,2660.7185219564267,-1291910.555085598,-7.886351486335877
3,12,42,6,2552.630254971272,-1285116.7931278718,-7.8448795790879515
3,12,42,7,2474.415454807489,-1280018.820884105,-7.8137594672321695
3,12,42,8,2415.592203909428,-1276077.4550708989,-7.789699755035521
3,12,42,9,2371.283973312238,-1273044.7447445474,-7.7711868483209665
3,12,42,10,2337.5119031893396,-1270694.8869684062,-7.756842353423391
3,12,42,11,2310.0942501439276,-1268762.0629692397,-7.745043603611611
3,12,42,12,2288.343389564667,-1267212.3342007396,-7.735583424090074
3,12,42,13,2269.7005544124195,-1265872.2805501034,-7.727403187418222
3,12,42,14,2253.7675998963537,-1264718.2617388684,-7.720358583647925
3,12,42,15,2240.0258468565166,-1263716.3794496956,-7.714242683557745
3,12,42,16,2227.9977013209527,-1262834.3753923068,-7.708858569323551
3,12,42,17,2217.583689655953,-1262066.8785429888,-7.704173454015413
3,12,42,18,2209.263883826288,-1261451.1270883288,-7.700414654785423
3,12,42,19,2202.249022325839,-1260930.1504780164,-7.697234400046494
3,12,42,20,2195.9695078056766,-1260462.3766998104,-7.694378917198628
3,12,42,21,2190.3237066623838,-1260040.6661457603,-7.691804623148901
3,12,42,22,2185.5552001536025,-1259683.6370834457,-7.689625171432862
3,12,42,23,2181.3965453564865,-1259371.6325366206,-7.6877205678115725
3,12,42,24,2177.373338853681,-1259069.2234619795,-7.685874538884966
3,12,42,25,2173.6764688042967,-1258790.8508224965,-7.684175238209311
3,12,42,26,2170.6496431531846,-1258562.579491884,-7.682781776455804
3,12,42,27,2167.8394696010914,-1258350.3620848437,-7.681486314431091
3,12,42,28,2165.201210574434,-1258150.876722938,-7.680268574027799
3,12,42,29,2162.6372377814296,-1257956.7752927619,-7.679083699350258
3,12,42,30,2160.610009445731,-1257803.1442638661,-7.678145872587941
3,12,42,31,2158.6202971188295,-1257652.2161056225,-7.67722454525579
3,12,42,32,2156.562451203414,-1257495.973308181,-7.676270775187899
3,12,42,33,2154.614634167146,-1257347.9470912076,-7.6753671624945525
3,12,42,34,2153.128228771338,-1257234.8962412702,-7.674677053775396
3,12,42,35,2151.771931389314,-1257131.6728395564,-7.674046935827736
3,12,42,36,2150.4618958521814,-1257031.9084860594,-7.673437933327999
3,12,42,37,2149.0854815795733,-1256927.023637311,-7.672797673226737
3,12,42,38,2147.9455103279347,-1256840.1052346786,-7.672267087675676
3,12,42,39,2146.7770529623854,-1256750.96698945,-7.671722951295661
3,12,42,40,2145.7443078723204,-1256672.1414420772,-7.671241767849766
3,12,42,41,2144.726367237159,-1256594.4087274892,-7.670767255503059
3,12,42,42,2143.8948860103064,-1256530.8871795037,-7.670379493941396
3,12,42,43,2142.8535130728037,-1256451.2960597998,-7.669893637128241
3,12,42,44,2141.640767208978,-1256358.55830886,-7.669327527890194
3,12,42,45,2140.400399359394,-1256263.6539875672,-7.668748193018796
3,12,42,46,2139.3644643726166,-1256184.3492899907,-7.66826408464369
3,12,42,47,2138.3855317108396,-1256109.373035713,-7.667806398860387
3,12,42,48,2137.3968139731974,-1256033.612496611,-7.667343925481094
3,12,42,49,2136.6773040355524,-1255978.4579822978,-7.6670072397219915
3,12,42,50,2135.86848223155,-1255916.4350288385,-7.666628626195478
3,12,42,51,2135.279487319305,-1255871.254299047,-7.666352824504608
3,12,42,52,2134.67806685564,-1255825.1075661685,-7.666071125935003
3,12,42,53,2134.1438053145275,-1255784.1030025224,-7.665820817273785
3,12,42,54,2133.566088150379,-1255739.7516675428,-7.665550078548755
3,12,42,55,2133.1117699226475,-1255704.865230108,-7.665337117437295
3,12,42,56,2132.688184522026,-1255672.332027915,-7.665138521438168
3,12,42,57,2132.2338116692235,-1255637.42703148,-7.664925447034966
3,12,42,58,2131.7788812090425,-1255602.4717469085,-7.6647120656523695
3,12,42,59,2131.329958542446,-1255567.9707671835,-7.664501457532741
3,12,42,60,2130.874093613621,-1255532.928817736,-7.664287547112224
3,12,42,61,2130.3544685962015,-1255492.976540578,-7.664043662038983
3,12,42,62,2130.0188580949934,-1255467.1673610702,-7.663886112230003
3,12,42,63,2129.7380672995077,-1255445.5708118654,-7.663754278042837
3,12,42,64,2129.3591287637687,-1255416.4208805645,-7.663576334915787
3,12,42,65,2129.044993439711,-1255392.2520178345,-7.663428798272663
3,12,42,66,2128.724095094437,-1255367.559141196,-7.6632780628338875
3,12,42,67,2128.44883789816,-1255346.3753492113,-7.66314874828595
3,12,42,68,2128.1469526928618,-1255323.1391157012,-7.6630069047938
3,12,42,69,2127.9817086006906,-1255310.4188112316,-7.6629292548422105
3,12,42,70,2127.714719102581,-1255289.8641723269,-7.662803780902518
3,12,42,71,2127.4210144346266,-1255267.2498413278,-7.662665733758167
3,12,42,72,2127.183267471346,-1255248.9417900983,-7.662553973910352
3,12,42,73,2127.073885233601,-1255240.5179642602,-7.662502551425137
3,12,42,74,2126.9670121013364,-1255232.2869531058,-7.6624523059597704
3,12,42,75,2126.7783587512426,-1255217.7564936988,-7.6623636060805955
3,12,42,76,2126.5795391416405,-1255202.441613563,-7.662270117775816
3,12,42,77,2126.4258114894596,-1255190.5991412385,-7.662197826471398
3,12,42,78,2126.293162095032,-1255180.379752965,-7.662135443137209
3,12,42,79,2126.243149754257,-1255176.5266069758,-7.662111921954973
3,12,97,1,4972.2981975386865,-1394342.3966107003,-8.51163742620196
3,12,97,2,3531.477432360526,-1338290.159370869,-8.169471598445018
3,12,97,3,3072.486602492365,-1315482.202262998,-8.030242480972543
3,12,97,4,2844.77555376265,-1302867.8740649836,-7.953239451976508
3,12,97,5,2704.6949052668606,-1294595.975932371,-7.902744395738946
3,12,97,6,2607.9708117766622,-1288630.3436110627,-7.866327731180488
3,12,97,7,2535.7981368443866,-1284033.0084666056,-7.83826371335282
3,12,97,8,2482.498648728547,-1280553.0878257656,-7.8170208516003665
3,12,97,9,2441.9024083940853,-1277852.0631564236,-7.80053269006949
3,12,97,10,2409.23650976338,-1275645.8687675318,-7.787065175364628
3,12,97,11,2382.291369028508,-1273803.4119075625,-7.775818063605279
3,12,97,12,2359.410823269304,-1272222.4486062173,-7.766167215694543
3,12,97,13,2339.976134785,-1270867.492690599,-7.75789600948991
3,12,97,14,2324.404662367375,-1269773.728732293,-7.751219226035875
3,12,97,15,2311.162089072696,-1268837.7692673665,-7.74550574588176
3,12,97,16,2298.933077779557,-1267968.6711944041,-7.740200415065709
3,12,97,17,2288.0654835887603,-1267192.438493574,-7.735461972539764
3,12,97,18,2278.8861915138423,-1266533.9174307494,-7.731442090093455
3,12,97,19,2270.6871340995535,-1265943.4716252533,-7.727837766916866
3,12,97,20,2264.0183865475688,-1265461.6549641548,-7.72489656055669
3,12,97,21,2257.6257975558274,-1264998.45661712,-7.722069008015822
3,12,97,22,2251.414705556269,-1264547.151338389,-7.719314055637965
3,12,97,23,2245.468338543581,-1264113.9131968757,-7.716669392470062
3,12,97,24,2239.9433106961287,-1263710.3433618671,-7.714205836803897
3,12,97,25,2235.4420229362977,-1263380.8149975627,-7.712194260619003
3,12,97,26,2231.114961919797,-1263063.4152412694,-7.710256722428025
3,12,97,27,2227.0850003488813,-1262767.2542928595,-7.708448834624575
3,12,97,28,2223.1693856240686,-1262478.982903562,-7.706689107923292
3,12,97,29,2219.3962612740547,-1262200.7210448673,-7.70499048349897
3,12,97,30,2215.9200024336037,-1261943.9335235474,-7.7034229472307185
3,12,97,31,2212.5070274921227,-1261691.4285099467,-7.701881553144666
3,12,97,32,2208.9198063176163,-1261425.6118969165,-7.700258899600262
3,12,97,33,2206.195104179349,-1261223.4201663749,-7.699024638413677
3,12,97,34,2203.5310995145455,-1261025.4910337706,-7.697816397871823
3,12,97,35,2201.1984648959656,-1260851.9853041626,-7.696757247791196
3,12,97,36,2198.8930073263423,-1260680.320294846,-7.695709334221603
3,12,97,37,2196.832101909244,-1260526.7122788057,-7.694771647939186
3,12,97,38,2195.1968275150653,-1260404.7257769678,-7.694026992338769
3,12,97,39,2193.4060679411864,-1260271.0362663767,-7.69321089677673
3,12,97,40,2191.9400566638997,-1260161.5096267355,-7.692542301281532
3,12,97,41,2190.6324947956423,-1260063.759020738,-7.691945591521818
3,12,97,42,2189.0839100732696,-1259947.9145495435,-7.69123842939361
3,12,97,43,2187.7641210193124,-1259849.1208200469,-7.690635351980557
3,12,97,44,2186.4327128151717,-1259749.3969249455,-7.690026596455447
3,12,97,45,2184.9177393791865,-1259635.8499096516,-7.689333458939612
3,12,97,46,2183.4371655903874,-1259524.8050470662,-7.688655595589357
3,12,97,47,2182.122591946458,-1259426.1472737114,-7.688053348108313
3,12,97,48,2180.997232699931,-1259341.642670663,-7.687537497379151
3,12,97,49,2179.8916113180094,-1259258.5777347474,-7.687030434968181
3,12,97,50,2178.818893023731,-1259177.9445183554,-7.686538216769763
3,12,97,51,2177.672803758356,-1259091.7523359777,-7.686012064364761
3,12,97,52,2176.386859881719,-1258994.9883021822,-7.685421377046089
3,12,97,53,2175.312447895712,-1258914.0976592274,-7.684927587410432
3,12,97,54,2174.3137253512427,-1258838.8697068915,-7.684468365159029
3,12,97,55,2173.4067628454604,-1258770.5235597987,-7.68405115226717
3,12,97,56,2172.5481680343564,-1258705.7959813296,-7.683656028601172
3,12,97,57,2171.6757766578253,-1258640.0021044584,-7.683254395812732
3,12,97,58,2170.7618038544197,-1258571.0438900006,-7.682833446610835
3,12,97,59,2169.9392102770707,-1258508.9553053956,-7.682454432444912
3,12,97,60,2169.1584754610267,-1258450.0044057993,-7.682094571994185
3,12,97,61,2168.332936866061,-1258387.6474260385,-7.681713919434234
3,12,97,62,2167.498925304744,-1258324.6263293,-7.68132921283208
3,12,97,63,2166.6937930584045,-1258263.7644552884,-7.6809576870103555
3,12,97,64,2165.7766273415273,-1258194.4061415591,-7.680534295438536
3,12,97,65,2164.799393281827,-1258120.4729850097,-7.680082977151253
3,12,97,66,2163.8703264405794,-1258050.1529902504,-7.679653715084304
3,12,97,67,2163.118878100429,-1257993.2546451385,-7.679306384267339
3,12,97,68,2162.448838404111,-1257942.5037467761,-7.678996579984715
3,12,97,69,2161.7833008423377,-1257892.078284604,-7.678688762297969
3,12,97,70,2161.2428212936584,-1257851.1166083587,-7.678438715439021
3,12,97,71,2160.615989882923,-1257803.5976959704,-7.678148640523334
3,12,97,72,2159.976763879371,-1257755.1249730226,-7.677852743157095
3,12,97,73,2159.395134792306,-1257711.0073775307,-7.677583431273689
3,12,97,74,2158.679731474857,-1257656.7264701573,-7.677252078369373
3,12,97,75,2158.0639934520673,-1257609.9932160876,-7.676966799434045
3,12,97,76,2157.451750709799,-1257563.512024181,-7.676683059189462
3,12,97,77,2156.6717187376134,-1257504.2732379695,-7.676321441360853
3,12,97,78,2156.019690384747,-1257454.73912234,-7.676019064818699
3,12,97,79,2155.482402000468,-1257413.910458673,-7.675769829923042
3,12,97,80,2155.0578772551958,-1257381.643530914,-7.675572859372187
3,12,97,81,2154.6209044542593,-1257348.4238223329,-7.675370072656718
3,12,97,82,2154.0709471655555,-1257306.6051883725,-7.6751147945766744
3,12,97,83,2153.5990153866383,-1257270.711084471,-7.674895682256135
3,12,97,84,2153.219746409085,-1257241.8590103886,-7.674719557371616
3,12,97,85,2152.94283597231,-1257220.79043283,-7.674590946139755
3,12,97,86,2152.6988277389055,-1257202.2229551214,-7.674477602646393
3,12,97,87,2152.3771970386038,-1257177.7456847571,-7.674328183356676
3,12,97,88,2152.101161776434,-1257156.735476876,-7.674199928437246
3,12,97,89,2151.8915778887526,-1257140.7813634523,-7.674102537990503
3,12,97,90,2151.621477590317,-1257120.218279304,-7.673977012497582
3,12,97,91,2151.216316556021,-1257089.3680063605,-7.673788689788302
3,12,97,92,2150.8599436575305,-1257062.2278166746,-7.673623014947713
3,12,97,93,2150.5406740359726,-1257037.9094715263,-7.673474565802646
3,12,97,94,2150.1863678019768,-1257010.9182072144,-7.673309800063574
3,12,97,95,2149.984583612454,-1256995.5441771173,-7.673215950683189
3,12,97,96,2149.7504491154464,-1256977.7035536799,-7.673107044206182
3,12,97,97,2149.4747045347976,-1256956.6898255446,-7.672978767797679
3,12,97,98,2149.180111433699,-1256934.2367254046,-7.672841704872568
3,12,97,99,2148.887544256952,-1256911.9349895832,-7.6727055659372905
3,12,97,100,2148.6245951652772,-1256891.8883825892,-7.672583193232585
3,12,97,101,2148.4108164632867,-1256875.588599823,-7.672483692678511
3,12,97,102,2148.215317793001,-1256860.6811774906,-7.67239269166315
3,12,97,103,2148.031641124855,-1256846.6739859232,-7.672307186025316
3,12,97,104,2147.8844245333357,-1256835.4463768185,-7.672238648097979
3,12,97,105,2147.68023366905,-1256819.872298293,-7.672143577540003
3,12,97,106,2147.515610923567,-1256807.3150875566,-7.6720669231794005
3,12,97,107,2147.3793330520307,-1256796.919258973,-7.672003462781249
3,12,97,108,2147.286783223906,-1256789.858806665,-7.671960362886806
3,12,2026,1,5116.860085003678,-1399037.172990185,-8.540296265262153
3,12,2026,2,3537.6375214597538,-1338575.6608566698,-8.17121441652018
3,12,2026,3,3060.784540812781,-1314857.0913825338,-8.026426547971711
3,12,2026,4,2815.800759472255,-1301190.8093654648,-7.943001961746501
3,12,2026,5,2667.4961027177583,-1292327.308856618,-7.8888955221505705
3,12,2026,6,2570.9471535397333,-1286288.0895093193,-7.852029652227617
3,12,2026,7,2503.506552762066,-1281933.5321024912,-7.825447649206984
3,12,2026,8,2453.264563364971,-1278612.5300136493,-7.805174891424826
3,12,2026,9,2413.4066079619174,-1275929.1694224102,-7.788794558665883
3,12,2026,10,2381.759437395224,-1273766.830050508,-7.775594752957636
3,12,2026,11,2356.641014552892,-1272030.0253452093,-7.76499258524936
3,12,2026,12,2335.6897451130712,-1270567.1378640388,-7.756062520535472
3,12,2026,13,2317.815291213263,-1269308.6731508086,-7.748380336174785
3,12,2026,14,2303.21538904375,-1268273.5337209292,-7.742061420868103
3,12,2026,15,2291.3185318205324,-1267425.1778475924,-7.736882708939251
3,12,2026,16,2280.9921448524756,-1266685.2323787378,-7.732365778548724
3,12,2026,17,2271.7416129092167,-1266019.5280758473,-7.7283020466611765
3,12,2026,18,2263.3082019567332,-1265410.260571631,-7.724582828121984
3,12,2026,19,2255.7137793112397,-1264859.6595272229,-7.721221733696482
3,12,2026,20,2249.035840109551,-1264373.9703404603,-7.718256887852593
3,12,2026,21,2243.1197750932797,-1263942.4863269809,-7.715622932601095
3,12,2026,22,2237.973810870733,-1263566.242613487,-7.7133261867796
3,12,2026,23,2232.9757759137087,-1263199.9855489912,-7.711090403556375
3,12,2026,24,2228.8231797852363,-1262895.0583702675,-7.709229003090464
3,12,2026,25,2224.728679698564,-1262593.840449675,-7.707390245456335
3,12,2026,26,2220.7684121085376,-1262301.9696627867,-7.705608546557031
3,12,2026,27,2217.3287004538497,-1262048.0410519615,-7.704058462250095
3,12,2026,28,2214.0341048354744,-1261804.4556815121,-7.702571517321337
3,12,2026,29,2210.9173093770114,-1261573.682051943,-7.701162780509492
3,12,2026,30,2207.857788271838,-1261346.8324936912,-7.699777997837154
3,12,2026,31,2205.0554885569854,-1261138.7787373643,-7.6985079524427675
3,12,2026,32,2202.5894633151024,-1260955.4724876157,-7.697388975970696
3,12,2026,33,2199.9777779183482,-1260761.1150222104,-7.696202538349187
3,12,2026,34,2197.514823457532,-1260577.6143654883,-7.695082375137278
3,12,2026,35,2195.0614090217914,-1260394.6198949418,-7.693965301893233
3,12,2026,36,2192.5086207748564,-1260203.9961082863,-7.692801656176969
3,12,2026,37,2190.4192600299334,-1260047.8124999655,-7.691848247423729
3,12,2026,38,2188.66193952938,-1259916.334129297,-7.691045649565957
3,12,2026,39,2187.1343074328224,-1259801.9546767024,-7.690347430511686
3,12,2026,40,2185.270855735329,-1259662.3229589786,-7.68949506128204
3,12,2026,41,2183.671247028727,-1259542.36645444,-7.688762797617082
3,12,2026,42,2182.32727167185,-1259441.5122406452,-7.688147142163435
3,12,2026,43,2180.8954812666952,-1259333.99988168,-7.687490842662987
3,12,2026,44,2179.541809647001,-1259232.2884878994,-7.686869954631412
3,12,2026,45,2178.1113309228745,-1259124.7373343175,-7.686213418312726
3,12,2026,46,2176.86949269063,-1259031.3119046283,-7.685643111201765
3,12,2026,47,2175.6235456708887,-1258937.5237879043,-7.685070590100505
3,12,2026,48,2174.36779205001,-1258842.9431210011,-7.684493230948144
3,12,2026,49,2173.0577312777473,-1258744.2139210121,-7.683890547449652
3,12,2026,50,2171.9499448194674,-1258660.6821236438,-7.683380635125042
3,12,2026,51,2170.957078224265,-1258585.7795590113,-7.682923399173532
3,12,2026,52,2170.01978706504,-1258515.038204846,-7.682491564956084
3,12,2026,53,2169.2577174340554,-1258457.4990408614,-7.682140322318097
3,12,2026,54,2168.374214726682,-1258390.7659091544,-7.681732955933208
3,12,2026,55,2167.550368028315,-1258328.5142395103,-7.681352946229369
3,12,2026,56,2166.7618745075674,-1258268.9117702872,-7.68098910833061
3,12,2026,57,2166.1529539234093,-1258222.8684304012,-7.680708040914204
3,12,2026,58,2165.352519007028,-1258162.3241006876,-7.680338453513013
3,12,2026,59,2164.6528011922464,-1258109.3796047494,-7.6800152586117925
3,12,2026,60,2164.0405544290793,-1258063.039608735,-7.6797323802848005
3,12,2026,61,2163.466315902526,-1258019.5644800584,-7.679466990282136
3,12,2026,62,2162.877669186372,-1257974.9865401716,-7.679194868267883
3,12,2026,63,2162.108341356475,-1257916.7074110347,-7.67883910857935
3,12,2026,64,2161.2519312775034,-1257851.8071175201,-7.678442930589931
3,12,2026,65,2160.4549592536996,-1257791.388040596,-7.678074107783098
3,12,2026,66,2159.7532111342134,-1257738.1695074055,-7.677749240046182
3,12,2026,67,2159.0638560887064,-1257685.8739897504,-7.6774300067743715
3,12,2026,68,2158.4709180507725,-1257640.8794531391,-7.6771553416829805
3,12,2026,69,2157.871332713763,-1257595.367922082,-7.676877520645615
3,12,2026,70,2157.4560446044306,-1257563.8380606463,-7.676685049449665
3,12,2026,71,2157.00646597708,-1257529.6979226782,-7.676476644056003
3,12,2026,72,2156.4305092201494,-1257485.9504733952,-7.676209591696752
3,12,2026,73,2155.7461786401777,-1257433.9561756914,-7.675892197194972
3,12,2026,74,2155.1975921252506,-1257392.2635655378,-7.675637688415892
3,12,2026,75,2154.6079558114193,-1257347.439333022,-7.675364062930496
3,12,2026,76,2154.11784857447,-1257310.1719778366,-7.675136567721325
3,12,2026,77,2153.5256857900586,-1257265.1330889275,-7.6748616318853315
3,12,2026,78,2152.9784854262907,-1257223.5029538064,-7.6746075044794555
3,12,2026,79,2152.4805458704727,-1257185.6113069244,-7.674376198337918
3,12,2026,80,2152.012275256928,-1257149.9693754269,-7.67415862538108
3,12,2026,81,2151.475094413891,-1257109.0728606328,-7.673908976294335
3,12,2026,82,2150.9591163571476,-1257069.7809353608,-7.673669122279636
3,12,2026,83,2150.510989718839,-1257035.648272882,-7.673460762519424
3,12,2026,84,2150.1671861064924,-1257009.4568070816,-7.673300879078244
3,12,2026,85,2149.8699455041997,-1256986.809204239,-7.673162628828924
3,12,2026,86,2149.6485514300425,-1256969.9385282737,-7.673059643308796
3,12,2026,87,2149.314620054537,-1256944.4889953805,-7.672904288930144
3,12,2026,88,2148.9888645357423,-1256919.6587495124,-7.672752714933293
3,12,2026,89,2148.6612629678525,-1256894.683994957,-7.672600258796193
3,12,2026,90,2148.3219690115156,-1256868.81385497,-7.672442336859464
3,12,2026,91,2147.992353885729,-1256843.6777836801,-7.672288895978904
3,12,2026,92,2147.6406239823737,-1256816.851010409,-7.672125134360557
3,12,2026,93,2147.308570969078,-1256791.52098015,-7.67197050947496
3,12,2026,94,2146.957344052974,-1256764.7240422075,-7.671806929983686
3,12,2026,95,2146.6100654705833,-1256738.2240327976,-7.671645163065865
3,12,2026,96,2146.2750643754757,-1256712.6568266659,-7.671489090361539
3,12,2026,97,2145.938823724364,-1256686.9910047608,-7.671332415666118
3,12,2026,98,2145.590311434207,-1256660.3842230511,-7.67116999696642
3,12,2026,99,2145.200886048974,-1256630.6488636984,-7.670988480146618
3,12,2026,100,2144.784425809213,-1256598.8432299297,-7.670794325523329
3,12,2026,101,2144.4525328598497,-1256573.4916925698,-7.670639569349574
3,12,2026,102,2144.219200955759,-1256555.6663603408,-7.67053075621637
3,12,2026,103,2143.9405932687614,-1256534.379655037,-7.670400813443358
3,12,2026,104,2143.6615197729643,-1256513.0545867837,-7.670270636487179
3,12,2026,105,2143.439351624302,-1256496.0758878607,-7.670166991550647
3,12,2026,106,2143.271857977832,-1256483.274400724,-7.670088846026787
3,12,2026,107,2143.122050602872,-1256471.8238222334,-7.670018947002938
3,12,2026,108,2142.966999692983,-1256459.9716093803,-7.669946596238343
3,12,2026,109,2142.7718977916297,-1256445.0566489226,-7.669855549207175
3,12,2026,110,2142.566000691868,-1256429.314954746,-7.669759455454571
3,12,2026,111,2142.4295259603723,-1256418.8800572143,-7.669695756563549
3,12,2026,112,2142.310600436375,-1256409.7864351652,-7.669640245367761
3,12,2026,113,2142.1607811723197,-1256398.3298094186,-7.669570309428985
3,12,2026,114,2142.0165252713105,-1256387.2978548573,-7.6695029658571645
3,12,2026,115,2141.9146856613042,-1256379.5092342028,-7.669455420924713
3,12,2026,116,2141.7797820645387,-1256369.19133325,-7.669392436228756
3,12,2026,117,2141.6687096532587,-1256360.6956372398,-7.669340575018556
3,12,2026,118,2141.5418304966415,-1256350.990377257,-7.669281330134157
3,12,2026,119,2141.3824742180213,-1256338.8000576096,-7.6692069154271225
3,12,2026,120,2141.321827747718,-1256334.160530115,-7.669178593849899
3,12,31415,1,5248.170655024126,-1403188.0382930513,-8.565634848201954
3,12,31415,2,3703.318142629495,-1346073.5315507976,-8.216984492056927
3,12,31415,3,3160.224249302947,-1320094.5708398034,-8.05839826903235
3,12,31415,4,2888.825074309295,-1305385.0212132894,-7.9686051497612524
3,12,31415,5,2719.6255257282064,-1295497.7960698958,-7.908249475447428
3,12,31415,6,2605.8898442338077,-1288499.578399028,-7.865529486735288
3,12,31415,7,2525.923403378881,-1283393.8419787963,-7.834361979164406
3,12,31415,8,2468.579769034973,-1279632.0193189122,-7.811398271957026
3,12,31415,9,2425.892197399709,-1276774.4752983097,-7.7939546521604095
3,12,31415,10,2393.5791815137395,-1274577.7744928545,-7.780545090179558
3,12,31415,11,2367.645978759842,-1272793.227275964,-7.769651482614422
3,12,31415,12,2346.912575173969,-1271352.3775763696,-7.7608559455509205
3,12,31415,13,2329.051720879767,-1270100.9103915275,-7.753216476971281
3,12,31415,14,2313.1834085064893,-1268980.9785001662,-7.746379953729588
3,12,31415,15,2299.6909616286216,-1268022.6671291352,-7.740530028380227
3,12,31415,16,2288.0457552012695,-1267191.026016754,-7.735453350202386
3,12,31415,17,2278.3636588732634,-1266496.351262453,-7.731212770806594
3,12,31415,18,2269.79120384647,-1265878.8230568338,-7.727443125560591
3,12,31415,19,2262.0015475971627,-1265315.6589163356,-7.724005340847875
3,12,31415,20,2254.7527499853213,-1264789.8521219736,-7.720795600685975
3,12,31415,21,2248.039136354245,-1264301.3560185255,-7.717813620272291
3,12,31415,22,2242.0276628591632,-1263862.7094796177,-7.71513594203019
3,12,31415,23,2237.0220933039086,-1263496.5636369623,-7.712900837750661
3,12,31415,24,2232.5825033291485,-1263171.1316687593,-7.7109142676463795
3,12,31415,25,2228.4061362591365,-1262864.4032714935,-7.709041871804302
3,12,31415,26,2224.5983845046453,-1262584.2459931718,-7.707331676961785
3,12,31415,27,2221.1289202121384,-1262328.5605500634,-7.705770868230596
3,12,31415,28,2218.0171158534745,-1262098.8932121678,-7.704368884676514
3,12,31415,29,2215.0552514638644,-1261879.9927256235,-7.703032626395612
3,12,31415,30,2212.323913031696,-1261677.8699903695,-7.701798786384538
3,12,31415,31,2210.1480347136394,-1261516.673394654,-7.700814776301789
3,12,31415,32,2208.214707351254,-1261373.3126097214,-7.6999396433176335
3,12,31415,33,2206.4384222181834,-1261241.4861977603,-7.699134920873177
3,12,31415,34,2204.619239781664,-1261106.3661291727,-7.698310092598847
3,12,31415,35,2203.00157879374,-1260986.1204114924,-7.697576063458346
3,12,31415,36,2201.6265719744615,-1260883.8424816814,-7.69695171705866
3,12,31415,37,2200.1717756290163,-1260775.559953504,-7.696290716129707
3,12,31415,38,2198.7713092544695,-1260671.2536222164,-7.695653987536116
3,12,31415,39,2197.498688761268,-1260576.4115835647,-7.695075032863485
3,12,31415,40,2196.304320258333,-1260487.3512979331,-7.6945313723808
3,12,31415,41,2195.2702991174424,-1260410.208484693,-7.694060461033678
3,12,31415,42,2194.1482785564544,-1260326.4593862784,-7.693549222214426
3,12,31415,43,2193.158683050536,-1260252.559118271,-7.693098104692283
3,12,31415,44,2192.01586990146,-1260167.175478096,-7.692576887960247
3,12,31415,45,2190.902711340017,-1260083.9646296888,-7.69206893483963
3,12,31415,46,2189.944454257459,-1260012.2991098447,-7.691631459136133
3,12,31415,47,2188.9800954583193,-1259940.145592788,-7.691191004497656
3,12,31415,48,2188.0068592227817,-1259867.2956293593,-7.690746298465103
3,12,31415,49,2187.039884981861,-1259794.8822979864,-7.690304257813562
3,12,31415,50,2186.246175404621,-1259735.4202240505,-7.689941276945174
3,12,31415,51,2185.272451629274,-1259662.442593058,-7.68949579157749
3,12,31415,52,2184.325537988332,-1259591.4431062397,-7.689062381612539
3,12,31415,53,2183.406071651795,-1259522.4721560655,-7.688641354666611
3,12,31415,54,2182.5795107436197,-1259460.4454265696,-7.688262718089622
3,12,31415,55,2181.7248168535566,-1259396.2828358908,-7.687871043340643
3,12,31415,56,2180.7640106046993,-1259324.1242836365,-7.687430557965256
3,12,31415,57,2180.0184754501506,-1259268.111130741,-7.6870886307243556
3,12,31415,58,2179.204726187563,-1259206.9510824562,-7.686715284724667
3,12,31415,59,2178.459701919314,-1259150.936261338,-7.686373347300251
3,12,31415,60,2177.8409341212396,-1259104.399497804,-7.6860892678236805
3,12,31415,61,2177.0620803538063,-1259045.8040665386,-7.685731577297325
3,12,31415,62,2176.407916143479,-1258996.5731931564,-7.6854310518701245
3,12,31415,63,2175.765561819411,-1258948.2167031183,-7.685135864037202
3,12,31415,64,2175.1167941095973,-1258899.362919796,-7.684837640522269
3,12,31415,65,2174.5409270292016,-1258855.9865218166,-7.6845728532122415
3,12,31415,66,2174.1705023403815,-1258828.0787188013,-7.684402492545303
3,12,31415,67,2173.693145681216,-1258792.1076465126,-7.684182910378184
3,12,31415,68,2173.330298257159,-1258764.7600996112,-7.684015969744172
3,12,31415,69,2172.7827581933307,-1258723.4837580132,-7.683764002038954
3,12,31415,70,2172.208990393492,-1258680.2190744956,-7.683499896679785
3,12,31415,71,2171.6609398257615,-1258638.8829140111,-7.683247563815568
3,12,31415,72,2171.2843713575417,-1258610.4745708595,-7.6830741476465025
3,12,31415,73,2171.122944104904,-1258598.294982484,-7.682999798447551
3,12,31415,74,2170.857310749778,-1258578.251135574,-7.682877442591529
3,12,31415,75,2170.5294969838374,-1258553.5119716332,-7.6827264245960905
3,12,31415,76,2170.3197573906864,-1258537.6815664729,-7.6826297893152855
3,12,31415,77,2170.0422702068886,-1258516.7354609296,-7.682501925702798
3,12,31415,78,2169.564890940904,-1258480.6942437189,-7.682281915342329
3,12,31415,79,2169.132787004217,-1258448.0643884118,-7.682082729332982
3,12,31415,80,2168.7076227369075,-1258415.952229707,-7.681886703555862
3,12,31415,81,2168.365582700858,-1258390.1137769038,-7.68172897505069
3,12,31415,82,2168.0986793772668,-1258369.9484845041,-7.681605877841628
3,12,31415,83,2167.8838598353213,-1258353.7164642902,-7.681506790937943
3,12,31415,84,2167.526214437231,-1258326.6887840186,-7.6813418029009295
3,12,31415,85,2167.185033015644,-1258300.9011489567,-7.681184384608077
3,12,31415,86,2166.958571048565,-1258283.7821529005,-7.681079883240345
3,12,31415,87,2166.734098175608,-1258266.8117532916,-7.680976288966228
3,12,31415,88,2166.511598723144,-1258249.988811374,-7.680873594834289
3,12,31415,89,2166.1110996159073,-1258219.7031546223,-7.680688718773639
3,12,31415,90,2165.839452344955,-1258199.158058891,-7.680563303089388
3,12,31415,91,2165.5919799804997,-1258180.4391048765,-7.6804490349225745
3,12,31415,92,2165.2401332980517,-1258153.821533587,-7.68028655035886
3,12,31415,93,2164.9546748846224,-1258132.2231263127,-7.680154704829277
3,12,31415,94,2164.734288188696,-1258115.5462392112,-7.680052902275793
3,12,31415,95,2164.486988550922,-1258096.8308006064,-7.679938655568482
3,12,31415,96,2164.138389576828,-1258070.4454774726,-7.679777588742691
3,12,31415,97,2163.7960529753877,-1258044.5300143051,-7.679619390134695
3,12,31415,98,2163.5208277646416,-1258023.692024194,-7.679492186503113
3,12,31415,99,2163.194212413491,-1257998.9597180593,-7.679341210370533
3,12,31415,100,2162.9460326097455,-1257980.16429282,-7.679226475392025
3,12,31415,101,2162.725923749646,-1257963.4929624829,-7.679124706759309
3,12,31415,102,2162.431341952687,-1257941.1783002587,-7.678988488915971
3,12,31415,103,2162.2251416883832,-1257925.5567577614,-7.6788931286184585
3,12,31415,104,2162.0629889346073,-1257913.2711677533,-7.678818132342099
3,12,31415,105,2161.8709074567982,-1257898.716819725,-7.678729286636989
3,12,31415,106,2161.6295065597355,-1257880.4236194903,-7.678617617445734
3,12,31415,107,2161.4195819774723,-1257864.5140127796,-7.678520498686206
3,12,31415,108,2161.2305613593526,-1257850.187337906,-7.678433042791339
3,12,31415,109,2160.9863625967682,-1257831.6766221146,-7.678320045795982
3,12,31415,110,2160.770908395466,-1257815.3430599747,-7.678220339038767
3,12,31415,111,2160.5742300669126,-1257800.4314729294,-7.678129312600292
3,12,31415,112,2160.4512477837065,-1257791.1066189962,-7.678072389870319
3,12,31415,113,2160.311404598549,-1257780.502680261,-7.678007659082513
3,12,31415,114,2160.125242563317,-1257766.3854405128,-7.677921481665483
3,12,31415,115,2159.9209901676413,-1257750.8949532947,-7.6778269213831045
3,12,31415,116,2159.7860079288826,-1257740.65710594,-7.677764425367119
3,12,31415,117,2159.7003512864567,-1257734.1600702414,-7.677724764798564
