k,seed,iteration,perplexity,variational_bound,bound_per_token
7,11,1,4276.755995749933,-2098238.9432718847,-8.360950056272129
7,11,2,3421.686558453727,-2042260.1731952524,-8.137888854246953
7,11,3,3064.701493136612,-2014608.8769926638,-8.027705451502305
7,11,4,2867.4679557518775,-1997915.022223867,-7.961184673963536
7,11,5,2746.2218112534006,-1987072.8479597138,-7.917981359195854
7,11,6,2665.617426246205,-1979596.74612898,-7.888190989408464
7,11,7,2610.265054331136,-1974330.679281487,-7.86720704854412
7,11,8,2569.4951044926665,-1970380.0270173252,-7.851464701193134
7,11,9,2539.636146756776,-1967446.6908388902,-7.839776100443064
7,11,10,2516.701509507846,-1965170.083688358,-7.830704398316676
7,11,11,2498.5092790564827,-1963349.427371276,-7.823449544628267
7,11,12,2483.609504734858,-1961848.3737133616,-7.817468226482472
7,11,13,2470.8161001323942,-1960552.319707984,-7.812303779962241
7,11,14,2460.2406153329907,-1959475.8786280847,-7.808014435254186
7,11,15,2451.3371500803455,-1958566.0327563186,-7.804388930200467
7,11,16,2443.726651533622,-1957785.6917842447,-7.80127946932839
7,11,17,2436.9975323472163,-1957093.6958549346,-7.7985220410466125
7,11,18,2431.281203490541,-1956504.3485812799,-7.796173641624979
7,11,19,2426.1762721360296,-1955976.8632719289,-7.794071746442334
7,11,20,2421.6817437598743,-1955511.530468383,-7.792217513232877
7,11,21,2417.5908063532584,-1955087.2313148712,-7.790526788712294
7,11,22,2413.5415556329044,-1954666.5481396455,-7.788850472948137
7,11,23,2409.9214931814363,-1954289.8560518192,-7.787349450510722
7,11,24,2406.965374905084,-1953981.8319326197,-7.786122052513457
7,11,25,2404.104540260871,-1953683.375839864,-7.784932780675032
7,11,26,2401.501790387009,-1953411.535693576,-7.783849566633233
7,11,27,2398.9998108175673,-1953149.9424702746,-7.78280718398082
7,11,28,2396.503990518142,-1952888.7212691735,-7.781766283742527
7,11,29,2394.168175629284,-1952644.0002266204,-7.780791132451458
7,11,30,2392.2784002920343,-1952445.8355270128,-7.780001496379909
7,11,31,2390.575667343645,-1952267.1502631353,-7.779289480919581
7,11,32,2389.026936163609,-1952104.5154264793,-7.778641422341195
7,11,33,2387.6051757229643,-1951955.1211515667,-7.778046124043429
7,11,34,2386.1405100782035,-1951801.1254710513,-7.777432490311294
7,11,35,2384.816033907741,-1951661.7879726754,-7.776877265717535
7,11,36,2383.693590249221,-1951543.6440993836,-7.776406492344838
7,11,37,2382.677776260671,-1951436.675667685,-7.7759802502726965
7,11,38,2381.550876345902,-1951317.9561654085,-7.77550718316448
7,11,39,2380.3747900459643,-1951193.9949294499,-7.775013229076893
7,11,40,2379.236053954441,-1951073.912087327,-7.774534729405145
7,11,41,2378.223575881136,-1950967.095221416,-7.774109091284228
7,11,42,2377.429227966407,-1950883.2593403235,-7.7737750265596235
7,11,43,2376.7351805740172,-1950809.9862947483,-7.773483052055724
7,11,44,2376.0507995951925,-1950737.712811698,-7.773195060554987
7,11,45,2375.4605202109565,-1950675.360126743,-7.772946600918655
7,11,46,2374.887301789829,-1950614.7948033607,-7.772705263464899
7,11,47,2374.3563572000357,-1950558.6830215515,-7.772481672244853
7,11,48,2373.8239934994194,-1950502.408664679,-7.772257433204409
7,11,49,2373.2418977410616,-1950440.862855411,-7.772012188763059
7,11,50,2372.7198134049368,-1950385.6492960763,-7.7717921767317755
7,11,51,2372.2850934436265,-1950339.665774551,-7.771608944060341
7,11,52,2371.757581486465,-1950283.8556447313,-7.771386554846971
7,11,53,2371.243251116441,-1950229.4281581119,-7.771169675116103
7,11,54,2370.8725907851535,-1950190.1968073605,-7.77101334813279
7,11,55,2370.574533684667,-1950158.6454628443,-7.770887624026603
7,11,56,2370.190480459922,-1950117.9850019077,-7.770725602401638
7,11,57,2369.7507268175686,-1950071.419337772,-7.7705400500395365
7,11,58,2369.419118285362,-1950036.2994812264,-7.77040010631792
7,11,59,2369.1271772484424,-1950005.3766444214,-7.770276886655568
7,11,60,2368.8286467529074,-1949973.7519014096,-7.770150870074992
7,11,61,2368.489836774605,-1949937.8553341152,-7.770007831358022
7,11,62,2368.152820641551,-1949902.1437282532,-7.769865529665453
7,11,63,2367.9426188825523,-1949879.8673178465,-7.769776763819485
7,11,64,2367.6394639010837,-1949847.7365835637,-7.769648730992017
7,11,65,2367.4538292618818,-1949828.0595426736,-7.7695703229743485
7,11,66,2367.217895364536,-1949803.0486162277,-7.769470660775462
7,11,67,2367.03014230269,-1949783.1434719295,-7.769391343823561
7,11,68,2366.787190019837,-1949757.3838906777,-7.7692886984251395
7,11,69,2366.5415710951424,-1949731.338884446,-7.769184915680559
7,11,70,2366.25967751526,-1949701.4440447965,-7.7690657923261615
7,11,71,2365.968759920833,-1949670.5884731342,-7.768942840698344
7,11,72,2365.6828614114665,-1949640.261543747,-7.768821995575924
7,11,73,2365.477925874595,-1949618.5205757814,-7.768735363332289
7,11,74,2365.279122080305,-1949597.4283052091,-7.768651315983253
7,11,75,2365.0661389159263,-1949574.829694296,-7.7685612662499794
7,11,76,2364.855507977822,-1949552.4786651186,-7.768472203067133
7,11,77,2364.610550032133,-1949526.4825334295,-7.76836861507521
7,11,78,2364.4790358580512,-1949512.5244969008,-7.76831299583953
7,11,79,2364.31481472521,-1949495.094072081,-7.768243540017138
7,11,80,2364.172226012081,-1949479.958729472,-7.768183229515303
7,11,81,2364.0343016696993,-1949465.3176265513,-7.768124888433283
7,11,82,2363.9103322101255,-1949452.157149396,-7.768072447269436
7,11,83,2363.7936959152835,-1949439.774523717,-7.768023105646453
7,11,84,2363.6550798843755,-1949425.057637325,-7.7679644625865185
7,11,85,2363.469393436884,-1949405.341924701,-7.767885900471797
7,11,86,2363.360001518545,-1949393.726245199,-7.767839614934826
7,11,87,2363.234100248273,-1949380.3568699532,-7.767786341365067
7,11,88,2363.141286652262,-1949370.5005975624,-7.767747066619231
7,42,1,4223.789958284677,-2095111.527701348,-8.348488098364852
7,42,2,3383.4824237785797,-2039442.4045913485,-8.126660760972392
7,42,3,3027.3861599469533,-2011534.508493424,-8.01545487272092
7,42,4,2830.1012369329005,-1994623.241540282,-7.9480677627652625
7,42,5,2710.5543640163087,-1983792.1112220825,-7.90490845532136
7,42,6,2632.2190005507064,-1976432.5564185248,-7.875582495879871
7,42,7,2577.408258757303,-1971151.6999551489,-7.8545396221470165
7,42,8,2536.631487813743,-1967149.6063127352,-7.838592293949701
7,42,9,2505.7864702945785,-1964079.3056439932,-7.826357924441212
7,42,10,2481.8469156428187,-1961670.2091895388,-7.816758286039198
7,42,11,2462.6465235646756,-1959721.1735305001,-7.808991873231271
7,42,12,2447.0748369476814,-1958129.296283507,-7.802648646116693
7,42,13,2434.229637019044,-1956808.5016899009,-7.797385614626812
7,42,14,2424.2009079626346,-1955772.4538102052,-7.793257226577483
7,42,15,2415.515470736117,-1954871.7094526892,-7.789667988749822
7,42,16,2408.4120067687636,-1954132.6165439845,-7.786722890949384
7,42,17,2402.113719092041,-1953475.4741135251,-7.784104345021359
7,42,18,2396.6813836122374,-1952907.2968239498,-7.78184030261738
7,42,19,2392.0385210647055,-1952420.6702328683,-7.779901219064893
7,42,20,2387.9462202357836,-1951990.9651833246,-7.778188953419608
7,42,21,2384.1858333659648,-1951595.4624636131,-7.77661297538468
7,42,22,2380.8645666786,-1951245.6255514878,-7.775218964011715
7,42,23,2378.1784366995216,-1950962.3319597864,-7.774090110894641
7,42,24,2375.7515491597674,-1950706.104177285,-7.773069108163091
7,42,25,2373.3963454518494,-1950457.1943018723,-7.772077265435402
7,42,26,2371.159767934362,-1950220.5926842634,-7.771134467993574
7,42,27,2369.2016830965717,-1950013.2687788347,-7.7703083348096875
7,42,28,2367.2361722758606,-1949804.9862076668,-7.769478381585956
7,42,29,2365.435262785851,-1949613.9943457132,-7.768717327453361
7,42,30,2363.8580080337197,-1949446.6022586338,-7.768050312438521
7,42,31,2362.381931234607,-1949289.8468581128,-7.767425681922054
7,42,32,2361.0150616280253,-1949144.601600959,-7.766846916407827
7,42,33,2359.6566639491875,-1949000.173250286,-7.766271406058751
7,42,34,2358.484838948017,-1948875.5149742742,-7.765774674443327
7,42,35,2357.486713517238,-1948769.2859333712,-7.765351378655989
7,42,36,2356.6431705375876,-1948679.4738055721,-7.764993500103891
7,42,37,2355.921474862118,-1948602.6092544529,-7.764687214361237
7,42,38,2355.207210118063,-1948526.5129511112,-7.764383989891141
7,42,39,2354.456041180048,-1948446.4600493568,-7.764064999379801
7,42,40,2353.5901321048023,-1948354.1474686181,-7.763697157156876
7,42,41,2352.85119515675,-1948275.344233519,-7.76338314625023
7,42,42,2352.123877214651,-1948197.7559243604,-7.763073976515341
7,42,43,2351.3465394773107,-1948114.8051110061,-7.762743438561213
7,42,44,2350.748303830301,-1948050.947860534,-7.762488983612866
7,42,45,2350.2188751095723,-1947994.4216866756,-7.762263741145597
7,42,46,2349.6766538775514,-1947936.5164785753,-7.76203300357661
7,42,47,2349.20033769288,-1947885.6384149953,-7.7618302673963875
7,42,48,2348.7017306199727,-1947832.3682812862,-7.761617999423352
7,42,49,2348.274490146277,-1947786.7138079342,-7.761436077925438
7,42,50,2347.8641627333423,-1947742.858826452,-7.761261326946258
7,42,51,2347.4815574947434,-1947701.9598303838,-7.7610983548192864
7,42,52,2347.0432270093424,-1947655.0958307271,-7.760911613665796
7,42,53,2346.6192787421746,-1947609.761175565,-7.760730966562259
7,42,54,2346.2533748594,-1947570.626876523,-7.760575026305395
7,42,55,2345.9048850990553,-1947533.3493849712,-7.760426484955476
7,42,56,2345.5750631816754,-1947498.063667045,-7.760285880318321
7,42,57,2345.2457771414015,-1947462.83032953,-7.760145484403822
7,42,58,2344.9508617239417,-1947431.2704209734,-7.760019726172107
7,42,59,2344.7462706294014,-1947409.3740955195,-7.7599324748682825
7,42,60,2344.510923508831,-1947384.1837487584,-7.759832097724942
7,42,61,2344.300936553457,-1947361.7056890845,-7.759742528357784
7,42,62,2344.0739524116752,-1947337.4059004956,-7.759645699862907
7,42,63,2343.883794541135,-1947317.0467371587,-7.75956457376028
7,42,64,2343.654819393063,-1947292.529428177,-7.7594668785018035
7,42,65,2343.4593140734455,-1947271.593975305,-7.759383456031531
7,42,66,2343.2460602099586,-1947248.755949194,-7.7592924522894124
7,42,67,2343.000647321643,-1947222.4713397345,-7.7591877147867345
7,42,68,2342.7498029488156,-1947195.602153251,-7.75908064789287
7,42,69,2342.5533054147295,-1947174.552316965,-7.758996769633702
7,42,70,2342.3160857294934,-1947149.1377597477,-7.758895499068556
7,42,71,2342.0918359783495,-1947125.110371108,-7.7587997560183934
7,42,72,2341.916186516475,-1947106.2886859986,-7.758724756376585
7,42,73,2341.766389652226,-1947090.2361157988,-7.7586607909554175
7,42,74,2341.581066064524,-1947070.3750006186,-7.758581649448386
7,42,75,2341.414630416804,-1947052.5367647673,-7.758510568602459
7,42,76,2341.3099432802046,-1947041.3159597293,-7.758465856540082
7,42,77,2341.17589913491,-1947026.9478152385,-7.75840860312818
7,42,78,2341.0281529275076,-1947011.109998445,-7.758345493444873
7,42,79,2340.9416189205767,-1947001.833426473,-7.758308528658188
7,97,1,4181.574327934438,-2092590.6620571385,-8.338443088087356
7,97,2,3389.2451085998605,-2039869.4663435838,-8.128362493748266
7,97,3,3062.829528569045,-2014455.5419463187,-8.027094450229795
7,97,4,2872.24454571742,-1998332.7152579357,-7.9628490747735095
7,97,5,2750.3724318620652,-1987451.8562866892,-7.919491611258858
7,97,6,2669.182878224034,-1979932.1945859636,-7.889527666436734
7,97,7,2611.671912211572,-1974465.901458202,-7.867745874624744
7,97,8,2567.8000015503644,-1970214.4153653767,-7.850804780760755
7,97,9,2533.480810653438,-1966837.7060851462,-7.837349450643521
7,97,10,2506.3933918699327,-1964140.0820816788,-7.826600103131926
7,97,11,2484.4147743027293,-1961929.7292081674,-7.817792407496772
7,97,12,2466.826079933301,-1960146.7319069481,-7.810687615435904
7,97,13,2451.7302759081713,-1958606.2760040709,-7.804549289336703
7,97,14,2438.8746172522037,-1957286.9197973676,-7.799291989453842
7,97,15,2427.1894293968658,-1956081.639596664,-7.794489253524166
7,97,16,2417.634525094519,-1955091.7694794443,-7.790544872147198
7,97,17,2409.526360786401,-1954248.705594884,-7.787185476375969
7,97,18,2402.4206158119578,-1953507.5346109122,-7.78423209797261
7,97,19,2395.6932072749005,-1952803.8033394984,-7.781427907328739
7,97,20,2389.9270106052036,-1952199.0465673215,-7.779018104963486
7,97,21,2384.998248191633,-1951680.961863884,-7.776953668811326
7,97,22,2380.377559684906,-1951194.2869254323,-7.77501439260683
7,97,23,2376.292655217815,-1950763.2561513644,-7.773296844285532
7,97,24,2372.285622873429,-1950339.7217813523,-7.77160916723324
7,97,25,2369.055521361165,-1949997.7861618889,-7.7702466405076915
7,97,26,2366.118950989412,-1949686.5186512345,-7.769006318418033
7,97,27,2363.5589057880775,-1949414.846310839,-7.767923773040159
7,97,28,2361.210428890072,-1949165.3667177914,-7.766929660132179
7,97,29,2358.9628660831618,-1948926.3747881677,-7.765977337903177
7,97,30,2356.7585627183726,-1948691.7615235127,-7.7650424635436055
7,97,31,2355.0514843548276,-1948509.9191829495,-7.764317867933349
7,97,32,2353.537983205398,-1948348.5869098112,-7.763674999740239
7,97,33,2352.0887421846337,-1948194.007207012,-7.763059038827417
7,97,34,2350.661982068793,-1948041.732306482,-7.762452261967118
7,97,35,2349.174732816789,-1947882.9031191566,-7.761819367936167
7,97,36,2347.711611057917,-1947726.5524509754,-7.76119635017543
7,97,37,2346.2727780243654,-1947572.7022448478,-7.760583296121837
7,97,38,2344.997787358834,-1947436.2923593516,-7.760039737322934
7,97,39,2343.841979910464,-1947312.5696517767,-7.759546733710463
7,97,40,2342.7502004561147,-1947195.6447345077,-7.759080817568379
7,97,41,2341.7208389655248,-1947085.3545977653,-7.758641339344052
7,97,42,2340.7572106489374,-1946982.0634462438,-7.758229750300823
7,97,43,2339.7729826591335,-1946876.520314557,-7.7578091876877595
7,97,44,2338.8366590288815,-1946776.072963566,-7.757408930468431
7,97,45,2338.086208624565,-1946695.5367695505,-7.757088014159998
7,97,46,2337.4047004405325,-1946622.3768580556,-7.756796490466716
7,97,47,2336.823886733177,-1946560.0096615916,-7.7565479730057
7,97,48,2336.2097318940037,-1946494.0454638388,-7.756285122406783
7,97,49,2335.5602215560193,-1946424.264987247,-7.756007064904534
7,97,50,2334.899884962413,-1946353.301489927,-7.755724293364708
7,97,51,2334.346901462451,-1946293.8593198315,-7.755487431391957
7,97,52,2333.677268646561,-1946221.8592454505,-7.755200529355429
7,97,53,2333.0062794876926,-1946149.692609009,-7.754912963611332
7,97,54,2332.459787503838,-1946090.9006309086,-7.754678692488787
7,97,55,2332.0543482869125,-1946047.2743037688,-7.754504852639172
7,97,56,2331.683436529695,-1946007.3565783962,-7.754345790627064
7,97,57,2331.2625480630027,-1945962.052640683,-7.754165265924772
7,97,58,2330.793026212244,-1945911.5042104372,-7.753963843249789
7,97,59,2330.2784177236545,-1945856.090083214,-7.753743032006335
7,97,60,2329.9366056844665,-1945819.2762779961,-7.753596338328862
7,97,61,2329.6052345431553,-1945783.5818211152,-7.753454104970634
7,97,62,2329.376029947045,-1945758.8895141035,-7.7533557123893875
7,97,63,2329.104931910748,-1945729.6808726906,-7.753239323360937
7,97,64,2328.730341033247,-1945689.3161120072,-7.753078480026487
7,97,65,2328.2784045927297,-1945640.6081881642,-7.75288439130275
7,97,66,2327.81492375436,-1945590.6462338234,-7.752685305585512
7,97,67,2327.5414958623683,-1945561.1667966398,-7.752567837504592
7,97,68,2327.285917192999,-1945533.608629386,-7.75245802519709
7,97,69,2327.0530716837593,-1945508.4990657505,-7.752357969954018
7,97,70,2326.8205307106186,-1945483.4198349717,-7.752258035579688
7,97,71,2326.5434725405007,-1945453.5362121854,-7.7521389569216455
7,97,72,2326.2725991411053,-1945424.3162410017,-7.752022522746931
7,97,73,2326.104658505089,-1945406.1982441682,-7.75195032712444
7,97,74,2325.9612914344916,-1945390.7302906462,-7.7518886912524705
7,97,75,2325.781755439683,-1945371.3587070408,-7.751811500404615
7,97,76,2325.615132694951,-1945353.3790999795,-7.751739856230269
7,97,77,2325.472195983536,-1945337.954333355,-7.751678392447132
7,97,78,2325.340052701766,-1945323.6934774877,-7.751621566553185
7,97,79,2325.231669501043,-1945311.9961961496,-7.751574955853591
7,97,80,2325.108244955002,-1945298.6749102315,-7.751521873907608
7,97,81,2324.9223290845757,-1945278.6075629846,-7.751441910618092
7,97,82,2324.813854560095,-1945266.8983217846,-7.7513952522614815
7,97,83,2324.683696855974,-1945252.8477769245,-7.751339264403561
7,97,84,2324.5376124932136,-1945237.0770097366,-7.751276421895929
7,97,85,2324.4548867266485,-1945228.1457799247,-7.75124083321017
7,2026,1,4226.2425986114895,-2095257.2093355043,-8.349068602730764
7,2026,2,3418.6375575993347,-2042036.4504168844,-8.136997375713307
7,2026,3,3081.696032016194,-2015996.6523015609,-8.033235384155695
7,2026,4,2889.35075882795,-1999822.905495455,-7.968787104944094
7,2026,5,2768.037427533473,-1989058.539941589,-7.925893838153903
7,2026,6,2685.043129277656,-1981418.9650957652,-7.895452069859638
7,2026,7,2624.9641161167406,-1975739.9173575523,-7.872822504881523
7,2026,8,2580.962043418016,-1971497.486405502,-7.855917493457055
7,2026,9,2546.713314451055,-1968145.0565067455,-7.842558910517521
7,2026,10,2518.7369880081496,-1965372.9727142397,-7.831512859630294
7,2026,11,2496.6687352544172,-1963164.4900695363,-7.822712616382632
7,2026,12,2478.1418532438593,-1961295.2843416315,-7.815264305604671
7,2026,13,2462.6409214847754,-1959720.60264761,-7.808989598407735
7,2026,14,2449.2538199796622,-1958352.6599991277,-7.8035386938763525
7,2026,15,2438.2086119106134,-1957218.3793621548,-7.799018873202002
7,2026,16,2428.9234627252677,-1956260.864351178,-7.79520341871786
7,2026,17,2421.2953592622384,-1955471.4865480768,-7.792057948365962
7,2026,18,2413.9056807498423,-1954704.4065532833,-7.789001329125242
7,2026,19,2407.309832334963,-1954017.7434664047,-7.786265150868096
7,2026,20,2401.4077160843003,-1953401.704733923,-7.783810392752237
7,2026,21,2395.9001543877516,-1952825.480816159,-7.781514286575624
7,2026,22,2390.8512175305846,-1952296.0752054194,-7.779404739478952
7,2026,23,2386.189439738536,-1951806.2714860577,-7.7774529958760175
7,2026,24,2381.844237399829,-1951348.867315269,-7.775630356257324
7,2026,25,2378.0217219414044,-1950945.7941084534,-7.77402421175123
7,2026,26,2374.7175715208864,-1950596.8585748712,-7.772633792143161
7,2026,27,2371.867887615741,-1950295.526926737,-7.771433061945819
7,2026,28,2369.148652500707,-1950007.6514655065,-7.770285951240677
7,2026,29,2366.570745236826,-1949734.43260147,-7.769197243358304
7,2026,30,2364.066005805289,-1949468.683195908,-7.76813829937363
7,2026,31,2361.647417507277,-1949211.806969134,-7.767114712756105
7,2026,32,2359.4559132186077,-1948978.821862583,-7.766186326193663
7,2026,33,2357.5660802857797,-1948777.7344691588,-7.765385043928477
7,2026,34,2355.6499862393352,-1948573.6881308127,-7.764571971018193
7,2026,35,2353.812298594572,-1948377.8353672565,-7.763791547425481
7,2026,36,2352.263723811968,-1948212.6762436493,-7.763133430203777
7,2026,37,2350.75970442024,-1948052.1649414555,-7.762493833371675
7,2026,38,2349.398163206748,-1947906.7705451415,-7.761914473575718
7,2026,39,2348.1459227901278,-1947772.9736078805,-7.761381326712865
7,2026,40,2346.9919192372668,-1947649.6097002844,-7.760889752827315
7,2026,41,2345.9897705566727,-1947542.4299809153,-7.760462668827389
7,2026,42,2344.9313858380156,-1947429.1861000261,-7.760011420681735
7,2026,43,2344.0173890584915,-1947331.3501441581,-7.759621569209698
7,2026,44,2343.153852118349,-1947238.8804513782,-7.759253100935133
7,2026,45,2342.197665181057,-1947136.449798025,-7.758844940758875
7,2026,46,2341.507648953552,-1947062.506459559,-7.758550295307798
7,2026,47,2340.8676902511334,-1946993.9078934689,-7.758276947419155
7,2026,48,2340.232346756292,-1946925.7854875585,-7.75800549690807
7,2026,49,2339.6058362393696,-1946858.5920528343,-7.757737748111566
7,2026,50,2338.8698668157926,-1946779.6361313425,-7.757423128788368
7,2026,51,2338.2482218022637,-1946712.9257487422,-7.757157304832072
7,2026,52,2337.5941404109776,-1946642.7153814682,-7.756877534324478
7,2026,53,2337.0879969310886,-1946588.3714727073,-7.75666098763018
7,2026,54,2336.570613503822,-1946532.8085811443,-7.756439583598562
7,2026,55,2336.0407157708096,-1946475.8889973902,-7.7562127734926305
7,2026,56,2335.5756473057872,-1946425.9224855485,-7.756013669614909
7,2026,57,2335.146839849056,-1946379.8430049042,-7.75583005457072
7,2026,58,2334.722285467798,-1946334.212221132,-7.755648227469774
7,2026,59,2334.3456984619247,-1946293.7299896616,-7.75548691604403
7,2026,60,2333.8660128238357,-1946242.1554354012,-7.755281404525083
7,2026,61,2333.4330293414723,-1946195.59307241,-7.755095865317205
7,2026,62,2333.0738873134696,-1946156.9649474723,-7.754941942035776
7,2026,63,2332.7492578397373,-1946122.0437614622,-7.75480278996586
7,2026,64,2332.3167557597517,-1946075.510904486,-7.754617368331969
7,2026,65,2331.9158146260365,-1946032.3659785744,-7.754445446744161
7,2026,66,2331.587991381807,-1945997.0836923537,-7.754304855781483
7,2026,67,2331.2586116452985,-1945961.628890723,-7.754163577388648
7,2026,68,2330.8593240521705,-1945918.642411987,-7.753992287172651
7,2026,69,2330.4312862602555,-1945872.552567166,-7.753808630829847
7,2026,70,2330.136499823927,-1945840.8059117387,-7.753682128459213
7,2026,71,2329.979275990707,-1945823.8722459557,-7.753614652095601
7,2026,72,2329.8155216215205,-1945806.2339991962,-7.753544368155485
7,2026,73,2329.634944466461,-1945786.7823057165,-7.753466858090097
7,2026,74,2329.465796203868,-1945768.5603599304,-7.7533942482573925
7,2026,75,2329.2818235109153,-1945748.739910789,-7.753315268794212
7,2026,76,2329.0692966066053,-1945725.841201359,-7.753224023244456
7,2026,77,2328.8463914362746,-1945701.8220405926,-7.753128312980282
7,2026,78,2328.583157932012,-1945673.4543369487,-7.753015274875571
7,2026,79,2328.3920860370076,-1945652.8612149889,-7.752933216507166
7,2026,80,2328.2374264591513,-1945636.1912593523,-7.752866790961608
7,2026,81,2328.0459631231092,-1945615.5528830208,-7.752784552266009
7,2026,82,2327.842586633524,-1945593.628494933,-7.752697189139705
7,2026,83,2327.613010574269,-1945568.8774397692,-7.752598562461973
7,2026,84,2327.373678150649,-1945543.0719322122,-7.752495734058871
7,2026,85,2327.2422758730863,-1945528.902633733,-7.752439272997896
7,2026,86,2327.1593006879316,-1945519.9548868742,-7.752403618495895
7,31415,1,4141.858387214215,-2090195.7201334701,-8.328899851900804
7,31415,2,3331.8513023292335,-2035583.3419747131,-8.111283375138822
7,31415,3,3011.3801355100995,-2010204.159516598,-8.010153769436988
7,31415,4,2840.0456062096523,-1995503.5050355103,-7.9515753895508405
7,31415,5,2733.243044713839,-1985884.002519039,-7.913244111616886
7,31415,6,2662.779194559047,-1979329.3958442444,-7.8871256663262805
7,31415,7,2613.5136038196506,-1974642.808256481,-7.868450803350698
7,31415,8,2577.1684400654444,-1971128.3482104712,-7.854446571366693
7,31415,9,2548.5446492459073,-1968325.4541663642,-7.843277749440598
7,31415,10,2525.6485463218314,-1966060.6699623277,-7.834253158757587
7,31415,11,2506.759609776356,-1964176.7476082547,-7.826746205956617
7,31415,12,2490.270443657087,-1962520.529159712,-7.820146595471384
7,31415,13,2475.6752572834544,-1961045.3721790386,-7.814268469016758
7,31415,14,2463.0515245187225,-1959762.4419248116,-7.809156317316559
7,31415,15,2452.3538829083855,-1958670.0997630963,-7.8048036108301275
7,31415,16,2443.1060474569563,-1957721.951137614,-7.801025479016779
7,31415,17,2435.3963176754387,-1956928.7518634512,-7.797864781071862
7,31415,18,2428.5312753899734,-1956220.3401826068,-7.795041940183405
7,31415,19,2421.710415969405,-1955514.501729619,-7.792229352955363
7,31415,20,2415.44184787016,-1954864.060379284,-7.789637509132178
7,31415,21,2410.036768341979,-1954301.8599352143,-7.787397282941756
7,31415,22,2405.308221304272,-1953808.992918244,-7.785433332874732
7,31415,23,2400.6205329032905,-1953319.427362328,-7.783482538292727
7,31415,24,2395.7292035143855,-1952807.5740395111,-7.781442932612006
7,31415,25,2391.3467864543823,-1952348.0874770782,-7.779611995190723
7,31415,26,2387.446944938124,-1951938.4892396703,-7.777979850092527
7,31415,27,2383.828166561605,-1951557.811991785,-7.77646294780295
7,31415,28,2380.3217116341134,-1951188.3989419725,-7.774990930485989
7,31415,29,2377.085377316461,-1950846.9604812926,-7.773630384812109
7,31415,30,2374.3901459646645,-1950562.2542911484,-7.7724959028484895
7,31415,31,2371.96232246686,-1950305.518467701,-7.771472875702615
7,31415,32,2369.916958381956,-1950089.0226709556,-7.770610194857906
7,31415,33,2367.87408355881,-1949872.6037684644,-7.7697478204173
7,31415,34,2365.9673296564774,-1949670.436765738,-7.768942236182844
7,31415,35,2364.220284652114,-1949485.0601046644,-7.76820355720169
7,31415,36,2362.635158678676,-1949316.7458929874,-7.767532867754187
7,31415,37,2361.167415972356,-1949160.7951256204,-7.7669114434967765
7,31415,38,2359.605058303114,-1948994.6847654828,-7.766249535838741
7,31415,39,2358.0728841203263,-1948831.6766692959,-7.765599989915786
7,31415,40,2356.5115518993193,-1948665.4574532318,-7.76493764849449
7,31415,41,2355.2340605389722,-1948529.373957413,-7.764395390275677
7,31415,42,2353.922516188395,-1948389.586189164,-7.7638383714706665
7,31415,43,2352.746997550236,-1948264.2301869423,-7.763338859593246
7,31415,44,2351.8074076989683,-1948163.9883220904,-7.762939421184069
7,31415,45,2350.965355175203,-1948074.118371693,-7.76258131222358
7,31415,46,2350.075717253542,-1947979.1347869374,-7.762202826727038
7,31415,47,2349.1913269385377,-1947884.6758252245,-7.761826431720273
7,31415,48,2348.3147274166263,-1947791.0138751478,-7.761453212602748
7,31415,49,2347.47941581569,-1947701.7308745508,-7.761097442488357
7,31415,50,2346.7361872681627,-1947622.263536903,-7.7607807853014785
7,31415,51,2345.932843790844,-1947536.3402937881,-7.760438402968589
7,31415,52,2345.1512049434796,-1947452.7102671268,-7.760105158521686
7,31415,53,2344.437106177609,-1947376.2821998924,-7.759800612056617
7,31415,54,2343.6153491180853,-1947288.3029417824,-7.759450037025396
7,31415,55,2342.80622228705,-1947201.6457595122,-7.759104730131107
7,31415,56,2342.0212771720685,-1947117.5498251,-7.758769629159976
7,31415,57,2341.407107898165,-1947051.7304864952,-7.758507355788024
7,31415,58,2340.8186214183866,-1946988.6473244173,-7.758255985385613
7,31415,59,2340.2006989903416,-1946922.39168689,-7.757991973473105
7,31415,60,2339.6877763345565,-1946867.3811745148,-7.757772770532461
7,31415,61,2339.2211046302414,-1946817.3205581328,-7.757573291672011
7,31415,62,2338.646463886907,-1946755.6642091072,-7.75732760675776
7,31415,63,2338.2393738882342,-1946711.976127508,-7.757153520832286
7,31415,64,2337.8275827905177,-1946667.7757943075,-7.7569773937140925
7,31415,65,2337.4249914443494,-1946624.5554056307,-7.756805171426303
7,31415,66,2337.015794353845,-1946580.618225031,-7.756630092904486
7,31415,67,2336.5395032031956,-1946529.467188573,-7.756426268996573
7,31415,68,2336.124334891042,-1946484.8719007468,-7.75624856808436
7,31415,69,2335.8008653083198,-1946450.1209350433,-7.756110094299196
7,31415,70,2335.5261066726353,-1946420.5993008572,-7.755992458073922
7,31415,71,2335.251201961771,-1946391.0584955285,-7.755874745456507
7,31415,72,2334.9964248109427,-1946363.6774593978,-7.755765638971608
7,31415,73,2334.7646427204572,-1946338.7651192208,-7.755666369614001
7,31415,74,2334.546910399914,-1946315.3606196991,-7.755573108619003
7,31415,75,2334.230912196902,-1946281.3894331625,-7.75543774205606
7,31415,76,2333.9178369505366,-1946247.7279416628,-7.755303609549296
7,31415,77,2333.6272517848756,-1946216.480517106,-7.755179096487071
7,31415,78,2333.32533131232,-1946184.0100538698,-7.755049709925883
7,31415,79,2333.0842829490252,-1946158.0831511065,-7.754946397793672
7,31415,80,2332.848923530764,-1946132.765560406,-7.754845513615504
7,31415,81,2332.6456844171794,-1946110.901092629,-7.754758389256442
7,31415,82,2332.4250864489213,-1946087.1670028025,-7.7546638149276665
7,31415,83,2332.181186532616,-1946060.923248123,-7.754559240220926
7,31415,84,2331.8759802216655,-1946028.079027931,-7.754428364333057
7,31415,85,2331.5740766049516,-1945995.585991607,-7.754298887823839
7,31415,86,2331.4047340438096,-1945977.3582865882,-7.7542262550420515
7,31415,87,2331.2399282039146,-1945959.6176341577,-7.754155563041309
7,31415,88,2331.1005168659935,-1945944.6096133778,-7.754095759884673
7,31415,89,2330.8821395507503,-1945921.0988798635,-7.7540020755741565
7,31415,90,2330.6864975463704,-1945900.0339833258,-7.753918137303705
7,31415,91,2330.469592652858,-1945876.6776312334,-7.7538250681640015
7,31415,92,2330.320460955843,-1945860.6178461453,-7.753761073993335
7,31415,93,2330.0987709801457,-1945836.7424613337,-7.7536659366398775
7,31415,94,2329.83051135018,-1945807.8486185507,-7.753550802004131
7,31415,95,2329.639571228976,-1945787.2807174055,-7.753468844134276
7,31415,96,2329.4726742209855,-1945769.301338397,-7.753397200868663
7,31415,97,2329.354984380039,-1945756.6221445804,-7.753346677496864
7,31415,98,2329.2170482513397,-1945741.7609223786,-7.753287459295332
7,31415,99,2329.0341569997104,-1945722.0548834226,-7.7532089357277245
7,31415,100,2328.8186149379776,-1945698.8288211687,-7.753116385759986
7,31415,101,2328.5988426984823,-1945675.1447162116,-7.753022010608238
7,31415,102,2328.4336378557255,-1945657.3396818193,-7.7529510620617055
7,31415,103,2328.2534707630166,-1945637.920643326,-7.752873682118155
7,31415,104,2328.0906843371,-1945620.3736615113,-7.7528037618457
7,31415,105,2327.9886694644943,-1945609.3767070167,-7.752759941770968
7,31415,106,2327.911191538414,-1945601.0244535417,-7.752726660159078
8,11,1,4372.4496714792285,-2103792.28045947,-8.383078696587344
8,11,2,3451.105806685789,-2044408.6482195312,-8.146449982345706
8,11,3,3082.923392091256,-2016096.5821058964,-8.033633579082856
8,11,4,2879.7270525244476,-1998985.6352134394,-7.965450795209695
8,11,5,2752.6657333501553,-1987661.0207800416,-7.920325078718831
8,11,6,2667.239303437249,-1979749.392812517,-7.888799247729758
8,11,7,2607.84410599614,-1974097.8156306008,-7.8662791459517
8,11,8,2565.086355256175,-1969949.0642357552,-7.849747423804697
8,11,9,2532.4332600195576,-1966733.91823383,-7.8369358823775785
8,11,10,2507.153406984141,-1964216.1683823077,-7.826903287743748
8,11,11,2487.294944491819,-1962220.4939518406,-7.8189510312597
8,11,12,2470.9727060070754,-1960568.2254223102,-7.8123671601999956
8,11,13,2457.045446461671,-1959149.7433993365,-7.8067148690785135
8,11,14,2445.262579994873,-1957943.3734616947,-7.801907790823506
8,11,15,2435.2632601445457,-1956915.0404889423,-7.797810144721774
8,11,16,2427.3339158477697,-1956096.5781946236,-7.794548780048469
8,11,17,2420.2176001797916,-1955359.756519556,-7.791612732538068
8,11,18,2414.1460470808697,-1954729.3945263978,-7.789100899860924
8,11,19,2408.9233532789967,-1954185.8932943286,-7.786935185288032
8,11,20,2404.0143670858806,-1953673.9627658885,-7.7848952719624815
8,11,21,2399.4374832488616,-1953195.7227749503,-7.782989606884647
8,11,22,2395.4804093745083,-1952781.5110466296,-7.781339078195187
8,11,23,2391.918110147948,-1952408.0371909023,-7.779850879596514
8,11,24,2388.378899819326,-1952036.4327626098,-7.778370130192064
8,11,25,2385.3532989038836,-1951718.318633455,-7.777102526064047
8,11,26,2382.5415060687083,-1951422.3225155855,-7.775923056601671
8,11,27,2379.7115871735487,-1951124.0653562697,-7.774734577462552
8,11,28,2376.8847321547014,-1950825.7767940878,-7.773545973190976
8,11,29,2374.403920977058,-1950563.7102126882,-7.772501704326591
8,11,30,2372.1826443202535,-1950328.827751793,-7.771565757288272
8,11,31,2369.904482915355,-1950087.7016061388,-7.770604930749646
8,11,32,2367.716773353351,-1949855.9308343201,-7.769681383003144
8,11,33,2365.842340612239,-1949657.1788886178,-7.768889406904839
8,11,34,2364.260819534799,-1949489.362760139,-7.768220702192562
8,11,35,2362.792513890747,-1949333.459466745,-7.767599467106894
8,11,36,2361.457800739615,-1949191.656812409,-7.7670344194918215
8,11,37,2360.259022276155,-1949064.227801058,-7.766526647198755
8,11,38,2358.937077717849,-1948923.6312917515,-7.7659664057657345
8,11,39,2357.587218727372,-1948779.9845931951,-7.76539401010211
8,11,40,2356.379473238081,-1948651.3913250652,-7.764881598541046
8,11,41,2355.335808188134,-1948540.215229491,-7.7644385899954615
8,11,42,2354.244270171301,-1948423.8867643466,-7.763975050563828
8,11,43,2353.117206613549,-1948303.7156255622,-7.763496199052277
8,11,44,2352.120250269703,-1948197.3689515763,-7.763072434526936
8,11,45,2351.2234669314885,-1948101.669350413,-7.762691095886598
8,11,46,2350.348757870183,-1948008.2902193754,-7.762319003731219
8,11,47,2349.4015300024803,-1947907.1301778187,-7.761915906620731
8,11,48,2348.4836227048545,-1947809.0625337048,-7.761525131929792
8,11,49,2347.614739325632,-1947716.1972008785,-7.76115508712998
8,11,50,2346.8962065898077,-1947639.3752173877,-7.76084897100853
8,11,51,2346.1300976906277,-1947557.4407127614,-7.7605224827869375
8,11,52,2345.3483083344586,-1947473.8016138284,-7.760189202189332
8,11,53,2344.537626685277,-1947387.0420467604,-7.75984348731759
8,11,54,2343.964839018246,-1947325.723928098,-7.759599150165559
8,11,55,2343.474442637197,-1947273.214061771,-7.75938991166523
8,11,56,2342.860793034155,-1947207.491207316,-7.759128022758146
8,11,57,2342.299509615736,-1947147.361779757,-7.758888422238699
8,11,58,2341.7470392825135,-1947088.1624115997,-7.758652527770095
8,11,59,2341.2691612181375,-1947036.9446319963,-7.758448437907675
8,11,60,2340.8932160351787,-1946996.6444168903,-7.758287851770982
8,11,61,2340.4511896495424,-1946949.2522122685,-7.758099005854662
8,11,62,2340.008145784127,-1946901.7419353076,-7.757909689450016
8,11,63,2339.650725478581,-1946863.4070351531,-7.757756934594983
8,11,64,2339.202040284303,-1946815.2752830838,-7.757565141769641
8,11,65,2338.713670971235,-1946762.87600712,-7.757356343943862
8,11,66,2338.237799172664,-1946711.807117426,-7.757152847369972
8,11,67,2337.8408223361835,-1946669.1970057252,-7.75698305688116
8,11,68,2337.559937783275,-1946639.0434644802,-7.756862902666513
8,11,69,2337.2022019628544,-1946600.634533383,-7.7567098528169485
8,11,70,2336.824209543632,-1946560.0443289613,-7.756548111146377
8,11,71,2336.497257285528,-1946524.9297071432,-7.756408188283823
8,11,72,2336.0866575918058,-1946480.824402892,-7.756232439831892
8,11,73,2335.6837847370048,-1946437.5415556198,-7.75605996866244
8,11,74,2335.2805468711804,-1946394.2120167234,-7.755887311438706
8,11,75,2334.9570820678705,-1946359.4490075477,-7.755748789663359
8,11,76,2334.6746685177864,-1946329.0938698577,-7.755627832138007
8,11,77,2334.3432036394415,-1946293.461780244,-7.755485847297521
8,11,78,2333.9668056763326,-1946252.9933007967,-7.755324590670102
8,11,79,2333.5587618550167,-1946209.115039373,-7.755149746926259
8,11,80,2333.159184000643,-1946166.1397145267,-7.754978501155683
8,11,81,2332.820197335095,-1946129.6753113123,-7.754833199756581
8,11,82,2332.487952539852,-1946093.9309812307,-7.754690767666296
8,11,83,2332.25653005269,-1946069.0305420426,-7.754591545731111
8,11,84,2331.9886574066827,-1946040.205078116,-7.754476683567766
8,11,85,2331.717574125368,-1946011.0307503482,-7.75436043127049
8,11,86,2331.4656131586144,-1945983.9113489198,-7.754252367333526
8,11,87,2331.194708566049,-1945954.749711905,-7.754136165605681
8,11,88,2330.941599633794,-1945927.5006337247,-7.75402758493975
8,11,89,2330.646434354486,-1945895.720136367,-7.7539009477176055
8,11,90,2330.429038962699,-1945872.3105624658,-7.7538076665024915
8,11,91,2330.227922098122,-1945850.651948482,-7.75372136241859
8,11,92,2329.9689115260817,-1945822.7559095314,-7.753610203778063
8,11,93,2329.6601121483413,-1945789.4934480095,-7.753477661304564
8,11,94,2329.3435353073123,-1945755.3886563296,-7.753341762359008
8,11,95,2329.102932206209,-1945729.4654079168,-7.753238464788457
8,11,96,2328.8517298230636,-1945702.3973056693,-7.75313060526572
8,11,97,2328.6293753407917,-1945678.4352486732,-7.7530351225455885
8,11,98,2328.4366100783072,-1945657.6600257512,-7.752952338551031
8,11,99,2328.268371617137,-1945639.5267664255,-7.752880082111379
8,11,100,2328.0361650559407,-1945614.496675903,-7.752780343548508
8,11,101,2327.7996436313447,-1945588.9989093826,-7.752678741415393
8,11,102,2327.622595953391,-1945569.9109075426,-7.752602680568953
8,11,103,2327.412043465877,-1945547.2087690032,-7.752512218304344
8,11,104,2327.0931913882364,-1945512.8256683573,-7.75237521036814
8,11,105,2326.7678827470254,-1945477.7414750368,-7.752235408755432
8,11,106,2326.4812458736915,-1945446.8239256328,-7.75211221016203
8,11,107,2326.258122936049,-1945422.7545511562,-7.752016299808956
8,11,108,2326.054093376303,-1945400.7428529393,-7.75192858877393
8,11,109,2325.817959968484,-1945375.265225439,-7.751827066889702
8,11,110,2325.6032551923477,-1945352.0973960592,-7.751734748965198
8,11,111,2325.370396690233,-1945326.9682615863,-7.751634615737303
8,11,112,2325.088777112832,-1945296.5736696844,-7.751513500996921
8,11,113,2324.7411785651625,-1945259.0530335659,-7.751363990777567
8,11,114,2324.4744393274905,-1945230.2567442802,-7.7512492448677675
8,11,115,2324.254486263008,-1945206.5088501235,-7.751154615532236
8,11,116,2324.024743181542,-1945181.7015475943,-7.751055764723017
8,11,117,2323.7443789233166,-1945151.4249261064,-7.750935120064817
8,11,118,2323.5609795513205,-1945131.6175957625,-7.750856192876718
8,11,119,2323.3579290911116,-1945109.6861029274,-7.750768801439798
8,11,120,2323.158350496533,-1945088.127738606,-7.750682896825376
8,11,121,2322.961112642304,-1945066.8204000383,-7.750597992484921
8,11,122,2322.7679358058535,-1945045.9500139838,-7.750514829289415
8,11,123,2322.657530757694,-1945034.0213241896,-7.750467296485811
8,11,124,2322.531350665988,-1945020.3875288412,-7.750412969269003
8,11,125,2322.4055234519856,-1945006.7911244086,-7.750358791045512
8,11,126,2322.2898473160817,-1944994.290956485,-7.750308981046494
8,11,127,2322.1013809275246,-1944973.9236113692,-7.750227822341554
8,11,128,2321.910150703174,-1944953.2558920442,-7.750145466721566
8,11,129,2321.7759000537767,-1944938.745376104,-7.750087645995545
8,11,130,2321.6047519889808,-1944920.2455768692,-7.750013928987314
8,11,131,2321.409275678284,-1944899.1144115357,-7.749929726652517
8,11,132,2321.287505277615,-1944885.9500220055,-7.749877269898849
8,11,133,2321.1259257397846,-1944868.4808686462,-7.74980765975305
8,11,134,2320.993305311231,-1944854.1417173918,-7.749750521871841
8,11,135,2320.8467986567707,-1944838.3002107167,-7.749687397485293
8,11,136,2320.6962381954622,-1944822.0193311032,-7.749622522309014
8,11,137,2320.5899579299953,-1944810.5260615835,-7.749576724544776
8,11,138,2320.5038333973725,-1944801.2120699652,-7.749539610650292
8,42,1,4448.802338219928,-2108136.7237872016,-8.400390201457627
8,42,2,3498.5718491324487,-2047836.7556609553,-8.16011012110025
8,42,3,3120.1532679144275,-2019109.0259776884,-8.045637403928515
8,42,4,2905.916104720511,-2001257.5938124375,-7.974503974037136
8,42,5,2774.327113053322,-1989628.1312324717,-7.928163514994488
8,42,6,2687.0114756067114,-1981602.868778113,-7.896184879394132
8,42,7,2624.556886943876,-1975700.9816102032,-7.8726673558027995
8,42,8,2578.2206915823162,-1971230.7924220888,-7.854854785569196
8,42,9,2542.855647361111,-1967764.6279272148,-7.841042999108273
8,42,10,2514.644891119985,-1964964.9207882471,-7.82988687619093
8,42,11,2491.748536966229,-1962669.4398222,-7.820739966696286
8,42,12,2472.4535983854826,-1960718.5828047576,-7.812966296237035
8,42,13,2456.4107203163408,-1959084.9055480429,-7.806456506684583
8,42,14,2443.3390390694235,-1957745.8830042772,-7.8011208414360915
8,42,15,2431.9522761795024,-1956573.6071889848,-7.796449619612064
8,42,16,2421.809305400594,-1955524.7492340843,-7.792270186661796
8,42,17,2412.969541551191,-1954607.063789279,-7.788613442897703
8,42,18,2405.1060018776298,-1953787.8935374725,-7.785349257193354
8,42,19,2398.3638875563365,-1953083.4103477017,-7.782542070345524
8,42,20,2392.2932695494856,-1952447.3953507545,-7.780007711881934
8,42,21,2386.754082473493,-1951865.6482823002,-7.777689597350543
8,42,22,2381.9666287572586,-1951361.7624400994,-7.77568174005945
8,42,23,2377.8915073682956,-1950932.051949143,-7.7739694527315155
8,42,24,2374.4689561295845,-1950570.5838550013,-7.772529094047989
8,42,25,2371.2101342882333,-1950225.9232634166,-7.771155708999616
8,42,26,2368.0279044831013,-1949888.905810951,-7.769812779922262
8,42,27,2365.116965018441,-1949580.222790474,-7.76858275637051
8,42,28,2362.2640039596117,-1949277.319072724,-7.767375761874441
8,42,29,2359.698690947081,-1949004.6429155336,-7.766289216541215
8,42,30,2357.1827840804103,-1948736.930231737,-7.765222449390681
8,42,31,2354.8458737979536,-1948488.008128576,-7.764230557938515
8,42,32,2352.756947094135,-1948265.2914580486,-7.7633430884894565
8,42,33,2350.9129185603842,-1948068.5208913758,-7.7625590076840885
8,42,34,2349.168841512131,-1947882.2737636743,-7.76181686011418
8,42,35,2347.2687655796517,-1947679.2103263643,-7.7610077038152525
8,42,36,2345.5185014956965,-1947492.0119646718,-7.7602617658191315
8,42,37,2343.95855552363,-1947325.0511837609,-7.759596469449989
8,42,38,2342.382436080421,-1947156.246471201,-7.7589238254808635
8,42,39,2341.0842336674664,-1947017.1217525834,-7.758369448760479
8,42,40,2339.89976183568,-1946890.1178986419,-7.757863370611865
8,42,41,2338.747000942096,-1946766.452473106,-7.757370595253793
8,42,42,2337.6214251982724,-1946645.644576184,-7.75688920642255
8,42,43,2336.468995321904,-1946521.8941459078,-7.756396092342146
8,42,44,2335.4182137849925,-1946409.0057242478,-7.7559462606113705
8,42,45,2334.4616648973624,-1946306.1968089067,-7.7555365931570215
8,42,46,2333.605812150653,-1946214.1748999609,-7.755169909187474
8,42,47,2332.85381517999,-1946133.2917806492,-7.754847610469719
8,42,48,2332.144446419919,-1946056.9697555122,-7.754543486555514
8,42,49,2331.498944824819,-1945987.4991158228,-7.754266663674745
8,42,50,2330.8563616297647,-1945918.323456182,-7.753991016214658
8,42,51,2330.352268475643,-1945864.04323995,-7.753774723318935
8,42,52,2329.831087336705,-1945807.9106607602,-7.753551049226601
8,42,53,2329.2000080288767,-1945739.924949748,-7.753280143410018
8,42,54,2328.555979692962,-1945670.5252557527,-7.753003603229847
8,42,55,2327.9548952453433,-1945605.7358223721,-7.752745433769021
8,42,56,2327.4501482105825,-1945551.3174416227,-7.7525285903227354
8,42,57,2327.0259121176414,-1945505.5700723846,-7.752346298658274
8,42,58,2326.550216927518,-1945454.2637071577,-7.752141855804611
8,42,59,2326.0895264866335,-1945404.5656872264,-7.751943821799059
8,42,60,2325.605930608829,-1945352.386101412,-7.75173589938281
8,42,61,2325.1993494675503,-1945308.507943722,-7.75156105605232
8,42,62,2324.8750692913673,-1945273.506189781,-7.751421582939631
8,42,63,2324.5828570576477,-1945241.9615638072,-7.751295885605132
8,42,64,2324.2774095294876,-1945208.983934436,-7.751164478115518
8,42,65,2324.03595717243,-1945182.9124739107,-7.751060589957286
8,42,66,2323.7174551455637,-1945148.5172269214,-7.750923533620984
8,42,67,2323.470194084547,-1945121.8120887466,-7.750817120418026
8,42,68,2323.246014600921,-1945097.5973925227,-7.7507206309946435
8,42,69,2322.976530079467,-1945068.485990098,-7.7506046294389
8,42,70,2322.6894018647704,-1945037.4648893462,-7.75048101821964
8,42,71,2322.4886445631737,-1945015.7729543268,-7.750394581359862
8,42,72,2322.236341624435,-1944988.508826161,-7.750285940723554
8,42,73,2322.0151680144004,-1944964.6061302882,-7.750190694542445
8,42,74,2321.817521420486,-1944943.2441219576,-7.750105572356849
8,42,75,2321.6080496833933,-1944920.6020453458,-7.750015349423789
8,42,76,2321.3057549257787,-1944887.923004215,-7.749885131732587
8,42,77,2321.1171603587777,-1944867.5331657014,-7.749803883397162
8,42,78,2320.9091863929207,-1944845.046209064,-7.74971427857786
8,42,79,2320.6956740305864,-1944821.9583230577,-7.749622279207425
8,42,80,2320.5428523876685,-1944805.4318459816,-7.749556425387543
8,42,81,2320.440126469455,-1944794.3222218445,-7.749512156352859
8,42,82,2320.307174085495,-1944779.9429293426,-7.74945485851896
8,42,83,2320.149659584883,-1944762.9060866514,-7.7493869710215355
8,42,84,2320.014790012241,-1944748.3176108685,-7.749328839645312
8,42,85,2319.917119853901,-1944737.7523653407,-7.7492867398213265
8,97,1,4307.693810573329,-2100047.8174535055,-8.368157961138783
8,97,2,3386.7571842846482,-2039685.1800864537,-8.12762815975029
8,97,3,3035.0286343073053,-2012167.2377008868,-8.017976138146722
8,97,4,2839.967293059584,-1995496.5848986895,-7.95154781456062
8,97,5,2717.6891774020164,-1984451.820898073,-7.90753723107175
8,97,6,2637.2941842305504,-1976915.960945621,-7.877508740324521
8,97,7,2579.804761753198,-1971384.9341625543,-7.855469001313191
8,97,8,2536.3110095116313,-1967117.8983746252,-7.838465945857758
8,97,9,2503.204701385412,-1963820.6056322318,-7.825327070503041
8,97,10,2477.625297009542,-1961242.9681615387,-7.815055838894866
8,97,11,2457.161208579491,-1959161.5667986546,-7.8067619823262735
8,97,12,2440.552315899602,-1957459.493438418,-7.799979651647167
8,97,13,2426.4912575166395,-1956009.4423784881,-7.794201565919613
8,97,14,2414.424792741557,-1954758.369217737,-7.789216356657663
8,97,15,2403.7665575431206,-1953648.0923943168,-7.784792185092733
8,97,16,2394.0105104745526,-1952627.4732016933,-7.780725276448528
8,97,17,2386.1429094050573,-1951801.3778147688,-7.777433495837011
8,97,18,2379.5157030756186,-1951103.4071768662,-7.774652259856733
8,97,19,2373.496206570688,-1950467.7531449592,-7.7721193397472845
8,97,20,2368.2910979567228,-1949916.7967720935,-7.7699239183290105
8,97,21,2363.35500654724,-1949393.1958459634,-7.767837501428386
8,97,22,2359.239631569311,-1948955.816608955,-7.7660946560922985
8,97,23,2355.5802782910396,-1948566.2617489127,-7.76454237876972
8,97,24,2352.489947403296,-1948236.8102994661,-7.763229598295589
8,97,25,2349.6426653366657,-1947932.8863093206,-7.762018538272774
8,97,26,2346.834000856787,-1947632.7233803826,-7.760822465125032
8,97,27,2344.420679680544,-1947374.5238422658,-7.759793605447411
8,97,28,2342.2103600944106,-1947137.8100029232,-7.758850360830434
8,97,29,2340.0297348732392,-1946904.0572725653,-7.757918915481797
8,97,30,2338.054340582454,-1946692.1162101554,-7.757074384098294
8,97,31,2336.3456370693084,-1946508.6440517188,-7.756343294077148
8,97,32,2334.7711152208617,-1946339.4608283313,-7.755669141838368
8,97,33,2333.354836206361,-1946187.1833845582,-7.75506235484389
8,97,34,2332.0970795953867,-1946051.8726626115,-7.754523175932975
8,97,35,2330.88408650681,-1945921.3085009507,-7.754002910861026
8,97,36,2329.955679301493,-1945821.3306850148,-7.753604524619814
8,97,37,2329.063453244813,-1945725.2115788795,-7.753221514358554
8,97,38,2328.0700377243284,-1945618.1480458977,-7.752794893331917
8,97,39,2327.0057385312257,-1945503.3944521456,-7.752337629363379
8,97,40,2326.120248400111,-1945407.8801892002,-7.751957029248836
8,97,41,2325.4175788332345,-1945332.0601682155,-7.751654905693866
8,97,42,2324.7789136344477,-1945263.1265205473,-7.7513802225901145
8,97,43,2324.085487522165,-1945188.2608659985,-7.751081901943355
8,97,44,2323.310476896528,-1945104.560512136,-7.750748377260391
8,97,45,2322.657431445663,-1945034.010593787,-7.750467253727878
8,97,46,2322.13066384303,-1944977.0882907202,-7.750240432786176
8,97,47,2321.5727803322184,-1944916.7895336703,-7.75000015753165
8,97,48,2320.948579903251,-1944849.305743789,-7.749731251743483
8,97,49,2320.1473435310386,-1944762.6555725469,-7.749385972786361
8,97,50,2319.5241303750377,-1944695.237133198,-7.749117327403491
8,97,51,2318.959548691623,-1944634.1457352205,-7.748873893675891
8,97,52,2318.3889146195934,-1944572.3843141543,-7.748627790076205
8,97,53,2318.0098199753957,-1944531.3453698002,-7.748464260290808
8,97,54,2317.640453553182,-1944491.353099484,-7.748304901236004
8,97,55,2317.2086310527757,-1944444.5904638208,-7.748118563992321
8,97,56,2316.7692529194674,-1944397.0006732384,-7.747928930746058
8,97,57,2316.4230354549118,-1944359.494914355,-7.747779479808712
8,97,58,2316.149929286004,-1944329.9053513058,-7.747661572904146
8,97,59,2315.9218824353907,-1944305.1950463443,-7.747563108605635
8,97,60,2315.6038279949203,-1944270.7277915636,-7.747425765336546
8,97,61,2315.3154260293177,-1944239.4698541195,-7.747301210383132
8,97,62,2315.0025381229016,-1944205.5536474755,-7.747166062901116
8,97,63,2314.7253967557035,-1944175.5084408675,-7.747046340372524
8,97,64,2314.483281800259,-1944149.2575426481,-7.746941737200588
8,97,65,2314.344476889839,-1944134.206620155,-7.746881763091506
8,97,66,2314.1562953856187,-1944113.8002431858,-7.746800448854528
8,97,67,2313.8371469075923,-1944079.1880313382,-7.74666252796829
8,97,68,2313.560604744629,-1944049.192688211,-7.746543004133023
8,97,69,2313.365007111626,-1944027.9748864425,-7.746458456574005
8,97,70,2313.1599410082704,-1944005.7280490384,-7.746369808568952
8,97,71,2312.913660599772,-1943979.0074224956,-7.746263333648775
8,97,72,2312.6641666856967,-1943951.9352396925,-7.746155457866059
8,97,73,2312.429252802451,-1943926.442442855,-7.746053875535869
8,97,74,2312.261049910516,-1943908.187515322,-7.745981134279266
8,97,75,2312.129491312498,-1943893.908638658,-7.745924236577015
8,97,76,2312.0197534282597,-1943881.9974788912,-7.745876773626124
8,97,77,2311.889689146471,-1943867.8793209216,-7.74582051634711
8,97,78,2311.767844477818,-1943854.6526611634,-7.745767811462375
8,97,79,2311.6552426246503,-1943842.428721135,-7.745719102161466
8,97,80,2311.5417606010733,-1943830.1086282744,-7.745670009715905
8,97,81,2311.4569203594947,-1943820.8976143945,-7.745633306161592
8,2026,1,4390.989833160732,-2104854.1444215407,-8.387309955177741
8,2026,2,3493.9645402103465,-2047506.0497402118,-8.158792341876145
8,2026,3,3116.0375072907195,-2018777.7727732754,-8.044317443917784
8,2026,4,2899.6122601312036,-2000712.597922685,-7.972332303632435
8,2026,5,2766.312554908874,-1988902.1100538368,-7.925270504723267
8,2026,6,2674.3492883546196,-1980417.4717961417,-7.8914613730485375
8,2026,7,2608.412407825321,-1974152.4982645288,-7.866497042379885
8,2026,8,2559.291714781448,-1969381.5002544976,-7.847485825278823
8,2026,9,2523.8629855411777,-1965883.1878464122,-7.833545937536758
8,2026,10,2496.6369613272177,-1963161.296237661,-7.822699889772594
8,2026,11,2474.8736313372137,-1960964.098910609,-7.813944615653714
8,2026,12,2457.096521087269,-1959154.9599905142,-7.806735655871381
8,2026,13,2441.740731038675,-1957581.665991798,-7.800466478288304
8,2026,14,2428.9756689353117,-1956266.2582523273,-7.795224912045997
8,2026,15,2418.4108272946796,-1955172.3388119147,-7.790865920503969
8,2026,16,2409.2601391008166,-1954220.97654085,-7.787074983127986
8,2026,17,2401.220881117818,-1953382.1789505908,-7.783732587457576
8,2026,18,2393.8183581607336,-1952607.3296378492,-7.780645009455203
8,2026,19,2387.4595448914115,-1951939.81368298,-7.777985127663225
8,2026,20,2381.92715200759,-1951357.6032513673,-7.775665166747161
8,2026,21,2376.6103901838756,-1950796.809461093,-7.773430545715374
8,2026,22,2371.903729742852,-1950299.319197284,-7.771448173182195
8,2026,23,2368.0182190493324,-1949887.8793735646,-7.769808689829591
8,2026,24,2363.9275038732553,-1949453.9801176167,-7.768079711335474
8,2026,25,2360.330933801592,-1949071.8737524573,-7.766557114375998
8,2026,26,2357.3526737337647,-1948755.0168483874,-7.765294519971101
8,2026,27,2354.4494512403335,-1948445.7576392093,-7.764062200453501
8,2026,28,2351.9465630802397,-1948178.836895058,-7.76299858898161
8,2026,29,2349.5918409789974,-1947927.4578812178,-7.761996907363484
8,2026,30,2347.2299807810614,-1947675.0636358545,-7.76099118030521
8,2026,31,2345.1391629036225,-1947451.4216329658,-7.760100023641364
8,2026,32,2343.2948053767586,-1947253.9764054648,-7.759313254483696
8,2026,33,2341.5469118994397,-1947066.7145297336,-7.758567063400238
8,2026,34,2339.7962413409664,-1946879.0149582892,-7.757819128210367
8,2026,35,2338.1174723036856,-1946698.8924142814,-7.757101385553228
8,2026,36,2336.4925814489293,-1946524.42748738,-7.7564061870654335
8,2026,37,2335.006163782257,-1946364.724166751,-7.7557698098349555
8,2026,38,2333.55478528513,-1946208.6873883042,-7.755148042845205
8,2026,39,2332.338550918166,-1946077.85604993,-7.754626713141813
8,2026,40,2331.29575012964,-1945965.6267690926,-7.754179507920052
8,2026,41,2330.3058338528695,-1945859.042618419,-7.7537547971103375
8,2026,42,2329.3735529571454,-1945758.6226536753,-7.753354649018259
8,2026,43,2328.412696425087,-1945655.082618463,-7.752942068236642
8,2026,44,2327.5979694380876,-1945567.255739516,-7.752592100397742
8,2026,45,2326.781904623863,-1945479.2538207972,-7.752241435069742
8,2026,46,2326.04392982988,-1945399.6463097853,-7.751924219327555
8,2026,47,2325.334083048187,-1945323.049215469,-7.751618999332432
8,2026,48,2324.6135764128167,-1945245.2779378626,-7.75130910051468
8,2026,49,2323.7962587658,-1945157.0277214965,-7.750957445783527
8,2026,50,2322.9978691900274,-1945070.7912973205,-7.7506138155035345
8,2026,51,2322.3468421176003,-1945000.4499933966,-7.750333523246598
8,2026,52,2321.7210927310925,-1944932.8212713609,-7.750064039940551
8,2026,53,2321.077828323478,-1944863.28058708,-7.749786937949848
8,2026,54,2320.4146158314834,-1944791.5632157866,-7.749501162413428
8,2026,55,2319.8790425204097,-1944733.633316552,-7.749270326456532
8,2026,56,2319.4057893925765,-1944682.433103624,-7.749066306592859
8,2026,57,2318.983777733776,-1944636.7677800814,-7.748884341859687
8,2026,58,2318.5219289135302,-1944586.7822050343,-7.748685162019925
8,2026,59,2318.0880650214085,-1944539.816347981,-7.748498014990541
8,2026,60,2317.7219378613427,-1944500.1761669372,-7.748340058922195
8,2026,61,2317.3588262177846,-1944460.8562872817,-7.74818337917365
8,2026,62,2316.9603052163307,-1944417.6949803573,-7.7480113923116605
8,2026,63,2316.4817748112555,-1944365.858547218,-7.747804837271795
8,2026,64,2316.075359945213,-1944321.8255637784,-7.747629376999957
8,2026,65,2315.6495572171307,-1944275.6837149234,-7.7474455134342675
8,2026,66,2315.2915385888546,-1944236.880681494,-7.7472908931868565
8,2026,67,2314.9528515880365,-1944200.167339107,-7.747144599828285
8,2026,68,2314.659407777575,-1944168.3539714576,-7.747017831626365
8,2026,69,2314.366584223229,-1944136.6038274951,-7.7468913153548025
8,2026,70,2314.0546036220567,-1944102.7721113788,-7.746756504546113
8,2026,71,2313.700141798894,-1944064.3281225234,-7.746603315000272
8,2026,72,2313.374278144896,-1944028.9806187965,-7.746462464162373
8,2026,73,2313.089364166388,-1943998.0709811454,-7.746339297095301
8,2026,74,2312.817174398386,-1943968.5382064914,-7.7462216164780875
8,2026,75,2312.5385156048123,-1943938.299937424,-7.746101124644556
8,2026,76,2312.304679682591,-1943912.9227477096,-7.746000002979433
8,2026,77,2312.0816197449067,-1943888.7126367022,-7.7459035318269756
8,2026,78,2311.8208668363723,-1943860.4085070514,-7.745790747048504
8,2026,79,2311.572912123009,-1943833.490630688,-7.745683486137816
8,2026,80,2311.4171301289193,-1943816.5775153455,-7.745616091662498
8,2026,81,2311.2830434003677,-1943802.0189232312,-7.745558079365115
8,2026,82,2311.1588687259873,-1943788.535788404,-7.745504352492276
8,2026,83,2310.95972133819,-1943766.9104535899,-7.745418181017425
8,2026,84,2310.7115783555782,-1943739.9620989757,-7.745310798658638
8,2026,85,2310.479624023691,-1943714.7692165491,-7.745210411411314
8,2026,86,2310.338689978586,-1943699.460938766,-7.7451494118066675
8,2026,87,2310.1815226066146,-1943682.3882931033,-7.745081381643482
8,2026,88,2310.0435477787105,-1943667.3995216175,-7.745021655190401
8,2026,89,2309.8772136595735,-1943649.32877378,-7.7449496478431765
8,2026,90,2309.7203173635194,-1943632.2821702526,-7.744881721451295
8,2026,91,2309.552757063224,-1943614.075656101,-7.74480917310974
8,2026,92,2309.4327731070116,-1943601.0378089333,-7.744757220595295
8,2026,93,2309.307716724813,-1943587.4480545039,-7.74470306887038
8,2026,94,2309.1623278534385,-1943571.6478632486,-7.744640109115301
8,2026,95,2309.0480376473743,-1943559.226632954,-7.744590613662716
8,2026,96,2308.9646952736907,-1943550.1684716695,-7.744554519187229
8,31415,1,4279.922577992556,-2098424.687310133,-8.361690199158154
8,31415,2,3362.42756036451,-2037875.8605586428,-8.120418480292013
8,31415,3,3026.994007093364,-2011501.9986406888,-8.015325329202568
8,31415,4,2852.5763924450953,-1996608.336377259,-7.955977862252334
8,31415,5,2742.520836851013,-1986734.4150495168,-7.916632789878412
8,31415,6,2668.9411921283117,-1979909.4701918631,-7.889437115489359
8,31415,7,2616.942500555779,-1974971.8448622029,-7.869761930777794
8,31415,8,2578.3801590873563,-1971246.31407592,-7.85491663542328
8,31415,9,2548.4905731234276,-1968320.1291957186,-7.843256530783036
8,31415,10,2524.4454264330943,-1965941.0954097516,-7.8337766844907755
8,31415,11,2505.1165878037236,-1964012.207278964,-7.826090554473333
8,31415,12,2488.546643776126,-1962346.7530773955,-7.819454141854563
8,31415,13,2474.49236593369,-1960925.4348788466,-7.813790549292694
8,31415,14,2462.542793103588,-1959710.6026128547,-7.808949750805336
8,31415,15,2451.2791336598484,-1958560.093222814,-7.804365262665771
8,31415,16,2441.5972401593276,-1957566.9178663022,-7.8004077107484635
8,31415,17,2433.098970021663,-1956691.9084513201,-7.796921020140184
8,31415,18,2425.1278970259586,-1955868.3987982864,-7.793639543022456
8,31415,19,2418.2871389803336,-1955159.503423587,-7.790814774736656
8,31415,20,2411.97951514746,-1954504.0765631886,-7.78820306492024
8,31415,21,2406.2064693068996,-1953902.6938174865,-7.785806707194804
8,31415,22,2400.695418597624,-1953327.255669977,-7.783513732113378
8,31415,23,2395.632384027359,-1952797.431816861,-7.781402518426906
8,31415,24,2391.262097543841,-1952339.1997442776,-7.7795765798295236
8,31415,25,2387.4542145122273,-1951939.2533813552,-7.777982895003348
8,31415,26,2383.7975106529466,-1951554.584676811,-7.776450087771256
8,31415,27,2380.300601384644,-1951186.1732813222,-7.7749820617927465
8,31415,28,2377.1408942370635,-1950852.8215232575,-7.7736537395779255
8,31415,29,2374.0851407843597,-1950530.0152331279,-7.772367438378399
8,31415,30,2371.0523245670643,-1950209.2209174146,-7.771089154386666
8,31415,31,2368.5021219363152,-1949939.157024029,-7.770013018262208
8,31415,32,2366.1919542272944,-1949694.2614534034,-7.769037171521031
8,31415,33,2363.8477999895517,-1949445.5185278587,-7.768045994046226
8,31415,34,2361.7600091565714,-1949223.7710704636,-7.7671623866656985
8,31415,35,2359.8867204236485,-1949024.639296259,-7.76636889704714
8,31415,36,2358.1112031970565,-1948835.7547291685,-7.765616239950145
8,31415,37,2356.3142426826107,-1948644.444103159,-7.764853915623629
8,31415,38,2354.514291108341,-1948452.6687218368,-7.764089739365057
8,31415,39,2352.621940355996,-1948250.8905407991,-7.763285704486423
8,31415,40,2350.7749513251965,-1948053.7926302028,-7.762500319298536
8,31415,41,2348.943243419646,-1947858.172414232,-7.761720822348976
8,31415,42,2347.3862878542113,-1947691.774843726,-7.761057770230462
8,31415,43,2345.880291926689,-1947530.7184764687,-7.760416001452315
8,31415,44,2344.552876626187,-1947388.6743801173,-7.759849991752042
8,31415,45,2343.2488050282577,-1947249.0499136113,-7.759293623663063
8,31415,46,2342.1561427990314,-1947132.000803413,-7.758827212643652
8,31415,47,2341.1928352943146,-1947028.7632415737,-7.758415837141716
8,31415,48,2340.1891287433764,-1946921.1509208109,-7.7579870293349495
8,31415,49,2339.179675895913,-1946812.8759492296,-7.757555581032725
8,31415,50,2338.2632050798875,-1946714.5338527581,-7.757163712718745
8,31415,51,2337.458948249348,-1946628.2011423046,-7.756819698762356
8,31415,52,2336.672143550136,-1946543.713076015,-7.756483035245141
8,31415,53,2335.80528522936,-1946450.5958081763,-7.7561119865481984
8,31415,54,2334.9188024543187,-1946355.3347496034,-7.755732395388865
8,31415,55,2334.11068888173,-1946268.4636941785,-7.755386236264294
8,31415,56,2333.4040084251346,-1946192.471899743,-7.755083428235686
8,31415,57,2332.8219272560227,-1946129.8614103547,-7.754833941314069
8,31415,58,2332.308184305613,-1946074.5886153656,-7.7546136932437255
8,31415,59,2331.683962991775,-1946007.4132410318,-7.754346016413297
8,31415,60,2331.028013838706,-1945936.8041047563,-7.754064656912365
8,31415,61,2330.4491004512797,-1945874.470915446,-7.753816274961233
8,31415,62,2329.9449223212237,-1945820.1720596584,-7.753599907791608
8,31415,63,2329.4966483561107,-1945771.88408862,-7.7534074924732925
8,31415,64,2329.0643194009767,-1945725.3049073424,-7.753221886248809
8,31415,65,2328.6651710238552,-1945682.292929198,-7.753050494424136
8,31415,66,2328.337490847733,-1945646.9768084802,-7.752909768639569
8,31415,67,2327.8670773088766,-1945596.2687396468,-7.752707709845299
8,31415,68,2327.3674695566933,-1945542.402468513,-7.752493066415813
8,31415,69,2326.9815678996606,-1945500.7877457724,-7.752327242299567
8,31415,70,2326.62801062643,-1945462.6549066112,-7.752175292606347
8,31415,71,2326.242758794024,-1945421.0970602331,-7.752009695127983
8,31415,72,2325.878974034171,-1945381.84858936,-7.751853299925326
8,31415,73,2325.553017683028,-1945346.6761829727,-7.751713146805918
8,31415,74,2325.2135705946466,-1945310.0428144762,-7.751567172123018
8,31415,75,2324.8695048718905,-1945272.9055417255,-7.75141918950946
8,31415,76,2324.54375203595,-1945237.739833682,-7.751279063081253
8,31415,77,2324.1924754563474,-1945199.8132607637,-7.751127935306701
8,31415,78,2323.960424667294,-1945174.756094544,-7.751028088854042
8,31415,79,2323.783093253333,-1945155.6059157513,-7.750951780248215
8,31415,80,2323.5845921276914,-1945134.1678672084,-7.750866355061658
8,31415,81,2323.3739052285514,-1945111.4117559956,-7.750775677729633
8,31415,82,2323.093299559383,-1945081.1005738007,-7.7506548953557814
8,31415,83,2322.844419551654,-1945054.213351485,-7.7505477565937
8,31415,84,2322.60296261898,-1945028.125311939,-7.750443802372275
8,31415,85,2322.307733449418,-1944996.2238043952,-7.750316682955228
8,31415,86,2322.0669292733987,-1944970.2002821586,-7.750212985818919
8,31415,87,2321.890860415823,-1944951.1709479946,-7.75013715874829
8,31415,88,2321.703965239728,-1944930.969938004,-7.750056662846639
8,31415,89,2321.4977100344004,-1944908.6744655187,-7.749967821043121
8,31415,90,2321.294303881906,-1944886.6850256766,-7.749880198702075
8,31415,91,2321.135202834734,-1944869.4838936173,-7.749811656553184
8,31415,92,2320.9482853900777,-1944849.2738989876,-7.749731124850024
8,31415,93,2320.7660965756045,-1944829.5736095794,-7.749652624192907
8,31415,94,2320.625068267925,-1944814.3229919244,-7.749591854349249
8,31415,95,2320.4530203905265,-1944795.716703315,-7.749517713007866
8,31415,96,2320.2946654078187,-1944778.5900271407,-7.7494494675467935
8,31415,97,2320.1418571291533,-1944762.0621392936,-7.749383608105347
8,31415,98,2320.0194371763237,-1944748.8202961073,-7.749330842718503
8,31415,99,2319.937059311572,-1944739.9093066088,-7.74929533468526
10,11,1,4803.377279219332,-2127381.197674458,-8.477074549323023
10,11,2,3625.549367336329,-2056783.6197319622,-8.195761105416315
10,11,3,3189.359289640647,-2024614.5010778143,-8.06757532596347
10,11,4,2952.3909257484097,-2005239.4357619297,-7.990370604374174
10,11,5,2808.046727459419,-1992659.915356482,-7.940244405840371
10,11,6,2710.746280697689,-1983809.8792219725,-7.904979256294793
10,11,7,2641.6137487290375,-1977326.6614933687,-7.879145277849865
10,11,8,2590.707325846866,-1972443.2737567634,-7.859686216191473
10,11,9,2551.4700524974483,-1968613.3554949875,-7.844424963220741
10,11,10,2519.642341724148,-1965463.1623724937,-7.8318722425455105
10,11,11,2494.3180285246567,-1962928.0933887502,-7.8217706355620695
10,11,12,2474.536629100011,-1960929.9239014173,-7.813808436909181
10,11,13,2458.5019648651905,-1959298.4647803355,-7.807307486064687
10,11,14,2444.690397656688,-1957884.6435866405,-7.801673767165851
10,11,15,2432.8950674928906,-1956670.8764621527,-7.796837212997257
10,11,16,2422.7909118141447,-1955626.446378555,-7.792675423991182
10,11,17,2414.4362387455294,-1954759.5589205679,-7.7892210973217235
10,11,18,2406.81347959437,-1953965.994399299,-7.786058943959718
10,11,19,2400.0837836898927,-1953263.3101911694,-7.78325892559749
10,11,20,2394.160037806265,-1952643.1472175699,-7.780787733426722
10,11,21,2388.8202629357306,-1952082.8043540572,-7.77855490922372
10,11,22,2383.840609624764,-1951559.121929177,-7.776468167571245
10,11,23,2379.312166625515,-1951081.9401693011,-7.774566719275817
10,11,24,2375.38698935228,-1950667.5917933392,-7.772915646080162
10,11,25,2371.792168307743,-1950287.5152690064,-7.771401137521593
10,11,26,2368.573722382266,-1949946.7434058841,-7.770043248069925
10,11,27,2365.620212301185,-1949633.6154961255,-7.768795512761651
10,11,28,2362.812557275284,-1949335.5883063653,-7.767607949992889
10,11,29,2360.303100833657,-1949068.9144558532,-7.766545322329535
10,11,30,2357.9635081041847,-1948820.0360988656,-7.765553605194777
10,11,31,2355.8323910096983,-1948593.119702583,-7.764649400903672
10,11,32,2353.8232314855313,-1948379.0009993447,-7.7637961921737375
10,11,33,2352.0472016992653,-1948189.574990039,-7.7630413775668305
10,11,34,2350.21276506173,-1947993.769253285,-7.762261141363998
10,11,35,2348.587769560092,-1947820.1913329805,-7.76156947737254
10,11,36,2347.2677768687636,-1947679.10461884,-7.761007282597576
10,11,37,2345.834689558578,-1947525.8399902266,-7.760396561921869
10,11,38,2344.446054260088,-1947377.2400330727,-7.759804428778925
10,11,39,2343.4956675900203,-1947275.4869802496,-7.7593989686689335
10,11,40,2342.5620510108383,-1947175.489228181,-7.759000502987289
10,11,41,2341.5332647432783,-1947065.251881545,-7.758561235118147
10,11,42,2340.42106078245,-1946946.021596394,-7.758086132669717
10,11,43,2339.50314082035,-1946847.5762229396,-7.757693852823151
10,11,44,2338.557719471985,-1946746.1409848623,-7.7572896591243214
10,11,45,2337.743689252422,-1946658.7699768716,-7.756941507815569
10,11,46,2336.920881731181,-1946570.4259658286,-7.756589479336415
10,11,47,2336.230819278847,-1946496.3106726864,-7.7562941486895625
10,11,48,2335.608121804065,-1946429.4118377417,-7.756027573798466
10,11,49,2334.996182284697,-1946363.6513935497,-7.755765535105814
10,11,50,2334.352478368036,-1946294.4588716042,-7.75548982045372
10,11,51,2333.673070171168,-1946221.4077529707,-7.7551987302724
10,11,52,2332.9610319321628,-1946144.8253692556,-7.754893568895291
10,11,53,2332.3735641924172,-1946081.6234105085,-7.754641725118281
10,11,54,2331.824453649657,-1946022.5336657811,-7.754406267471245
10,11,55,2331.2646847604583,-1945962.2826529304,-7.754166182465244
10,11,56,2330.7917988899285,-1945911.3720643376,-7.753963316681095
10,11,57,2330.318317876992,-1945860.3870534732,-7.753760154343067
10,11,58,2329.8445292505075,-1945809.3585479693,-7.753556818689932
10,11,59,2329.402456154052,-1945761.7365443504,-7.7533670570828885
10,11,60,2329.097748055617,-1945728.906823618,-7.753236238971689
10,11,61,2328.818475550343,-1945698.813800547,-7.753116325906618
10,11,62,2328.5450091144626,-1945669.3429135724,-7.7529988918961115
10,11,63,2328.275312179766,-1945640.2748675467,-7.752883063104623
10,11,64,2328.0351791655335,-1945614.3903991384,-7.7527799200625545
10,11,65,2327.8297031041916,-1945592.2395604593,-7.752691654588074
10,11,66,2327.6367510632203,-1945571.4370626428,-7.75260876190998
10,11,67,2327.3832070511226,-1945544.0994162827,-7.752499828322313
10,11,68,2327.13165741295,-1945516.9738642343,-7.752391739876689
10,11,69,2326.8551484048767,-1945487.1534654596,-7.752272913150299
10,11,70,2326.580023008245,-1945457.4787663613,-7.752154667000168
10,11,71,2326.320635492414,-1945429.4983224808,-7.752043172027403
10,11,72,2326.0472247769794,-1945400.0018015464,-7.751925635872068
10,11,73,2325.7576912832856,-1945368.7621178615,-7.751801153655254
10,11,74,2325.443388474417,-1945334.8455063144,-7.7516660045598025
10,11,75,2325.1273324485437,-1945300.7350811786,-7.751530083166354
10,11,76,2324.9083211936404,-1945277.0955172563,-7.751435885499334
10,11,77,2324.6435362936586,-1945248.5122790204,-7.7513219885439355
10,11,78,2324.356068035142,-1945217.476710948,-7.751198319676072
10,11,79,2324.136635663573,-1945193.7838310306,-7.751103909558333
10,11,80,2323.9400129225337,-1945172.5518863003,-7.751019305643199
10,11,81,2323.6818364507226,-1945144.670447146,-7.750908205179158
10,11,82,2323.486925756169,-1945123.6192627777,-7.750824321548224
10,11,83,2323.3466326003095,-1945108.4659119707,-7.750763939288287
10,11,84,2323.212546650352,-1945093.9821589591,-7.750706225205749
10,11,85,2323.029237315812,-1945074.180020874,-7.750627318707483
10,11,86,2322.838294167828,-1945053.551572348,-7.7505451195716715
10,11,87,2322.6832301662685,-1945036.7980619187,-7.750478361081455
10,11,88,2322.5149465657482,-1945018.6150066657,-7.750405906217662
10,11,89,2322.308923575918,-1944996.35241375,-7.750317195430891
10,11,90,2322.1565575208156,-1944979.8866532617,-7.750251583551213
10,11,91,2321.9939287399015,-1944962.3106375365,-7.750181547585987
10,11,92,2321.789535222583,-1944940.2191751085,-7.750093518710809
10,11,93,2321.563948461229,-1944915.8348256885,-7.749996353262465
10,11,94,2321.370415449417,-1944894.9133737502,-7.7499129865823635
10,11,95,2321.198949287877,-1944876.375951844,-7.749839119657328
10,11,96,2321.0848034404607,-1944864.0347418012,-7.749789943065151
10,11,97,2320.927203051475,-1944846.9943202,-7.749722041306678
10,11,98,2320.692601538527,-1944821.6260675583,-7.749620955253523
10,11,99,2320.4879365593774,-1944799.4928586541,-7.749532760029225
10,11,100,2320.3611346653183,-1944785.779065145,-7.749478114040034
10,11,101,2320.2063449439433,-1944769.0373350473,-7.749411402491452
10,11,102,2320.084699405657,-1944755.8796261593,-7.749358972358449
10,11,103,2320.026281704734,-1944749.5606691209,-7.749333792917197
10,42,1,4796.308235062229,-2127011.596726061,-8.475601783277856
10,42,2,3639.671134998987,-2057759.2159741966,-8.199648609021452
10,42,3,3211.588081782575,-2026357.5222561702,-8.074520823313039
10,42,4,2975.312820508834,-2007180.3015210158,-7.998104462202751
10,42,5,2828.378602245626,-1994470.4417569987,-7.947458894380307
10,42,6,2731.2056011917007,-1985696.8616853291,-7.912498402855187
10,42,7,2663.110846138457,-1979360.650821304,-7.887250209483313
10,42,8,2612.9182600735357,-1974585.635146784,-7.86822298300818
10,42,9,2574.4049263844827,-1970859.1010814777,-7.853373689841199
10,42,10,2543.1436618780986,-1967793.050762069,-7.841156256896874
10,42,11,2518.408959701158,-1965340.2871415727,-7.8313826159125774
10,42,12,2498.5458658093926,-1963353.1022163534,-7.823464187953926
10,42,13,2481.8160967198432,-1961667.0928520947,-7.816745868224814
10,42,14,2467.5404521870887,-1960219.3964395802,-7.81097716517005
10,42,15,2455.509679917209,-1958992.8346757337,-7.80608962760845
10,42,16,2444.954980020403,-1957911.8025281124,-7.80178198865986
10,42,17,2435.40080778079,-1956929.2145488556,-7.797866624755857
10,42,18,2427.089732300811,-1956071.3312961708,-7.79444817756098
10,42,19,2419.3832893677654,-1955273.2303181991,-7.791267947569501
10,42,20,2412.7201960997963,-1954581.1296783423,-7.788510102042749
10,42,21,2406.410677284534,-1953923.9909287724,-7.785891570782136
10,42,22,2400.6354405322822,-1953320.9857769883,-7.783488748179921
10,42,23,2395.296046310564,-1952762.19593064,-7.781262112356459
10,42,24,2390.14875863707,-1952222.3303910764,-7.7791108850961574
10,42,25,2385.5499105426497,-1951739.0027952967,-7.777184947203293
10,42,26,2381.3442687034913,-1951296.1838472825,-7.7754204259984085
10,42,27,2377.50826604298,-1950891.6023137523,-7.773808271192883
10,42,28,2374.0248167565155,-1950523.6384907223,-7.772342028677113
10,42,29,2370.994812035335,-1950203.1336002664,-7.77106489797163
10,42,30,2368.0237503914263,-1949888.4655715025,-7.769811025679708
10,42,31,2365.261883811794,-1949595.5993118044,-7.768644027908384
10,42,32,2362.524000713892,-1949304.9385153172,-7.76748581834863
10,42,33,2360.1777120020206,-1949055.5822525139,-7.766492196880397
10,42,34,2357.711061719458,-1948793.166904864,-7.765446538270955
10,42,35,2355.4230173935657,-1948549.5070490811,-7.764475615540038
10,42,36,2353.3759973637416,-1948331.3138170594,-7.763606170846238
10,42,37,2351.2110577752537,-1948100.3448600431,-7.762685818128377
10,42,38,2349.321636603127,-1947898.5960262576,-7.761881900191099
10,42,39,2347.7992885397744,-1947735.9244994223,-7.761233695411653
10,42,40,2346.144106895541,-1947558.9392219638,-7.760528453966073
10,42,41,2344.5830160231835,-1947391.9004297885,-7.759862846741826
10,42,42,2342.9828027398403,-1947220.5600130032,-7.75918009863444
10,42,43,2341.4500445369904,-1947056.3324846851,-7.758525693583702
10,42,44,2339.9230586702206,-1946892.6164990934,-7.757873326900996
10,42,45,2338.8218486491487,-1946774.4838058879,-7.757402598078109
10,42,46,2337.823766626251,-1946667.3661430893,-7.756975761357879
10,42,47,2336.831781459162,-1946560.857493306,-7.756551351400065
10,42,48,2335.896812874259,-1946460.4292704568,-7.75615117040153
10,42,49,2335.1631838888657,-1946381.5994841005,-7.755837053694858
10,42,50,2334.434923320553,-1946303.3220457737,-7.755525137955003
10,42,51,2333.594818907874,-1946212.9926789913,-7.755165198336732
10,42,52,2332.7525647269067,-1946122.3995158977,-7.754804207557062
10,42,53,2332.0383288356106,-1946045.550412878,-7.7544979833711665
10,42,54,2331.380041576145,-1945974.7003266325,-7.754215663745711
10,42,55,2330.783503931234,-1945910.4789422431,-7.753959757816053
10,42,56,2330.2329924534465,-1945851.1980065585,-7.753723538321539
10,42,57,2329.734529442741,-1945797.5097429957,-7.753509604207078
10,42,58,2329.2034333660927,-1945740.2940085307,-7.753281614015671
10,42,59,2328.7534045491802,-1945691.80155311,-7.753088383878951
10,42,60,2328.3667190710753,-1945650.127116902,-7.752922321819683
10,42,61,2327.8600144926154,-1945595.5073276716,-7.752704675811679
10,42,62,2327.440986601674,-1945550.329590427,-7.7525246539862485
10,42,63,2327.0642700648627,-1945509.7067328205,-7.752362782201017
10,42,64,2326.556340599932,-1945454.924245849,-7.752144487883777
10,42,65,2326.0767327362146,-1945403.185392093,-7.751938321673007
10,42,66,2325.631752936589,-1945355.1725829244,-7.75174700280496
10,42,67,2325.247690921855,-1945313.7253459387,-7.751581846076972
10,42,68,2324.7811336638583,-1945263.366169854,-7.751381177531824
10,42,69,2324.37392262555,-1945219.4044350593,-7.751206001167767
10,42,70,2323.9037549801774,-1945168.6364429703,-7.751003703594521
10,42,71,2323.5180223428247,-1945126.977944847,-7.750837705044478
10,42,72,2323.236668501247,-1945096.5878249442,-7.750716608123878
10,42,73,2322.9106660153466,-1945061.3704286378,-7.750576275731053
10,42,74,2322.6280637374816,-1945030.8374704346,-7.750454609636051
10,42,75,2322.3722320307998,-1945003.1936583396,-7.750344456055577
10,42,76,2322.1000793242006,-1944973.7829428527,-7.7502272618131895
10,42,77,2321.9185574350267,-1944954.1645079032,-7.750149087325331
10,42,78,2321.6897363592334,-1944929.431908971,-7.750050534191001
10,42,79,2321.5160055675356,-1944910.6522292688,-7.749975701930087
10,42,80,2321.3148724418193,-1944888.9086994317,-7.749889059478045
10,42,81,2321.1283851157013,-1944868.7467729077,-7.749808719314096
10,42,82,2320.9515714543727,-1944849.629210762,-7.749732540677335
10,42,83,2320.8123658044055,-1944834.576901863,-7.749672561043777
10,42,84,2320.609294730697,-1944812.61720451,-7.749585057219005
10,42,85,2320.326963378762,-1944782.0832668582,-7.749463387221151
10,42,86,2320.2028877394055,-1944768.663398338,-7.749409912448499
10,42,87,2320.104547108186,-1944758.0264868233,-7.749367527053732
10,97,1,4644.408458291494,-2118935.175496301,-8.44341929293186
10,97,2,3492.2337502808964,-2047381.7034679903,-8.158296853516699
10,97,3,3084.5150451734044,-2016226.1128650494,-8.034149726307891
10,97,4,2865.358429115879,-1997730.3313002829,-7.960448727472367
10,97,5,2732.675272426438,-1985831.866200062,-7.913036361608013
10,97,6,2644.6063154280773,-1977610.7986016248,-7.880277492166486
10,97,7,2582.649178020213,-1971661.479485257,-7.856570964289727
10,97,8,2536.250511496417,-1967111.9122863966,-7.838442092814294
10,97,9,2500.451234828956,-1963544.4068746965,-7.824226488500805
10,97,10,2471.6323758117433,-1960635.2138842298,-7.812634092231855
10,97,11,2448.573726129295,-1958282.9661146875,-7.803260981421867
10,97,12,2430.269644810479,-1956399.9137030868,-7.795757495121024
10,97,13,2414.8166456151316,-1954799.0953744492,-7.789378640063633
10,97,14,2401.8921008456355,-1953452.3198325408,-7.784012081083775
10,97,15,2390.6749144396085,-1952277.568773121,-7.779330996039644
10,97,16,2380.583706746051,-1951216.019531585,-7.775100991530761
10,97,17,2371.757700058046,-1950283.8681908564,-7.771386604840098
10,97,18,2364.21670584499,-1949484.680221544,-7.768202043463797
10,97,19,2357.8079397841557,-1948803.4784860401,-7.76548762730683
10,97,20,2352.3237283038115,-1948219.0778877526,-7.763158939132013
10,97,21,2347.3857918890762,-1947691.7218205247,-7.761057558946452
10,97,22,2342.628814515463,-1947182.6414528447,-7.759029002788703
10,97,23,2338.2354235424355,-1946711.5521470641,-7.757151831377742
10,97,24,2334.113667762764,-1946268.7839748636,-7.755387512501598
10,97,25,2330.305380475639,-1945858.993792982,-7.753754602553354
10,97,26,2327.114188857557,-1945515.0900547404,-7.752384233373608
10,97,27,2324.2428900989585,-1945205.2567730302,-7.751149626322558
10,97,28,2321.8191067104863,-1944943.4154702583,-7.750106255136371
10,97,29,2319.4974729909463,-1944692.3529659268,-7.749105834728367
10,97,30,2317.3622608955443,-1944461.2282433973,-7.7481848613244395
10,97,31,2315.4222098442942,-1944251.0438831262,-7.747347329953443
10,97,32,2313.296979072737,-1944020.595003232,-7.746429049611017
10,97,33,2311.3677782356244,-1943811.2191855372,-7.7455947400771334
10,97,34,2309.7475358606334,-1943635.2395119194,-7.744893505707828
10,97,35,2308.3064947987314,-1943478.6197101115,-7.744269415517844
10,97,36,2306.9275929892815,-1943328.6619549433,-7.743671871894162
10,97,37,2305.6500010900845,-1943189.6417945637,-7.743117911811839
10,97,38,2304.1538867667236,-1943026.745331042,-7.742468810716744
10,97,39,2302.833177963393,-1942882.8590454587,-7.741895460359578
10,97,40,2301.6901457446916,-1942758.263328493,-7.741398978026089
10,97,41,2300.6990924001902,-1942650.183909239,-7.740968308950294
10,97,42,2299.6087566197016,-1942531.223435041,-7.740494281630085
10,97,43,2298.750974242952,-1942437.5959213108,-7.740121199732667
10,97,44,2297.8232624834013,-1942336.2962354089,-7.739717546174878
10,97,45,2296.9347013275774,-1942239.2331707086,-7.739330774478132
10,97,46,2296.0247454587766,-1942139.794105069,-7.738934535020219
10,97,47,2295.098027925614,-1942038.4828282385,-7.73853083527552
10,97,48,2294.209681843984,-1941941.3280133992,-7.738143697977738
10,97,49,2293.475956592019,-1941861.0550809712,-7.737823830699965
10,97,50,2292.8479484592035,-1941792.3276900435,-7.737549969477016
10,97,51,2292.2924657017124,-1941731.5215753068,-7.737307672530779
10,97,52,2291.7056267961602,-1941667.2670407046,-7.73705163450593
10,97,53,2291.0559553163143,-1941596.113608985,-7.736768106125691
10,97,54,2290.3495250062274,-1941518.7209252354,-7.7364597159084445
10,97,55,2289.7349885558633,-1941451.3762181923,-7.7361913643301135
10,97,56,2289.1560038796893,-1941387.9109562356,-7.735938471356589
10,97,57,2288.714682754283,-1941339.5248686448,-7.735745665068696
10,97,58,2288.3876187343053,-1941303.6598169177,-7.73560275193327
10,97,59,2288.0074105363346,-1941261.9606592413,-7.735436591365219
10,97,60,2287.6181911740214,-1941219.2660280603,-7.735266464087713
10,97,61,2287.282671783817,-1941182.4560764215,-7.735119785765775
10,97,62,2286.953455588113,-1941146.3324017064,-7.7349758420833306
10,97,63,2286.558440544003,-1941102.9819992487,-7.734803101723597
10,97,64,2286.2148111982865,-1941065.2647606595,-7.734652808093257
10,97,65,2285.792330178742,-1941018.8848814312,-7.734467996036896
10,97,66,2285.4715980106885,-1940983.669245627,-7.7343276706592246
10,97,67,2285.188963515093,-1940952.6325478689,-7.73420399728985
10,97,68,2284.925023723762,-1940923.645289139,-7.734088490415246
10,97,69,2284.693003094154,-1940898.1607953135,-7.733986941170453
10,97,70,2284.524826715308,-1940879.6871566745,-7.733913328405562
10,97,71,2284.3535351160845,-1940860.8699229984,-7.733838346501585
10,97,72,2284.1805480557055,-1940841.8650024082,-7.7337626167128555
10,97,73,2283.97004443624,-1940818.736449267,-7.7336704552942015
10,97,74,2283.770772774046,-1940796.8400148754,-7.733583203556288
10,97,75,2283.5707598018375,-1940774.8602022685,-7.733495619577332
10,97,76,2283.4126837734675,-1940757.487559535,-7.733426394001901
10,97,77,2283.2310736837217,-1940737.5270258314,-7.733346856337267
10,97,78,2282.991507937555,-1940711.19423108,-7.733241926828421
10,97,79,2282.855879345964,-1940696.2848652678,-7.733182516786811
10,97,80,2282.715723675018,-1940680.8769164793,-7.733121120018486
10,97,81,2282.5943840233076,-1940667.5367339887,-7.733067962774454
10,97,82,2282.5053697100025,-1940657.749975218,-7.733028965022765
10,2026,1,4788.368995060711,-2126595.848076231,-8.473945130345959
10,2026,2,3640.6711451777433,-2057828.1576657682,-8.199923324178119
10,2026,3,3210.8343505298785,-2026298.6179605264,-8.074286104633568
10,2026,4,2981.9003060745677,-2007735.3181886498,-8.000316062865949
10,2026,5,2839.75326865704,-1995477.6716717337,-7.95147245014777
10,2026,6,2741.459569583696,-1986637.2839756652,-7.916245747182447
10,2026,7,2669.57407283614,-1979968.9720708148,-7.8896742153867585
10,2026,8,2615.8011077568344,-1974862.364811725,-7.869325680541786
10,2026,9,2573.9536123568732,-1970815.1024306982,-7.853198366376304
10,2026,10,2541.1352240753704,-1967594.7801466354,-7.8403661987776205
10,2026,11,2514.792919553334,-1964979.6933226564,-7.8299457409941
10,2026,12,2493.0708049071022,-1962802.577005581,-7.821270484607248
10,2026,13,2475.1131844714414,-1960988.3888888212,-7.814041405056728
10,2026,14,2459.6325070475386,-1959413.8408364695,-7.807767230387953
10,2026,15,2445.6304700882897,-1957981.1271371082,-7.8020582296453505
10,2026,16,2434.313600039736,-1956817.157711532,-7.797420106677765
10,2026,17,2423.8289793052068,-1955733.9482306459,-7.793103791608307
10,2026,18,2414.870726678766,-1954804.7156229005,-7.789401035328365
10,2026,19,2407.274747411098,-1954014.0859100393,-7.786250576433569
10,2026,20,2400.2104878128707,-1953276.558248392,-7.783311715745694
10,2026,21,2393.974996198693,-1952623.7503181905,-7.7807104417019275
10,2026,22,2388.308018707699,-1952028.9848760578,-7.778340452253007
10,2026,23,2383.2495348927373,-1951496.8892724458,-7.776220186216944
10,2026,24,2378.397787542804,-1950985.4778643285,-7.774182341454227
10,2026,25,2373.9478813409223,-1950515.5055538584,-7.772309620986298
10,2026,26,2369.882018218735,-1950085.3227340658,-7.770595451547739
10,2026,27,2366.0133450090434,-1949675.3175442652,-7.768961684847465
10,2026,28,2362.5971161744033,-1949312.7050195702,-7.767516765898422
10,2026,29,2359.4241630114557,-1948975.4448169249,-7.766172869523165
10,2026,30,2356.354490550034,-1948648.7306272655,-7.764870996335091
10,2026,31,2353.767371613633,-1948373.0453302753,-7.763772460342909
10,2026,32,2351.117567249527,-1948090.3659309894,-7.762646054626846
10,2026,33,2348.586203388235,-1947820.0239805286,-7.761568810515461
10,2026,34,2346.246473721166,-1947569.888724577,-7.760572084957092
10,2026,35,2344.145525157251,-1947345.0683751723,-7.75967623288122
10,2026,36,2341.940633908993,-1947108.9084263192,-7.758735195377373
10,2026,37,2339.8810395773694,-1946888.1099063968,-7.757855369272014
10,2026,38,2337.8050138117783,-1946665.3530876124,-7.756967739842334
10,2026,39,2335.647648073243,-1946433.6588301663,-7.756044496986203
10,2026,40,2333.810526674148,-1946236.1890246829,-7.755257629891506
10,2026,41,2332.3724008613963,-1946081.4982392495,-7.754641226342558
10,2026,42,2330.81873768739,-1945914.2725553766,-7.753974874402295
10,2026,43,2329.356282946315,-1945756.762047776,-7.753347234975617
10,2026,44,2328.2231729215573,-1945634.6548885584,-7.752860668913632
10,2026,45,2327.3219558167275,-1945537.4947332821,-7.752473510335564
10,2026,46,2326.2646452514305,-1945423.4581783204,-7.752019103584759
10,2026,47,2325.384674876891,-1945328.5091773449,-7.75164075589581
10,2026,48,2324.510885879647,-1945234.1915888754,-7.751264924225566
10,2026,49,2323.5376280699866,-1945129.095498344,-7.750846142958132
10,2026,50,2322.510875979868,-1945018.1751632462,-7.750404153553183
10,2026,51,2321.477163574658,-1944906.4533559766,-7.74995897048489
10,2026,52,2320.539487413674,-1944805.0679378598,-7.749554975305968
10,2026,53,2319.5757932319566,-1944700.8266465939,-7.7491396001968225
10,2026,54,2318.5846810194507,-1944593.5744061074,-7.748712227218637
10,2026,55,2317.527167624347,-1944479.086057956,-7.748256020186551
10,2026,56,2316.562297759621,-1944374.5818821306,-7.747839597549104
10,2026,57,2315.7509705489797,-1944286.6740775027,-7.747489307241889
10,2026,58,2315.120530301727,-1944218.3442203351,-7.747217030090155
10,2026,59,2314.4697281422245,-1944147.787929389,-7.746935881164458
10,2026,60,2313.8536369769777,-1944080.9765252268,-7.746669654662858
10,2026,61,2313.2598217420727,-1944016.5639742687,-7.746412986982905
10,2026,62,2312.693489176693,-1943955.117127417,-7.746168136881685
10,2026,63,2312.11914771485,-1943892.785948925,-7.745919762943154
10,2026,64,2311.624012332152,-1943839.0382875998,-7.745705592143673
10,2026,65,2311.1812329230484,-1943790.964191195,-7.745514029061533
10,2026,66,2310.5998649866187,-1943727.8290703828,-7.7452624516167425
10,2026,67,2310.0373771037785,-1943666.729154975,-7.7450189839493415
10,2026,68,2309.567412789118,-1943615.6681485532,-7.744815518788291
10,2026,69,2309.106065093881,-1943565.533219339,-7.744615743810051
10,2026,70,2308.68000530334,-1943519.2241502188,-7.744431213914012
10,2026,71,2308.2564174231097,-1943473.1752839473,-7.7442477208603355
10,2026,72,2307.6895304143477,-1943411.534933137,-7.7440020996949155
10,2026,73,2307.192484771012,-1943357.476309932,-7.743786689791207
10,2026,74,2306.757401778062,-1943310.1471773363,-7.743598095200916
10,2026,75,2306.4959587101657,-1943281.7026229477,-7.743484750865478
10,2026,76,2306.262030225119,-1943256.248874447,-7.743383324133007
10,2026,77,2305.9275933781914,-1943219.8543309479,-7.743238301107153
10,2026,78,2305.5824153455524,-1943182.285359598,-7.74308859828416
10,2026,79,2305.2465980080806,-1943145.7298024672,-7.742942933659819
10,2026,80,2304.908972873248,-1943108.9720879775,-7.742796463489672
10,2026,81,2304.5802519298904,-1943073.1786115644,-7.74265383556372
10,2026,82,2304.2795791764865,-1943040.4347508058,-7.742523359582741
10,2026,83,2304.0068422800373,-1943010.7294646571,-7.742404991550972
10,2026,84,2303.686058224594,-1942975.7865958202,-7.742265753080488
10,2026,85,2303.478135539099,-1942953.135068232,-7.742175492487685
10,2026,86,2303.317881257035,-1942935.6752398682,-7.742105919499628
10,2026,87,2303.129206908853,-1942915.117466158,-7.742024001985033
10,2026,88,2302.9142403696974,-1942891.6928682688,-7.741930660903138
10,2026,89,2302.55915234433,-1942852.9946419804,-7.741776458285604
10,2026,90,2302.1958819978877,-1942813.398513265,-7.741618677754615
10,2026,91,2301.8281887974945,-1942773.3139345276,-7.741458950874164
10,2026,92,2301.550396436068,-1942743.0257727175,-7.741338260230707
10,2026,93,2301.3054320055003,-1942716.3138612646,-7.741231820037953
10,2026,94,2301.1503262613883,-1942699.3990339271,-7.741164418740769
10,2026,95,2301.005047513696,-1942683.5548410497,-7.741101283650385
10,2026,96,2300.84151355392,-1942665.7185262504,-7.741030210459363
10,2026,97,2300.682747764111,-1942648.4010531409,-7.740961204720892
10,2026,98,2300.539001534981,-1942632.7208167163,-7.740898722955392
10,2026,99,2300.3698242319333,-1942614.265233236,-7.740825182135728
10,2026,100,2300.2136424775213,-1942597.2261316346,-7.74075728563712
10,2026,101,2300.0213497878117,-1942576.2458136114,-7.7406736843905986
10,2026,102,2299.865954269095,-1942559.2899229003,-7.7406061194662845
10,2026,103,2299.697788021294,-1942540.939270781,-7.740532996771482
10,2026,104,2299.5525106165674,-1942525.0852166186,-7.7404698223863795
10,2026,105,2299.4774763884075,-1942516.8963746885,-7.740437191928053
10,31415,1,4673.144227520316,-2120483.106706387,-8.449587406234482
10,31415,2,3531.5618659347597,-2050192.0839532216,-8.169495507012044
10,31415,3,3115.9853822948908,-2018773.574735877,-8.044300715803413
10,31415,4,2899.878126279533,-2000735.6071757702,-7.972423989670622
10,31415,5,2769.738736284999,-1989212.7373454417,-7.926508275702378
10,31415,6,2682.326048348263,-1981164.885111893,-7.894439625560925
10,31415,7,2618.815598210838,-1975151.4051013917,-7.8704774327928355
10,31415,8,2571.742200773902,-1970599.40011523,-7.852338847353251
10,31415,9,2533.9857459305967,-1966887.7180749064,-7.837548735739216
10,31415,10,2502.572095240446,-1963757.1761396206,-7.825074320061288
10,31415,11,2477.0182246382956,-1961181.4706749213,-7.814810787007023
10,31415,12,2456.3006198949433,-1959073.6569850626,-7.806411684013845
10,31415,13,2438.6763758808697,-1957266.5201911214,-7.799210702196477
10,31415,14,2423.845441300697,-1955735.6526574055,-7.793110583316686
10,31415,15,2411.2647975989344,-1954429.7019881068,-7.7879067011006144
10,31415,16,2400.49407123043,-1953306.2069147194,-7.783429858161834
10,31415,17,2391.271559499142,-1952340.1927509503,-7.779580536709278
10,31415,18,2383.065749579642,-1951477.535869203,-7.776143067813223
10,31415,19,2375.9117747749624,-1950723.0286675051,-7.773136547964413
10,31415,20,2369.346470532289,-1950028.6048772929,-7.770369445272668
10,31415,21,2363.4696304394647,-1949405.3670900166,-7.767886000749199
10,31415,22,2358.4619779107634,-1948873.0824103514,-7.765764981293016
10,31415,23,2354.1484106490434,-1948413.668152705,-7.76393433198797
10,31415,24,2350.404746338299,-1948014.268281395,-7.762342824792276
10,31415,25,2347.2945562955165,-1947681.9677119772,-7.761018691297622
10,31415,26,2344.200836562341,-1947350.989773984,-7.759699828153764
10,31415,27,2341.0748218589915,-1947016.1128337528,-7.75836542847481
10,31415,28,2338.2845855034316,-1946716.8285227546,-7.757172856396732
10,31415,29,2335.6363557284144,-1946432.4455051026,-7.756039662193533
10,31415,30,2333.242142955766,-1946175.062706376,-7.7550140570152495
10,31415,31,2330.9826975744513,-1945931.9253370173,-7.754045216260225
10,31415,32,2328.805778987606,-1945697.4455960202,-7.753110873958567
10,31415,33,2326.3772699900505,-1945435.6078202014,-7.752067516826394
10,31415,34,2324.241529509049,-1945205.1098651218,-7.7511490409318
10,31415,35,2322.440714030604,-1945010.5937570843,-7.750373943572343
10,31415,36,2320.9450404313097,-1944848.9230313306,-7.7497297267313945
10,31415,37,2319.501883125764,-1944692.8301180531,-7.74910773605858
10,31415,38,2318.192918982364,-1944551.1676166272,-7.7485432469173094
10,31415,39,2317.07963958955,-1944430.6201155153,-7.748062895697331
10,31415,40,2315.8863977379656,-1944301.3498383076,-7.7475477864267885
10,31415,41,2314.544760655557,-1944155.9235420537,-7.746968299517661
10,31415,42,2313.435194299631,-1944035.588773092,-7.746488795981351
10,31415,43,2312.4015439275745,-1943923.4353118192,-7.746041892881327
10,31415,44,2311.4097966297063,-1943815.7812956336,-7.745612918928875
10,31415,45,2310.5135994450875,-1943718.4594923903,-7.7452251162246535
10,31415,46,2309.627019110887,-1943622.144872542,-7.74484132689083
10,31415,47,2308.6220931885578,-1943512.9289370056,-7.744406129085881
10,31415,48,2307.4897002838434,-1943389.8028323515,-7.743915502784746
10,31415,49,2306.351821913,-1943266.0194094803,-7.743422257237217
10,31415,50,2305.3955255967917,-1943161.9420435787,-7.743007535329075
10,31415,51,2304.7057836911795,-1943086.8480059055,-7.742708304633485
10,31415,52,2303.9896021683435,-1943008.8516304346,-7.742397508857831
10,31415,53,2303.352231200769,-1942939.4177951713,-7.742120832633365
10,31415,54,2302.8448547656512,-1942884.1315509372,-7.741900530971191
10,31415,55,2302.1229380556447,-1942805.4469383934,-7.7415869927453445
10,31415,56,2301.3311270230874,-1942719.1158832996,-7.741242985385144
10,31415,57,2300.7079898704947,-1942651.1544308274,-7.740972176232691
10,31415,58,2300.2480190036713,-1942600.976637783,-7.740772230452958
10,31415,59,2299.879705092328,-1942560.7903821003,-7.740612098415666
10,31415,60,2299.5195390513195,-1942521.4869059112,-7.740455484030775
10,31415,61,2298.989516077933,-1942463.6364268423,-7.740224964543098
10,31415,62,2298.3948188398917,-1942398.711058534,-7.73996625341606
10,31415,63,2297.958701679159,-1942351.08780495,-7.739776486828222
10,31415,64,2297.5913924552456,-1942310.9712490586,-7.739616632526921
10,31415,65,2297.257136121206,-1942274.4590696264,-7.739471140751708
10,31415,66,2296.910671117187,-1942236.607679853,-7.739320312562921
10,31415,67,2296.5102230331036,-1942192.8515110158,-7.739145955327071
10,31415,68,2296.0829044301836,-1942146.150838012,-7.738959864988871
10,31415,69,2295.7093144315127,-1942105.3149199067,-7.738797144211585
10,31415,70,2295.2594735835696,-1942056.1354480996,-7.7386011764888
10,31415,71,2294.8191243608567,-1942007.984324817,-7.738409306474085
10,31415,72,2294.5013676994927,-1941973.2326622424,-7.738270829912066
10,31415,73,2294.16945299116,-1941936.9274562865,-7.738126162873666
10,31415,74,2293.820949171725,-1941898.802061281,-7.737974242843519
10,31415,75,2293.4973315214274,-1941863.3939601504,-7.737833150540333
10,31415,76,2293.1733273111677,-1941827.9385587154,-7.73769186975743
10,31415,77,2292.8323306724255,-1941790.6182848176,-7.737543157930712
10,31415,78,2292.4360083098886,-1941747.235928964,-7.737370290244799
10,31415,79,2292.0606789160565,-1941706.1445964472,-7.737206551705859
10,31415,80,2291.721032161063,-1941668.9540248967,-7.737058356710101
10,31415,81,2291.4970587035127,-1941644.4264087472,-7.736960620380174
10,31415,82,2291.3597396438495,-1941629.3872396077,-7.736900693105224
10,31415,83,2291.1560959848057,-1941607.0825477706,-7.736811814564928
10,31415,84,2290.9455574518515,-1941584.0205894606,-7.736719918509787
10,31415,85,2290.6512478663058,-1941551.7789698245,-7.7365914438323085
10,31415,86,2290.450462372394,-1941529.7805386982,-7.736503785663274
10,31415,87,2290.3610351284838,-1941519.9821032616,-7.736464741383032
11,11,1,4978.040416151001,-2136344.6420250125,-8.512791601848175
11,11,2,3707.129156378625,-2062367.8994222109,-8.21801304375734
11,11,3,3234.7578011497853,-2028161.5298002292,-8.081709335863232
11,11,4,2981.093156307731,-2007667.3791957428,-8.000045343209166
11,11,5,2824.7248314217804,-1994146.0395934505,-7.946166234029936
11,11,6,2720.70608089854,-1984730.2534475594,-7.908646714168401
11,11,7,2646.001324664499,-1977743.1415629152,-7.880804845303838
11,11,8,2590.8377921594106,-1972455.9114675845,-7.859736574264056
11,11,9,2550.1258235943724,-1968481.1052467006,-7.843897979521195
11,11,10,2517.874999838965,-1965287.072919851,-7.831170570734631
11,11,11,2492.356936422855,-1962730.707427394,-7.820984102564958
11,11,12,2471.3081908076724,-1960602.2956263276,-7.812502921322488
11,11,13,2454.063860163372,-1958845.0260746442,-7.805500647818727
11,11,14,2439.592519054961,-1957360.7800813385,-7.799586303953819
11,11,15,2427.3646527455926,-1956099.7559983772,-7.794561442790507
11,11,16,2416.7372568995766,-1954998.6133271507,-7.790173668505563
11,11,17,2407.3647927759052,-1954023.4729116745,-7.786287981254456
11,11,18,2398.9582686070485,-1953145.5967430496,-7.782789867359944
11,11,19,2391.0128172937802,-1952313.037039337,-7.779472328085437
11,11,20,2384.553769682453,-1951634.1880817204,-7.776767287151665
11,11,21,2379.0434954817065,-1951053.600587691,-7.774453793230278
11,11,22,2374.0882963516365,-1950530.3487979008,-7.772368767549424
11,11,23,2369.3745394649563,-1950031.5778715336,-7.770381291900739
11,11,24,2365.158774579065,-1949584.6590654326,-7.76860043380114
11,11,25,2361.440841386794,-1949189.8545004695,-7.767027237735825
11,11,26,2358.114365204536,-1948836.0912389047,-7.765617580856102
11,11,27,2355.0477985692655,-1948509.5264210855,-7.764316302876929
11,11,28,2352.2607821305646,-1948212.3624029886,-7.763132179628337
11,11,29,2349.7104840903658,-1947940.1296853481,-7.762047401289257
11,11,30,2347.2835614100736,-1947680.7922097715,-7.76101400721945
11,11,31,2345.2168917434465,-1947459.7393795208,-7.7601331677519285
11,11,32,2343.404944886055,-1947265.7716056323,-7.759360255364992
11,11,33,2341.6165383029193,-1947074.1766794214,-7.758596798174275
11,11,34,2339.702557130872,-1946868.9665709175,-7.757779087935055
11,11,35,2337.9378501275532,-1946679.6122991547,-7.757024559184062
11,11,36,2336.2999760441717,-1946503.7393553928,-7.756323750106165
11,11,37,2334.729052706335,-1946334.939623886,-7.755651125985272
11,11,38,2333.238919629504,-1946174.7160141778,-7.755012675534764
11,11,39,2331.739244064683,-1946013.363021525,-7.754369724779644
11,11,40,2330.2569193682134,-1945853.7748286794,-7.753733806304185
11,11,41,2328.9316221176414,-1945711.0063495245,-7.75316491012215
11,11,42,2327.904222825749,-1945600.273200724,-7.752723666607124
11,11,43,2326.778493778755,-1945478.885940988,-7.752239969162
11,11,44,2325.856469168274,-1945379.4203542639,-7.75184362402429
11,11,45,2324.837843039828,-1945269.4877961366,-7.75140557066006
11,11,46,2323.694725620728,-1945146.062470105,-7.75091375203762
11,11,47,2322.821251207709,-1945051.7102621526,-7.750537782417516
11,11,48,2321.9675697190924,-1944959.4617849835,-7.750170195631059
11,11,49,2321.121977251493,-1944868.0539630621,-7.749805958642565
11,11,50,2320.343871887469,-1944783.9120148004,-7.749470674317912
11,11,51,2319.709644889704,-1944715.3077605201,-7.749197303763275
11,11,52,2319.039350225692,-1944642.7816810342,-7.748908305729803
11,11,53,2318.4088646560886,-1944574.5438223092,-7.748636395168532
11,11,54,2317.860170814068,-1944515.1432309712,-7.748399698876585
11,11,55,2317.2526264630274,-1944449.3551842738,-7.748137550194949
11,11,56,2316.6648920726147,-1944385.6958465253,-7.747883883878614
11,11,57,2316.0863533720403,-1944323.016747328,-7.747634123564308
11,11,58,2315.5537010714647,-1944265.2951530705,-7.747404117649918
11,11,59,2315.0811110446643,-1944214.0711716597,-7.747200003074869
11,11,60,2314.5781432144317,-1944159.543055729,-7.746982722361715
11,11,61,2314.0997600304436,-1944107.669232732,-7.74677601833275
11,11,62,2313.6680072557947,-1944060.8426040718,-7.746589426093203
11,11,63,2313.211510603631,-1944011.3228228602,-7.746392102323745
11,11,64,2312.786362111235,-1943965.194833422,-7.746208293984316
11,11,65,2312.3749640106275,-1943920.5506681155,-7.74603039830774
11,11,66,2311.9461464872525,-1943874.0077239943,-7.745844936479135
11,11,67,2311.528552559197,-1943828.674667577,-7.745664295746192
11,11,68,2311.1314392820923,-1943785.557346769,-7.74549248415772
11,11,69,2310.705525598466,-1943739.304732747,-7.74530817922093
11,11,70,2310.2035913971145,-1943684.7856332907,-7.745090934436141
11,11,71,2309.704883674619,-1943630.60525501,-7.744875039369335
11,11,72,2309.297397876761,-1943586.326682537,-7.7446986004874825
11,11,73,2308.9294181565783,-1943546.334239328,-7.7445392407437454
11,11,74,2308.5446635041635,-1943504.5118611958,-7.744372589173428
11,11,75,2308.1804747704896,-1943464.9185523074,-7.744214819878734
11,11,76,2307.831828853519,-1943427.0091500804,-7.744063760525032
11,11,77,2307.4994874084446,-1943390.867254099,-7.7439197442354635
11,11,78,2307.1139710778575,-1943348.9361052085,-7.743752659241259
11,11,79,2306.8142388896913,-1943316.3305303368,-7.743622734294468
11,11,80,2306.5580934617547,-1943288.4630687083,-7.743511689527323
11,11,81,2306.2546484642694,-1943255.4456233429,-7.743380123381069
11,11,82,2305.90619834676,-1943217.525871968,-7.743229022788637
11,11,83,2305.557070407497,-1943179.5266099921,-7.743077605366625
11,11,84,2305.252207030983,-1943146.3404190708,-7.742945366812126
11,11,85,2304.9491705820087,-1943113.3487503752,-7.742813903379365
11,11,86,2304.697097398977,-1943085.9021628588,-7.7427045356888184
11,11,87,2304.5392943117336,-1943068.718496839,-7.742636063137665
11,11,88,2304.3409075565933,-1943047.1138802033,-7.742549974219501
11,11,89,2304.064387171791,-1943016.9972902534,-7.7424299672463945
11,11,90,2303.770563588071,-1942984.9922006668,-7.742302435081177
11,11,91,2303.5013124817383,-1942955.6601135721,-7.742185554152991
11,11,92,2303.244463518359,-1942927.6759145285,-7.742074044216852
11,11,93,2302.9253571206577,-1942892.904298416,-7.741935488145045
11,11,94,2302.574381388793,-1942854.654457177,-7.741783072228219
11,11,95,2302.1264078542317,-1942805.8251847387,-7.741588499961104
11,11,96,2301.7853894713253,-1942768.647691232,-7.741440357078033
11,11,97,2301.494203656041,-1942736.8985361934,-7.741313844747082
11,11,98,2301.2346299511314,-1942708.5927894562,-7.741201053524931
11,11,99,2301.008139364883,-1942683.8920507303,-7.741102627345443
11,11,100,2300.7289962265463,-1942653.4457550861,-7.740981306578761
11,11,101,2300.404392390124,-1942618.0363903788,-7.740840209240543
11,11,102,2300.13262805965,-1942588.3871729684,-7.740722064628476
11,11,103,2299.9288439409443,-1942566.152230491,-7.7406334640216885
11,11,104,2299.7187981578713,-1942543.2320141087,-7.740542132772183
11,11,105,2299.5725321378363,-1942527.2702152287,-7.740478529051705
11,11,106,2299.412904003627,-1942509.8490695222,-7.740409110204227
11,11,107,2299.2499912400904,-1942492.0682061072,-7.740338257972908
11,11,108,2299.1006620928997,-1942475.768798937,-7.740273308969015
11,11,109,2298.9507663509494,-1942459.4064827205,-7.740208109288526
11,11,110,2298.772880001673,-1942439.9873840485,-7.7401307291051795
11,11,111,2298.6415261494826,-1942425.64707631,-7.740073586615675
11,11,112,2298.4883647246825,-1942408.9249333162,-7.740006953116734
11,11,113,2298.3373729630866,-1942392.4385830865,-7.739941259192158
11,11,114,2298.114622397603,-1942368.1151206584,-7.739844336363036
11,11,115,2297.9319354950953,-1942348.164688721,-7.739764838951379
11,11,116,2297.7705626492825,-1942330.5405516934,-7.739694611234966
11,11,117,2297.6440452206994,-1942316.7222405975,-7.739639548769699
11,11,118,2297.5407267419423,-1942305.4371686082,-7.73959458061982
11,11,119,2297.4513474415953,-1942295.6742089696,-7.739555677701636
11,42,1,4915.660469388601,-2133180.024067153,-8.500181401862283
11,42,2,3644.5173856965985,-2058093.1449251869,-8.2009792312037
11,42,3,3195.688014154856,-2025111.9878347511,-8.069557684522652
11,42,4,2956.6370287253835,-2005600.1006484085,-7.991807762478865
11,42,5,2813.2524678097843,-1993124.7251128007,-7.942096554839278
11,42,6,2718.262661605448,-1984504.7720205395,-7.907748227865888
11,42,7,2651.355594360131,-1978250.4481077148,-7.882826333227265
11,42,8,2600.9146723244526,-1973430.097663288,-7.863618459191367
11,42,9,2561.7010382323283,-1969617.6406511108,-7.848426784871953
11,42,10,2530.6178630305276,-1966553.9529952307,-7.836218766542598
11,42,11,2505.163065546161,-1964016.863272488,-7.826109107426722
11,42,12,2483.5835876163924,-1961845.7548973914,-7.817457791164986
11,42,13,2465.778440588345,-1960040.1300377117,-7.81026283402221
11,42,14,2451.1411446020675,-1958545.9657845213,-7.804308968407023
11,42,15,2439.255163965995,-1957326.0745005552,-7.799448011016051
11,42,16,2429.0570012588323,-1956274.6612077216,-7.795258395692176
11,42,17,2419.680656904153,-1955304.0736654876,-7.791390850486289
11,42,18,2411.718432278048,-1954476.9104452282,-7.788094814829744
11,42,19,2404.625673233348,-1953737.769395784,-7.7851495252006675
11,42,20,2398.311055000426,-1953077.882059922,-7.782520041520747
11,42,21,2392.6351540462074,-1952483.2572488622,-7.780150612450987
11,42,22,2387.2709837012503,-1951919.9923547015,-7.777906144696907
11,42,23,2382.374826200186,-1951404.7652378222,-7.775853095302471
11,42,24,2377.977915404552,-1950941.1710815788,-7.774005790161577
11,42,25,2374.127960038825,-1950534.5414797033,-7.772385474323104
11,42,26,2370.7193468594846,-1950173.9754047713,-7.770948709957368
11,42,27,2367.387412673376,-1949821.019092128,-7.769542268564447
11,42,28,2364.274142615495,-1949490.7769488418,-7.768226337375892
11,42,29,2361.2170253713716,-1949166.0678119524,-7.766932453814608
11,42,30,2358.6277242787246,-1948890.7183740102,-7.765835256135554
11,42,31,2356.083699576841,-1948619.8891284096,-7.764756070276619
11,42,32,2353.5083064282703,-1948345.422464637,-7.7636623902287525
11,42,33,2351.123908602586,-1948091.0428026253,-7.762648751788654
11,42,34,2349.0540328089564,-1947870.008680259,-7.761767986867309
11,42,35,2347.196446231182,-1947671.4782223157,-7.760976893341551
11,42,36,2345.222857937637,-1947460.377809295,-7.7601357117326675
11,42,37,2343.3857422346414,-1947263.7151708084,-7.759352060993749
11,42,38,2341.755029634894,-1947089.0187088032,-7.758655939897286
11,42,39,2340.3602749757883,-1946939.5036146347,-7.758060160165425
11,42,40,2339.155304197813,-1946810.2612376853,-7.757545162070336
11,42,41,2337.937631563265,-1946679.5888382057,-7.75702446569813
11,42,42,2336.680984609779,-1946544.662598015,-7.756486818849504
11,42,43,2335.6079510219806,-1946429.3934875054,-7.756027500677428
11,42,44,2334.527592272315,-1946313.2839686004,-7.755564833691032
11,42,45,2333.625740339224,-1946216.3179770135,-7.755178448806024
11,42,46,2332.773806115059,-1946124.684649288,-7.7548133132340915
11,42,47,2331.960684219373,-1946037.194725021,-7.754464688074136
11,42,48,2331.2106495923017,-1945956.4657841115,-7.754143003718212
11,42,49,2330.5749934335145,-1945888.027474912,-7.7538702944126365
11,42,50,2329.987938268698,-1945824.805239343,-7.753618369837634
11,42,51,2329.4322041220425,-1945764.9414062302,-7.753379827644697
11,42,52,2328.8750889542075,-1945704.9144723914,-7.753140635536731
11,42,53,2328.2930862090016,-1945642.1906633317,-7.752890697064962
11,42,54,2327.6785008652882,-1945575.9383281902,-7.752626698311624
11,42,55,2327.1208641555354,-1945515.8099207273,-7.752387101857001
11,42,56,2326.6817797178714,-1945468.4545333239,-7.752198402647959
11,42,57,2326.2297371968903,-1945419.6922755924,-7.752004097417456
11,42,58,2325.8042672152606,-1945373.7877657043,-7.751821179587357
11,42,59,2325.3966612282447,-1945329.802748708,-7.751645910449631
11,42,60,2325.011729057878,-1945288.257398368,-7.751480362764808
11,42,61,2324.634880253096,-1945247.5778140232,-7.75131826493791
11,42,62,2324.2397587752494,-1945204.9186723365,-7.751148279077039
11,42,63,2323.7965685207214,-1945157.0611732935,-7.750957579080454
11,42,64,2323.4057500634467,-1945114.8514216668,-7.750789383925002
11,42,65,2323.157541438017,-1945088.040340804,-7.7506825485673
11,42,66,2322.860872075486,-1945055.9908538293,-7.750554839489751
11,42,67,2322.702674952833,-1945038.898987612,-7.750486732737529
11,42,68,2322.515598519846,-1945018.6854528955,-7.750406186928021
11,42,69,2322.3101966738814,-1944996.4899892271,-7.750317743634277
11,42,70,2322.122547786966,-1944976.2111718429,-7.750236937689895
11,42,71,2321.8047958459347,-1944941.8686560844,-7.750100091474175
11,42,72,2321.467779811674,-1944905.4389476492,-7.749954928324969
11,42,73,2321.2752356170704,-1944884.623531714,-7.749871984171448
11,42,74,2321.054746286048,-1944860.7849242464,-7.749776993366379
11,42,75,2320.8805414563826,-1944841.9488488818,-7.749701936383053
11,42,76,2320.741309804248,-1944826.8932675119,-7.749641943709527
11,42,77,2320.5507665605114,-1944806.2877292011,-7.749559835865113
11,42,78,2320.357145524118,-1944785.3476220588,-7.749476394848754
11,42,79,2320.1660211801245,-1944764.675818342,-7.749394022953502
11,42,80,2320.0438406060607,-1944751.4600064517,-7.74934136129477
11,42,81,2319.8848882305106,-1944734.2656857378,-7.749272846287363
11,42,82,2319.732227080991,-1944717.7507953227,-7.749207038637387
11,42,83,2319.558003309132,-1944698.9019313958,-7.749131930694883
11,42,84,2319.381003400742,-1944679.7512738996,-7.749055620181544
11,42,85,2319.206463964238,-1944660.8653981043,-7.748980364756131
11,42,86,2319.040288286839,-1944642.8831941732,-7.748908710233917
11,42,87,2318.9159411776095,-1944629.42650077,-7.748855088723447
11,42,88,2318.7788088932825,-1944614.5853745027,-7.748795950599117
11,42,89,2318.640097955223,-1944599.5725056666,-7.748736128124207
11,42,90,2318.5013556082945,-1944584.5553389413,-7.748676288523298
11,42,91,2318.3987510984234,-1944573.4490742406,-7.748632032875117
11,42,92,2318.2823469395994,-1944560.8484929737,-7.7485818227543914
11,42,93,2318.1908841893674,-1944550.9473391145,-7.748542369167286
11,97,1,4810.575151733453,-2127756.975866208,-8.478571930116345
11,97,2,3552.322316223463,-2051663.0270417784,-8.175356842175267
11,97,3,3098.5985862047655,-2017369.3457181263,-8.038705219293051
11,97,4,2866.6530414345443,-1997843.6918651906,-7.960900440574244
11,97,5,2724.819623327363,-1985109.3986466597,-7.910157511632111
11,97,6,2632.19941602448,-1976430.6892136184,-7.8755750555418595
11,97,7,2567.747121429399,-1970209.2472163169,-7.8507841869974415
11,97,8,2521.208137000766,-1965619.0675315657,-7.832493485065433
11,97,9,2484.3923663490614,-1961927.4657140654,-7.817783388046818
11,97,10,2455.125112544848,-1958953.5281997519,-7.805933001270145
11,97,11,2432.39494765247,-1956619.2830011898,-7.796631626139896
11,97,12,2413.975338327195,-1954711.6482630817,-7.789030185502225
11,97,13,2398.6719785139153,-1953115.6459134577,-7.782670520899827
11,97,14,2385.430530655486,-1951726.4438595735,-7.777134903029497
11,97,15,2373.7955498876727,-1950499.4016320352,-7.772245450941935
11,97,16,2363.8301248805205,-1949443.642049635,-7.768038516756397
11,97,17,2355.872323196744,-1948597.3734758869,-7.764666351111493
11,97,18,2348.5707291462895,-1947818.3704827249,-7.761562221746056
11,97,19,2342.234091531962,-1947140.352703743,-7.758860492848348
11,97,20,2336.7955494434123,-1946556.9664351053,-7.7565358465199425
11,97,21,2332.165242184854,-1946059.207532645,-7.754552403529868
11,97,22,2327.672219131362,-1945575.2610666063,-7.752623999595972
11,97,23,2323.415726087952,-1945115.928955286,-7.750793677623203
11,97,24,2319.653349018704,-1944709.217336935,-7.749173034969875
11,97,25,2316.56130647777,-1944374.474494916,-7.747839169638288
11,97,26,2313.6538379709814,-1944059.3056972702,-7.7465833019093715
11,97,27,2310.6848527404914,-1943737.0595216767,-7.745299232624221
11,97,28,2307.9058960777375,-1943435.0631988577,-7.7440958538668285
11,97,29,2305.603074054223,-1943184.5339993734,-7.74309755854339
11,97,30,2303.605928339014,-1942967.0573224179,-7.742230969139804
11,97,31,2301.7194492003696,-1942761.4583113315,-7.741411709222422
11,97,32,2299.862804185205,-1942558.9461915004,-7.740604749783829
11,97,33,2298.042277878774,-1942360.214884088,-7.7398128559238755
11,97,34,2296.6129019568875,-1942204.0717609327,-7.739190665177431
11,97,35,2295.3058064373895,-1942061.2012965463,-7.738621362610114
11,97,36,2293.8918054873757,-1941906.5540236898,-7.738005132447749
11,97,37,2292.742330783115,-1941780.7673483954,-7.737503904447357
11,97,38,2291.5154847191166,-1941646.4443554818,-7.736968661386141
11,97,39,2290.3334919837275,-1941516.9641569925,-7.736452715632529
11,97,40,2289.2189210295082,-1941394.808381382,-7.735965955846547
11,97,41,2288.221052246015,-1941285.3925674213,-7.735529961576769
11,97,42,2287.423386936378,-1941197.8946432276,-7.735181304539134
11,97,43,2286.5483776046817,-1941101.8775574923,-7.734798700803294
11,97,44,2285.755035410471,-1941014.790257702,-7.734451679999769
11,97,45,2284.97948617592,-1940929.6269167976,-7.73411232568447
11,97,46,2284.118614974667,-1940835.0604829735,-7.733735502428597
11,97,47,2283.4001438830487,-1940756.1093671727,-7.733420902254859
11,97,48,2282.6490400437815,-1940673.5457502257,-7.733091907180217
11,97,49,2281.8557546252546,-1940586.3159017593,-7.732744318356369
11,97,50,2281.1258316140743,-1940506.0266052906,-7.7324243858720445
11,97,51,2280.353837306464,-1940421.0816350763,-7.732085901708565
11,97,52,2279.8060857070764,-1940360.7933552312,-7.731845668203044
11,97,53,2279.31706357784,-1940306.9568946054,-7.731631143560871
11,97,54,2278.8482953505127,-1940255.339342728,-7.7314254607073245
11,97,55,2278.47025740107,-1940213.7046539092,-7.731259557031321
11,97,56,2278.094649307055,-1940172.330731846,-7.731094692444706
11,97,57,2277.6689478626517,-1940125.4306873572,-7.7309078076616995
11,97,58,2277.141880995591,-1940067.3509447214,-7.730676374616852
11,97,59,2276.654750157795,-1940013.6599681457,-7.730462429691722
11,97,60,2276.2404289413175,-1939967.9849390837,-7.7302804262845175
11,97,61,2275.7654251671615,-1939915.6099965181,-7.73007172542116
11,97,62,2275.333912457151,-1939868.0209955068,-7.729882095321138
11,97,63,2274.9999035483875,-1939831.1789187463,-7.729735288988737
11,97,64,2274.623314965857,-1939789.6337021063,-7.7295697418366744
11,97,65,2274.235100580544,-1939746.798727336,-7.729399055325558
11,97,66,2273.8545019068533,-1939704.7969595944,-7.729231688933141
11,97,67,2273.61615716285,-1939678.490343693,-7.729126863740373
11,97,68,2273.351512851994,-1939649.2777575413,-7.729010458993139
11,97,69,2273.044041441657,-1939615.3334595056,-7.728875199574053
11,97,70,2272.760094781047,-1939583.9821737641,-7.7287502726513475
11,97,71,2272.506067748307,-1939555.931071874,-7.728638496124332
11,97,72,2272.245251004078,-1939527.1269489801,-7.728523718999591
11,97,73,2272.0431534020477,-1939504.805386864,-7.728434773235511
11,97,74,2271.7942014196465,-1939477.3060563067,-7.728325195377322
11,97,75,2271.582634677998,-1939453.933944885,-7.7282320634406885
11,97,76,2271.356963922134,-1939429.0013413595,-7.728132713338777
11,97,77,2271.1169294264832,-1939402.4790812891,-7.728027028858685
11,97,78,2270.914070313213,-1939380.0622750076,-7.7279377035707615
11,97,79,2270.65700233551,-1939351.6522787674,-7.72782449694078
11,97,80,2270.3984306994284,-1939323.0728601264,-7.727710615205499
11,97,81,2270.191344742735,-1939300.1817058756,-7.727619399761216
11,97,82,2269.966077625988,-1939275.2784460962,-7.727520166586691
11,97,83,2269.7870823119383,-1939255.4887679052,-7.7274413097379435
11,97,84,2269.618826834879,-1939236.8850604505,-7.727367178681808
11,97,85,2269.4822567421515,-1939221.7837352587,-7.727307003730753
11,97,86,2269.2976879791286,-1939201.3734824366,-7.727225674049485
11,97,87,2269.163016406747,-1939186.4799861605,-7.727166327243952
11,97,88,2268.9975364629654,-1939168.1781434705,-7.7270933990423485
11,97,89,2268.8235027113624,-1939148.928821893,-7.7270166953776664
11,97,90,2268.6452596476556,-1939129.212391035,-7.726938130400965
11,97,91,2268.405520787802,-1939102.6911339366,-7.726832449917462
11,97,92,2268.211478258426,-1939081.2230086422,-7.726746904882678
11,97,93,2268.0880691375414,-1939067.5685387668,-7.726692495283124
11,97,94,2267.97344148819,-1939054.8850198432,-7.72664195467687
11,97,95,2267.895835801356,-1939046.2976073045,-7.72660773601575
11,2026,1,4841.263716075589,-2129352.845026531,-8.484931063993157
11,2026,2,3589.769532605146,-2054294.6726151549,-8.185843282375686
11,2026,3,3135.876674627612,-2020370.4992517135,-8.050664055004297
11,2026,4,2898.3145750616986,-2000600.260127924,-7.971884666010209
11,2026,5,2752.5518145588226,-1987650.6347352134,-7.920283692964187
11,2026,6,2655.483329862623,-1978640.8441013345,-7.88438196225383
11,2026,7,2585.6793919069273,-1971955.7539158452,-7.857743573264923
11,2026,8,2535.4044000306753,-1967028.1772528496,-7.838108429941582
11,2026,9,2497.603834531467,-1963258.465602002,-7.823087085046451
11,2026,10,2469.0710750481753,-1960375.0175702039,-7.811597275908637
11,2026,11,2446.513180321381,-1958071.6896104123,-7.802419098133992
11,2026,12,2427.9069823923846,-1956155.8193587672,-7.794784841063478
11,2026,13,2412.9158438119166,-1954601.4789804907,-7.788591188851041
11,2026,14,2399.9438996928884,-1953248.6832470924,-7.783200640934871
11,2026,15,2388.019535328385,-1951998.66998551,-7.778219655102308
11,2026,16,2377.6329501748237,-1950904.7629557857,-7.773860713013726
11,2026,17,2368.905145888903,-1949981.8561953672,-7.7701831636310885
11,2026,18,2361.2588816852926,-1949170.516383075,-7.766950180242332
11,2026,19,2354.2105198893514,-1948420.2890364784,-7.76396071453069
11,2026,20,2348.0787490560674,-1947765.7943437023,-7.761352719165842
11,2026,21,2342.820234170774,-1947203.1466816778,-7.759110710925289
11,2026,22,2338.0538407273184,-1946692.0625577846,-7.757074170307202
11,2026,23,2333.5233436168187,-1946205.3060406873,-7.755134569032492
11,2026,24,2329.3857997730365,-1945759.942071118,-7.753359906562152
11,2026,25,2325.7303211601716,-1945365.8087730533,-7.751789385325188
11,2026,26,2322.530230294054,-1945020.2664690125,-7.750412486876288
11,2026,27,2319.5538757857303,-1944698.455367089,-7.749130151249373
11,2026,28,2316.566416452789,-1944375.0280665322,-7.747841375480788
11,2026,29,2314.041581617011,-1944101.3598834607,-7.746750877176013
11,2026,30,2311.703174279105,-1943847.6322044572,-7.745739836722854
11,2026,31,2309.5517034324944,-1943613.9611681048,-7.74480871690411
11,2026,32,2307.5490141219743,-1943396.2535790505,-7.743941207374373
11,2026,33,2305.4758350828183,-1943170.6840908448,-7.743042370170367
11,2026,34,2303.7317120123803,-1942980.7599401935,-7.742285570596531
11,2026,35,2301.9917109164494,-1942791.1413132339,-7.741529988457121
11,2026,36,2300.3398222794813,-1942610.9921729646,-7.740812139820625
11,2026,37,2298.673810985104,-1942429.1717879728,-7.740087631697752
11,2026,38,2297.067082122054,-1942253.6963288067,-7.739388406495164
11,2026,39,2295.546453348286,-1942087.5110200816,-7.738726200186014
11,2026,40,2294.15750961452,-1941935.62097835,-7.738120956890423
11,2026,41,2292.8233764657284,-1941789.638219591,-7.737539252619337
11,2026,42,2291.5833663965695,-1941653.8783570963,-7.736998283997244
11,2026,43,2290.264448675442,-1941509.3988121431,-7.736422569651945
11,2026,44,2289.121159815598,-1941384.0910207098,-7.73592324988229
11,2026,45,2288.0930132746807,-1941271.3497042446,-7.73547400432841
11,2026,46,2287.1712146562577,-1941170.2268805173,-7.735071055521533
11,2026,47,2286.228643937299,-1941066.7831709879,-7.734658858573333
11,2026,48,2285.1775295951957,-1940951.3768839128,-7.734198993787433
11,2026,49,2284.15841578976,-1940839.4333758983,-7.733752927297897
11,2026,50,2283.3042732269137,-1940745.572485405,-7.733378915453265
11,2026,51,2282.426056259974,-1940649.02946504,-7.732994216001307
11,2026,52,2281.6071017911972,-1940558.9677359906,-7.732635342851527
11,2026,53,2280.8446917645533,-1940475.0952290602,-7.732301132182247
11,2026,54,2280.1236995762433,-1940395.7532899876,-7.731984974676887
11,2026,55,2279.463462218733,-1940323.0751365465,-7.731695370667271
11,2026,56,2278.892686635793,-1940260.2278626438,-7.731444940219415
11,2026,57,2278.3273519811564,-1940197.964163086,-7.7311968351673235
11,2026,58,2277.7598952747976,-1940135.4512103414,-7.730947736904495
11,2026,59,2277.204494835797,-1940074.2513340202,-7.730703870918206
11,2026,60,2276.7551233359254,-1940024.7239190605,-7.730506516730199
11,2026,61,2276.2633611069205,-1939970.5132126443,-7.730290500813463
11,2026,62,2275.65042057503,-1939902.927697905,-7.730021189677535
11,2026,63,2275.1086743435326,-1939843.1772225122,-7.729783099186363
11,2026,64,2274.62054019403,-1939789.327564016,-7.7295685219540236
11,2026,65,2274.158597181177,-1939738.3565981484,-7.729365415581746
11,2026,66,2273.746256617841,-1939692.8500388146,-7.729184083483683
11,2026,67,2273.34881950421,-1939648.9804366578,-7.729009274244822
11,2026,68,2272.9983852382406,-1939610.292704156,-7.728855113442366
11,2026,69,2272.6872132319163,-1939575.9345015828,-7.7287182047186676
11,2026,70,2272.4355694774094,-1939548.1456981627,-7.7286074733845345
11,2026,71,2272.152998224966,-1939516.9379296994,-7.728483118341785
11,2026,72,2271.9287209669483,-1939492.1655108195,-7.728384406535062
11,2026,73,2271.7280290089698,-1939469.9961197309,-7.728296067133935
11,2026,74,2271.511633880419,-1939446.089887022,-7.72820080685943
11,2026,75,2271.243546121265,-1939416.4697568647,-7.72808277815269
11,2026,76,2271.0164107687037,-1939391.3715866758,-7.727982768309614
11,2026,77,2270.769424272158,-1939364.0770410825,-7.727874006467572
11,2026,78,2270.5244147675353,-1939336.9980400354,-7.727766103515883
11,2026,79,2270.2504919715543,-1939306.720017184,-7.727645453273605
11,2026,80,2270.0168911876667,-1939280.896096685,-7.7275425514995995
11,2026,81,2269.7351450735237,-1939249.7463074045,-7.727418427489189
11,2026,82,2269.5029013757126,-1939224.0665870963,-7.727316100316374
11,2026,83,2269.3080778946105,-1939202.522479355,-7.727230252510809
11,2026,84,2269.1631391025853,-1939186.4935556478,-7.727166381314918
11,2026,85,2269.030524419601,-1939171.8266703298,-7.727107937496582
11,2026,86,2268.911631186324,-1939158.6766176727,-7.727055537871718
11,2026,87,2268.7947631774205,-1939145.7498910986,-7.727004028144656
11,2026,88,2268.6421182175263,-1939128.8648865393,-7.72693674568368
11,2026,89,2268.485796163635,-1939111.5719583107,-7.726867837750334
11,2026,90,2268.4092478314105,-1939103.1034618497,-7.726834092939626
11,31415,1,4807.226779550891,-2127582.2379213483,-8.477875643721228
11,31415,2,3573.1593984251326,-2053130.7808733217,-8.181205468958115
11,31415,3,3136.3289459869648,-2020406.6908788988,-8.050808269460102
11,31415,4,2912.2781022637732,-2001806.4199247998,-7.9766909069075576
11,31415,5,2778.4112421752848,-1989997.2971867512,-7.929634547698415
11,31415,6,2690.049310387876,-1981886.4311236509,-7.897314803427085
11,31415,7,2626.823086856243,-1975917.5794452673,-7.87353044324433
11,31415,8,2578.0305296556367,-1971212.281893952,-7.854781025809011
11,31415,9,2539.2608064317537,-1967409.598421782,-7.8396282965678665
11,31415,10,2507.5680234276524,-1964257.6665594229,-7.827068647455233
11,31415,11,2482.555772027422,-1961741.8764107986,-7.817043861740452
11,31415,12,2461.9873556099155,-1959653.9917592378,-7.808724170910705
11,31415,13,2444.0543209979196,-1957819.3393418326,-7.801413546312047
11,31415,14,2429.054750750422,-1956274.4286972862,-7.795257469197058
11,31415,15,2416.698977551291,-1954994.6383205748,-7.790157829112457
11,31415,16,2405.806974085125,-1953861.0247225096,-7.7856406664189866
11,31415,17,2396.5887858382516,-1952897.6007047044,-7.781801666041212
11,31415,18,2388.494596606231,-1952048.5892153936,-7.77841857057342
11,31415,19,2381.105389822077,-1951271.0084305154,-7.775320108347308
11,31415,20,2374.583027582483,-1950582.6397472967,-7.772577133721302
11,31415,21,2368.803334084218,-1949971.070227771,-7.770140184285639
11,31415,22,2363.7771066230102,-1949438.0132813388,-7.768016087542244
11,31415,23,2358.9176303430713,-1948921.5623620644,-7.7659581616056315
11,31415,24,2354.0984181916556,-1948408.3387986652,-7.763913095863694
11,31415,25,2349.356463447176,-1947902.3162386732,-7.761896724294095
11,31415,26,2345.3840565001665,-1947477.6267105185,-7.760204444229563
11,31415,27,2341.99120278305,-1947114.3272126594,-7.758756787866684
11,31415,28,2338.6733137536785,-1946758.5454155826,-7.757339087634864
11,31415,29,2335.5562221389873,-1946423.8352477138,-7.75600535250148
11,31415,30,2332.81200461118,-1946128.7939639078,-7.754829687810692
11,31415,31,2330.5234541662644,-1945882.477650107,-7.753848179768275
11,31415,32,2328.615907876256,-1945676.9838522824,-7.753029339099059
11,31415,33,2326.6260143213876,-1945462.439579134,-7.752174434580961
11,31415,34,2324.7327193921583,-1945258.1398598494,-7.751360352011896
11,31415,35,2322.8072333041364,-1945050.1957669498,-7.750531747538223
11,31415,36,2320.9749862292074,-1944852.1609619972,-7.749742629063932
11,31415,37,2319.3152982946367,-1944672.6418814145,-7.749027291055498
11,31415,38,2317.9562662108337,-1944525.5473584067,-7.748441156685834
11,31415,39,2316.6918503716943,-1944388.6161370352,-7.747895520495684
11,31415,40,2315.409735497522,-1944249.6918476042,-7.747341942434777
11,31415,41,2314.2015126395613,-1944118.7037475684,-7.746819988075919
11,31415,42,2313.0869869286557,-1943997.813064281,-7.746338269362006
11,31415,43,2311.9721081669113,-1943876.8257951122,-7.745856165777851
11,31415,44,2310.8598105427723,-1943756.0604784593,-7.745374946618183
11,31415,45,2309.781552322224,-1943638.9354164102,-7.744908232949909
11,31415,46,2308.7763214862252,-1943529.693646236,-7.744472932200481
11,31415,47,2307.6659491383602,-1943408.9704995612,-7.74399188107748
11,31415,48,2306.7952722960226,-1943314.2671569907,-7.743614512274974
11,31415,49,2305.918289057299,-1943218.8417279609,-7.743234266141055
11,31415,50,2305.0345245409694,-1943122.6417001546,-7.742850933427459
11,31415,51,2304.345960004927,-1943047.664122523,-7.7425521667955985
11,31415,52,2303.7628497785927,-1942984.1519096429,-7.742299086734551
11,31415,53,2303.1116862931603,-1942913.2083514354,-7.742016394647033
11,31415,54,2302.474720242024,-1942843.7921788988,-7.741739788804053
11,31415,55,2301.8487328425376,-1942775.553740665,-7.741467875933586
11,31415,56,2301.1653245527623,-1942701.0347001846,-7.741170936455985
11,31415,57,2300.4714192955394,-1942625.3484204323,-7.7408693458259075
11,31415,58,2299.8963418804724,-1942562.6057393698,-7.740619332153994
11,31415,59,2299.31894706918,-1942499.5944379563,-7.740368248098106
11,31415,60,2298.708940299036,-1942433.0069906146,-7.740102914007637
11,31415,61,2298.107935282064,-1942367.3848781893,-7.739841426531993
11,31415,62,2297.62922256956,-1942315.1032517604,-7.739633097509774
11,31415,63,2297.0867597948695,-1942255.8461260956,-7.739396972892151
11,31415,64,2296.5976441616117,-1942202.404495524,-7.7391840215476115
11,31415,65,2296.1336564526164,-1942151.697865303,-7.738981968485848
11,31415,66,2295.7294801210046,-1942107.5193360664,-7.738805928250922
11,31415,67,2295.3146680692166,-1942062.1701801866,-7.738625223365703
11,31415,68,2294.899644962895,-1942016.7897483052,-7.738444393853549
11,31415,69,2294.4774998031953,-1941970.622140022,-7.738260427643071
11,31415,70,2294.130837647143,-1941932.703325225,-7.738109330782664
11,31415,71,2293.79487760291,-1941895.949667819,-7.737962876778966
11,31415,72,2293.4736978907727,-1941860.807928972,-7.7378228458619285
11,31415,73,2293.1461191462,-1941824.9609730782,-7.737680004833809
11,31415,74,2292.785373967484,-1941785.4786876852,-7.737522677939588
11,31415,75,2292.3469972427965,-1941737.491541786,-7.73733146133316
11,31415,76,2292.0681831195297,-1941706.966227971,-7.737209825699108
11,31415,77,2291.797176461709,-1941677.2921374075,-7.737091581973834
11,31415,78,2291.4846241479995,-1941643.0646146298,-7.736955193975979
11,31415,79,2291.248209772445,-1941617.1718363909,-7.736852017821343
11,31415,80,2291.013363554763,-1941591.4481620176,-7.736749515502726
11,31415,81,2290.7702939133787,-1941564.8209650086,-7.736643412875547
11,31415,82,2290.6256840106494,-1941548.9782535094,-7.736580283688079
11,31415,83,2290.3697625428103,-1941520.938372387,-7.736468551872979
11,31415,84,2290.0857977678193,-1941489.8222760991,-7.736344562120599
11,31415,85,2289.8545760848265,-1941464.482775926,-7.736243590638739
11,31415,86,2289.663503477844,-1941443.5412674856,-7.736160144038562
11,31415,87,2289.5109843798064,-1941426.8239594197,-7.736093529805583
11,31415,88,2289.3609829102725,-1941410.3815172322,-7.73602801084342
11,31415,89,2289.2093196952,-1941393.7558271307,-7.735961761684794
11,31415,90,2289.0278605244935,-1941373.8623845964,-7.735882491361454
11,31415,91,2288.8430470769767,-1941353.5995902496,-7.735801749264812
11,31415,92,2288.596633827949,-1941326.5804991825,-7.7356940850392
11,31415,93,2288.3640401673483,-1941301.0740500381,-7.735592448308029
11,31415,94,2288.167194669267,-1941279.4857539432,-7.735506424423082
11,31415,95,2287.980079326064,-1941258.9628544827,-7.735424645873527
11,31415,96,2287.8376854378057,-1941243.3439007287,-7.735362408303928
11,31415,97,2287.659275071688,-1941223.772986068,-7.735284423172368
11,31415,98,2287.493870634993,-1941205.6274071482,-7.735212117642258
11,31415,99,2287.394952717372,-1941194.7750586804,-7.735168873785869
12,11,1,5070.3230683324355,-2140954.2739739465,-8.531159816119679
12,11,2,3734.950432749169,-2064244.2503792313,-8.225489826461232
12,11,3,3244.1204379317423,-2028886.846988721,-8.084599540912272
12,11,4,2980.2074149861937,-2007592.8038631266,-7.99974817942168
12,11,5,2820.440016733239,-1993765.074829722,-7.944648186062641
12,11,6,2715.330659541925,-1984233.9359568954,-7.906669014838778
12,11,7,2640.5902431306376,-1977229.4081884725,-7.878757748094185
12,11,8,2586.095764756867,-1971996.1623552544,-7.857904590648017
12,11,9,2545.689816152477,-1968044.1791569414,-7.842156939861974
12,11,10,2514.029794739252,-1964903.5277760392,-7.829642240607113
12,11,11,2488.9409974171513,-1962386.5184425886,-7.819612596749995
12,11,12,2467.497421209609,-1960215.0200091281,-7.810959726204602
12,11,13,2450.186548797332,-1958448.211658544,-7.803919443006348
12,11,14,2436.3238038565532,-1957024.3070868875,-7.798245544403573
12,11,15,2424.900208747896,-1955844.8360617443,-7.793545651493061
12,11,16,2414.359495088078,-1954751.5820422294,-7.789189311484555
12,11,17,2405.372921978393,-1953815.7433498744,-7.785460231632807
12,11,18,2397.2388136639834,-1952965.65865242,-7.782072859702738
12,11,19,2390.227874665756,-1952230.6371512904,-7.77914398542894
12,11,20,2384.1057061965885,-1951587.028216722,-7.776579367049821
12,11,21,2378.4338591158767,-1950989.2839329205,-7.774197507672312
12,11,22,2373.2722421385647,-1950444.0715844866,-7.772024974734662
12,11,23,2368.3509752897357,-1949923.141619616,-7.769949200937276
12,11,24,2363.985341309611,-1949460.1201248425,-7.768104177707107
12,11,25,2360.0197574793033,-1949038.7864326658,-7.766425269797876
12,11,26,2356.3649452064196,-1948649.8440689791,-7.7648754331179415
12,11,27,2352.914571715394,-1948282.1039371747,-7.763410081954975
12,11,28,2349.817756163535,-1947951.5864428328,-7.762093053562295
12,11,29,2346.8823588667274,-1947637.8944559956,-7.760843070549917
12,11,30,2344.2456636749225,-1947355.7886674732,-7.759718950527275
12,11,31,2341.8410226069313,-1947098.2340800886,-7.758692660814756
12,11,32,2339.718460923922,-1946870.6724093866,-7.757785885268738
12,11,33,2337.8747481062596,-1946672.838762523,-7.756997568358416
12,11,34,2336.078714058379,-1946479.971057533,-7.756229039467052
12,11,35,2334.5272279032256,-1946313.2447996563,-7.755564677612724
12,11,36,2332.9924453763033,-1946148.2044958326,-7.754907033857723
12,11,37,2331.527689405905,-1945990.593095078,-7.754278992397414
12,11,38,2330.0700219153578,-1945833.6461017928,-7.753653598432372
12,11,39,2328.6925939031553,-1945685.2482372795,-7.753062270577348
12,11,40,2327.3108646393157,-1945536.2987598437,-7.752468744684721
12,11,41,2325.932506366296,-1945387.624538592,-7.751876315618182
12,11,42,2324.7796625398078,-1945263.207363939,-7.7513805447305275
12,11,43,2323.49842257478,-1945124.8610171159,-7.750829269624342
12,11,44,2322.4638344030045,-1945013.092072921,-7.750383898727356
12,11,45,2321.413744215318,-1944899.5974842885,-7.749931651574925
12,11,46,2320.307957022902,-1944780.0276093334,-7.749455195947247
12,11,47,2319.2060345572063,-1944660.818932767,-7.748980179603546
12,11,48,2318.3219549395753,-1944565.1360725053,-7.748598907671455
12,11,49,2317.535359195054,-1944479.9730932433,-7.74825955479721
12,11,50,2316.843894271062,-1944405.0858409374,-7.747961148088866
12,11,51,2316.1297471760467,-1944327.7185913853,-7.747652859220445
12,11,52,2315.28896639544,-1944236.601878462,-7.74728978222748
12,11,53,2314.4733761950583,-1944148.1834859445,-7.746937457357015
12,11,54,2313.657100340554,-1944059.659559153,-7.746584711959232
12,11,55,2312.9079737083603,-1943978.3903795914,-7.746260874889289
12,11,56,2312.1904599904306,-1943900.5260512377,-7.745950605287908
12,11,57,2311.409216605577,-1943815.7183205895,-7.745612667989295
12,11,58,2310.8514439511455,-1943755.151873564,-7.745371326058106
12,11,59,2310.270939404866,-1943692.101528604,-7.7451200864235865
12,11,60,2309.743368535988,-1943634.7867264014,-7.744891701472369
12,11,61,2309.363793630922,-1943593.5419679142,-7.744727351569847
12,11,62,2308.9505664130834,-1943548.632827869,-7.7445484000361375
12,11,63,2308.4683517596814,-1943496.2160359952,-7.744339532413901
12,11,64,2307.9657277799706,-1943441.5690923147,-7.744121778202301
12,11,65,2307.4410115318315,-1943384.5075055514,-7.743894402250391
12,11,66,2306.884297469257,-1943323.952047354,-7.743653104106895
12,11,67,2306.3405355212453,-1943264.7913202015,-7.743417363612895
12,11,68,2305.7592212453264,-1943201.529510957,-7.743165281346832
12,11,69,2305.199036720405,-1943140.5520652083,-7.742922301689964
12,11,70,2304.6072517917837,-1943076.1187411798,-7.742665551234594
12,11,71,2303.84204925969,-1942992.7792397265,-7.742333464456965
12,11,72,2303.19963044566,-1942922.790943303,-7.742054578845392
12,11,73,2302.616413472385,-1942859.235481535,-7.7418013264484955
12,11,74,2302.0465026763827,-1942797.1144937593,-7.741553790066662
12,11,75,2301.453722615615,-1942732.48440828,-7.741296255566811
12,11,76,2300.871563870489,-1942668.9961479397,-7.74104327095056
12,11,77,2300.4508524894704,-1942623.1047902878,-7.740860405528787
12,11,78,2300.030868182384,-1942577.2843704075,-7.7406778227760435
12,11,79,2299.6383672920706,-1942534.4548358794,-7.740507157942912
12,11,80,2299.284176019487,-1942495.7993558045,-7.740353125658198
12,11,81,2298.910413007434,-1942455.001411043,-7.740190556195058
12,11,82,2298.4610779328714,-1942405.94564825,-7.739995081421319
12,11,83,2298.021006929841,-1942357.891985903,-7.739803599763716
12,11,84,2297.699027935225,-1942322.7275798596,-7.739663478523649
12,11,85,2297.2999646095045,-1942279.1376964026,-7.739489783892869
12,11,86,2296.9501582542366,-1942240.9219478818,-7.739337503826878
12,11,87,2296.694378723792,-1942212.9747860276,-7.739226141474545
12,11,88,2296.4209144215592,-1942183.0918953982,-7.739107065733963
12,11,89,2296.138240141904,-1942152.1988412635,-7.738983964747999
12,11,90,2295.873934083988,-1942123.309782205,-7.738868849174181
12,11,91,2295.697065693293,-1942103.9759373192,-7.738791808705552
12,11,92,2295.503262102384,-1942082.7891607378,-7.738707384774036
12,11,93,2295.2850279524914,-1942058.9294729738,-7.738612309969333
12,11,94,2295.000136296609,-1942027.7786608483,-7.738488181883144
12,11,95,2294.7247022863467,-1941997.6582961523,-7.738368159868632
12,11,96,2294.423107151634,-1941964.672908244,-7.738236721463215
12,11,97,2294.2660432607804,-1941947.4931509842,-7.738168264487479
12,11,98,2294.039576573486,-1941922.7199971457,-7.738069549752131
12,11,99,2293.729839132488,-1941888.8339091341,-7.7379345222852285
12,11,100,2293.42008400696,-1941854.9413098262,-7.737799468872461
12,11,101,2293.139351914213,-1941824.2203806103,-7.737677053760645
12,11,102,2292.901116135236,-1941798.146935836,-7.737573157695684
12,11,103,2292.769157328118,-1941783.703687895,-7.737515605015581
12,11,104,2292.5889474542073,-1941763.977887503,-7.737437002703663
12,11,105,2292.4237941267224,-1941745.898817298,-7.737364962193913
12,11,106,2292.295362604161,-1941731.8387239687,-7.737308936287765
12,11,107,2292.134271037241,-1941714.2020452074,-7.737238658595725
12,11,108,2291.9196577532953,-1941690.7037588542,-7.737145023883989
12,11,109,2291.6840344617394,-1941664.9025254135,-7.737042212512158
12,11,110,2291.521977098412,-1941647.1553721577,-7.736971494607274
12,11,111,2291.230034379473,-1941615.1811048037,-7.736844085260836
12,11,112,2290.998513194958,-1941589.8214522465,-7.736743033476837
12,11,113,2290.7874088170497,-1941566.6959189693,-7.736650884091575
12,11,114,2290.580222081392,-1941543.9974735074,-7.736560436542943
12,11,115,2290.440825795714,-1941528.724688986,-7.736499578369944
12,11,116,2290.2893490580036,-1941512.127270571,-7.736433441866818
12,11,117,2290.146616588262,-1941496.4869635394,-7.736371119209823
12,11,118,2289.993069633063,-1941479.6605408143,-7.736304070182598
12,11,119,2289.805761480466,-1941459.1328740714,-7.736222272636632
12,11,120,2289.6138310624633,-1941438.0968973648,-7.736138449604374
12,11,121,2289.4505929313873,-1941420.20426783,-7.736067152013412
12,11,122,2289.2271226461553,-1941395.7074869252,-7.735969538554116
12,11,123,2289.029111029863,-1941373.999483404,-7.735883037665433
12,11,124,2288.66535767975,-1941334.1163281167,-7.735724113406348
12,11,125,2288.336400418903,-1941298.0428757498,-7.735580369847224
12,11,126,2288.138510423049,-1941276.3397611526,-7.735493888439663
12,11,127,2288.0075963255304,-1941261.9810372773,-7.735436672566524
12,11,128,2287.856265691349,-1941245.3819936337,-7.735370529587275
12,11,129,2287.7125279485463,-1941229.6147767655,-7.735307701226766
12,11,130,2287.5616394898043,-1941213.0621009832,-7.735241743011684
12,11,131,2287.4233505137927,-1941197.8906472456,-7.735181288616159
12,11,132,2287.3083601919748,-1941185.2745516913,-7.735131016674933
12,11,133,2287.1820713243415,-1941171.4181120126,-7.735075802276934
12,11,134,2287.0850145835057,-1941160.7685071442,-7.735033366302371
12,42,1,5083.087441331335,-2141585.2561329305,-8.533674120000361
12,42,2,3711.1312697507146,-2062638.6794717822,-8.219092033582575
12,42,3,3226.9926908680677,-2027558.3775363294,-8.079305927056545
12,42,4,2981.0216409230184,-2007661.3587526574,-8.000021353270311
12,42,5,2835.42300040794,-1995094.7015970221,-7.949946411524771
12,42,6,2740.423651812987,-1986542.4367092866,-7.915867804880065
12,42,7,2671.6307186118524,-1980162.2354634749,-7.890444320993137
12,42,8,2618.981151876334,-1975167.269348604,-7.870540647794658
12,42,9,2577.3943869664085,-1971150.3492834484,-7.854534240062833
12,42,10,2544.447697838978,-1967921.699836518,-7.841668890831967
12,42,11,2517.9899457297656,-1965298.5293334897,-7.83121622163753
12,42,12,2496.5748541637954,-1963155.0532710145,-7.822675013133781
12,42,13,2479.2574338312775,-1961408.2317747471,-7.815714372481131
12,42,14,2464.1753387626027,-1959876.919729028,-7.809612482333738
12,42,15,2451.373981144879,-1958569.8033286468,-7.804403954974943
12,42,16,2440.201880731935,-1957423.4563199808,-7.799836052869539
12,42,17,2430.473062723063,-1956420.9183734385,-7.795841193405399
12,42,18,2421.4150505099387,-1955483.8917319155,-7.792107379877491
12,42,19,2413.4974666547305,-1954661.9637815556,-7.788832205443784
12,42,20,2406.874441276978,-1953972.3507569334,-7.786084272432861
12,42,21,2401.0985280271216,-1953369.3912278374,-7.7836816316254875
12,42,22,2395.5846772165537,-1952792.4341897585,-7.781382604150346
12,42,23,2390.607781176458,-1952270.521474982,-7.77930291434382
12,42,24,2386.2834828644955,-1951816.1618641268,-7.777492406524332
12,42,25,2382.379104557765,-1951405.2159153593,-7.77585489113816
12,42,26,2378.6800103352284,-1951015.2548780376,-7.774300995302134
12,42,27,2375.2656512145486,-1950654.7722262857,-7.772864563356613
12,42,28,2372.221582824103,-1950332.9470846502,-7.771582171785008
12,42,29,2369.252131781756,-1950018.612484264,-7.77032962812061
12,42,30,2366.430020588427,-1949719.5093688967,-7.769137778061169
12,42,31,2364.0118656254576,-1949462.9358890827,-7.768115397813501
12,42,32,2361.6267093492415,-1949209.6064374363,-7.767105944195365
12,42,33,2359.393695978537,-1948972.2042107354,-7.766159956529347
12,42,34,2357.365831771922,-1948756.4176114567,-7.765300101656685
12,42,35,2355.640098419977,-1948572.6347388804,-7.764567773518493
12,42,36,2354.07082584305,-1948405.3973185823,-7.76390137481155
12,42,37,2352.507453555412,-1948238.6777995059,-7.763237039809632
12,42,38,2350.9223109703553,-1948069.5235173353,-7.762563002894262
12,42,39,2349.655914657231,-1947934.3014182711,-7.762024177123058
12,42,40,2348.551092303138,-1947816.2721751083,-7.761553860522354
12,42,41,2347.1418144008535,-1947665.6370410956,-7.760953617715766
12,42,42,2345.736500373412,-1947515.335507891,-7.760354704223795
12,42,43,2344.29444812038,-1947361.0111025115,-7.759739760606445
12,42,44,2342.9913864983837,-1947221.4794181068,-7.759183762230609
12,42,45,2341.776252660626,-1947091.2930896273,-7.758665002728066
12,42,46,2340.755198742233,-1946981.8477458346,-7.758228890789397
12,42,47,2339.8376817912986,-1946883.4596525815,-7.757836839189907
12,42,48,2338.885318127533,-1946781.29402693,-7.757429735081827
12,42,49,2338.0744186482875,-1946694.2712967354,-7.757082971571765
12,42,50,2337.3873504358903,-1946620.5140564304,-7.756789067674663
12,42,51,2336.8402742784406,-1946561.769552356,-7.7565549857240725
12,42,52,2336.3821417131294,-1946512.5651429242,-7.756358918631177
12,42,53,2335.875983434732,-1946458.1914503044,-7.756142253255755
12,42,54,2335.3691242695227,-1946403.7306574795,-7.7559252408081045
12,42,55,2334.9732273523646,-1946361.184267773,-7.75575570423528
12,42,56,2334.603173215513,-1946321.4086357886,-7.755597208429287
12,42,57,2334.2121062114816,-1946279.3675626311,-7.755429685414757
12,42,58,2333.800909449275,-1946235.1548726608,-7.755253509057969
12,42,59,2333.357928170782,-1946187.5159313225,-7.755063679958409
12,42,60,2332.933540254991,-1946141.8680676185,-7.7548817847982665
12,42,61,2332.3533236213507,-1946079.445571113,-7.75463304698061
12,42,62,2331.7993979942767,-1946019.8370966292,-7.754395522327049
12,42,63,2331.373224633979,-1945973.966528699,-7.754212739747045
12,42,64,2331.027432946241,-1945936.7415662336,-7.754064407712212
12,42,65,2330.590514037797,-1945889.698732576,-7.753876953950582
12,42,66,2330.245121822498,-1945852.5042888732,-7.7537287435252775
12,42,67,2329.8749912749536,-1945812.6397146727,-7.7535698933071115
12,42,68,2329.5232123949954,-1945774.745819931,-7.753418895746805
12,42,69,2329.102300115342,-1945729.397301159,-7.7532381934003
12,42,70,2328.629566029334,-1945678.4557992266,-7.753035204434332
12,42,71,2328.062204584133,-1945617.303662078,-7.752791528676538
12,42,72,2327.5875586347665,-1945566.1332648247,-7.752587627620767
12,42,73,2327.2247628369155,-1945527.0141171825,-7.752431747738387
12,42,74,2326.8373270420843,-1945485.2313806782,-7.752265254129903
12,42,75,2326.428513000935,-1945441.1355782393,-7.7520895435402855
12,42,76,2326.0556465996683,-1945400.9104295003,-7.751929256524027
12,42,77,2325.830854834694,-1945376.6565845327,-7.751832611102829
12,42,78,2325.632686675296,-1945355.2733418762,-7.7517474043038295
12,42,79,2325.3781268630196,-1945327.8025105088,-7.751637940007686
12,42,80,2324.9968940472627,-1945286.656132624,-7.751473982126914
12,42,81,2324.5944644427045,-1945243.2146691761,-7.751300878912229
12,42,82,2324.2877166831854,-1945210.0968164976,-7.751168912668296
12,42,83,2323.936580951059,-1945172.1812752276,-7.751017828852064
12,42,84,2323.593015863774,-1945135.0776648165,-7.750869980374393
12,42,85,2323.3769732353053,-1945111.7431435785,-7.750776998225108
12,42,86,2323.1698688336646,-1945089.3719930775,-7.750687854863891
12,42,87,2322.9124989671914,-1945061.5684525745,-7.75057706480622
12,42,88,2322.657802837147,-1945034.0507216528,-7.750467413627246
12,42,89,2322.4688141138963,-1945013.6301618023,-7.750386042875084
12,42,90,2322.244096386132,-1944989.3468582109,-7.75028928006874
12,42,91,2322.057480581527,-1944969.1791142668,-7.750208916723849
12,42,92,2321.873912830219,-1944949.3391949027,-7.750129859676768
12,42,93,2321.7141849563945,-1944932.0746024353,-7.750061064654245
12,42,94,2321.5826463026883,-1944917.8560214888,-7.750004407215136
12,42,95,2321.416367801201,-1944899.881107521,-7.7499327817415775
12,42,96,2321.1989622704186,-1944876.3773554547,-7.749839125250361
12,42,97,2320.97582781176,-1944852.251958667,-7.7497429916625835
12,42,98,2320.8131502589504,-1944834.6617274738,-7.749672899052323
12,42,99,2320.6983043767764,-1944822.242765099,-7.749623412636822
12,42,100,2320.527723293832,-1944803.795692452,-7.749549905730671
12,42,101,2320.2608353661017,-1944774.93103167,-7.749434887377798
12,42,102,2320.059855656836,-1944753.1923337274,-7.74934826417963
12,42,103,2319.914357453581,-1944737.4535425492,-7.749285549088286
12,42,104,2319.744385027024,-1944719.0660823334,-7.749212279722556
12,42,105,2319.5897654632195,-1944702.3383103604,-7.74914562379356
12,42,106,2319.5072562925798,-1944693.4114636742,-7.749110052573445
12,97,1,4870.199487934317,-2130848.32636334,-8.49089017785254
12,97,2,3533.207723123878,-2050309.0132840017,-8.16996144074085
12,97,3,3077.4439438527825,-2015650.1456584465,-8.031854643060152
12,97,4,2851.185293856854,-1996485.9238521461,-7.9554900793847
12,97,5,2717.940767714463,-1984475.0521889164,-7.907629801874092
12,97,6,2630.4268922251467,-1976261.6377758477,-7.87490142843534
12,97,7,2568.502637849675,-1970283.0762334156,-7.851078376906863
12,97,8,2523.0431048509395,-1965801.650842749,-7.833221033255693
12,97,9,2488.307259745276,-1962322.6112804126,-7.8193579429161675
12,97,10,2461.337628834189,-1959587.7546191271,-7.808460232705711
12,97,11,2439.214294610337,-1957321.8697183074,-7.799431256025165
12,97,12,2421.3816054753925,-1955480.4254432681,-7.792093567596314
12,97,13,2406.853208883466,-1953970.1369142877,-7.786075450831368
12,97,14,2394.2309696616967,-1952650.5822184365,-7.780817360019591
12,97,15,2383.3218457328626,-1951504.503513399,-7.776250527036102
12,97,16,2373.826263157827,-1950502.6486093395,-7.77225838932303
12,97,17,2365.497160214342,-1949620.561166616,-7.768743494569253
12,97,18,2358.5430395942535,-1948881.707797363,-7.765799351272779
12,97,19,2352.4379747621047,-1948231.2659432797,-7.763207505442286
12,97,20,2346.8671559403556,-1947636.2687702698,-7.760836592604589
12,97,21,2341.5227490328252,-1947064.1248434996,-7.758556744157364
12,97,22,2336.4427149184817,-1946519.071387161,-7.756384844364417
12,97,23,2331.819703525725,-1946022.0224445937,-7.754404230384464
12,97,24,2327.6119912017434,-1945568.76753373,-7.75259812451428
12,97,25,2323.5700577456278,-1945132.5980873348,-7.750860099886972
12,97,26,2319.7410274474382,-1944718.7028489034,-7.749210832329457
12,97,27,2316.7528446032265,-1944395.223285872,-7.747921848308165
12,97,28,2314.129726085736,-1944110.9189382016,-7.746788967584892
12,97,29,2311.70661558438,-1943848.005790052,-7.745741325366704
12,97,30,2309.5329539828713,-1943611.9238356124,-7.744800598650814
12,97,31,2307.320209466636,-1943371.3687438993,-7.743842047617318
12,97,32,2305.0722868719404,-1943126.7529807307,-7.742867315837896
12,97,33,2303.0809086314403,-1942909.85466203,-7.742003031045279
12,97,34,2301.2472282137146,-1942709.9666665427,-7.7412065280766935
12,97,35,2299.6469319292974,-1942535.3894835582,-7.740510882276877
12,97,36,2298.2493539323664,-1942382.8275420216,-7.739902961630963
12,97,37,2297.0796498690866,-1942255.0693646614,-7.7393938776948294
12,97,38,2295.8848314743427,-1942124.5009494813,-7.738873595673686
12,97,39,2294.6557119783492,-1941990.1132250696,-7.738338094673867
12,97,40,2293.431664718994,-1941856.208523553,-7.737804518397786
12,97,41,2292.159387380973,-1941716.951922394,-7.73724961615892
12,97,42,2290.835273267592,-1941571.9394406423,-7.736671778195636
12,97,43,2289.626403587521,-1941439.474926474,-7.736143940700893
12,97,44,2288.338312378945,-1941298.252556265,-7.7355812053709005
12,97,45,2287.143347077229,-1941167.1691266457,-7.735058871147829
12,97,46,2286.4095986598486,-1941086.6456013492,-7.734738005321028
12,97,47,2285.5500729019655,-1940992.2860602955,-7.734362006480375
12,97,48,2284.6358567199763,-1940891.8836009747,-7.733961928142968
12,97,49,2283.859643755587,-1940806.6056013538,-7.7336221169417625
12,97,50,2283.0775180830856,-1940720.64868653,-7.733279600435653
12,97,51,2282.223616430416,-1940626.7698411993,-7.7329055170455465
12,97,52,2281.4336958258227,-1940539.893858371,-7.732559338286523
12,97,53,2280.5669202801487,-1940444.5307001702,-7.7321793402860655
12,97,54,2279.9633466165137,-1940378.1037594748,-7.731914645773877
12,97,55,2279.3312061660517,-1940308.5140147428,-7.731637348289718
12,97,56,2278.837715949932,-1940254.1742889595,-7.731420818263525
12,97,57,2278.30831695863,-1940195.8674529274,-7.731188480309086
12,97,58,2277.7582807690387,-1940135.2733287015,-7.730947028091273
12,97,59,2277.3137350927227,-1940086.28975643,-7.730751840978455
12,97,60,2276.802944391662,-1940029.9949745764,-7.730527520549642
12,97,61,2276.357501407841,-1939980.891923376,-7.730331857343592
12,97,62,2275.8918893543378,-1939929.5552787906,-7.730127293834364
12,97,63,2275.598106517254,-1939897.1584770333,-7.729998200795488
12,97,64,2275.205682519725,-1939853.8775297732,-7.729825737197102
12,97,65,2274.776171661627,-1939806.4976675275,-7.729636940462021
12,97,66,2274.4767877855234,-1939773.4669786766,-7.7295053215438365
12,97,67,2274.1651018229218,-1939739.074394632,-7.729368275818693
12,97,68,2273.933860990483,-1939713.5553783963,-7.729266589010852
12,97,69,2273.5974343837447,-1939676.4237539533,-7.729118628904367
12,97,70,2273.254547722775,-1939638.5734750004,-7.728967805141918
12,97,71,2273.012685268269,-1939611.8715356106,-7.728861404685307
12,97,72,2272.7488948972305,-1939582.74548531,-7.728745344761493
12,97,73,2272.4543532344132,-1939550.2200785708,-7.728615739264379
12,97,74,2272.116804499954,-1939512.9403375483,-7.728467188950889
12,97,75,2271.767999471103,-1939474.411603844,-7.728313661718318
12,97,76,2271.454274538808,-1939439.7527369824,-7.7281755549236815
12,97,77,2271.191633613833,-1939410.7337115002,-7.728059921466627
12,97,78,2270.880225963733,-1939376.322133619,-7.727922800055863
12,97,79,2270.5758151614605,-1939342.6791692798,-7.727788741375135
12,97,80,2270.3025250448204,-1939312.4717676512,-7.72766837254052
12,97,81,2270.07659007507,-1939287.4958963362,-7.727568850027439
12,97,82,2269.8834630928654,-1939266.1447974124,-7.7274837713130635
12,97,83,2269.727769775382,-1939248.930844108,-7.727415178074763
12,97,84,2269.5321577879217,-1939227.3016806098,-7.727328991343576
12,97,85,2269.3410984008956,-1939206.174106469,-7.727244803318771
12,97,86,2269.144043133946,-1939184.3816373446,-7.727157965856081
12,97,87,2268.931878453119,-1939160.9160925786,-7.727064461611266
12,97,88,2268.706671889233,-1939136.0057066707,-7.726965200040926
12,97,89,2268.5667995328745,-1939120.5330016785,-7.726903545235553
12,97,90,2268.409917081957,-1939103.1775018778,-7.726834387970361
12,97,91,2268.2744931762604,-1939088.1949401484,-7.726774686261584
12,97,92,2268.1117939658775,-1939070.1936046479,-7.726702955504918
12,97,93,2267.9858105618023,-1939056.2536854038,-7.726647408462023
12,97,94,2267.876088259849,-1939044.1124075826,-7.726599028549044
12,97,95,2267.7278826869256,-1939027.7118460627,-7.726533676470721
12,97,96,2267.6023172583878,-1939013.815824442,-7.7264783043487215
12,97,97,2267.474711835739,-1938999.6932532687,-7.726422029484209
12,97,98,2267.375530424672,-1938988.7159252197,-7.726378287615885
12,2026,1,5063.563540793248,-2140619.486133967,-8.529825771482633
12,2026,2,3675.0276315859564,-2060185.2979498024,-8.20931593041757
12,2026,3,3187.0884489630516,-2024435.7547251799,-8.066863067079938
12,2026,4,2936.8496864141234,-2003914.9214110996,-7.98509275059512
12,2026,5,2785.8880666346404,-1990671.726242778,-7.932321976445279
12,2026,6,2685.942331994482,-1981502.9948217594,-7.895786907007015
12,2026,7,2614.0240015213694,-1974691.8133086136,-7.868646076055315
12,2026,8,2562.1131111779905,-1969658.0061239526,-7.848587631044174
12,2026,9,2522.7954926984926,-1965777.0206443032,-7.8331228881613315
12,2026,10,2491.9888331329603,-1962693.6401364151,-7.820836398811012
12,2026,11,2466.8379081204002,-1960147.9352180602,-7.810692410325514
12,2026,12,2445.65629428748,-1957983.777058844,-7.802068788911423
12,2026,13,2428.7946494980283,-1956247.5549823225,-7.795150384258349
12,2026,14,2414.200041996068,-1954735.0073808553,-7.789123265662465
12,2026,15,2402.261498892295,-1953490.9126975914,-7.784165863863496
12,2026,16,2391.815954719927,-1952397.3189446928,-7.779808170103615
12,2026,17,2382.5808544878078,-1951426.4671148066,-7.7759395717784585
12,2026,18,2374.5681762629856,-1950581.0701857363,-7.772570879416539
12,2026,19,2367.815314064406,-1949866.3750592861,-7.769723000590883
12,2026,20,2361.912963679729,-1949240.023257481,-7.767227147509258
12,2026,21,2356.1052292565982,-1948622.1823403009,-7.764765208144427
12,2026,22,2350.686659771217,-1948044.3668875943,-7.762462760104697
12,2026,23,2345.9808698075026,-1947541.4778414068,-7.76045887479292
12,2026,24,2341.921955156257,-1947106.9068459307,-7.7587272195871435
12,2026,25,2338.2499645560574,-1946713.1127930847,-7.75715805015634
12,2026,26,2334.9600386184848,-1946359.7667721047,-7.755750055874531
12,2026,27,2331.7572906982036,-1946015.305310524,-7.754377464308723
12,2026,28,2328.890001570299,-1945706.5214342384,-7.753147038872151
12,2026,29,2326.066760035744,-1945402.1094497899,-7.7519340343157985
12,2026,30,2323.470069950752,-1945121.7986811094,-7.750817066991992
12,2026,31,2321.092478601847,-1944864.8645832133,-7.749793249772724
12,2026,32,2319.050544223019,-1944643.993046942,-7.748913132715732
12,2026,33,2317.147776740077,-1944437.9997684108,-7.748092301742573
12,2026,34,2315.135494934231,-1944219.9663679048,-7.747223493936829
12,2026,35,2313.18288906232,-1944008.217693672,-7.74637972917142
12,2026,36,2311.5508048547263,-1943831.090533236,-7.745673922358157
12,2026,37,2310.196993876464,-1943684.0689447874,-7.745088078614215
12,2026,38,2308.7527931298314,-1943527.1361720595,-7.744462741314486
12,2026,39,2307.2336061760625,-1943361.949110772,-7.743804512768211
12,2026,40,2306.0023384328697,-1943227.9887974146,-7.743270714893048
12,2026,41,2304.819268484898,-1943099.2049420585,-7.742757543890223
12,2026,42,2303.7373917814284,-1942981.3786650375,-7.742288036058119
12,2026,43,2302.6321224154544,-1942860.9475581776,-7.741808148639718
12,2026,44,2301.6371179461266,-1942752.4815552311,-7.74137593912595
12,2026,45,2300.565725933976,-1942635.636062248,-7.740910339469503
12,2026,46,2299.5683249166714,-1942526.8110722564,-7.740476699483403
12,2026,47,2298.550710215808,-1942415.7319398099,-7.740034077311292
12,2026,48,2297.549780111489,-1942306.426052922,-7.73959852107302
12,2026,49,2296.630741431441,-1942206.021120193,-7.739198432879708
12,2026,50,2295.879248787728,-1942123.8907202708,-7.738871164065042
12,2026,51,2295.1697845150793,-1942046.328914419,-7.738562099939109
12,2026,52,2294.3960025429983,-1941961.708271327,-7.738224908136959
12,2026,53,2293.732616794238,-1941889.1378129444,-7.737935733264839
12,2026,54,2293.2300066793373,-1941834.1412771258,-7.737716586017229
12,2026,55,2292.6929002395427,-1941775.3567645364,-7.737482344642853
12,2026,56,2292.200034623924,-1941721.4021450796,-7.737267349167705
12,2026,57,2291.731698272644,-1941670.1220244472,-7.7370630108920935
12,2026,58,2291.104551866632,-1941601.4367068815,-7.736789317320822
12,2026,59,2290.535864021261,-1941539.1375374186,-7.736541070930154
12,2026,60,2290.0055496025693,-1941481.0281987407,-7.736309519952584
12,2026,61,2289.551633729021,-1941431.2795607434,-7.736111284246876
12,2026,62,2289.094217812497,-1941381.13734391,-7.735911480229323
12,2026,63,2288.643927305517,-1941331.7664312269,-7.735714749663197
12,2026,64,2288.2594596801678,-1941289.6048062488,-7.735546746280234
12,2026,65,2287.831595806332,-1941242.6759172922,-7.7353597465593396
12,2026,66,2287.441922641023,-1941199.928217777,-7.735189407817981
12,2026,67,2287.1602304893245,-1941169.021653649,-7.735066252998119
12,2026,68,2286.8596681254035,-1941136.0404988036,-7.734934831460384
12,2026,69,2286.5862042667754,-1941106.0291368824,-7.734815243794285
12,2026,70,2286.30838038483,-1941075.5356073526,-7.734693734812548
12,2026,71,2285.9846331102635,-1941039.996920449,-7.734552122158174
12,2026,72,2285.6157092353305,-1940999.4929296582,-7.734390724027057
12,2026,73,2285.3199980317677,-1940967.0222053388,-7.734261336425519
12,2026,74,2284.9299063205212,-1940924.1815520416,-7.734090627286912
12,2026,75,2284.514678385816,-1940878.5723515514,-7.73390888618987
12,2026,76,2284.244491856242,-1940848.890243804,-7.733790610518152
12,2026,77,2283.947887938536,-1940816.3019360919,-7.733660754376614
12,2026,78,2283.7123022269516,-1940790.414772418,-7.7335576005945965
12,2026,79,2283.468076808504,-1940763.5754215235,-7.733450652587988
12,2026,80,2283.1937066114115,-1940733.4198615544,-7.733330490329237
12,2026,81,2282.8725607271385,-1940698.1186621876,-7.733189824002469
12,2026,82,2282.6160484853453,-1940669.9185950134,-7.733077453886576
12,2026,83,2282.40770607709,-1940647.0118201112,-7.732986176197959
12,2026,84,2282.164646571402,-1940620.2853363515,-7.732879677938258
12,2026,85,2281.928576972637,-1940594.3247279902,-7.7327762314977875
12,2026,86,2281.7264635487995,-1940572.096151076,-7.7326876562561555
12,2026,87,2281.564314798171,-1940554.2614935865,-7.732616589669092
12,2026,88,2281.3851194573917,-1940534.5504160007,-7.732538046023824
12,2026,89,2281.1905841865546,-1940513.1502284033,-7.732452771703532
12,2026,90,2281.01839671649,-1940494.2069265393,-7.7323772874498
12,2026,91,2280.8386050739855,-1940474.425521189,-7.732298463566225
12,2026,92,2280.640905728994,-1940452.6720377263,-7.732211781451508
12,2026,93,2280.484750205853,-1940435.4884192108,-7.732143309089648
12,2026,94,2280.3419212028866,-1940419.7702432345,-7.7320806761446566
12,2026,95,2280.2027235131804,-1940404.4507420135,-7.732019631817457
12,2026,96,2280.0324237631685,-1940385.7070092878,-7.731944942796128
12,2026,97,2279.9129748190812,-1940372.5592427915,-7.7318925522810344
12,2026,98,2279.8097011556283,-1940361.1913370634,-7.731847254059713
12,2026,99,2279.6973554487254,-1940348.824236312,-7.731797974299629
12,2026,100,2279.636392702799,-1940342.1131558449,-7.731771232345959
12,31415,1,4986.9805233088455,-2136794.9337178404,-8.514585900045985
12,31415,2,3639.596494201825,-2057754.069404105,-8.199628101244855
12,31415,3,3180.657160392946,-2023928.8320139146,-8.0648431086358
12,31415,4,2944.1229994150726,-2004535.6655767057,-7.98756625866864
12,31415,5,2797.9343334537893,-1991754.5327704686,-7.9366366858484465
12,31415,6,2698.526425617346,-1982676.0249851304,-7.900461134716825
12,31415,7,2626.8471365260243,-1975919.8770515968,-7.873539598622859
12,31415,8,2572.821670679264,-1970704.7153721824,-7.852758501943291
12,31415,9,2531.757456768773,-1966666.9390986045,-7.836668987510229
12,31415,10,2499.7929009543454,-1963478.3247032508,-7.82396316780664
12,31415,11,2474.0276958415257,-1960878.3047424802,-7.813602747651909
12,31415,12,2452.261636277828,-1958660.6597009439,-7.804765994576536
12,31415,13,2433.775857950298,-1956761.714957962,-7.79719918136558
12,31415,14,2418.9530094001975,-1955228.5944088958,-7.791090084791003
12,31415,15,2406.8973231375085,-1953974.7365630558,-7.786093779265196
12,31415,16,2395.4869980059875,-1952782.201288516,-7.781341828634052
12,31415,17,2385.393794035239,-1951722.5789878531,-7.777119502495858
12,31415,18,2376.966094300629,-1950834.3670510408,-7.7735802031863654
12,31415,19,2369.2504086159265,-1950018.4299622441,-7.770328900816651
12,31415,20,2362.2490223831674,-1949275.7274879583,-7.767369419812789
12,31415,21,2356.5863106290158,-1948673.4187674574,-7.764969372312617
12,31415,22,2351.6629318182413,-1948148.5710956624,-7.7628779874467035
12,31415,23,2346.8640916187596,-1947635.941093667,-7.7608352868964285
12,31415,24,2342.2010617619258,-1947136.8137276538,-7.75884639092615
12,31415,25,2337.6558524268166,-1946649.3405084168,-7.756903933775176
12,31415,26,2334.1207159732753,-1946269.5417764734,-7.7553905321488275
12,31415,27,2330.780023595452,-1945910.10421191,-7.75395826461071
12,31415,28,2327.712581124023,-1945579.6126401185,-7.752641339512818
12,31415,29,2325.142495221996,-1945302.3716331543,-7.751536604410933
12,31415,30,2322.6348774037738,-1945031.5736773075,-7.750457543233731
12,31415,31,2320.3050114080725,-1944779.7090209632,-7.7494539264533895
12,31415,32,2317.905498028447,-1944520.05080506,-7.748419254314723
12,31415,33,2315.6287409691104,-1944273.4277575752,-7.747436524016366
12,31415,34,2313.5756726675113,-1944050.8271335769,-7.746549516983295
12,31415,35,2312.0062858143474,-1943880.5356393792,-7.745870948566404
12,31415,36,2310.4360202583844,-1943710.0330685764,-7.745191539062773
12,31415,37,2308.8271038148664,-1943535.2134709917,-7.744494927302254
12,31415,38,2307.4466345820674,-1943385.1190670568,-7.743896839167893
12,31415,39,2306.0490060932175,-1943233.0674815676,-7.743290952161397
12,31415,40,2304.7655554753387,-1943093.3564085115,-7.742734238967279
12,31415,41,2303.531525018661,-1942958.951623703,-7.742198669986105
12,31415,42,2302.460800451054,-1942842.274994145,-7.741733743207581
12,31415,43,2301.540771887938,-1942741.9763267532,-7.741334078454688
12,31415,44,2300.5071765016205,-1942629.249121546,-7.740884889130593
12,31415,45,2299.425352004899,-1942511.2076356998,-7.7404145237458994
12,31415,46,2298.474863591378,-1942407.4508280244,-7.740001079180993
12,31415,47,2297.504681710581,-1942301.4999918747,-7.739578891969042
12,31415,48,2296.6282831967246,-1942205.75250429,-7.739197362513459
12,31415,49,2295.834638007895,-1942119.0143766,-7.7388517330722
12,31415,50,2294.95981123436,-1942023.3690987767,-7.738470610896595
12,31415,51,2294.2431589205034,-1941944.9899478175,-7.738158289857695
12,31415,52,2293.5025849770104,-1941863.9687983787,-7.737835441124889
12,31415,53,2292.549825863638,-1941759.6954273684,-7.737419938186097
12,31415,54,2291.764040394791,-1941673.6636365312,-7.7370771233180635
12,31415,55,2291.1423147379896,-1941605.5730431303,-7.73680579957176
12,31415,56,2290.5266819770727,-1941538.1315270269,-7.736537062233876
12,31415,57,2289.9168623683304,-1941471.3089588743,-7.736270791246605
12,31415,58,2289.468486360057,-1941422.1656395425,-7.736074967582265
12,31415,59,2289.021394448162,-1941373.1534769253,-7.73587966654417
12,31415,60,2288.4936525753947,-1941315.2877937367,-7.735649086471932
12,31415,61,2287.923107361934,-1941252.71380916,-7.735399745012732
12,31415,62,2287.390534152801,-1941194.290284165,-7.735166942082368
12,31415,63,2286.8347386275336,-1941133.3047532812,-7.7349239302082875
12,31415,64,2286.3455422493953,-1941079.6146521277,-7.734709988771494
12,31415,65,2285.8686557994456,-1941027.264526753,-7.734501386798348
12,31415,66,2285.5107529623015,-1940987.9686318147,-7.734344802622819
12,31415,67,2285.089259939199,-1940941.6829692759,-7.734160365996071
12,31415,68,2284.64393059235,-1940892.7704780686,-7.733965462123266
12,31415,69,2284.222255872484,-1940846.4472903651,-7.733780875968254
12,31415,70,2283.7873699752395,-1940798.6638269385,-7.733590470984824
12,31415,71,2283.3113670058615,-1940746.3521584163,-7.733382022252482
12,31415,72,2283.010814367802,-1940713.316474335,-7.733250383429572
12,31415,73,2282.5932077251723,-1940667.40740732,-7.733067447440479
12,31415,74,2282.0968001333617,-1940612.8245286166,-7.732849948511564
12,31415,75,2281.630884203053,-1940561.5835814716,-7.732645766332366
12,31415,76,2281.2462189335947,-1940519.2706109164,-7.732477159875661
12,31415,77,2280.8362135234183,-1940474.1623825922,-7.73229741502565
12,31415,78,2280.506164100811,-1940437.8449101304,-7.732152699108335
12,31415,79,2280.124645035972,-1940395.8573499946,-7.731985389329624
12,31415,80,2279.769470423384,-1940356.762777544,-7.731829607373152
12,31415,81,2279.393965884059,-1940315.423837098,-7.73166488217941
12,31415,82,2279.054086236915,-1940278.00093536,-7.731515761406775
12,31415,83,2278.7931411847317,-1940249.2654450003,-7.731401257765276
12,31415,84,2278.5116283718935,-1940218.2613254017,-7.731277714211605
12,31415,85,2278.251497737361,-1940189.6087042694,-7.73116354078296
12,31415,86,2277.952537675441,-1940156.6750955968,-7.731032308704666
12,31415,87,2277.672783835361,-1940125.85334026,-7.730909491826329
12,31415,88,2277.455334616018,-1940101.8933539058,-7.730814017357179
12,31415,89,2277.2097063971505,-1940074.8256681694,-7.730706159494134
12,31415,90,2277.009753782938,-1940052.7891770974,-7.7306183496658685
12,31415,91,2276.865431339403,-1940036.8824049518,-7.730554965212972
12,31415,92,2276.6915228913713,-1940017.713415587,-7.730478581651785
12,31415,93,2276.5116564573473,-1939997.8861691721,-7.730399575103194
12,31415,94,2276.3641147690696,-1939981.6210122302,-7.730334762577773
12,31415,95,2276.218172541706,-1939965.531144435,-7.730270648535147
12,31415,96,2276.082719967024,-1939950.596818872,-7.730211139035261
12,31415,97,2275.8997674537086,-1939930.4239759247,-7.730130755372135
12,31415,98,2275.7121052148004,-1939909.7301409345,-7.730048295687845
12,31415,99,2275.485993999357,-1939884.7942049003,-7.729948932306731
12,31415,100,2275.312053677492,-1939865.6100789872,-7.729872488430238
12,31415,101,2275.084277037789,-1939840.4860510726,-7.729772375550683
12,31415,102,2274.906415227901,-1939820.8659378611,-7.729694194375376
12,31415,103,2274.733392687649,-1939801.7781772963,-7.729618134490356
12,31415,104,2274.5264189396526,-1939778.9430291348,-7.729527142216136
12,31415,105,2274.350199296358,-1939759.4993041204,-7.729449663903061
12,31415,106,2274.1860216373752,-1939741.382912041,-7.729377474675108
12,31415,107,2274.0203441041517,-1939723.0996885546,-7.729304620666308
12,31415,108,2273.8302729704633,-1939702.1228863061,-7.7292210334292575
12,31415,109,2273.6468451858805,-1939681.8776006831,-7.72914036110044
12,31415,110,2273.4923898243674,-1939664.8287916756,-7.72907242592028
12,31415,111,2273.3472311461046,-1939648.8050963313,-7.729008575558089
12,31415,112,2273.1520723810813,-1939627.2604066902,-7.7289227254338
12,31415,113,2272.916077224092,-1939601.2050838412,-7.728818901580116
12,31415,114,2272.6514238760647,-1939571.9825014817,-7.728702457000528
12,31415,115,2272.407878188401,-1939545.0875849864,-7.728595287579092
12,31415,116,2272.2061445644504,-1939522.8078204803,-7.7285065083678886
12,31415,117,2272.042618207302,-1939504.7462722813,-7.72843453767889
12,31415,118,2271.945589388205,-1939494.028787884,-7.72839183122162
