original_form,normalized_form,mapping_type,count
artificial intelligence,artificial_intelligence,domain_alias,132
non fungible token,nft,domain_alias,28
virtual worlds,virtual_world,domain_alias,142
metaverses,metaverse,domain_alias,258
virtual world,virtual_world,domain_alias,228
non fungible tokens,nft,domain_alias,98
contents,content,wordnet_noun,32
lists,list,wordnet_noun,25
systems,system,wordnet_noun,551
activities,activity,wordnet_noun,301
means,mean,wordnet_noun,132
participants,participant,wordnet_noun,222
items,item,wordnet_noun,129
signatures,signature,wordnet_noun,106
applications,application,wordnet_noun,529
nft,nft,adjacent_duplicate_removed,137
protocols,protocol,wordnet_noun,216
users,user,wordnet_noun,1490
researchers,researcher,wordnet_noun,127
challenges,challenge,wordnet_noun,546
operations,operation,wordnet_noun,226
gaps,gap,wordnet_noun,42
presents,present,wordnet_noun,144
results,result,wordnet_noun,365
lives,life,wordnet_noun,36
friends,friend,wordnet_noun,14
negotiations,negotiation,wordnet_noun,3
agents,agent,wordnet_noun,31
scenarios,scenario,wordnet_noun,92
goods,good,wordnet_noun,81
tickets,ticket,wordnet_noun,14
contracts,contract,wordnet_noun,168
plays,play,wordnet_noun,38
academics,academic,wordnet_noun,10
decades,decade,wordnet_noun,14
parties,party,wordnet_noun,137
situations,situation,wordnet_noun,22
tricks,trick,wordnet_noun,6
smart contract,smart_contract,domain_alias,481
properties,property,wordnet_noun,88
contributions,contribution,wordnet_noun,80
gets,get,wordnet_noun,17
dsep,dsep,adjacent_duplicate_removed,1
fair,fair,adjacent_duplicate_removed,1
requirements,requirement,wordnet_noun,99
guarantees,guarantee,wordnet_noun,27
methods,method,wordnet_noun,340
optimistic,optimistic,adjacent_duplicate_removed,1
schemes,scheme,wordnet_noun,91
protocol,protocol,adjacent_duplicate_removed,3
interactions,interaction,wordnet_noun,342
exchange,exchange,adjacent_duplicate_removed,3
disputes,dispute,wordnet_noun,53
does,doe,wordnet_noun,130
party,party,adjacent_duplicate_removed,2
secret,secret,adjacent_duplicate_removed,1
steps,step,wordnet_noun,61
ttp,ttp,adjacent_duplicate_removed,1
makes,make,wordnet_noun,121
smart contracts,smart_contract,domain_alias,448
parts,part,wordnet_noun,26
pairs,pair,wordnet_noun,26
runs,run,wordnet_noun,21
mod,mod,adjacent_duplicate_removed,15
keys,key,wordnet_noun,149
tokens,token,wordnet_noun,263
preliminaries,preliminary,wordnet_noun,8
notations,notation,wordnet_noun,8
verify,verify,adjacent_duplicate_removed,1
outputs,output,wordnet_noun,34
years,year,wordnet_noun,111
features,feature,wordnet_noun,270
smart_contract,smart_contract,adjacent_duplicate_removed,16
commitments,commitment,wordnet_noun,13
developers,developer,wordnet_noun,76
transactions,transaction,wordnet_noun,825
nodes,node,wordnet_noun,284
miners,miner,wordnet_noun,36
cases,case,wordnet_noun,160
needs,need,wordnet_noun,124
causes,cause,wordnet_noun,11
problems,problem,wordnet_noun,127
functions,function,wordnet_noun,148
stage,stage,adjacent_duplicate_removed,10
launches,launch,wordnet_noun,5
procedures,procedure,wordnet_noun,36
identities,identity,wordnet_noun,169
stages,stage,wordnet_noun,52
tries,try,wordnet_noun,4
stakes,stake,wordnet_noun,5
equals,equal,wordnet_noun,12
parameters,parameter,wordnet_noun,190
saves,save,wordnet_noun,3
finds,find,wordnet_noun,11
turns,turn,wordnet_noun,15
algorithm,algorithm,adjacent_duplicate_removed,13
processes,process,wordnet_noun,120
comments,comment,wordnet_noun,19
bytes,byte,wordnet_noun,21
couples,couple,wordnet_noun,1
line,line,adjacent_duplicate_removed,2
variables,variable,wordnet_noun,47
agreements,agreement,wordnet_noun,82
raises,raise,wordnet_noun,27
cheats,cheat,wordnet_noun,2
blocks,block,wordnet_noun,88
confirmations,confirmation,wordnet_noun,3
pass,pas,wordnet_noun,20
end,end,adjacent_duplicate_removed,30
acts,act,wordnet_noun,32
step,step,adjacent_duplicate_removed,4
models,model,wordnet_noun,467
attacks,attack,wordnet_noun,463
ones,one,wordnet_noun,31
wants,want,wordnet_noun,22
wallets,wallet,wordnet_noun,140
libraries,library,wordnet_noun,21
gr1,gr1,adjacent_duplicate_removed,1
experiments,experiment,wordnet_noun,33
tls,tl,wordnet_noun,8
shows,show,wordnet_noun,134
costs,cost,wordnet_noun,127
figs,fig,wordnet_noun,12
increases,increase,wordnet_noun,80
sizes,size,wordnet_noun,20
milliseconds,millisecond,wordnet_noun,5
dispute,dispute,adjacent_duplicate_removed,1
questions,question,wordnet_noun,58
mechanisms,mechanism,wordnet_noun,197
cryptographers,cryptographer,wordnet_noun,2
zhang,zhang,adjacent_duplicate_removed,1
communications,communication,wordnet_noun,48
cards,card,wordnet_noun,20
interests,interest,wordnet_noun,32
relationships,relationship,wordnet_noun,94
proceedings,proceeding,wordnet_noun,22
acknowledgments,acknowledgment,wordnet_noun,8
techniques,technique,wordnet_noun,250
peer,peer,adjacent_duplicate_removed,53
data protection,data_protection,domain_alias,34
identity theft,identity_theft,domain_alias,67
financial fraud,financial_fraud,domain_alias,20
nfts,nft,domain_alias,1195
solutions,solution,wordnet_noun,285
elias,elia,wordnet_noun,1
purchasers,purchaser,wordnet_noun,4
issues,issue,wordnet_noun,365
vulnerabilities,vulnerability,wordnet_noun,195
risks,risk,wordnet_noun,310
worlds,world,wordnet_noun,139
highlights,highlight,wordnet_noun,72
threats,threat,wordnet_noun,361
assets,asset,wordnet_noun,491
strategies,strategy,wordnet_noun,122
frameworks,framework,wordnet_noun,107
directions,direction,wordnet_noun,46
studies,study,wordnet_noun,343
approaches,approach,wordnet_noun,121
avatars,avatar,wordnet_noun,399
economies,economy,wordnet_noun,72
platforms,platform,wordnet_noun,498
exchanges,exchange,wordnet_noun,111
tools,tool,wordnet_noun,130
realms,realm,wordnet_noun,21
eds,ed,wordnet_noun,5
virtual reality,virtual_reality,domain_alias,150
digital identities,digital_identity,domain_alias,40
breaches,breach,wordnet_noun,61
sections,section,wordnet_noun,39
discuss,discus,wordnet_noun,70
gives,give,wordnet_noun,47
settings,setting,wordnet_noun,50
combines,combine,wordnet_noun,55
technologies,technology,wordnet_noun,645
measures,measure,wordnet_noun,176
looks,look,wordnet_noun,12
concerns,concern,wordnet_noun,237
dangers,danger,wordnet_noun,19
environments,environment,wordnet_noun,398
advances,advance,wordnet_noun,35
networks,network,wordnet_noun,359
spaces,space,wordnet_noun,145
digital assets,digital_asset,domain_alias,316
actions,action,wordnet_noun,124
communities,community,wordnet_noun,62
fosters,foster,wordnet_noun,20
connections,connection,wordnet_noun,45
behaviors,behavior,wordnet_noun,68
blurs,blur,wordnet_noun,3
boundaries,boundary,wordnet_noun,29
events,event,wordnet_noun,93
metaverse,metaverse,adjacent_duplicate_removed,58
offers,offer,wordnet_noun,164
experiences,experience,wordnet_noun,257
poses,pose,wordnet_noun,36
devices,device,wordnet_noun,333
papers,paper,wordnet_noun,59
obstacles,obstacle,wordnet_noun,21
financial crimes,financial_crime,domain_alias,17
money laundering,money_laundering,domain_alias,53
hes,he,wordnet_noun,2
profiles,profile,wordnet_noun,18
ads,ad,wordnet_noun,6
protections,protection,wordnet_noun,12
fingerprints,fingerprint,wordnet_noun,8
weaknesses,weakness,wordnet_noun,26
impacts,impact,wordnet_noun,39
incidents,incident,wordnet_noun,19
architectures,architecture,wordnet_noun,32
scams,scam,wordnet_noun,88
wash trading,wash_trading,domain_alias,7
rug pulls,rug_pull,domain_alias,5
digital twins,digital_twin,domain_alias,78
financial crime,financial_crime,domain_alias,14
digital asset,digital_asset,domain_alias,93
data privacy,data_privacy,domain_alias,69
sales,sale,wordnet_noun,57
criminals,criminal,wordnet_noun,67
dos,do,wordnet_noun,23
points,point,wordnet_noun,93
sectors,sector,wordnet_noun,50
faces,face,wordnet_noun,32
laws,law,wordnet_noun,70
variations,variation,wordnet_noun,21
regulations,regulation,wordnet_noun,148
areas,area,wordnet_noun,107
fields,field,wordnet_noun,56
scientists,scientist,wordnet_noun,8
considerations,consideration,wordnet_noun,41
insights,insight,wordnet_noun,114
remedies,remedy,wordnet_noun,14
countermeasures,countermeasure,wordnet_noun,21
defenses,defense,wordnet_noun,6
standards,standard,wordnet_noun,133
firewalls,firewall,wordnet_noun,7
insertions,insertion,wordnet_noun,1
safeguards,safeguard,wordnet_noun,12
zero knowledge proofs,zero_knowledge_proof,domain_alias,10
web 3.0,web3,domain_alias,80
deepfakes,deepfake,domain_alias,45
social engineering,social_engineering,domain_alias,48
ers,er,wordnet_noun,1
individuals,individual,wordnet_noun,170
passwords,password,wordnet_noun,18
objects,object,wordnet_noun,150
failures,failure,wordnet_noun,4
addresses,address,wordnet_noun,151
leaders,leader,wordnet_noun,9
initiatives,initiative,wordnet_noun,31
programs,program,wordnet_noun,25
principles,principle,wordnet_noun,78
extended reality,extended_reality,domain_alias,31
campaigns,campaign,wordnet_noun,16
modules,module,wordnet_noun,11
resources,resource,wordnet_noun,175
realities,reality,wordnet_noun,17
currencies,currency,wordnet_noun,75
perceptions,perception,wordnet_noun,19
controls,control,wordnet_noun,23
improvements,improvement,wordnet_noun,32
outlines,outline,wordnet_noun,28
effects,effect,wordnet_noun,71
lapses,lapse,wordnet_noun,2
consequences,consequence,wordnet_noun,29
recommendations,recommendation,wordnet_noun,29
populations,population,wordnet_noun,5
guidelines,guideline,wordnet_noun,28
ethics,ethic,wordnet_noun,30
efforts,effort,wordnet_noun,50
technologists,technologist,wordnet_noun,4
experts,expert,wordnet_noun,28
ethicists,ethicist,wordnet_noun,1
buyers,buyer,wordnet_noun,135
hazards,hazard,wordnet_noun,6
manipulations,manipulation,wordnet_noun,3
developments,development,wordnet_noun,47
investigations,investigation,wordnet_noun,15
intricacies,intricacy,wordnet_noun,9
stakeholders,stakeholder,wordnet_noun,61
acronyms,acronym,wordnet_noun,4
acronym,acronym,adjacent_duplicate_removed,1
universities,university,wordnet_noun,5
statements,statement,wordnet_noun,20
corporations,corporation,wordnet_noun,29
states,state,wordnet_noun,94
voids,void,wordnet_noun,1
trends,trend,wordnet_noun,106
ways,way,wordnet_noun,65
implications,implication,wordnet_noun,85
agencies,agency,wordnet_noun,10
planners,planner,wordnet_noun,2
companies,company,wordnet_noun,178
forms,form,wordnet_noun,88
augmented reality,augmented_reality,domain_alias,101
mixed reality,mixed_reality,domain_alias,28
horizons,horizon,wordnet_noun,4
kinds,kind,wordnet_noun,20
concepts,concept,wordnet_noun,59
days,day,wordnet_noun,18
day,day,adjacent_duplicate_removed,7
cameras,camera,wordnet_noun,13
projectors,projector,wordnet_noun,1
ios,io,wordnet_noun,3
windows,window,wordnet_noun,7
industries,industry,wordnet_noun,55
lines,line,wordnet_noun,20
prospects,prospect,wordnet_noun,17
characters,character,wordnet_noun,41
machine learning,machine_learning,domain_alias,142
purchases,purchase,wordnet_noun,21
enemies,enemy,wordnet_noun,7
doodles,doodle,wordnet_noun,1
aspects,aspect,wordnet_noun,119
organization,organization,adjacent_duplicate_removed,2
categories,category,wordnet_noun,48
uses,us,wordnet_noun,179
players,player,wordnet_noun,232
aims,aim,wordnet_noun,90
opportunities,opportunity,wordnet_noun,223
characteristics,characteristic,wordnet_noun,150
lies,lie,wordnet_noun,32
stands,stand,wordnet_noun,29
elements,element,wordnet_noun,125
opens,open,wordnet_noun,23
domains,domain,wordnet_noun,46
gaming,gaming,adjacent_duplicate_removed,1
graphics,graphic,wordnet_noun,15
arts,art,wordnet_noun,22
keeps,keep,wordnet_noun,17
real estate,real_estate,domain_alias,160
museums,museum,wordnet_noun,4
counterparts,counterpart,wordnet_noun,21
retailers,retailer,wordnet_noun,12
brands,brand,wordnet_noun,36
customers,customer,wordnet_noun,52
products,product,wordnet_noun,105
sorts,sort,wordnet_noun,8
options,option,wordnet_noun,23
ailments,ailment,wordnet_noun,1
cures,cure,wordnet_noun,1
signs,sign,wordnet_noun,11
patients,patient,wordnet_noun,9
doctors,doctor,wordnet_noun,1
conditions,condition,wordnet_noun,148
guesses,guess,wordnet_noun,4
media,medium,wordnet_noun,246
sites,site,wordnet_noun,10
sns,sn,wordnet_noun,2
builds,build,wordnet_noun,20
adaptations,adaptation,wordnet_noun,6
filmmakers,filmmaker,wordnet_noun,1
artists,artist,wordnet_noun,101
consumers,consumer,wordnet_noun,86
screenings,screening,wordnet_noun,1
promotions,promotion,wordnet_noun,5
fans,fan,wordnet_noun,10
stars,star,wordnet_noun,1
likes,like,wordnet_noun,3
concerts,concert,wordnet_noun,14
locations,location,wordnet_noun,26
investors,investor,wordnet_noun,78
halls,hall,wordnet_noun,1
malls,mall,wordnet_noun,4
cybercrimes,cybercrime,domain_alias,34
vendors,vendor,wordnet_noun,5
holes,hole,wordnet_noun,4
crimes,crime,wordnet_noun,63
advancements,advancement,wordnet_noun,78
businesses,business,wordnet_noun,152
governments,government,wordnet_noun,26
cybercrime,cybercrime,adjacent_duplicate_removed,1
intents,intent,wordnet_noun,1
organizations,organization,wordnet_noun,64
perpetrators,perpetrator,wordnet_noun,3
miscreants,miscreant,wordnet_noun,1
groups,group,wordnet_noun,82
crime,crime,adjacent_duplicate_removed,2
computers,computer,wordnet_noun,36
offenses,offense,wordnet_noun,2
types,type,wordnet_noun,200
examples,example,wordnet_noun,94
secrets,secret,wordnet_noun,6
battlegrounds,battleground,wordnet_noun,1
cyberwarfare,cyberwarfare,adjacent_duplicate_removed,1
nations,nation,wordnet_noun,17
takes,take,wordnet_noun,46
entails,entail,wordnet_noun,14
tactics,tactic,wordnet_noun,15
motivations,motivation,wordnet_noun,5
goals,goal,wordnet_noun,46
actors,actor,wordnet_noun,43
institutions,institution,wordnet_noun,49
agendas,agenda,wordnet_noun,1
capabilities,capability,wordnet_noun,100
intentions,intention,wordnet_noun,18
websites,website,wordnet_noun,23
flaws,flaw,wordnet_noun,20
intellectual property,intellectual_property,domain_alias,80
blockchains,blockchain,domain_alias,130
sybil attacks,sybil_attack,domain_alias,28
targets,target,wordnet_noun,21
hashes,hash,wordnet_noun,16
links,link,wordnet_noun,28
files,file,wordnet_noun,32
photos,photo,wordnet_noun,8
videos,video,wordnet_noun,45
images,image,wordnet_noun,121
royalties,royalty,wordnet_noun,14
periods,period,wordnet_noun,19
brokers,broker,wordnet_noun,13
avenues,avenue,wordnet_noun,26
entities,entity,wordnet_noun,206
imposters,imposter,wordnet_noun,2
values,value,wordnet_noun,335
darkverse,darkverse,adjacent_duplicate_removed,1
cyberspaces,cyberspace,wordnet_noun,63
forums,forum,wordnet_noun,12
marketplaces,marketplace,wordnet_noun,60
trades,trade,wordnet_noun,10
conversations,conversation,wordnet_noun,13
radars,radar,wordnet_noun,1
offenders,offender,wordnet_noun,6
cyber security,cybersecurity,domain_alias,7
crypto assets,cryptoasset,domain_alias,12
banks,bank,wordnet_noun,44
endeavors,endeavor,wordnet_noun,10
accounts,account,wordnet_noun,73
words,word,wordnet_noun,47
paths,path,wordnet_noun,16
decisions,decision,wordnet_noun,58
make,make,adjacent_duplicate_removed,1
rulers,ruler,wordnet_noun,1
counselors,counselor,wordnet_noun,1
casualties,casualty,wordnet_noun,1
feelings,feeling,wordnet_noun,18
eyes,eye,wordnet_noun,3
partners,partner,wordnet_noun,6
clients,client,wordnet_noun,36
comes,come,wordnet_noun,46
funds,fund,wordnet_noun,81
subscriptions,subscription,wordnet_noun,1
loans,loan,wordnet_noun,6
stores,store,wordnet_noun,47
representations,representation,wordnet_noun,34
possessions,possession,wordnet_noun,18
attackers,attacker,wordnet_noun,72
personalities,personality,wordnet_noun,2
scammers,scammer,wordnet_noun,11
exploits,exploit,wordnet_noun,23
finances,finance,wordnet_noun,8
wash_trading,wash_trading,adjacent_duplicate_removed,1
tax evasion,tax_evasion,domain_alias,3
serves,serf,wordnet_noun,55
reserves,reserve,wordnet_noun,8
security,security,adjacent_duplicate_removed,1
associations,association,wordnet_noun,12
services,service,wordnet_noun,438
permits,permit,wordnet_noun,7
programmers,programmer,wordnet_noun,1
gadgets,gadget,wordnet_noun,4
privileges,privilege,wordnet_noun,13
intermediaries,intermediary,wordnet_noun,42
calculations,calculation,wordnet_noun,17
user,user,adjacent_duplicate_removed,16
minors,minor,wordnet_noun,2
digital twin,digital_twin,domain_alias,64
automations,automation,wordnet_noun,1
classes,class,wordnet_noun,20
boasts,boast,wordnet_noun,2
glasses,glass,wordnet_noun,15
facilities,facility,wordnet_noun,10
names,name,wordnet_noun,14
buildings,building,wordnet_noun,14
headsets,headset,wordnet_noun,49
universes,universe,wordnet_noun,11
evaluations,evaluation,wordnet_noun,9
recordings,recording,wordnet_noun,3
deep fakes,deepfake,domain_alias,1
occupations,occupation,wordnet_noun,1
designers,designer,wordnet_noun,7
choices,choice,wordnet_noun,17
algorithms,algorithm,wordnet_noun,298
sounds,sound,wordnet_noun,3
moves,move,wordnet_noun,14
clones,clone,wordnet_noun,27
restrictions,restriction,wordnet_noun,29
cuts,cut,wordnet_noun,1
contexts,context,wordnet_noun,37
works,work,wordnet_noun,174
qualities,quality,wordnet_noun,6
things,thing,wordnet_noun,85
operators,operator,wordnet_noun,35
sentiments,sentiment,wordnet_noun,1
politicians,politician,wordnet_noun,3
elections,election,wordnet_noun,1
narratives,narrative,wordnet_noun,6
thoughts,thought,wordnet_noun,3
beliefs,belief,wordnet_noun,22
judgements,judgement,wordnet_noun,2
themes,theme,wordnet_noun,52
stories,story,wordnet_noun,8
anxieties,anxiety,wordnet_noun,1
fears,fear,wordnet_noun,6
forgeries,forgery,wordnet_noun,4
components,component,wordnet_noun,137
thieves,thief,wordnet_noun,1
providers,provider,wordnet_noun,107
physicians,physician,wordnet_noun,1
assaults,assault,wordnet_noun,15
amounts,amount,wordnet_noun,29
outages,outage,wordnet_noun,4
bodies,body,wordnet_noun,20
losses,loss,wordnet_noun,19
hackers,hacker,wordnet_noun,22
servers,server,wordnet_noun,107
owners,owner,wordnet_noun,48
backups,backup,wordnet_noun,2
upgrades,upgrade,wordnet_noun,20
attacks,attack,adjacent_duplicate_removed,6
constraints,constraint,wordnet_noun,41
practices,practice,wordnet_noun,86
exercises,exercise,wordnet_noun,1
debates,debate,wordnet_noun,6
shapes,shape,wordnet_noun,9
plans,plan,wordnet_noun,10
obligations,obligation,wordnet_noun,11
sanctions,sanction,wordnet_noun,13
cyberwars,cyberwar,wordnet_noun,3
wars,war,wordnet_noun,2
militaries,military,wordnet_noun,1
armies,army,wordnet_noun,2
operatives,operative,wordnet_noun,2
persons,person,wordnet_noun,7
interfaces,interface,wordnet_noun,37
possibilities,possibility,wordnet_noun,35
occurrences,occurrence,wordnet_noun,5
notions,notion,wordnet_noun,2
houses,house,wordnet_noun,4
millions,million,wordnet_noun,15
followers,follower,wordnet_noun,10
masses,mass,wordnet_noun,2
idols,idol,wordnet_noun,1
advertisements,advertisement,wordnet_noun,20
sponsorships,sponsorship,wordnet_noun,1
placements,placement,wordnet_noun,2
stalkers,stalker,wordnet_noun,1
creeps,creep,wordnet_noun,1
endorsements,endorsement,wordnet_noun,4
games,game,wordnet_noun,152
movies,movie,wordnet_noun,2
rules,rule,wordnet_noun,149
physics,physic,wordnet_noun,10
visitors,visitor,wordnet_noun,3
copies,copy,wordnet_noun,17
books,book,wordnet_noun,14
copyrights,copyright,wordnet_noun,13
students,student,wordnet_noun,36
helps,help,wordnet_noun,49
pyramids,pyramid,wordnet_noun,2
topics,topic,wordnet_noun,37
galleries,gallery,wordnet_noun,6
overlays,overlay,wordnet_noun,4
storefronts,storefront,wordnet_noun,1
suits,suit,wordnet_noun,12
parks,park,wordnet_noun,2
infections,infection,wordnet_noun,1
malfunctions,malfunction,wordnet_noun,3
burns,burn,wordnet_noun,1
thresholds,threshold,wordnet_noun,10
seizures,seizure,wordnet_noun,4
ics,ic,wordnet_noun,1
blueprints,blueprint,wordnet_noun,1
exits,exit,wordnet_noun,3
entrances,entrance,wordnet_noun,1
factories,factory,wordnet_noun,3
structures,structure,wordnet_noun,42
outfits,outfit,wordnet_noun,3
detectors,detector,wordnet_noun,1
workers,worker,wordnet_noun,18
readings,reading,wordnet_noun,7
contractors,contractor,wordnet_noun,2
trips,trip,wordnet_noun,2
culprits,culprit,wordnet_noun,2
drivers,driver,wordnet_noun,6
appropriations,appropriation,wordnet_noun,1
jobs,job,wordnet_noun,14
thousands,thousand,wordnet_noun,11
miles,mile,wordnet_noun,1
simulators,simulator,wordnet_noun,1
guards,guard,wordnet_noun,6
sensors,sensor,wordnet_noun,32
precautions,precaution,wordnet_noun,3
children,child,wordnet_noun,18
professionals,professional,wordnet_noun,18
limitations,limitation,wordnet_noun,129
concentrates,concentrate,wordnet_noun,4
sources,source,wordnet_noun,71
visions,vision,wordnet_noun,5
predecessors,predecessor,wordnet_noun,2
roots,root,wordnet_noun,5
investments,investment,wordnet_noun,33
countries,country,wordnet_noun,73
carries,carry,wordnet_noun,8
hopes,hope,wordnet_noun,6
federated learning,federated_learning,domain_alias,43
deep learning,deep_learning,domain_alias,60
access control,access_control,domain_alias,87
behaviour,behavior,domain_alias,36
footprints,footprint,wordnet_noun,6
leverages,leverage,wordnet_noun,32
patterns,pattern,wordnet_noun,146
terms,term,wordnet_noun,237
focuses,focus,wordnet_noun,55
layers,layer,wordnet_noun,45
functionalities,functionality,wordnet_noun,31
inputs,input,wordnet_noun,34
holds,hold,wordnet_noun,39
places,place,wordnet_noun,26
cross chain,cross_chain,domain_alias,68
tasks,task,wordnet_noun,97
requests,request,wordnet_noun,53
chain,chain,adjacent_duplicate_removed,10
forwards,forward,wordnet_noun,5
handles,handle,wordnet_noun,12
benefits,benefit,wordnet_noun,111
limits,limit,wordnet_noun,24
database,database,adjacent_duplicate_removed,1
sets,set,wordnet_noun,66
collects,collect,wordnet_noun,6
victims,victim,wordnet_noun,23
factors,factor,wordnet_noun,110
creators,creator,wordnet_noun,202
outcomes,outcome,wordnet_noun,49
predictions,prediction,wordnet_noun,40
attributes,attribute,wordnet_noun,307
instructions,instruction,wordnet_noun,6
behaviours,behavior,domain_alias,23
transfers,transfer,wordnet_noun,50
purposes,purpose,wordnet_noun,58
violations,violation,wordnet_noun,11
scores,score,wordnet_noun,44
intrusions,intrusion,wordnet_noun,6
perspectives,perspective,wordnet_noun,34
updates,update,wordnet_noun,94
perturbations,perturbation,wordnet_noun,2
adversaries,adversary,wordnet_noun,21
workflow,workflow,adjacent_duplicate_removed,1
pattern,pattern,adjacent_duplicate_removed,1
ethers,ether,wordnet_noun,3
scripts,script,wordnet_noun,7
combinations,combination,wordnet_noun,12
pictures,picture,wordnet_noun,9
adds,add,wordnet_noun,13
metadata,metadata,adjacent_duplicate_removed,2
goes,go,wordnet_noun,17
checks,check,wordnet_noun,56
clone,clone,adjacent_duplicate_removed,29
projects,project,wordnet_noun,153
avatar,avatar,adjacent_duplicate_removed,21
metrics,metric,wordnet_noun,83
dimensions,dimension,wordnet_noun,34
expressions,expression,wordnet_noun,32
stifles,stifle,wordnet_noun,1
authorities,authority,wordnet_noun,42
infrastructures,infrastructure,wordnet_noun,18
demands,demand,wordnet_noun,49
bottlenecks,bottleneck,wordnet_noun,11
marks,mark,wordnet_noun,19
removes,remove,wordnet_noun,4
ledgers,ledger,wordnet_noun,25
jaipur,jaipur,adjacent_duplicate_removed,1
sciences,science,wordnet_noun,31
scales,scale,wordnet_noun,15
dependencies,dependency,wordnet_noun,8
phases,phase,wordnet_noun,42
vectors,vector,wordnet_noun,31
comparisons,comparison,wordnet_noun,15
overheads,overhead,wordnet_noun,5
details,detail,wordnet_noun,80
section,section,adjacent_duplicate_removed,9
solvers,solver,wordnet_noun,1
delves,delf,wordnet_noun,15
ramifications,ramification,wordnet_noun,5
difficulties,difficulty,wordnet_noun,24
times,time,wordnet_noun,82
pandemics,pandemic,wordnet_noun,1
credentials,credential,wordnet_noun,76
verses,verse,wordnet_noun,11
labs,lab,wordnet_noun,7
perils,peril,wordnet_noun,4
models,model,adjacent_duplicate_removed,4
messages,message,wordnet_noun,67
exposes,expose,wordnet_noun,7
attempts,attempt,wordnet_noun,39
nonces,nonce,wordnet_noun,8
registers,register,wordnet_noun,3
variants,variant,wordnet_noun,6
stashes,stash,wordnet_noun,1
dui,duo,wordnet_noun,82
reaches,reach,wordnet_noun,5
calls,call,wordnet_noun,61
dui,duo,adjacent_duplicate_removed,5
returns,return,wordnet_noun,176
begins,begin,wordnet_noun,15
computations,computation,wordnet_noun,68
xui,xui,adjacent_duplicate_removed,1
bio,bio,adjacent_duplicate_removed,1
sybil attack,sybil_attack,domain_alias,12
initiates,initiate,wordnet_noun,13
channels,channel,wordnet_noun,42
sessions,session,wordnet_noun,8
attack,attack,adjacent_duplicate_removed,5
grants,grant,wordnet_noun,12
analyses,analysis,wordnet_noun,46
yields,yield,wordnet_noun,5
queries,query,wordnet_noun,18
wins,win,wordnet_noun,5
bits,bit,wordnet_noun,61
norms,norm,wordnet_noun,11
oracles,oracle,wordnet_noun,43
collisions,collision,wordnet_noun,1
hash,hash,adjacent_duplicate_removed,2
seeks,seek,wordnet_noun,24
renders,render,wordnet_noun,3
employs,employ,wordnet_noun,63
phase,phase,adjacent_duplicate_removed,7
authentications,authentication,wordnet_noun,3
message,message,adjacent_duplicate_removed,3
multiplications,multiplication,wordnet_noun,7
expenses,expense,wordnet_noun,10
allocations,allocation,wordnet_noun,2
functions,function,adjacent_duplicate_removed,1
charges,charge,wordnet_noun,5
advantages,advantage,wordnet_noun,80
lacks,lack,wordnet_noun,14
rewards,reward,wordnet_noun,34
eth,eth,adjacent_duplicate_removed,1
fees,fee,wordnet_noun,34
underscores,underscore,wordnet_noun,29
cryptocurrencies,cryptocurrency,domain_alias,261
interviews,interview,wordnet_noun,37
changes,change,wordnet_noun,88
accountants,accountant,wordnet_noun,13
auditors,auditor,wordnet_noun,13
sells,sell,wordnet_noun,3
maps,map,wordnet_noun,14
collectibles,collectible,wordnet_noun,42
months,month,wordnet_noun,17
commons,common,wordnet_noun,53
licenses,license,wordnet_noun,8
bounds,bound,wordnet_noun,9
workings,working,wordnet_noun,2
generations,generation,wordnet_noun,6
varieties,variety,wordnet_noun,2
athletes,athlete,wordnet_noun,1
payments,payment,wordnet_noun,46
market,market,adjacent_duplicate_removed,1
stems,stem,wordnet_noun,5
conceptions,conception,wordnet_noun,2
hacks,hack,wordnet_noun,15
ages,age,wordnet_noun,3
selves,self,wordnet_noun,1
expectations,expectation,wordnet_noun,23
ias,ia,wordnet_noun,2
regulators,regulator,wordnet_noun,34
courts,court,wordnet_noun,13
misstatements,misstatement,wordnet_noun,1
reports,report,wordnet_noun,16
meets,meet,wordnet_noun,9
licences,licence,wordnet_noun,1
trademarks,trademark,wordnet_noun,13
patents,patent,wordnet_noun,14
films,film,wordnet_noun,2
quotas,quota,wordnet_noun,1
liabilities,liability,wordnet_noun,3
relations,relation,wordnet_noun,24
grounds,ground,wordnet_noun,6
reviews,review,wordnet_noun,39
pacs,pac,wordnet_noun,1
firms,firm,wordnet_noun,20
managers,manager,wordnet_noun,11
boosts,boost,wordnet_noun,3
decreases,decrease,wordnet_noun,15
consultants,consultant,wordnet_noun,3
employees,employee,wordnet_noun,24
specialists,specialist,wordnet_noun,9
engagements,engagement,wordnet_noun,4
generation,generation,adjacent_duplicate_removed,1
skills,skill,wordnet_noun,39
criteria,criterion,wordnet_noun,54
subjects,subject,wordnet_noun,17
numbers,number,wordnet_noun,49
respondents,respondent,wordnet_noun,57
opinions,opinion,wordnet_noun,9
reactions,reaction,wordnet_noun,15
reaction,reaction,adjacent_duplicate_removed,1
interviewers,interviewer,wordnet_noun,1
edwards,edward,wordnet_noun,1
revelations,revelation,wordnet_noun,1
ideas,idea,wordnet_noun,20
interviewees,interviewee,wordnet_noun,2
backgrounds,background,wordnet_noun,7
thirds,third,wordnet_noun,2
interview,interview,adjacent_duplicate_removed,1
searches,search,wordnet_noun,4
databases,database,wordnet_noun,38
journals,journal,wordnet_noun,15
journal,journal,adjacent_duplicate_removed,2
materials,material,wordnet_noun,19
students,student,adjacent_duplicate_removed,1
implements,implement,wordnet_noun,15
boom,boom,adjacent_duplicate_removed,1
prices,price,wordnet_noun,92
paintings,painting,wordnet_noun,6
users,user,adjacent_duplicate_removed,8
pros,pro,wordnet_noun,2
cons,con,wordnet_noun,4
humans,human,wordnet_noun,39
risks,risk,adjacent_duplicate_removed,1
profits,profit,wordnet_noun,8
innovations,innovation,wordnet_noun,84
vacancies,vacancy,wordnet_noun,1
pcs,pc,wordnet_noun,6
believes,belief,wordnet_noun,9
suggestions,suggestion,wordnet_noun,7
frauds,fraud,wordnet_noun,14
leads,lead,wordnet_noun,37
respondents,respondent,adjacent_duplicate_removed,2
person,person,adjacent_duplicate_removed,1
buys,buy,wordnet_noun,2
positives,positive,wordnet_noun,17
loopholes,loophole,wordnet_noun,3
pilani,pilani,adjacent_duplicate_removed,2
commodities,commodity,wordnet_noun,8
levels,level,wordnet_noun,48
gan,gan,adjacent_duplicate_removed,2
mandates,mandate,wordnet_noun,4
leaks,leak,wordnet_noun,4
decentralized autonomous organization,dao,domain_alias,7
coins,coin,wordnet_noun,36
like,like,adjacent_duplicate_removed,2
cities,city,wordnet_noun,21
records,record,wordnet_noun,81
markets,market,wordnet_noun,76
thefts,theft,wordnet_noun,11
dao,dao,adjacent_duplicate_removed,32
dollars,dollar,wordnet_noun,20
bots,bot,wordnet_noun,24
compromises,compromise,wordnet_noun,4
performances,performance,wordnet_noun,8
accelerations,acceleration,wordnet_noun,1
optimizations,optimization,wordnet_noun,1
image,image,adjacent_duplicate_removed,3
differences,difference,wordnet_noun,43
seconds,second,wordnet_noun,27
extensions,extension,wordnet_noun,1
browsers,browser,wordnet_noun,2
routes,route,wordnet_noun,4
proposals,proposal,wordnet_noun,8
punks,punk,wordnet_noun,2
cats,cat,wordnet_noun,3
moments,moment,wordnet_noun,5
rookies,rookie,wordnet_noun,1
vets,vet,wordnet_noun,1
discriminator,discriminator,adjacent_duplicate_removed,2
progresses,progress,wordnet_noun,4
enoise,enoise,adjacent_duplicate_removed,1
generator,generator,adjacent_duplicate_removed,1
produces,produce,wordnet_noun,13
starts,start,wordnet_noun,12
weights,weight,wordnet_noun,48
pixels,pixel,wordnet_noun,4
transformations,transformation,wordnet_noun,8
variances,variance,wordnet_noun,11
constants,constant,wordnet_noun,3
manifests,manifest,wordnet_noun,1
neighbors,neighbor,wordnet_noun,8
strengths,strength,wordnet_noun,14
nuances,nuance,wordnet_noun,9
descriptors,descriptor,wordnet_noun,2
enhancements,enhancement,wordnet_noun,12
intensities,intensity,wordnet_noun,1
distortions,distortion,wordnet_noun,1
activations,activation,wordnet_noun,4
captures,capture,wordnet_noun,15
ranges,range,wordnet_noun,13
imperfections,imperfection,wordnet_noun,1
artifacts,artifact,wordnet_noun,49
roles,role,wordnet_noun,31
decibels,decibel,wordnet_noun,1
falls,fall,wordnet_noun,11
averages,average,wordnet_noun,1
function,function,adjacent_duplicate_removed,20
rows,row,wordnet_noun,13
cols,col,wordnet_noun,4
blocks,block,adjacent_duplicate_removed,2
state,state,adjacent_duplicate_removed,14
round,round,adjacent_duplicate_removed,3
readimage,readimage,adjacent_duplicate_removed,1
width,width,adjacent_duplicate_removed,2
height,height,adjacent_duplicate_removed,2
positions,position,wordnet_noun,11
ich,ich,adjacent_duplicate_removed,1
columns,column,wordnet_noun,4
alpha1,alpha1,adjacent_duplicate_removed,1
alpha2,alpha2,adjacent_duplicate_removed,1
errors,error,wordnet_noun,24
blends,blend,wordnet_noun,3
discussions,discussion,wordnet_noun,39
matches,match,wordnet_noun,9
audits,audit,wordnet_noun,14
observations,observation,wordnet_noun,19
centers,center,wordnet_noun,13
sec,sec,adjacent_duplicate_removed,1
minutes,minute,wordnet_noun,13
samples,sample,wordnet_noun,39
gauges,gauge,wordnet_noun,4
measurements,measurement,wordnet_noun,12
bears,bear,wordnet_noun,1
ecosystems,ecosystem,wordnet_noun,58
inspections,inspection,wordnet_noun,1
sellers,seller,wordnet_noun,37
tours,tour,wordnet_noun,2
deals,deal,wordnet_noun,10
subsets,subset,wordnet_noun,6
subsections,subsection,wordnet_noun,15
layer,layer,adjacent_duplicate_removed,10
impersonators,impersonator,wordnet_noun,4
renters,renter,wordnet_noun,4
parameters,parameter,adjacent_duplicate_removed,4
labels,label,wordnet_noun,7
ids,id,wordnet_noun,70
pandas,panda,wordnet_noun,2
tops,top,wordnet_noun,1
accuracy,accuracy,adjacent_duplicate_removed,1
matrices,matrix,wordnet_noun,5
chances,chance,wordnet_noun,14
displays,display,wordnet_noun,27
web,web,adjacent_duplicate_removed,4
imitations,imitation,wordnet_noun,1
responses,response,wordnet_noun,21
promises,promise,wordnet_noun,17
digital identity,digital_identity,domain_alias,43
identifiers,identifier,wordnet_noun,18
surveys,survey,wordnet_noun,25
lessons,lesson,wordnet_noun,24
voices,voice,wordnet_noun,3
npcs,npc,wordnet_noun,20
volumes,volume,wordnet_noun,31
disruptions,disruption,wordnet_noun,6
downtimes,downtime,wordnet_noun,1
publishers,publisher,wordnet_noun,2
mentions,mention,wordnet_noun,6
conducts,conduct,wordnet_noun,5
overviews,overview,wordnet_noun,2
solutions,solution,adjacent_duplicate_removed,1
traits,trait,wordnet_noun,17
disadvantages,disadvantage,wordnet_noun,4
mirrors,mirror,wordnet_noun,6
complexities,complexity,wordnet_noun,24
gloves,glove,wordnet_noun,15
controllers,controller,wordnet_noun,5
wearables,wearable,wordnet_noun,14
tablets,tablet,wordnet_noun,2
movements,movement,wordnet_noun,40
acoustics,acoustic,wordnet_noun,1
dynamics,dynamic,wordnet_noun,61
supports,support,wordnet_noun,37
filters,filter,wordnet_noun,9
packets,packet,wordnet_noun,18
units,unit,wordnet_noun,26
transmissions,transmission,wordnet_noun,4
planes,plane,wordnet_noun,2
specifications,specification,wordnet_noun,12
worlds,world,adjacent_duplicate_removed,1
barriers,barrier,wordnet_noun,27
personas,persona,wordnet_noun,9
avatars,avatar,adjacent_duplicate_removed,5
simulations,simulation,wordnet_noun,29
landscapes,landscape,wordnet_noun,9
schools,school,wordnet_noun,3
workplaces,workplace,wordnet_noun,46
meetings,meeting,wordnet_noun,25
signals,signal,wordnet_noun,26
commands,command,wordnet_noun,5
artificial_intelligence,artificial_intelligence,adjacent_duplicate_removed,3
machines,machine,wordnet_noun,14
preferences,preference,wordnet_noun,41
powers,power,wordnet_noun,7
assistants,assistant,wordnet_noun,9
scenes,scene,wordnet_noun,9
blockchain,blockchain,adjacent_duplicate_removed,28
senses,sens,wordnet_noun,5
digital_twin,digital_twin,adjacent_duplicate_removed,1
replicas,replica,wordnet_noun,12
interfaces,interface,adjacent_duplicate_removed,1
workspaces,workspace,wordnet_noun,3
workrooms,workroom,wordnet_noun,4
distances,distance,wordnet_noun,5
architects,architect,wordnet_noun,1
districts,district,wordnet_noun,1
locales,locale,wordnet_noun,1
ventures,venture,wordnet_noun,6
exhibitions,exhibition,wordnet_noun,3
savings,saving,wordnet_noun,8
billboards,billboard,wordnet_noun,2
commerce,commerce,adjacent_duplicate_removed,1
collaborations,collaboration,wordnet_noun,29
emirates,emirate,wordnet_noun,18
airlines,airline,wordnet_noun,2
creations,creation,wordnet_noun,17
teams,team,wordnet_noun,5
holograms,hologram,wordnet_noun,2
enterprises,enterprise,wordnet_noun,39
workflows,workflow,wordnet_noun,3
gatherings,gathering,wordnet_noun,1
anomalies,anomaly,wordnet_noun,41
compresses,compress,wordnet_noun,4
outliers,outlier,wordnet_noun,2
data,data,adjacent_duplicate_removed,8
grids,grid,wordnet_noun,1
detection,detection,adjacent_duplicate_removed,1
federated_learning,federated_learning,adjacent_duplicate_removed,1
trees,tree,wordnet_noun,10
branches,branch,wordnet_noun,7
sequences,sequence,wordnet_noun,7
clusters,cluster,wordnet_noun,20
partitions,partition,wordnet_noun,2
logs,log,wordnet_noun,33
metrics,metric,adjacent_duplicate_removed,1
rejects,reject,wordnet_noun,3
negatives,negative,wordnet_noun,8
injections,injection,wordnet_noun,4
scenario,scenario,adjacent_duplicate_removed,1
intercepts,intercept,wordnet_noun,2
crafts,craft,wordnet_noun,2
mimics,mimic,wordnet_noun,4
gains,gain,wordnet_noun,15
motives,motif,wordnet_noun,5
versions,version,wordnet_noun,16
prescriptions,prescription,wordnet_noun,2
fatalities,fatality,wordnet_noun,1
identity,identity,adjacent_duplicate_removed,2
executives,executive,wordnet_noun,1
brainwaves,brainwave,wordnet_noun,2
rates,rate,wordnet_noun,21
emotions,emotion,wordnet_noun,11
policies,policy,wordnet_noun,103
documents,document,wordnet_noun,28
duplications,duplication,wordnet_noun,1
lawsuits,lawsuit,wordnet_noun,2
demographics,demographic,wordnet_noun,5
affects,affect,wordnet_noun,14
feet,foot,wordnet_noun,2
walls,wall,wordnet_noun,3
das,da,wordnet_noun,4
authentication,authentication,adjacent_duplicate_removed,2
fluctuations,fluctuation,wordnet_noun,11
damages,damage,wordnet_noun,9
bugs,bug,wordnet_noun,7
knows,know,wordnet_noun,15
pins,pin,wordnet_noun,2
modalities,modality,wordnet_noun,14
compares,compare,wordnet_noun,12
templates,template,wordnet_noun,3
lockers,locker,wordnet_noun,1
minutiae,minutia,wordnet_noun,1
scanners,scanner,wordnet_noun,2
gestures,gesture,wordnet_noun,7
stimuli,stimulus,wordnet_noun,3
electrodes,electrode,wordnet_noun,3
bands,band,wordnet_noun,1
waveforms,waveform,wordnet_noun,1
potentials,potential,wordnet_noun,6
voltages,voltage,wordnet_noun,1
reasons,reason,wordnet_noun,30
irises,iris,wordnet_noun,2
leds,led,wordnet_noun,1
lenses,lens,wordnet_noun,1
waves,wave,wordnet_noun,6
accuracies,accuracy,wordnet_noun,12
hospitals,hospital,wordnet_noun,3
limbs,limb,wordnet_noun,2
wrists,wrist,wordnet_noun,1
ankles,ankle,wordnet_noun,1
preparations,preparation,wordnet_noun,2
patches,patch,wordnet_noun,3
assessments,assessment,wordnet_noun,16
voiceprint,voiceprint,adjacent_duplicate_removed,1
airways,airway,wordnet_noun,1
cavities,cavity,wordnet_noun,1
classifiers,classifier,wordnet_noun,7
sums,sum,wordnet_noun,2
aggregates,aggregate,wordnet_noun,3
intruders,intruder,wordnet_noun,14
transitions,transition,wordnet_noun,7
accelerometers,accelerometer,wordnet_noun,2
gyroscopes,gyroscope,wordnet_noun,1
magnetometers,magnetometer,wordnet_noun,1
walks,walk,wordnet_noun,1
pockets,pocket,wordnet_noun,1
heels,heel,wordnet_noun,1
findings,finding,wordnet_noun,132
fixations,fixation,wordnet_noun,1
nids,nids,adjacent_duplicate_removed,1
hids,hids,adjacent_duplicate_removed,1
hosts,host,wordnet_noun,5
constructs,construct,wordnet_noun,25
alerts,alert,wordnet_noun,6
administrators,administrator,wordnet_noun,4
streams,stream,wordnet_noun,20
abnormalities,abnormality,wordnet_noun,3
baselines,baseline,wordnet_noun,2
readers,reader,wordnet_noun,23
classifications,classification,wordnet_noun,7
delays,delay,wordnet_noun,9
switches,switch,wordnet_noun,2
configurations,configuration,wordnet_noun,2
correlations,correlation,wordnet_noun,10
explanations,explanation,wordnet_noun,7
collections,collection,wordnet_noun,14
ambiguities,ambiguity,wordnet_noun,3
inconsistencies,inconsistency,wordnet_noun,6
irregularities,irregularity,wordnet_noun,2
quantum computing,quantum_computing,domain_alias,34
instances,instance,wordnet_noun,56
counters,counter,wordnet_noun,2
inaccuracies,inaccuracy,wordnet_noun,1
drops,drop,wordnet_noun,10
hands,hand,wordnet_noun,17
puts,put,wordnet_noun,4
influences,influence,wordnet_noun,25
leakages,leakage,wordnet_noun,3
encryption,encryption,adjacent_duplicate_removed,1
converts,convert,wordnet_noun,3
hides,hide,wordnet_noun,2
biometrics,biometrics,adjacent_duplicate_removed,1
warrants,warrant,wordnet_noun,4
endpoints,endpoint,wordnet_noun,8
decentralized autonomous organizations,dao,domain_alias,18
futures,future,wordnet_noun,11
cambridge,cambridge,adjacent_duplicate_removed,1
daos,dao,domain_alias,84
generative ai,generative_ai,domain_alias,25
bridges,bridge,wordnet_noun,27
gateways,gateway,wordnet_noun,6
adolescents,adolescent,wordnet_noun,5
kids,kid,wordnet_noun,3
crypto currencies,cryptocurrency,domain_alias,4
shoes,shoe,wordnet_noun,3
forecasts,forecast,wordnet_noun,6
block,block,adjacent_duplicate_removed,5
volunteers,volunteer,wordnet_noun,2
aks,ak,wordnet_noun,2
articles,article,wordnet_noun,118
fundamentals,fundamental,wordnet_noun,7
remarks,remark,wordnet_noun,6
definitions,definition,wordnet_noun,23
decentralized finance,defi,domain_alias,35
pos,po,wordnet_noun,30
defi,defi,adjacent_duplicate_removed,32
ens,en,wordnet_noun,6
erc,erc,adjacent_duplicate_removed,14
mechanics,mechanic,wordnet_noun,23
world,world,adjacent_duplicate_removed,1
resets,reset,wordnet_noun,3
pauses,pause,wordnet_noun,1
places,place,adjacent_duplicate_removed,1
recreations,recreation,wordnet_noun,1
regions,region,wordnet_noun,16
platform,platform,adjacent_duplicate_removed,4
inventors,inventor,wordnet_noun,1
things,thing,adjacent_duplicate_removed,1
homes,home,wordnet_noun,2
cars,car,wordnet_noun,6
speeds,speed,wordnet_noun,7
angles,angle,wordnet_noun,5
precursors,precursor,wordnet_noun,1
divides,divide,wordnet_noun,3
burrows,burrow,wordnet_noun,3
splits,split,wordnet_noun,3
underestimates,underestimate,wordnet_noun,1
designs,design,wordnet_noun,22
separates,separate,wordnet_noun,2
assists,assist,wordnet_noun,3
arms,arm,wordnet_noun,3
reductions,reduction,wordnet_noun,2
flows,flow,wordnet_noun,37
adjustments,adjustment,wordnet_noun,6
defaults,default,wordnet_noun,1
treats,treat,wordnet_noun,1
portions,portion,wordnet_noun,4
primitives,primitive,wordnet_noun,9
engines,engine,wordnet_noun,9
solipsis,solipsis,adjacent_duplicate_removed,1
peers,peer,wordnet_noun,10
terminals,terminal,wordnet_noun,1
interpreters,interpreter,wordnet_noun,1
vortex,vortex,adjacent_duplicate_removed,1
instructors,instructor,wordnet_noun,4
metashard,metashard,adjacent_duplicate_removed,1
shards,shard,wordnet_noun,18
validations,validation,wordnet_noun,1
crosses,cross,wordnet_noun,1
leaves,leaf,wordnet_noun,6
metaearth,metaearth,adjacent_duplicate_removed,1
ontologies,ontology,wordnet_noun,4
vertices,vertex,wordnet_noun,5
applications,application,adjacent_duplicate_removed,1
audiences,audience,wordnet_noun,7
paradigms,paradigm,wordnet_noun,11
breakthroughs,breakthrough,wordnet_noun,8
portals,portal,wordnet_noun,1
modes,mode,wordnet_noun,9
spans,span,wordnet_noun,4
implementations,implementation,wordnet_noun,24
decentralization,decentralization,adjacent_duplicate_removed,1
manuscripts,manuscript,wordnet_noun,1
setups,setup,wordnet_noun,2
setup,setup,adjacent_duplicate_removed,1
holdings,holding,wordnet_noun,7
med,med,adjacent_duplicate_removed,1
low,low,adjacent_duplicate_removed,6
high,high,adjacent_duplicate_removed,13
var,var,adjacent_duplicate_removed,2
legends,legend,wordnet_noun,1
pushes,push,wordnet_noun,1
corwintinesopens,corwintinesopens,adjacent_duplicate_removed,1
eos,eos,adjacent_duplicate_removed,2
vechain,vechain,adjacent_duplicate_removed,1
youlives,youlives,adjacent_duplicate_removed,2
slowdowns,slowdown,wordnet_noun,2
holders,holder,wordnet_noun,22
tendencies,tendency,wordnet_noun,5
generals,general,wordnet_noun,1
trays,tray,wordnet_noun,1
virtual_world,virtual_world,adjacent_duplicate_removed,2
estates,estate,wordnet_noun,3
bitdao,bitdao,adjacent_duplicate_removed,1
citydao,citydao,adjacent_duplicate_removed,1
rugdao,rugdao,adjacent_duplicate_removed,1
pubdao,pubdao,adjacent_duplicate_removed,1
powerpool,powerpool,adjacent_duplicate_removed,1
aragon,aragon,adjacent_duplicate_removed,1
incentives,incentive,wordnet_noun,12
wishes,wish,wordnet_noun,3
metaoasis,metaoasis,adjacent_duplicate_removed,2
pangeadao,pangeadao,adjacent_duplicate_removed,1
enterdao,enterdao,adjacent_duplicate_removed,1
auctions,auction,wordnet_noun,8
collectors,collector,wordnet_noun,13
enthusiasts,enthusiast,wordnet_noun,10
decentraland,decentraland,adjacent_duplicate_removed,3
sandbox,sandbox,adjacent_duplicate_removed,2
attributions,attribution,wordnet_noun,2
parcels,parcel,wordnet_noun,9
boards,board,wordnet_noun,1
directors,director,wordnet_noun,1
startups,startup,wordnet_noun,3
namecoin,namecoin,adjacent_duplicate_removed,1
denominations,denomination,wordnet_noun,1
lifetimes,lifetime,wordnet_noun,1
golem,golem,adjacent_duplicate_removed,1
pools,pool,wordnet_noun,18
sia,sia,adjacent_duplicate_removed,1
filecoin,filecoin,adjacent_duplicate_removed,1
holo,holo,adjacent_duplicate_removed,1
arweave,arweave,adjacent_duplicate_removed,1
giants,giant,wordnet_noun,8
certificates,certificate,wordnet_noun,17
statistics,statistic,wordnet_noun,40
citizens,citizen,wordnet_noun,18
atomic swaps,atomic_swap,domain_alias,18
cross metaverse,cross_metaverse,domain_alias,22
swaps,swap,wordnet_noun,11
chains,chain,wordnet_noun,29
abstractions,abstraction,wordnet_noun,1
project,project,adjacent_duplicate_removed,3
storj,storj,adjacent_duplicate_removed,1
fleek,fleek,adjacent_duplicate_removed,1
aleo,aleo,adjacent_duplicate_removed,1
hopr,hopr,adjacent_duplicate_removed,1
cudos,cudos,adjacent_duplicate_removed,1
hubs,hub,wordnet_noun,1
silos,silo,wordnet_noun,6
islands,island,wordnet_noun,3
token,token,adjacent_duplicate_removed,4
translations,translation,wordnet_noun,1
oracles,oracle,adjacent_duplicate_removed,2
feeds,feed,wordnet_noun,3
lockstep,lockstep,adjacent_duplicate_removed,1
appliances,appliance,wordnet_noun,1
sports,sport,wordnet_noun,22
lotteries,lottery,wordnet_noun,2
boxes,box,wordnet_noun,6
event,event,adjacent_duplicate_removed,2
offerings,offering,wordnet_noun,7
integrations,integration,wordnet_noun,3
contributors,contributor,wordnet_noun,8
prizes,prize,wordnet_noun,2
instruments,instrument,wordnet_noun,22
histories,history,wordnet_noun,3
permissions,permission,wordnet_noun,20
hooks,hook,wordnet_noun,1
recipients,recipient,wordnet_noun,1
descriptions,description,wordnet_noun,7
formats,format,wordnet_noun,11
schematics,schematic,wordnet_noun,1
transfer,transfer,adjacent_duplicate_removed,2
portfolios,portfolio,wordnet_noun,4
shares,share,wordnet_noun,20
vaults,vault,wordnet_noun,2
repositories,repository,wordnet_noun,4
deposits,deposit,wordnet_noun,5
withdrawals,withdrawal,wordnet_noun,1
plots,plot,wordnet_noun,23
indications,indication,wordnet_noun,5
supporters,supporter,wordnet_noun,3
backers,backer,wordnet_noun,1
discounts,discount,wordnet_noun,2
trails,trail,wordnet_noun,2
mistakes,mistake,wordnet_noun,4
modifications,modification,wordnet_noun,14
adams,adam,wordnet_noun,2
claims,claim,wordnet_noun,25
assertions,assertion,wordnet_noun,4
proofs,proof,wordnet_noun,7
members,member,wordnet_noun,29
infrastructure,infrastructure,adjacent_duplicate_removed,1
alternatives,alternative,wordnet_noun,36
clouds,cloud,wordnet_noun,5
councils,council,wordnet_noun,1
constitutions,constitution,wordnet_noun,1
threat,threat,adjacent_duplicate_removed,1
medium,medium,adjacent_duplicate_removed,4
safes,safe,wordnet_noun,1
peaks,peak,wordnet_noun,2
hurdles,hurdle,wordnet_noun,8
ships,ship,wordnet_noun,1
twins,twin,wordnet_noun,9
reputations,reputation,wordnet_noun,7
rentals,rental,wordnet_noun,6
kim,kim,adjacent_duplicate_removed,2
deficits,deficit,wordnet_noun,2
engineers,engineer,wordnet_noun,6
entrepreneurs,entrepreneur,wordnet_noun,6
ramps,ramp,wordnet_noun,2
deployments,deployment,wordnet_noun,3
casinos,casino,wordnet_noun,3
disorders,disorder,wordnet_noun,1
gamblers,gambler,wordnet_noun,3
triggers,trigger,wordnet_noun,10
leagues,league,wordnet_noun,1
approvals,approval,wordnet_noun,2
tutorials,tutorial,wordnet_noun,4
jurisdictions,jurisdiction,wordnet_noun,28
harms,harm,wordnet_noun,2
belongings,belonging,wordnet_noun,2
september,september,adjacent_duplicate_removed,3
examinations,examination,wordnet_noun,1
sons,son,wordnet_noun,3
pages,page,wordnet_noun,12
fairs,fair,wordnet_noun,1
invitations,invitation,wordnet_noun,2
phones,phone,wordnet_noun,6
expenditures,expenditure,wordnet_noun,3
codes,code,wordnet_noun,32
benchmarks,benchmark,wordnet_noun,3
similarities,similarity,wordnet_noun,8
study,study,adjacent_duplicate_removed,17
qualifications,qualification,wordnet_noun,1
balances,balance,wordnet_noun,16
titles,title,wordnet_noun,7
determinations,determination,wordnet_noun,2
clubs,club,wordnet_noun,2
stadiums,stadium,wordnet_noun,1
congresses,congress,wordnet_noun,1
dialogs,dialog,wordnet_noun,1
objectives,objective,wordnet_noun,46
meanings,meaning,wordnet_noun,7
crypto asset,cryptoasset,domain_alias,4
chats,chat,wordnet_noun,1
extracts,extract,wordnet_noun,4
answers,answer,wordnet_noun,3
vehicles,vehicle,wordnet_noun,4
drones,drone,wordnet_noun,4
outbreaks,outbreak,wordnet_noun,1
swarms,swarm,wordnet_noun,2
masks,mask,wordnet_noun,3
year,year,adjacent_duplicate_removed,2
provider,provider,adjacent_duplicate_removed,2
authenticator,authenticator,adjacent_duplicate_removed,1
newblock,newblock,adjacent_duplicate_removed,1
external,external,adjacent_duplicate_removed,2
backs,back,wordnet_noun,1
contract,contract,adjacent_duplicate_removed,5
locks,lock,wordnet_noun,6
node,node,adjacent_duplicate_removed,9
tests,test,wordnet_noun,26
txs,tx,wordnet_noun,4
kilobytes,kilobyte,wordnet_noun,2
increase,increase,adjacent_duplicate_removed,1
stays,stay,wordnet_noun,2
expresses,express,wordnet_noun,2
lei,lei,adjacent_duplicate_removed,2
merchants,merchant,wordnet_noun,2
shops,shop,wordnet_noun,8
offices,office,wordnet_noun,5
deficiencies,deficiency,wordnet_noun,3
tees,tee,wordnet_noun,14
latencies,latency,wordnet_noun,1
architecture,architecture,adjacent_duplicate_removed,2
premises,premise,wordnet_noun,4
servers,server,adjacent_duplicate_removed,2
capacities,capacity,wordnet_noun,5
stations,station,wordnet_noun,1
responsibilities,responsibility,wordnet_noun,20
bsl,bsl,adjacent_duplicate_removed,1
assumptions,assumption,wordnet_noun,14
osctee,osctee,adjacent_duplicate_removed,1
symbols,symbol,wordnet_noun,7
discrepancies,discrepancy,wordnet_noun,8
telecommunications,telecommunication,wordnet_noun,3
enclaves,enclave,wordnet_noun,17
indemnifications,indemnification,wordnet_noun,1
scalars,scalar,wordnet_noun,1
coefficients,coefficient,wordnet_noun,17
publications,publication,wordnet_noun,88
idt,idt,adjacent_duplicate_removed,1
dispatches,dispatch,wordnet_noun,1
polynomials,polynomial,wordnet_noun,10
msc,msc,adjacent_duplicate_removed,2
integers,integer,wordnet_noun,4
seeds,seed,wordnet_noun,1
cnfi,cnfi,adjacent_duplicate_removed,1
penalties,penalty,wordnet_noun,27
sos,so,wordnet_noun,1
verifications,verification,wordnet_noun,3
theorem,theorem,adjacent_duplicate_removed,1
distributions,distribution,wordnet_noun,13
duties,duty,wordnet_noun,6
mtc,mtc,adjacent_duplicate_removed,8
repeats,repeat,wordnet_noun,3
accusations,accusation,wordnet_noun,1
showcases,showcase,wordnet_noun,8
correlates,correlate,wordnet_noun,3
equations,equation,wordnet_noun,10
task,task,adjacent_duplicate_removed,1
counts,count,wordnet_noun,9
degrees,degree,wordnet_noun,10
expansions,expansion,wordnet_noun,2
decentralised,decentralized,domain_alias,122
middlemen,middleman,wordnet_noun,3
endeavours,endeavour,wordnet_noun,2
drawbacks,drawback,wordnet_noun,11
lets,let,wordnet_noun,4
cryptovoxels,cryptovoxels,adjacent_duplicate_removed,1
vrchat,vrchat,adjacent_duplicate_removed,1
dealings,dealing,wordnet_noun,1
anchors,anchor,wordnet_noun,1
tenets,tenet,wordnet_noun,3
framework,framework,adjacent_duplicate_removed,1
adoption,adoption,adjacent_duplicate_removed,1
judgments,judgment,wordnet_noun,3
duration,duration,adjacent_duplicate_removed,1
cells,cell,wordnet_noun,3
installations,installation,wordnet_noun,1
haripur,haripur,adjacent_duplicate_removed,1
arbiters,arbiter,wordnet_noun,1
arbitrators,arbitrator,wordnet_noun,3
intersections,intersection,wordnet_noun,3
trajectories,trajectory,wordnet_noun,4
ratings,rating,wordnet_noun,41
foundations,foundation,wordnet_noun,22
underlines,underline,wordnet_noun,3
web 3,web3,domain_alias,1
stitches,stitch,wordnet_noun,1
hints,hint,wordnet_noun,1
determinants,determinant,wordnet_noun,3
shifts,shift,wordnet_noun,5
zeroes,zero,wordnet_noun,1
facets,facet,wordnet_noun,6
posits,posit,wordnet_noun,6
paves,pave,wordnet_noun,2
champions,champion,wordnet_noun,1
affiliations,affiliation,wordnet_noun,3
deviations,deviation,wordnet_noun,8
exhibits,exhibit,wordnet_noun,16
embraces,embrace,wordnet_noun,2
uncertainties,uncertainty,wordnet_noun,12
interdependencies,interdependency,wordnet_noun,1
methodology,methodology,adjacent_duplicate_removed,1
harnesses,harness,wordnet_noun,2
resolutions,resolution,wordnet_noun,5
aids,aid,wordnet_noun,5
feature,feature,adjacent_duplicate_removed,1
sha,sha,adjacent_duplicate_removed,2
equation,equation,adjacent_duplicate_removed,3
stipulations,stipulation,wordnet_noun,1
proffers,proffer,wordnet_noun,1
accords,accord,wordnet_noun,2
inhabitants,inhabitant,wordnet_noun,1
postulates,postulate,wordnet_noun,6
clauses,clause,wordnet_noun,5
organisations,organisation,wordnet_noun,24
downsides,downside,wordnet_noun,1
pki,pki,adjacent_duplicate_removed,1
feedbacks,feedback,wordnet_noun,2
ini,ini,adjacent_duplicate_removed,1
disagreements,disagreement,wordnet_noun,7
voters,voter,wordnet_noun,4
specifics,specific,wordnet_noun,3
ballots,ballot,wordnet_noun,1
votes,vote,wordnet_noun,18
votes,vote,adjacent_duplicate_removed,1
circumstances,circumstance,wordnet_noun,17
ties,tie,wordnet_noun,3
conflicts,conflict,wordnet_noun,17
disputes,dispute,adjacent_duplicate_removed,1
intervals,interval,wordnet_noun,8
edges,edge,wordnet_noun,17
flags,flag,wordnet_noun,4
average,average,adjacent_duplicate_removed,2
wij,wij,adjacent_duplicate_removed,2
occasions,occasion,wordnet_noun,3
repercussions,repercussion,wordnet_noun,5
idiosyncrasies,idiosyncrasy,wordnet_noun,1
temptrust,temptrust,adjacent_duplicate_removed,1
methodologies,methodology,wordnet_noun,21
ethereum,ethereum,adjacent_duplicate_removed,2
bolsters,bolster,wordnet_noun,2
sum,sum,adjacent_duplicate_removed,1
loops,loop,wordnet_noun,4
additions,addition,wordnet_noun,4
surges,surge,wordnet_noun,3
entries,entry,wordnet_noun,11
shrinks,shrink,wordnet_noun,1
hinges,hinge,wordnet_noun,2
indicators,indicator,wordnet_noun,19
operations,operation,adjacent_duplicate_removed,3
retrievals,retrieval,wordnet_noun,6
recalculations,recalculation,wordnet_noun,2
scenarios,scenario,adjacent_duplicate_removed,1
chunks,chunk,wordnet_noun,1
abilities,ability,wordnet_noun,24
payloads,payload,wordnet_noun,1
invocations,invocation,wordnet_noun,1
bases,base,wordnet_noun,5
interferences,interference,wordnet_noun,2
fronts,front,wordnet_noun,1
nonfungible token,nft,domain_alias,3
nonfungible tokens,nft,domain_alias,10
oslo,oslo,adjacent_duplicate_removed,1
zero knowledge proof,zero_knowledge_proof,domain_alias,5
conclusions,conclusion,wordnet_noun,15
zerocoin,zerocoin,adjacent_duplicate_removed,1
preserves,preserve,wordnet_noun,1
invariants,invariant,wordnet_noun,1
nonce,nonce,adjacent_duplicate_removed,1
cm0,cm0,adjacent_duplicate_removed,1
cm00,cm00,adjacent_duplicate_removed,1
proof,proof,adjacent_duplicate_removed,3
path,path,adjacent_duplicate_removed,1
values,value,adjacent_duplicate_removed,2
proves,prof,wordnet_noun,7
passes,pass,wordnet_noun,4
adversary,adversary,adjacent_duplicate_removed,1
confidentiality,confidentiality,adjacent_duplicate_removed,1
forks,fork,wordnet_noun,7
ledger,ledger,adjacent_duplicate_removed,3
mts,mt,wordnet_noun,1
commitment,commitment,adjacent_duplicate_removed,1
apr,apr,adjacent_duplicate_removed,1
complications,complication,wordnet_noun,1
conveyancers,conveyancer,wordnet_noun,1
advisers,adviser,wordnet_noun,1
linearities,linearity,wordnet_noun,1
content,content,adjacent_duplicate_removed,1
regimes,regime,wordnet_noun,2
styles,style,wordnet_noun,3
presentations,presentation,wordnet_noun,2
feels,feel,wordnet_noun,5
breakdown,breakdown,adjacent_duplicate_removed,1
consumer protection,consumer_protection,domain_alias,30
accesses,access,wordnet_noun,5
borders,border,wordnet_noun,13
scholars,scholar,wordnet_noun,10
outcome,outcome,adjacent_duplicate_removed,1
platforms,platform,adjacent_duplicate_removed,3
gatekeepers,gatekeeper,wordnet_noun,3
constructions,construction,wordnet_noun,2
loads,load,wordnet_noun,3
defects,defect,wordnet_noun,1
dates,date,wordnet_noun,8
meters,meter,wordnet_noun,1
ranks,rank,wordnet_noun,1
venues,venue,wordnet_noun,5
lots,lot,wordnet_noun,4
features,feature,adjacent_duplicate_removed,1
model,model,adjacent_duplicate_removed,13
classifications,classification,adjacent_duplicate_removed,1
self sovereign ai,self_sovereign_ai,domain_alias,7
celebrities,celebrity,wordnet_noun,6
aspirations,aspiration,wordnet_noun,1
screens,screen,wordnet_noun,3
communication,communication,adjacent_duplicate_removed,1
frontiers,frontier,wordnet_noun,6
inequalities,inequality,wordnet_noun,4
fractions,fraction,wordnet_noun,2
lays,lay,wordnet_noun,3
glitches,glitch,wordnet_noun,4
achievements,achievement,wordnet_noun,7
loss,loss,adjacent_duplicate_removed,1
livelihoods,livelihood,wordnet_noun,3
breakdowns,breakdown,wordnet_noun,1
havens,haven,wordnet_noun,3
accessories,accessory,wordnet_noun,6
weapons,weapon,wordnet_noun,6
creatures,creature,wordnet_noun,3
quests,quest,wordnet_noun,2
musicians,musician,wordnet_noun,4
game,game,adjacent_duplicate_removed,4
ssai,ssai,adjacent_duplicate_removed,1
biases,bias,wordnet_noun,11
examples,example,adjacent_duplicate_removed,1
appearances,appearance,wordnet_noun,2
certifications,certification,wordnet_noun,4
priorities,priority,wordnet_noun,8
guides,guide,wordnet_noun,3
cycles,cycle,wordnet_noun,18
curriculums,curriculum,wordnet_noun,1
advocates,advocate,wordnet_noun,5
injustices,injustice,wordnet_noun,1
cornerstones,cornerstone,wordnet_noun,2
basics,basic,wordnet_noun,2
billion,billion,adjacent_duplicate_removed,2
november,november,adjacent_duplicate_removed,2
makers,maker,wordnet_noun,22
block chain,blockchain,domain_alias,6
automobiles,automobile,wordnet_noun,1
classification,classification,adjacent_duplicate_removed,2
issues,issue,adjacent_duplicate_removed,5
case,case,adjacent_duplicate_removed,3
account,account,adjacent_duplicate_removed,1
steals,steal,wordnet_noun,3
pretends,pretend,wordnet_noun,1
mails,mail,wordnet_noun,1
analysis,analysis,adjacent_duplicate_removed,3
auction,auction,adjacent_duplicate_removed,1
monas,mona,wordnet_noun,1
notices,notice,wordnet_noun,4
notifications,notification,wordnet_noun,2
mints,mint,wordnet_noun,6
infringements,infringement,wordnet_noun,2
draws,draw,wordnet_noun,9
bets,bet,wordnet_noun,4
traders,trader,wordnet_noun,31
motifs,motif,wordnet_noun,1
bottles,bottle,wordnet_noun,3
poles,pole,wordnet_noun,1
analysts,analyst,wordnet_noun,2
deeds,deed,wordnet_noun,3
routines,routine,wordnet_noun,8
writers,writer,wordnet_noun,3
understandings,understanding,wordnet_noun,2
rivals,rival,wordnet_noun,1
elephants,elephant,wordnet_noun,1
shills,shill,wordnet_noun,1
graves,graf,wordnet_noun,2
sees,see,wordnet_noun,5
campaigners,campaigner,wordnet_noun,1
hallmarks,hallmark,wordnet_noun,1
fallacies,fallacy,wordnet_noun,1
cherries,cherry,wordnet_noun,1
tranches,tranche,wordnet_noun,3
bandits,bandit,wordnet_noun,1
essences,essence,wordnet_noun,1
chatrooms,chatroom,wordnet_noun,4
late,late,adjacent_duplicate_removed,1
rhythms,rhythm,wordnet_noun,1
attitudes,attitude,wordnet_noun,7
quotes,quote,wordnet_noun,2
traders,trader,adjacent_duplicate_removed,1
lenders,lender,wordnet_noun,2
permutations,permutation,wordnet_noun,4
successes,success,wordnet_noun,1
bags,bag,wordnet_noun,2
hours,hour,wordnet_noun,10
moons,moon,wordnet_noun,1
dreams,dream,wordnet_noun,2
wits,wit,wordnet_noun,1
whales,whale,wordnet_noun,3
orders,order,wordnet_noun,3
officers,officer,wordnet_noun,1
hangs,hang,wordnet_noun,1
fades,fade,wordnet_noun,1
fits,fit,wordnet_noun,3
rooms,room,wordnet_noun,9
hundreds,hundred,wordnet_noun,9
covers,cover,wordnet_noun,9
live,live,adjacent_duplicate_removed,1
multiples,multiple,wordnet_noun,2
ponzi schemes,ponzi_scheme,domain_alias,9
wallet,wallet,adjacent_duplicate_removed,3
posts,post,wordnet_noun,10
dumps,dump,wordnet_noun,1
pumps,pump,wordnet_noun,1
tails,tail,wordnet_noun,9
tells,tell,wordnet_noun,2
ponzi scheme,ponzi_scheme,domain_alias,4
rug pull,rug_pull,domain_alias,3
echoes,echo,wordnet_noun,2
dumpers,dumper,wordnet_noun,1
pays,pay,wordnet_noun,1
subscribers,subscriber,wordnet_noun,1
recruits,recruit,wordnet_noun,1
imitators,imitator,wordnet_noun,1
weeks,week,wordnet_noun,4
entrants,entrant,wordnet_noun,2
organizers,organizer,wordnet_noun,2
dies,dy,wordnet_noun,1
valuations,valuation,wordnet_noun,4
dips,dip,wordnet_noun,1
market manipulation,market_manipulation,domain_alias,6
time,time,adjacent_duplicate_removed,3
rugs,rug,wordnet_noun,2
jokes,joke,wordnet_noun,1
memes,meme,wordnet_noun,2
joys,joy,wordnet_noun,1
pains,pain,wordnet_noun,1
straddles,straddle,wordnet_noun,1
dichotomies,dichotomy,wordnet_noun,1
post quantum,post_quantum,domain_alias,18
respects,respect,wordnet_noun,2
customs,custom,wordnet_noun,1
expanses,expanse,wordnet_noun,1
tackles,tackle,wordnet_noun,3
puzzles,puzzle,wordnet_noun,2
method,method,adjacent_duplicate_removed,2
theories,theory,wordnet_noun,32
des,de,wordnet_noun,7
unique,unique,adjacent_duplicate_removed,1
cryptanalysts,cryptanalyst,wordnet_noun,1
swathes,swathe,wordnet_noun,1
lengths,length,wordnet_noun,2
ivs,iv,wordnet_noun,1
finalists,finalist,wordnet_noun,1
ciphers,cipher,wordnet_noun,1
bits,bit,adjacent_duplicate_removed,9
bit,bit,adjacent_duplicate_removed,1
length,length,adjacent_duplicate_removed,1
eavesdroppers,eavesdropper,wordnet_noun,2
logarithms,logarithm,wordnet_noun,1
key,key,adjacent_duplicate_removed,1
cas,ca,wordnet_noun,2
curves,curve,wordnet_noun,3
vistas,vista,wordnet_noun,2
practitioners,practitioner,wordnet_noun,5
challenges,challenge,adjacent_duplicate_removed,1
accelerators,accelerator,wordnet_noun,1
circuits,circuit,wordnet_noun,1
arrays,array,wordnet_noun,8
milestones,milestone,wordnet_noun,1
iterations,iteration,wordnet_noun,8
afterthoughts,afterthought,wordnet_noun,1
heralds,herald,wordnet_noun,2
polarizations,polarization,wordnet_noun,3
photons,photon,wordnet_noun,2
encounters,encounter,wordnet_noun,5
repeaters,repeater,wordnet_noun,3
segments,segment,wordnet_noun,4
satellites,satellite,wordnet_noun,1
scalability,scalability,adjacent_duplicate_removed,1
topologies,topology,wordnet_noun,3
formulations,formulation,wordnet_noun,1
assurances,assurance,wordnet_noun,2
dkms,dkm,wordnet_noun,3
standards,standard,adjacent_duplicate_removed,2
touches,touch,wordnet_noun,3
acknowledgements,acknowledgement,wordnet_noun,3
shortcomings,shortcoming,wordnet_noun,14
hangouts,hangout,wordnet_noun,1
provisions,provision,wordnet_noun,7
scans,scan,wordnet_noun,4
lowers,lower,wordnet_noun,3
practice,practice,adjacent_duplicate_removed,1
emails,email,wordnet_noun,2
phishing,phishing,adjacent_duplicate_removed,2
maneuvers,maneuver,wordnet_noun,1
teachers,teacher,wordnet_noun,3
viruses,virus,wordnet_noun,2
dilemmas,dilemma,wordnet_noun,1
companions,companion,wordnet_noun,1
viewers,viewer,wordnet_noun,22
swings,swing,wordnet_noun,1
educators,educator,wordnet_noun,6
consortia,consortium,wordnet_noun,1
hindrances,hindrance,wordnet_noun,1
crises,crisis,wordnet_noun,3
linkages,linkage,wordnet_noun,1
parties,party,adjacent_duplicate_removed,1
taxonomies,taxonomy,wordnet_noun,2
derivations,derivation,wordnet_noun,2
pillars,pillar,wordnet_noun,7
talks,talk,wordnet_noun,1
pieces,piece,wordnet_noun,10
cooperatives,cooperative,wordnet_noun,1
lands,land,wordnet_noun,5
valuable,valuable,adjacent_duplicate_removed,1
circles,circle,wordnet_noun,3
spectacles,spectacle,wordnet_noun,1
showrooms,showroom,wordnet_noun,3
fines,fine,wordnet_noun,2
seminars,seminar,wordnet_noun,1
partnerships,partnership,wordnet_noun,10
adopters,adopter,wordnet_noun,6
education,education,adjacent_duplicate_removed,1
classrooms,classroom,wordnet_noun,4
surgeries,surgery,wordnet_noun,1
civilisations,civilisation,wordnet_noun,1
destinations,destination,wordnet_noun,12
landmarks,landmark,wordnet_noun,1
hotels,hotel,wordnet_noun,2
purviews,purview,wordnet_noun,1
accommodations,accommodation,wordnet_noun,1
travellers,traveller,wordnet_noun,1
manufacturing,manufacturing,adjacent_duplicate_removed,1
prototypes,prototype,wordnet_noun,5
societies,society,wordnet_noun,8
festivals,festival,wordnet_noun,2
observers,observer,wordnet_noun,2
emissions,emission,wordnet_noun,2
conferences,conference,wordnet_noun,4
trials,trial,wordnet_noun,2
centres,centre,wordnet_noun,8
ngos,ngo,wordnet_noun,3
disparities,disparity,wordnet_noun,2
retreats,retreat,wordnet_noun,1
metaphors,metaphor,wordnet_noun,1
microphones,microphone,wordnet_noun,2
earphones,earphone,wordnet_noun,1
impersonations,impersonation,wordnet_noun,2
blum,blum,adjacent_duplicate_removed,1
ori,ori,adjacent_duplicate_removed,1
rni,rni,adjacent_duplicate_removed,1
avatari,avatari,adjacent_duplicate_removed,2
res,re,wordnet_noun,8
pwi,pwi,adjacent_duplicate_removed,1
goals,goal,adjacent_duplicate_removed,1
assumptions,assumption,adjacent_duplicate_removed,1
ski,ski,adjacent_duplicate_removed,1
lows,low,wordnet_noun,2
e10,e10,adjacent_duplicate_removed,1
kst,kst,adjacent_duplicate_removed,1
e12,e12,adjacent_duplicate_removed,1
prs,pr,wordnet_noun,27
e14,e14,adjacent_duplicate_removed,1
automata,automaton,wordnet_noun,1
avispa,avispa,adjacent_duplicate_removed,1
explorers,explorer,wordnet_noun,5
cliques,clique,wordnet_noun,1
researches,research,wordnet_noun,4
pricecalculator,pricecalculator,adjacent_duplicate_removed,1
traces,trace,wordnet_noun,1
transactions,transaction,adjacent_duplicate_removed,5
graphs,graph,wordnet_noun,10
degree,degree,adjacent_duplicate_removed,2
address,address,adjacent_duplicate_removed,1
tags,tag,wordnet_noun,1
transaction,transaction,adjacent_duplicate_removed,4
proof of personhood,proof_of_personhood,domain_alias,9
airdrops,airdrop,wordnet_noun,6
tas,ta,wordnet_noun,1
pounds,pound,wordnet_noun,2
artworks,artwork,wordnet_noun,14
device,device,adjacent_duplicate_removed,3
pot,pot,adjacent_duplicate_removed,1
contributions,contribution,adjacent_duplicate_removed,1
pop,pop,adjacent_duplicate_removed,1
celebrations,celebration,wordnet_noun,1
singers,singer,wordnet_noun,1
robots,robot,wordnet_noun,5
balance,balance,adjacent_duplicate_removed,1
visits,visit,wordnet_noun,2
mini,mini,adjacent_duplicate_removed,1
txc,txc,adjacent_duplicate_removed,3
label,label,adjacent_duplicate_removed,1
latency,latency,adjacent_duplicate_removed,3
bindings,binding,wordnet_noun,1
attaches,attache,wordnet_noun,3
garners,garner,wordnet_noun,1
sta,sta,adjacent_duplicate_removed,2
sybil,sybil,adjacent_duplicate_removed,1
sup,sup,adjacent_duplicate_removed,1
spu,spu,adjacent_duplicate_removed,1
smooths,smooth,wordnet_noun,1
disturbances,disturbance,wordnet_noun,1
rounds,round,wordnet_noun,7
gradients,gradient,wordnet_noun,11
workloads,workload,wordnet_noun,1
burdens,burden,wordnet_noun,1
scores,score,adjacent_duplicate_removed,1
bypasses,bypass,wordnet_noun,2
dots,dot,wordnet_noun,3
prints,print,wordnet_noun,5
palms,palm,wordnet_noun,1
wang,wang,adjacent_duplicate_removed,23
liu,liu,adjacent_duplicate_removed,1
cao,cao,adjacent_duplicate_removed,2
attribute based encryption,attribute_based_encryption,domain_alias,14
face,face,adjacent_duplicate_removed,1
lattices,lattice,wordnet_noun,8
inefficiencies,inefficiency,wordnet_noun,3
ratios,ratio,wordnet_noun,2
decompressq,decompressq,adjacent_duplicate_removed,1
rings,ring,wordnet_noun,2
letters,letter,wordnet_noun,5
sis,si,wordnet_noun,3
lwe,lwe,adjacent_duplicate_removed,1
abbreviations,abbreviation,wordnet_noun,6
gates,gate,wordnet_noun,11
predicates,predicate,wordnet_noun,2
wis,wi,wordnet_noun,1
matrix,matrix,adjacent_duplicate_removed,1
operation,operation,adjacent_duplicate_removed,1
doubts,doubt,wordnet_noun,4
aai,aai,adjacent_duplicate_removed,1
initialization,initialization,adjacent_duplicate_removed,2
nis,ni,wordnet_noun,1
tais,tai,wordnet_noun,1
kbs,kb,wordnet_noun,1
compute,compute,adjacent_duplicate_removed,2
registrations,registration,wordnet_noun,1
decryption,decryption,adjacent_duplicate_removed,1
pas,pa,wordnet_noun,1
pis,pi,wordnet_noun,1
rau,rau,adjacent_duplicate_removed,3
tts,tt,wordnet_noun,2
logics,logic,wordnet_noun,1
binds,bind,wordnet_noun,1
private,private,adjacent_duplicate_removed,1
flips,flip,wordnet_noun,1
bis,bi,wordnet_noun,1
forges,forge,wordnet_noun,1
gates,gate,adjacent_duplicate_removed,4
quantities,quantity,wordnet_noun,3
log,log,adjacent_duplicate_removed,6
log2,log2,adjacent_duplicate_removed,5
packs,pack,wordnet_noun,2
techniques,technique,adjacent_duplicate_removed,1
self sovereign identity,self_sovereign_identity,domain_alias,14
identity_theft,identity_theft,adjacent_duplicate_removed,1
nicosia,nicosia,adjacent_duplicate_removed,1
clips,clip,wordnet_noun,2
tokens,token,adjacent_duplicate_removed,3
prefixes,prefix,wordnet_noun,1
joins,join,wordnet_noun,1
digital_asset,digital_asset,adjacent_duplicate_removed,3
revolutions,revolution,wordnet_noun,1
natives,native,wordnet_noun,2
disabilities,disability,wordnet_noun,2
value,value,adjacent_duplicate_removed,2
photographs,photograph,wordnet_noun,6
uae,uae,adjacent_duplicate_removed,1
disciplines,discipline,wordnet_noun,3
duplicates,duplicate,wordnet_noun,2
abstracts,abstract,wordnet_noun,7
texts,text,wordnet_noun,4
stents,stent,wordnet_noun,1
residents,resident,wordnet_noun,86
women,woman,wordnet_noun,3
chapters,chapter,wordnet_noun,5
props,prop,wordnet_noun,1
studios,studio,wordnet_noun,1
clocks,clock,wordnet_noun,1
cohorts,cohort,wordnet_noun,1
commissions,commission,wordnet_noun,1
patrons,patron,wordnet_noun,3
toys,toy,wordnet_noun,1
tracks,track,wordnet_noun,7
landowners,landowner,wordnet_noun,1
pets,pet,wordnet_noun,3
mounts,mount,wordnet_noun,1
tweets,tweet,wordnet_noun,8
desires,desire,wordnet_noun,2
territories,territory,wordnet_noun,1
technocrats,technocrat,wordnet_noun,1
forerunners,forerunner,wordnet_noun,2
renditions,rendition,wordnet_noun,1
rides,ride,wordnet_noun,1
likenesses,likeness,wordnet_noun,1
muds,mud,wordnet_noun,1
regards,regard,wordnet_noun,5
industry,industry,adjacent_duplicate_removed,1
kings,king,wordnet_noun,1
passports,passport,wordnet_noun,1
releases,release,wordnet_noun,3
donations,donation,wordnet_noun,5
fundraisers,fundraiser,wordnet_noun,2
crossroads,crossroad,wordnet_noun,2
founders,founder,wordnet_noun,1
hobbyists,hobbyist,wordnet_noun,1
securities,security,wordnet_noun,7
unions,union,wordnet_noun,2
collaboration,collaboration,adjacent_duplicate_removed,1
innovators,innovator,wordnet_noun,5
alliances,alliance,wordnet_noun,5
genres,genre,wordnet_noun,2
stunts,stunt,wordnet_noun,1
headlines,headline,wordnet_noun,3
wages,wage,wordnet_noun,2
technicians,technician,wordnet_noun,1
batches,batch,wordnet_noun,2
factions,faction,wordnet_noun,1
enormities,enormity,wordnet_noun,1
conventions,convention,wordnet_noun,2
precedents,precedent,wordnet_noun,1
lawyers,lawyer,wordnet_noun,3
stewards,steward,wordnet_noun,1
proponents,proponent,wordnet_noun,1
containers,container,wordnet_noun,1
augmentations,augmentation,wordnet_noun,1
revenues,revenue,wordnet_noun,4
atms,atm,wordnet_noun,10
transgressions,transgression,wordnet_noun,1
ambitions,ambition,wordnet_noun,3
overlaps,overlap,wordnet_noun,1
equities,equity,wordnet_noun,1
bonds,bond,wordnet_noun,9
banknotes,banknote,wordnet_noun,6
tenders,tender,wordnet_noun,1
takers,taker,wordnet_noun,1
proxies,proxy,wordnet_noun,3
cryptocurrency,cryptocurrency,adjacent_duplicate_removed,2
form,form,adjacent_duplicate_removed,1
misconducts,misconduct,wordnet_noun,1
simons,simon,wordnet_noun,1
ecologies,ecology,wordnet_noun,1
planets,planet,wordnet_noun,29
webs,web,wordnet_noun,1
forces,force,wordnet_noun,6
woods,wood,wordnet_noun,2
guilds,guild,wordnet_noun,1
subjectivities,subjectivity,wordnet_noun,1
prerequisites,prerequisite,wordnet_noun,1
praises,praise,wordnet_noun,1
bloggers,blogger,wordnet_noun,1
critics,critic,wordnet_noun,1
manners,manner,wordnet_noun,5
seasons,season,wordnet_noun,1
struggles,struggle,wordnet_noun,2
endings,ending,wordnet_noun,1
alliance,alliance,adjacent_duplicate_removed,1
subgroups,subgroup,wordnet_noun,1
instabilities,instability,wordnet_noun,1
kind,kind,adjacent_duplicate_removed,5
divisions,division,wordnet_noun,1
coordinates,coordinate,wordnet_noun,5
result,result,adjacent_duplicate_removed,1
possibility,possibility,adjacent_duplicate_removed,1
frames,frame,wordnet_noun,3
percentages,percentage,wordnet_noun,1
category,category,adjacent_duplicate_removed,3
quartiles,quartile,wordnet_noun,1
spaceships,spaceship,wordnet_noun,1
civilizations,civilization,wordnet_noun,2
tiers,tier,wordnet_noun,1
caps,cap,wordnet_noun,2
rankings,ranking,wordnet_noun,2
battles,battle,wordnet_noun,6
player,player,adjacent_duplicate_removed,3
allies,ally,wordnet_noun,4
tenths,tenth,wordnet_noun,1
declines,decline,wordnet_noun,3
players,player,adjacent_duplicate_removed,6
digits,digit,wordnet_noun,1
silver,silver,adjacent_duplicate_removed,1
phenomena,phenomenon,wordnet_noun,4
crossfires,crossfire,wordnet_noun,1
zones,zone,wordnet_noun,2
skirmishes,skirmish,wordnet_noun,1
conquests,conquest,wordnet_noun,1
axes,ax,wordnet_noun,2
clusters,cluster,adjacent_duplicate_removed,1
representatives,representative,wordnet_noun,3
resources,resource,adjacent_duplicate_removed,1
period,period,adjacent_duplicate_removed,1
differentiations,differentiation,wordnet_noun,1
foucault,foucault,adjacent_duplicate_removed,1
bentham,bentham,adjacent_duplicate_removed,1
drawings,drawing,wordnet_noun,2
prisoners,prisoner,wordnet_noun,1
empires,empire,wordnet_noun,1
agency,agency,adjacent_duplicate_removed,1
surrogates,surrogate,wordnet_noun,1
coalitions,coalition,wordnet_noun,1
cpus,cpu,wordnet_noun,2
june,june,adjacent_duplicate_removed,2
buzzwords,buzzword,wordnet_noun,1
dancers,dancer,wordnet_noun,3
economists,economist,wordnet_noun,2
icons,icon,wordnet_noun,1
beings,being,wordnet_noun,2
metals,metal,wordnet_noun,3
skins,skin,wordnet_noun,8
skins,skin,adjacent_duplicate_removed,1
sheds,shed,wordnet_noun,3
kernels,kernel,wordnet_noun,1
neurons,neuron,wordnet_noun,5
drills,drill,wordnet_noun,2
trainees,trainee,wordnet_noun,1
fuses,fuse,wordnet_noun,1
annotations,annotation,wordnet_noun,1
manifestations,manifestation,wordnet_noun,2
demonstrations,demonstration,wordnet_noun,2
interventions,intervention,wordnet_noun,4
minds,mind,wordnet_noun,3
drives,drive,wordnet_noun,1
highs,high,wordnet_noun,1
hits,hit,wordnet_noun,1
picks,pick,wordnet_noun,1
usages,usage,wordnet_noun,1
habits,habit,wordnet_noun,7
tens,ten,wordnet_noun,3
milliseconds,millisecond,adjacent_duplicate_removed,1
scandals,scandal,wordnet_noun,1
insiders,insider,wordnet_noun,1
asymmetries,asymmetry,wordnet_noun,1
clues,clue,wordnet_noun,1
acquisitions,acquisition,wordnet_noun,1
atomic swap,atomic_swap,domain_alias,40
producers,producer,wordnet_noun,5
bots,bot,adjacent_duplicate_removed,1
bot,bot,adjacent_duplicate_removed,2
supplements,supplement,wordnet_noun,1
learn,learn,adjacent_duplicate_removed,1
pipelines,pipeline,wordnet_noun,1
folks,folk,wordnet_noun,1
treasuries,treasury,wordnet_noun,1
speculations,speculation,wordnet_noun,2
winters,winter,wordnet_noun,1
diem,diem,adjacent_duplicate_removed,1
schemas,schema,wordnet_noun,3
marketers,marketer,wordnet_noun,3
advertisers,advertiser,wordnet_noun,2
invasions,invasion,wordnet_noun,4
packages,package,wordnet_noun,2
manufacturers,manufacturer,wordnet_noun,2
adapters,adapter,wordnet_noun,2
statuses,status,wordnet_noun,5
policies,policy,adjacent_duplicate_removed,2
oversights,oversight,wordnet_noun,1
devices,device,adjacent_duplicate_removed,3
verified,verified,adjacent_duplicate_removed,1
evaluation,evaluation,adjacent_duplicate_removed,1
prompts,prompt,wordnet_noun,3
worries,worry,wordnet_noun,2
integration,integration,adjacent_duplicate_removed,1
current,current,adjacent_duplicate_removed,4
december,december,adjacent_duplicate_removed,1
funding,funding,adjacent_duplicate_removed,1
landlords,landlord,wordnet_noun,1
intangibles,intangible,wordnet_noun,1
trillion,trillion,adjacent_duplicate_removed,1
million,million,adjacent_duplicate_removed,2
specialties,specialty,wordnet_noun,1
recourses,recourse,wordnet_noun,1
rests,rest,wordnet_noun,1
forms,form,adjacent_duplicate_removed,1
labours,labour,wordnet_noun,1
spreadsheets,spreadsheet,wordnet_noun,1
suppliers,supplier,wordnet_noun,2
diagrams,diagram,wordnet_noun,3
streets,street,wordnet_noun,2
officials,official,wordnet_noun,4
guarantors,guarantor,wordnet_noun,1
salaries,salary,wordnet_noun,2
office,office,adjacent_duplicate_removed,2
application,application,adjacent_duplicate_removed,2
intellectual_property,intellectual_property,adjacent_duplicate_removed,1
collection,collection,adjacent_duplicate_removed,1
domains,domain,adjacent_duplicate_removed,1
acquirers,acquirer,wordnet_noun,1
accounting,accounting,adjacent_duplicate_removed,1
carriers,carrier,wordnet_noun,1
aesthetics,aesthetic,wordnet_noun,22
budgets,budget,wordnet_noun,1
inventories,inventory,wordnet_noun,2
outlets,outlet,wordnet_noun,6
griffiths,griffith,wordnet_noun,1
evangelists,evangelist,wordnet_noun,1
threads,thread,wordnet_noun,2
reis,real,wordnet_noun,1
performers,performer,wordnet_noun,1
employers,employer,wordnet_noun,1
entrepreneurship,entrepreneurship,adjacent_duplicate_removed,1
pappas,pappa,wordnet_noun,1
freelancers,freelancer,wordnet_noun,1
careers,career,wordnet_noun,1
lyses,lysis,wordnet_noun,2
transcriptions,transcription,wordnet_noun,1
participant,participant,adjacent_duplicate_removed,16
myers,myers,adjacent_duplicate_removed,1
gioia,gioia,adjacent_duplicate_removed,1
searchers,searcher,wordnet_noun,1
transcripts,transcript,wordnet_noun,1
themes,theme,adjacent_duplicate_removed,1
tors,tor,wordnet_noun,6
illustrators,illustrator,wordnet_noun,3
sheets,sheet,wordnet_noun,1
propositions,proposition,wordnet_noun,5
crypto currency,cryptocurrency,domain_alias,5
friend,friend,adjacent_duplicate_removed,1
hand,hand,adjacent_duplicate_removed,3
people,people,adjacent_duplicate_removed,2
collectives,collective,wordnet_noun,1
illustrators,illustrator,adjacent_duplicate_removed,1
pants,pant,wordnet_noun,3
blogs,blog,wordnet_noun,5
complex,complex,adjacent_duplicate_removed,1
colleagues,colleague,wordnet_noun,4
bells,bell,wordnet_noun,2
views,view,wordnet_noun,30
shades,shade,wordnet_noun,1
participants,participant,adjacent_duplicate_removed,3
impressions,impression,wordnet_noun,1
collaborators,collaborator,wordnet_noun,1
arrangements,arrangement,wordnet_noun,1
pacts,pact,wordnet_noun,3
offsets,offset,wordnet_noun,1
mates,mate,wordnet_noun,1
philistines,philistine,wordnet_noun,1
males,male,wordnet_noun,2
cis,ci,wordnet_noun,1
females,female,wordnet_noun,2
viewpoints,viewpoint,wordnet_noun,5
strokes,stroke,wordnet_noun,1
illustrations,illustration,wordnet_noun,5
work,work,adjacent_duplicate_removed,2
outsourcing,outsourcing,adjacent_duplicate_removed,1
yards,yard,wordnet_noun,1
learning,learning,adjacent_duplicate_removed,1
ducts,duct,wordnet_noun,1
vis,vi,wordnet_noun,3
vis,vi,adjacent_duplicate_removed,1
moderates,moderate,wordnet_noun,1
protests,protest,wordnet_noun,1
research,research,adjacent_duplicate_removed,3
gies,gy,wordnet_noun,2
competencies,competency,wordnet_noun,3
factors,factor,adjacent_duplicate_removed,1
cultures,culture,wordnet_noun,1
plications,plication,wordnet_noun,1
directives,directive,wordnet_noun,2
tracts,tract,wordnet_noun,3
projections,projection,wordnet_noun,5
arguments,argument,wordnet_noun,4
novelties,novelty,wordnet_noun,1
complaints,complaint,wordnet_noun,5
affairs,affair,wordnet_noun,2
revises,revise,wordnet_noun,1
consumer rights,consumer_right,domain_alias,32
countries,country,adjacent_duplicate_removed,2
matters,matter,wordnet_noun,3
place,place,adjacent_duplicate_removed,1
tribunals,tribunal,wordnet_noun,1
acts,act,adjacent_duplicate_removed,1
edinburgh,edinburgh,adjacent_duplicate_removed,1
treaties,treaty,wordnet_noun,2
disasters,disaster,wordnet_noun,1
derivatives,derivative,wordnet_noun,7
lawmakers,lawmaker,wordnet_noun,1
misses,miss,wordnet_noun,1
law,law,adjacent_duplicate_removed,1
productions,production,wordnet_noun,3
sculptures,sculpture,wordnet_noun,1
doctrines,doctrine,wordnet_noun,2
says,say,wordnet_noun,1
logos,logo,wordnet_noun,6
sandboxes,sandbox,wordnet_noun,1
missions,mission,wordnet_noun,1
ips,ip,wordnet_noun,2
booths,booth,wordnet_noun,1
inventions,invention,wordnet_noun,6
trademark,trademark,adjacent_duplicate_removed,1
controversies,controversy,wordnet_noun,1
enforcers,enforcer,wordnet_noun,1
embodiments,embodiment,wordnet_noun,1
pointers,pointer,wordnet_noun,1
professors,professor,wordnet_noun,1
submissions,submission,wordnet_noun,1
narrations,narration,wordnet_noun,1
insider trading,insider_trading,domain_alias,4
legalities,legality,wordnet_noun,2
mumbai,mumbai,adjacent_duplicate_removed,1
neighbours,neighbour,wordnet_noun,2
forests,forest,wordnet_noun,2
percent,percent,adjacent_duplicate_removed,2
crawlers,crawler,wordnet_noun,1
tunings,tuning,wordnet_noun,1
establishments,establishment,wordnet_noun,2
quandaries,quandary,wordnet_noun,1
uncles,uncle,wordnet_noun,1
zeros,zero,wordnet_noun,1
inferences,inference,wordnet_noun,2
aftereffects,aftereffect,wordnet_noun,1
fraud,fraud,adjacent_duplicate_removed,6
emphasises,emphasis,wordnet_noun,1
good,good,adjacent_duplicate_removed,1
epochs,epoch,wordnet_noun,10
lgbm,lgbm,adjacent_duplicate_removed,2
takeaways,takeaway,wordnet_noun,1
falsehoods,falsehood,wordnet_noun,1
genders,gender,wordnet_noun,2
inquiries,inquiry,wordnet_noun,1
centralized,centralized,adjacent_duplicate_removed,1
floods,flood,wordnet_noun,1
tensions,tension,wordnet_noun,1
parents,parent,wordnet_noun,1
uprisings,uprising,wordnet_noun,1
languages,language,wordnet_noun,3
monitors,monitor,wordnet_noun,1
warnings,warning,wordnet_noun,5
peripherals,peripheral,wordnet_noun,1
infractions,infraction,wordnet_noun,1
resolves,resolve,wordnet_noun,3
bystanders,bystander,wordnet_noun,1
credits,credit,wordnet_noun,2
breaks,break,wordnet_noun,1
ema,ema,adjacent_duplicate_removed,1
tweets,tweet,adjacent_duplicate_removed,1
subtleties,subtlety,wordnet_noun,1
detections,detection,wordnet_noun,1
probabilities,probability,wordnet_noun,2
substances,substance,wordnet_noun,1
cnn,cnn,adjacent_duplicate_removed,1
punishments,punishment,wordnet_noun,2
alterations,alteration,wordnet_noun,1
keras,kera,wordnet_noun,3
appeals,appeal,wordnet_noun,2
exceptions,exception,wordnet_noun,2
strings,string,wordnet_noun,5
flops,flop,wordnet_noun,1
abuses,abuse,wordnet_noun,2
attribute,attribute,adjacent_duplicate_removed,3
xxxx,xxxx,adjacent_duplicate_removed,2
adversaries,adversary,adjacent_duplicate_removed,1
committees,committee,wordnet_noun,24
sharding,sharding,adjacent_duplicate_removed,1
forward,forward,adjacent_duplicate_removed,1
fault,fault,adjacent_duplicate_removed,1
abe,abe,adjacent_duplicate_removed,2
cherubim,cherub,wordnet_noun,2
committee,committee,adjacent_duplicate_removed,2
gst,gst,adjacent_duplicate_removed,1
reads,read,wordnet_noun,1
indexes,index,wordnet_noun,1
dkg,dkg,adjacent_duplicate_removed,1
metal,metal,adjacent_duplicate_removed,1
strikes,strike,wordnet_noun,1
service,service,adjacent_duplicate_removed,2
decrypt,decrypt,adjacent_duplicate_removed,1
executions,execution,wordnet_noun,1
bob,bob,adjacent_duplicate_removed,1
alice,alice,adjacent_duplicate_removed,1
pairings,pairing,wordnet_noun,2
wans,wan,wordnet_noun,1
grant,grant,adjacent_duplicate_removed,4
biographies,biography,wordnet_noun,1
wollongong,wollongong,adjacent_duplicate_removed,1
holder,holder,adjacent_duplicate_removed,1
snapshots,snapshot,wordnet_noun,1
clicks,click,wordnet_noun,1
disclosures,disclosure,wordnet_noun,4
information,information,adjacent_duplicate_removed,1
httpsessions,httpsessions,adjacent_duplicate_removed,1
headers,header,wordnet_noun,5
omissions,omission,wordnet_noun,1
clarity,clarity,adjacent_duplicate_removed,1
referrer,referrer,adjacent_duplicate_removed,1
useragent,useragent,adjacent_duplicate_removed,1
language,language,adjacent_duplicate_removed,1
sentences,sentence,wordnet_noun,1
urls,url,wordnet_noun,4
dictionaries,dictionary,wordnet_noun,1
subclasses,subclass,wordnet_noun,1
selectors,selector,wordnet_noun,1
fingerprint,fingerprint,adjacent_duplicate_removed,1
contests,contest,wordnet_noun,4
lambdas,lambda,wordnet_noun,2
stocks,stock,wordnet_noun,6
notes,note,wordnet_noun,19
hugs,hug,wordnet_noun,1
billions,billion,wordnet_noun,5
inflections,inflection,wordnet_noun,1
guests,guest,wordnet_noun,2
hires,hire,wordnet_noun,1
laptops,laptop,wordnet_noun,2
addictions,addiction,wordnet_noun,2
sides,side,wordnet_noun,2
deanonymisation,deanonymisation,adjacent_duplicate_removed,1
pathways,pathway,wordnet_noun,4
mappings,mapping,wordnet_noun,5
complements,complement,wordnet_noun,4
analyses,analysis,adjacent_duplicate_removed,7
aggregations,aggregation,wordnet_noun,1
heuristics,heuristic,wordnet_noun,2
addresses,address,adjacent_duplicate_removed,1
translators,translator,wordnet_noun,1
defences,defence,wordnet_noun,1
gmt,gmt,adjacent_duplicate_removed,1
trains,train,wordnet_noun,2
nets,net,wordnet_noun,1
normalised,normalized,domain_alias,9
multimoora,multimoora,adjacent_duplicate_removed,1
frequencies,frequency,wordnet_noun,9
trfn,trfn,adjacent_duplicate_removed,1
grades,grade,wordnet_noun,5
squares,square,wordnet_noun,4
illnesses,illness,wordnet_noun,1
theorems,theorem,wordnet_noun,1
zhan,zhan,adjacent_duplicate_removed,1
coverings,covering,wordnet_noun,2
repetitions,repetition,wordnet_noun,1
theory,theory,adjacent_duplicate_removed,1
tournaments,tournament,wordnet_noun,1
team,team,adjacent_duplicate_removed,1
utilities,utility,wordnet_noun,5
borda,borda,adjacent_duplicate_removed,1
rule,rule,adjacent_duplicate_removed,1
symptoms,symptom,wordnet_noun,1
studies,study,adjacent_duplicate_removed,2
distinctions,distinction,wordnet_noun,6
networks,network,adjacent_duplicate_removed,4
checklists,checklist,wordnet_noun,5
foods,food,wordnet_noun,1
atars,atar,wordnet_noun,1
property,property,adjacent_duplicate_removed,4
dealers,dealer,wordnet_noun,3
equivalents,equivalent,wordnet_noun,1
august,august,adjacent_duplicate_removed,1
railroads,railroad,wordnet_noun,1
sins,sin,wordnet_noun,1
confiscations,confiscation,wordnet_noun,1
peoples,people,wordnet_noun,1
chips,chip,wordnet_noun,3
lees,lee,wordnet_noun,1
boss,bos,wordnet_noun,1
heroes,hero,wordnet_noun,2
editions,edition,wordnet_noun,1
memories,memory,wordnet_noun,1
cyberpunk,cyberpunk,adjacent_duplicate_removed,1
spells,spell,wordnet_noun,1
andrews,andrew,wordnet_noun,1
restaurants,restaurant,wordnet_noun,1
decline,decline,adjacent_duplicate_removed,1
torsos,torso,wordnet_noun,1
legs,leg,wordnet_noun,1
tars,tar,wordnet_noun,1
poncin,poncin,adjacent_duplicate_removed,1
tales,tale,wordnet_noun,1
christies,christie,wordnet_noun,3
acres,acre,wordnet_noun,1
collectables,collectable,wordnet_noun,2
frees,free,wordnet_noun,1
yes,yes,adjacent_duplicate_removed,7
gardens,garden,wordnet_noun,1
artwork,artwork,adjacent_duplicate_removed,1
rauschenberg,rauschenberg,adjacent_duplicate_removed,1
laments,lament,wordnet_noun,1
ass,as,wordnet_noun,1
resales,resale,wordnet_noun,2
bucks,buck,wordnet_noun,1
strangers,stranger,wordnet_noun,2
tulips,tulip,wordnet_noun,1
riches,rich,wordnet_noun,1
maybe,maybe,adjacent_duplicate_removed,1
fragments,fragment,wordnet_noun,2
relatives,relative,wordnet_noun,3
borrowers,borrower,wordnet_noun,2
artists,artist,adjacent_duplicate_removed,1
humanities,humanity,wordnet_noun,1
sumers,sumer,wordnet_noun,2
tegal,tegal,adjacent_duplicate_removed,1
hypotheses,hypothesis,wordnet_noun,8
questionnaires,questionnaire,wordnet_noun,4
valid,valid,adjacent_duplicate_removed,12
informants,informant,wordnet_noun,7
advertisements,advertisement,adjacent_duplicate_removed,1
clinics,clinic,wordnet_noun,1
soldiers,soldier,wordnet_noun,1
llms,llm,wordnet_noun,1
wah,wah,adjacent_duplicate_removed,1
mfa,mfa,adjacent_duplicate_removed,1
computes,computes,adjacent_duplicate_removed,1
aui,aui,adjacent_duplicate_removed,1
sidui,sidui,adjacent_duplicate_removed,1
did,did,adjacent_duplicate_removed,1
las,la,wordnet_noun,1
cruces,crux,wordnet_noun,1
kits,kit,wordnet_noun,1
leases,lease,wordnet_noun,1
cids,cid,wordnet_noun,1
polygons,polygon,wordnet_noun,1
colors,color,wordnet_noun,1
revokes,revoke,wordnet_noun,1
fetches,fetch,wordnet_noun,2
scs,sc,wordnet_noun,13
durations,duration,wordnet_noun,1
spikes,spike,wordnet_noun,3
publication,publication,adjacent_duplicate_removed,1
badges,badge,wordnet_noun,26
lags,lag,wordnet_noun,9
pioneers,pioneer,wordnet_noun,1
textures,texture,wordnet_noun,1
animations,animation,wordnet_noun,4
origins,origin,wordnet_noun,2
snippets,snippet,wordnet_noun,1
watermarks,watermark,wordnet_noun,2
dcs,dc,wordnet_noun,15
writings,writing,wordnet_noun,1
owner,owner,adjacent_duplicate_removed,1
reputation,reputation,adjacent_duplicate_removed,6
combats,combat,wordnet_noun,2
listeners,listener,wordnet_noun,4
eas,ea,wordnet_noun,6
buyers,buyer,adjacent_duplicate_removed,1
status,status,adjacent_duplicate_removed,3
registration,registration,adjacent_duplicate_removed,1
buyer,buyer,adjacent_duplicate_removed,1
rating,rating,adjacent_duplicate_removed,1
estimates,estimate,wordnet_noun,36
execution,execution,adjacent_duplicate_removed,1
solution,solution,adjacent_duplicate_removed,2
nftm,nftm,adjacent_duplicate_removed,1
performance,performance,adjacent_duplicate_removed,1
false,false,adjacent_duplicate_removed,5
awards,award,wordnet_noun,1
terrorist financing,terrorist_financing,domain_alias,9
cryptoassets,cryptoasset,domain_alias,62
decentralised finance,defi,domain_alias,21
trillions,trillion,wordnet_noun,1
bombings,bombing,wordnet_noun,2
ringleaders,ringleader,wordnet_noun,1
cusses,cuss,wordnet_noun,1
exchanges,exchange,adjacent_duplicate_removed,2
mediums,medium,wordnet_noun,3
enhancers,enhancer,wordnet_noun,6
cations,cation,wordnet_noun,3
treatments,treatment,wordnet_noun,1
fintech,fintech,adjacent_duplicate_removed,1
risk,risk,adjacent_duplicate_removed,2
incomes,income,wordnet_noun,1
decentralised autonomous organisations,dao,domain_alias,3
cbdcs,cbdcs,adjacent_duplicate_removed,2
conversions,conversion,wordnet_noun,1
polls,poll,wordnet_noun,1
mules,mule,wordnet_noun,5
issuers,issuer,wordnet_noun,4
advisories,advisory,wordnet_noun,1
mixers,mixer,wordnet_noun,22
sions,sion,wordnet_noun,1
pile,pile,adjacent_duplicate_removed,1
extremists,extremist,wordnet_noun,2
treasury,treasury,adjacent_duplicate_removed,1
kiosks,kiosk,wordnet_noun,2
bas,ba,wordnet_noun,8
strains,strain,wordnet_noun,2
oligarchs,oligarch,wordnet_noun,1
isis,isi,wordnet_noun,1
elites,elite,wordnet_noun,1
brigades,brigade,wordnet_noun,1
donors,donor,wordnet_noun,2
group,group,adjacent_duplicate_removed,1
processors,processor,wordnet_noun,6
riots,riot,wordnet_noun,1
exchangers,exchanger,wordnet_noun,2
imports,import,wordnet_noun,1
cartels,cartel,wordnet_noun,1
manoeuvres,manoeuvre,wordnet_noun,1
hops,hop,wordnet_noun,2
programmes,programme,wordnet_noun,1
vices,vice,wordnet_noun,1
vouchers,voucher,wordnet_noun,1
cryptoasset,cryptoasset,adjacent_duplicate_removed,3
theories,theory,adjacent_duplicate_removed,1
guardians,guardian,wordnet_noun,1
offences,offence,wordnet_noun,1
critiques,critique,wordnet_noun,2
shortfalls,shortfall,wordnet_noun,2
wards,ward,wordnet_noun,2
coinbase,coinbase,adjacent_duplicate_removed,1
bitpapa,bitpapa,adjacent_duplicate_removed,1
copes,cope,wordnet_noun,1
allegations,allegation,wordnet_noun,1
july,july,adjacent_duplicate_removed,1
shapeshift,shapeshift,adjacent_duplicate_removed,1
terrorists,terrorist,wordnet_noun,1
gangs,gang,wordnet_noun,1
brantingham,brantingham,adjacent_duplicate_removed,1
hotspots,hotspot,wordnet_noun,1
mis,mi,wordnet_noun,2
accomplices,accomplice,wordnet_noun,2
pan,pan,adjacent_duplicate_removed,1
rials,rial,wordnet_noun,2
tributes,tribute,wordnet_noun,1
investigators,investigator,wordnet_noun,1
topics,topic,adjacent_duplicate_removed,1
review,review,adjacent_duplicate_removed,1
identifications,identification,wordnet_noun,2
sponsors,sponsor,wordnet_noun,1
appendix,appendix,adjacent_duplicate_removed,4
hearings,hearing,wordnet_noun,3
speeches,speech,wordnet_noun,1
newspapers,newspaper,wordnet_noun,3
launder,launder,adjacent_duplicate_removed,1
terror,terror,adjacent_duplicate_removed,1
brackets,bracket,wordnet_noun,1
indices,index,wordnet_noun,6
flowchart,flowchart,adjacent_duplicate_removed,1
publications,publication,adjacent_duplicate_removed,1
payment,payment,adjacent_duplicate_removed,4
drains,drain,wordnet_noun,1
codes,code,adjacent_duplicate_removed,1
bonuses,bonus,wordnet_noun,1
attendees,attendee,wordnet_noun,1
control,control,adjacent_duplicate_removed,1
sms,sm,wordnet_noun,1
authenticators,authenticator,wordnet_noun,1
hampers,hamper,wordnet_noun,2
witnesses,witness,wordnet_noun,1
payoffs,payoff,wordnet_noun,1
atomic_swap,atomic_swap,adjacent_duplicate_removed,1
tool,tool,adjacent_duplicate_removed,1
stethoscopes,stethoscope,wordnet_noun,1
otoscopes,otoscope,wordnet_noun,1
lock,lock,adjacent_duplicate_removed,2
delay,delay,adjacent_duplicate_removed,1
cancels,cancel,wordnet_noun,2
swap,swap,adjacent_duplicate_removed,1
complete,complete,adjacent_duplicate_removed,5
change,change,adjacent_duplicate_removed,1
formula,formula,adjacent_duplicate_removed,1
axioms,axiom,wordnet_noun,1
preconditions,precondition,wordnet_noun,2
babal,babal,adjacent_duplicate_removed,10
sre,sre,adjacent_duplicate_removed,1
atomicity,atomicity,adjacent_duplicate_removed,1
sst,sst,adjacent_duplicate_removed,2
senders,sender,wordnet_noun,1
receiver,receiver,adjacent_duplicate_removed,1
grapples,grapple,wordnet_noun,1
docs,doc,wordnet_noun,1
h98230,h98230,adjacent_duplicate_removed,7
relays,relay,wordnet_noun,1
demerits,demerit,wordnet_noun,1
asses,ass,wordnet_noun,1
facts,fact,wordnet_noun,19
arrivals,arrival,wordnet_noun,1
rises,rise,wordnet_noun,2
shocks,shock,wordnet_noun,5
discoveries,discovery,wordnet_noun,2
dollars,dollar,adjacent_duplicate_removed,1
stops,stop,wordnet_noun,2
bills,bill,wordnet_noun,1
parallels,parallel,wordnet_noun,4
spheres,sphere,wordnet_noun,2
marriages,marriage,wordnet_noun,1
campuses,campus,wordnet_noun,3
axs,ax,wordnet_noun,28
instance,instance,adjacent_duplicate_removed,1
testers,tester,wordnet_noun,1
pitfalls,pitfall,wordnet_noun,1
downturns,downturn,wordnet_noun,2
taxes,tax,wordnet_noun,1
exposures,exposure,wordnet_noun,2
interpretations,interpretation,wordnet_noun,2
bang,bang,adjacent_duplicate_removed,1
sports,sport,adjacent_duplicate_removed,1
capita,caput,wordnet_noun,1
residuals,residual,wordnet_noun,9
tis,ti,wordnet_noun,2
quantile,quantile,adjacent_duplicate_removed,8
returns,return,adjacent_duplicate_removed,2
volm,volm,adjacent_duplicate_removed,3
volmt,volmt,adjacent_duplicate_removed,1
summaries,summary,wordnet_noun,1
axs,ax,adjacent_duplicate_removed,1
mana,mana,adjacent_duplicate_removed,1
enj,enj,adjacent_duplicate_removed,1
theta,theta,adjacent_duplicate_removed,2
sand,sand,adjacent_duplicate_removed,1
autocorrelation,autocorrelation,adjacent_duplicate_removed,1
reversals,reversal,wordnet_noun,1
exponents,exponent,wordnet_noun,2
changes,change,adjacent_duplicate_removed,1
widths,width,wordnet_noun,1
spectra,spectrum,wordnet_noun,1
semiconductors,semiconductor,wordnet_noun,2
medians,median,wordnet_noun,1
rejections,rejection,wordnet_noun,1
lags,lag,adjacent_duplicate_removed,1
referees,referee,wordnet_noun,1
horizon,horizon,adjacent_duplicate_removed,1
settlements,settlement,wordnet_noun,3
baas,baa,wordnet_noun,1
rationales,rationale,wordnet_noun,1
citations,citation,wordnet_noun,13
document,document,adjacent_duplicate_removed,1
book,book,adjacent_duplicate_removed,1
reviews,review,adjacent_duplicate_removed,1
index,index,adjacent_duplicate_removed,3
article,article,adjacent_duplicate_removed,1
sources,source,adjacent_duplicate_removed,1
citations,citation,adjacent_duplicate_removed,1
emphases,emphasis,wordnet_noun,1
coauthors,coauthor,wordnet_noun,1
map,map,adjacent_duplicate_removed,1
quadrants,quadrant,wordnet_noun,3
antennas,antenna,wordnet_noun,5
interconnections,interconnection,wordnet_noun,4
cluster,cluster,adjacent_duplicate_removed,1
plants,plant,wordnet_noun,1
groupings,grouping,wordnet_noun,1
spotlights,spotlight,wordnet_noun,1
interrelationships,interrelationship,wordnet_noun,1
expos,expo,wordnet_noun,1
friendships,friendship,wordnet_noun,2
hedges,hedge,wordnet_noun,2
ces,ce,wordnet_noun,1
arenas,arena,wordnet_noun,1
word,word,adjacent_duplicate_removed,1
search,search,adjacent_duplicate_removed,1
modifiers,modifier,wordnet_noun,1
emoticons,emoticon,wordnet_noun,1
consumer,consumer,adjacent_duplicate_removed,3
layouts,layout,wordnet_noun,1
figurines,figurine,wordnet_noun,1
music,music,adjacent_duplicate_removed,1
albums,album,wordnet_noun,1
dresses,dress,wordnet_noun,1
creators,creator,adjacent_duplicate_removed,3
streamers,streamer,wordnet_noun,1
business,business,adjacent_duplicate_removed,1
speakers,speaker,wordnet_noun,1
chinese,chinese,adjacent_duplicate_removed,1
proportion,proportion,adjacent_duplicate_removed,1
rmb,rmb,adjacent_duplicate_removed,3
week,week,adjacent_duplicate_removed,1
months,month,adjacent_duplicate_removed,4
loadings,loading,wordnet_noun,1
alphas,alpha,wordnet_noun,1
affordance,affordance,adjacent_duplicate_removed,3
supported,supported,adjacent_duplicate_removed,6
veals,veal,wordnet_noun,1
porters,porter,wordnet_noun,1
utes,ute,wordnet_noun,1
followings,following,wordnet_noun,1
commentaries,commentary,wordnet_noun,1
dances,dance,wordnet_noun,1
competitors,competitor,wordnet_noun,2
pesos,peso,wordnet_noun,1
philippines,philippine,wordnet_noun,1
pines,pine,wordnet_noun,1
sneakers,sneaker,wordnet_noun,1
centuries,century,wordnet_noun,1
slogans,slogan,wordnet_noun,1
reforms,reform,wordnet_noun,1
oxford,oxford,adjacent_duplicate_removed,2
probes,probe,wordnet_noun,1
material,material,adjacent_duplicate_removed,1
ses,s,wordnet_noun,1
crashes,crash,wordnet_noun,2
crypto,crypto,adjacent_duplicate_removed,2
nhs,nh,wordnet_noun,11
outs,out,wordnet_noun,1
remittances,remittance,wordnet_noun,1
registries,registry,wordnet_noun,2
compliments,compliment,wordnet_noun,1
ends,end,wordnet_noun,3
sceptics,sceptic,wordnet_noun,1
workshops,workshop,wordnet_noun,1
casts,cast,wordnet_noun,2
interplays,interplay,wordnet_noun,1
dives,dive,wordnet_noun,1
reverberations,reverberation,wordnet_noun,1
pivots,pivot,wordnet_noun,1
contours,contour,wordnet_noun,1
doors,door,wordnet_noun,1
beavers,beaver,wordnet_noun,1
solitons,soliton,wordnet_noun,1
categorisations,categorisation,wordnet_noun,1
gala,gala,adjacent_duplicate_removed,1
stacks,stack,wordnet_noun,2
bridges,bridge,adjacent_duplicate_removed,1
collapses,collapse,wordnet_noun,1
savers,saver,wordnet_noun,5
governments,government,adjacent_duplicate_removed,1
tutors,tutor,wordnet_noun,1
painters,painter,wordnet_noun,1
web2,web2,adjacent_duplicate_removed,1
centralised,centralised,adjacent_duplicate_removed,1
tradeoffs,tradeoff,wordnet_noun,1
topic,topic,adjacent_duplicate_removed,1
conclusion,conclusion,adjacent_duplicate_removed,1
regulations,regulation,adjacent_duplicate_removed,1
declarations,declaration,wordnet_noun,1
kaohsiung,kaohsiung,adjacent_duplicate_removed,12
ccs,cc,wordnet_noun,1
acm,acm,adjacent_duplicate_removed,1
virtual_reality,virtual_reality,adjacent_duplicate_removed,1
cinemas,cinema,wordnet_noun,1
financial,financial,adjacent_duplicate_removed,1
programmable,programmable,adjacent_duplicate_removed,1
brokerages,brokerage,wordnet_noun,1
real_estate,real_estate,adjacent_duplicate_removed,1
larger,larger,adjacent_duplicate_removed,1
supervisions,supervision,wordnet_noun,1
iso,iso,adjacent_duplicate_removed,11
speculators,speculator,wordnet_noun,2
ministers,minister,wordnet_noun,1
teenagers,teenager,wordnet_noun,1
combs,comb,wordnet_noun,1
entitlements,entitlement,wordnet_noun,1
richter,richter,adjacent_duplicate_removed,2
philips,philip,wordnet_noun,1
synonyms,synonym,wordnet_noun,1
criterion,criterion,adjacent_duplicate_removed,1
results,result,adjacent_duplicate_removed,1
srivastava,srivastava,adjacent_duplicate_removed,1
neurosciences,neuroscience,wordnet_noun,1
lassar,lassar,adjacent_duplicate_removed,4
banking,banking,adjacent_duplicate_removed,1
bankers,banker,wordnet_noun,1
forays,foray,wordnet_noun,1
techs,tech,wordnet_noun,2
demos,demo,wordnet_noun,1
tips,tip,wordnet_noun,1
americans,american,wordnet_noun,1
advisors,advisor,wordnet_noun,1
competitions,competition,wordnet_noun,1
favors,favor,wordnet_noun,1
hidary,hidary,adjacent_duplicate_removed,1
heaters,heater,wordnet_noun,7
managements,management,wordnet_noun,1
eqn,eqn,adjacent_duplicate_removed,3
gru,gru,adjacent_duplicate_removed,1
class,class,adjacent_duplicate_removed,1
minutes,minute,adjacent_duplicate_removed,1
iii,iii,adjacent_duplicate_removed,1
samples,sample,adjacent_duplicate_removed,1
broaches,broach,wordnet_noun,1
referred,referred,adjacent_duplicate_removed,1
iterations,iteration,adjacent_duplicate_removed,1
assignments,assignment,wordnet_noun,1
price,price,adjacent_duplicate_removed,1
sharma,sharma,adjacent_duplicate_removed,2
predictors,predictor,wordnet_noun,3
tractors,tractor,wordnet_noun,1
rogers,rogers,adjacent_duplicate_removed,1
capitals,capital,wordnet_noun,1
moderators,moderator,wordnet_noun,4
dents,dent,wordnet_noun,2
technologies,technology,adjacent_duplicate_removed,1
matthews,matthew,wordnet_noun,1
efficiencies,efficiency,wordnet_noun,6
ovals,oval,wordnet_noun,2
learners,learner,wordnet_noun,1
materializations,materialization,wordnet_noun,1
hobbies,hobby,wordnet_noun,1
panels,panel,wordnet_noun,1
asian,asian,adjacent_duplicate_removed,1
native,native,adjacent_duplicate_removed,1
age,age,adjacent_duplicate_removed,3
muth,muth,adjacent_duplicate_removed,1
mediators,mediator,wordnet_noun,2
brooks,brook,wordnet_noun,1
loves,love,wordnet_noun,1
laggards,laggard,wordnet_noun,1
identity impersonation,identity_impersonation,domain_alias,9
cpss,cps,wordnet_noun,4
cpss,cps,adjacent_duplicate_removed,1
uts,ut,wordnet_noun,8
granularities,granularity,wordnet_noun,1
fidelities,fidelity,wordnet_noun,1
february,february,adjacent_duplicate_removed,1
standpoints,standpoint,wordnet_noun,1
refs,ref,wordnet_noun,3
mots,mot,wordnet_noun,2
nerves,nerve,wordnet_noun,1
tenants,tenant,wordnet_noun,2
families,family,wordnet_noun,1
motions,motion,wordnet_noun,1
cues,cue,wordnet_noun,1
port,port,adjacent_duplicate_removed,1
idmocap,idmocap,adjacent_duplicate_removed,1
size,size,adjacent_duplicate_removed,1
midmocap,midmocap,adjacent_duplicate_removed,3
epoch,epoch,adjacent_duplicate_removed,1
pulses,pulse,wordnet_noun,1
cores,core,wordnet_noun,3
eases,eas,wordnet_noun,1
authorities,authority,adjacent_duplicate_removed,1
philosophers,philosopher,wordnet_noun,2
psychologists,psychologist,wordnet_noun,2
outside,outside,adjacent_duplicate_removed,1
sensor,sensor,adjacent_duplicate_removed,1
leans,lean,wordnet_noun,1
sockets,socket,wordnet_noun,1
municipalities,municipality,wordnet_noun,1
real,real,adjacent_duplicate_removed,1
predicaments,predicament,wordnet_noun,1
paragraphs,paragraph,wordnet_noun,1
trainers,trainer,wordnet_noun,1
heads,head,wordnet_noun,1
shoulders,shoulder,wordnet_noun,1
reviewers,reviewer,wordnet_noun,1
governors,governor,wordnet_noun,2
visualizations,visualization,wordnet_noun,1
decentralised autonomous organisation,dao,domain_alias,2
microcosms,microcosm,wordnet_noun,1
city,city,adjacent_duplicate_removed,1
talents,talent,wordnet_noun,1
npcs,npc,adjacent_duplicate_removed,2
pedestrians,pedestrian,wordnet_noun,1
roads,road,wordnet_noun,2
dialogues,dialogue,wordnet_noun,1
transformers,transformer,wordnet_noun,2
assets,asset,adjacent_duplicate_removed,1
attractions,attraction,wordnet_noun,1
web3,web3,adjacent_duplicate_removed,2
shadows,shadow,wordnet_noun,1
actuators,actuator,wordnet_noun,2
standardisations,standardisation,wordnet_noun,1
hates,hate,wordnet_noun,1
pitches,pitch,wordnet_noun,1
compensations,compensation,wordnet_noun,1
consents,consent,wordnet_noun,1
microseconds,microsecond,wordnet_noun,1
entities,entity,adjacent_duplicate_removed,3
interruptions,interruption,wordnet_noun,2
colours,colour,wordnet_noun,1
invisible,invisible,adjacent_duplicate_removed,1
fully,fully,adjacent_duplicate_removed,1
locally,locally,adjacent_duplicate_removed,1
spies,spy,wordnet_noun,1
cobs,cob,wordnet_noun,1
