topic,term,raw_rank,p_word_given_topic,exclusivity,lift_vs_corpus,display_rank,normalized_weight_within_display_top10,display_score,display_hidden
T01,trust,1,0.02984898070526955,0.6657287047367159,15.384023423524683,1.0,0.2923874466694514,-1.0136309398220928,False
T01,study,2,0.027554960852023237,0.4504374822057096,8.742583004378899,,,-1.2876613417163494,True
T01,metaverse,3,0.02330878518614748,0.16511856177049614,1.0460813351700033,,,-2.23733451735198,True
T01,model,4,0.012011488733794961,0.258206257840537,2.5558387411703194,,,-2.277782837946184,True
T01,research,5,0.01071892236760547,0.2694558322630948,3.5759197037945394,,,-2.211757831136257,True
T01,consumer,6,0.010684992365593178,0.8085371210528759,15.722640140510522,6.0,0.10466547137091453,-1.6213083745177181,False
T01,empowered_metaverse,7,0.01001977534382169,0.9945438336173035,32.10293307991049,2.0,0.09814929889597018,-1.2743378029447765,False
T01,relationship,8,0.009170477649888377,0.45617458056167776,10.72547907263851,10.0,0.08982995336644009,-1.8660106904130038,False
T01,dimension,9,0.008756392971508351,0.8996243764375159,25.673765753461222,5.0,0.08577376253661043,-1.544594858948704,False
T01,equality,10,0.008701760969480969,0.9781960080110718,31.51208973823339,3.0,0.08523861154646602,-1.4663894087461766,False
T01,adoption,11,0.007381957648503122,0.803970254538636,13.616750004166866,,,-1.9007095857622436,False
T01,result,12,0.007302259797669393,0.19793605723244315,3.379150426366003,,,-2.4646931205427514,True
T01,transaction,13,0.007123431113437769,0.11045317068586777,1.324588718268706,,,-2.854178659028587,False
T01,uae,14,0.006988965699898622,0.9678524839400359,25.69917441087389,7.0,0.06846082471060647,-1.6794700744176172,False
T01,level_digital,15,0.006884282691581761,0.9991794983485968,33.579037702994356,4.0,0.0674353961435921,-1.4815478041192618,False
T01,interaction,16,0.0067765376899077984,0.281155305337178,3.3431120501492257,,,-2.5138125337137236,False
T01,theory,17,0.006650166357127314,0.573602150810619,11.71672216998605,,,-2.0234612184296394,False
T01,theoretical,18,0.0065297318157021,0.728556754942773,19.523639948164675,9.0,0.06396237217883842,-1.8301832291226776,False
T01,social,19,0.006419756538672204,0.4904190740628225,5.7705959837026874,,,-2.3279149044924243,False
T01,technology,20,0.006175978628764026,0.19433824468701855,1.4611131181936214,,,-2.900573333998401,True
T01,factor,21,0.006087523135220363,0.47798718827618797,9.555313388609614,,,-2.1580694438627983,False
T01,use,22,0.006073814947068652,0.1950881170372847,2.400946416282962,,,-2.7119158276392987,True
T01,variable,23,0.005915737923693506,0.6343402754691454,14.508283422882277,,,-2.0081955180731184,False
T01,data,24,0.005906353256916774,0.07616114784104444,0.8292639276240159,,,-3.1539227328732835,False
T01,significant,25,0.005802454017624716,0.34199647258944066,4.351428567922152,,,-2.501482927613874,False
T01,effect,26,0.005747261904714806,0.6567888024201031,14.080335377531284,,,-2.03750736889391,False
T01,ethical,27,0.005320248702893018,0.8456669843102499,13.177740460677132,,,-2.1103295058731235,False
T01,interview,28,0.005244656839823227,0.7345458547644622,24.202048867250358,,,-1.87575236185092,False
T01,blockchain,29,0.0049546982801636184,0.06186494151700022,0.5793900678087196,,,-3.402763137427588,True
T01,participant,30,0.004938402269487141,0.2387924462457795,3.25966679329568,,,-2.7137780645915957,False
T01,mean,31,0.004720808427460245,0.3086267240881844,5.682843027264942,,,-2.5184844740370096,False
T01,virtual,32,0.004577738851664215,0.19745394054635293,1.3368181887905566,,,-3.115813140196463,True
T01,based,33,0.004576942638157164,0.09486730382718478,1.1471247764976908,,,-3.177130983082849,True
T01,finding,34,0.004530666903908617,0.4131946077987284,8.330513465560049,,,-2.3901616406292323,False
T01,cronbach_alpha,35,0.0045017199450239145,0.9987457874922766,33.54537414602066,8.0,0.04409686258111034,-1.736817857331234,False
T01,positive,36,0.00449702077524589,0.4902418544379371,12.515363226899568,,,-2.2318213117272188,False
T01,risk,37,0.004481117985983115,0.2276044851952471,2.2214903848458447,,,-2.925458301883703,False
T01,dispute_resolution,38,0.0043214430150374065,0.8230531109559862,21.121579731661857,,,-1.9463814391694902,False
T01,performance,39,0.004266105188111622,0.2914847709736182,3.727373602768926,,,-2.7479508580734686,False
T01,survey,40,0.00422450609670994,0.7838164350962433,9.58927980737752,,,-2.3758534400027735,False
T01,theme,41,0.004134812416869155,0.8490934619398542,16.96594216763042,,,-2.1605048166919962,False
T01,using,42,0.0041133637479222815,0.09234085153376953,1.0580363165007818,,,-3.273542629647511,True
T01,importance,43,0.004049655664883731,0.6035443768846946,9.259179784202674,,,-2.4152278660907385,False
T01,business,44,0.00400394566256503,0.2942889899624855,2.5189530432913396,,,-2.94274765057154,False
T01,higher,45,0.003986850580743681,0.3636491172546463,8.149819008092418,,,-2.4756539249748912,False
T01,approach,46,0.003963350665972894,0.17707642859295866,2.128135997560869,,,-3.0163006989992507,True
T01,regarding,47,0.0038776066023773212,0.38254825499210604,6.086156676038358,,,-2.6091155845131317,False
T01,method,48,0.00386472898043875,0.12986468382204883,1.6184327231506062,,,-3.1409349420902015,True
T01,transparency,49,0.003861895967016393,0.5670487706706637,6.006438456514112,,,-2.6168254317672375,False
T01,ability,50,0.003855859907947579,0.43502480658067044,5.9234423913449925,,,-2.623329634322768,False
T01,literature,51,0.003720227720268031,0.36809055463499796,6.594090282728652,,,-2.6019127039852723,False
T01,identity,52,0.003718081728769912,0.20326820326672196,1.8320365706199098,,,-3.114557153531498,False
T01,test,53,0.003713885173377193,0.3450822772619796,6.9671702343518715,,,-2.5809223802073804,False
T01,context,54,0.003660713111729882,0.30674196793800124,4.378064730657667,,,-2.7754156729935944,False
T01,construct,55,0.003524576057691616,0.6465381878862645,12.092001363100012,,,-2.391779394505424,False
T01,conceptual,56,0.003493761230945196,0.8396710787203597,17.532945688067507,,,-2.248433155176307,False
T01,virtual_workplace,57,0.0034428031687755833,0.9983606567201493,33.51551333385851,,,-1.8980781923764187,False
T01,internet,58,0.003334538380709493,0.3840154570099156,4.274552275276164,,,-2.840980869074521,False
T01,digital_payment,59,0.003333011564706408,0.8674211149473613,13.805737454421186,,,-2.2722937006115207,False
T01,relevant,60,0.003305576153771495,0.3931504891200213,6.988823516626169,,,-2.649561802738027,False
T01,domain,61,0.0032932566835980315,0.5063575821225673,6.7757306941075415,,,-2.6641881132318677,False
T01,challenge,62,0.003277289275363709,0.22755683391887443,1.280129439649259,,,-3.333658704210589,True
T01,threat,63,0.003188796432958448,0.24675122457036247,2.130752168065585,,,-3.1462770171001497,False
T01,journal_article,64,0.0031559977119865043,0.979970027575306,31.80051478293489,,,-1.9712773694637327,False
T01,knowledge,65,0.0031032180722071305,0.4765899622195624,7.175156225031575,,,-2.6769395569008165,False
T01,potential,66,0.003072320349019814,0.1892790031967346,1.4236594673584435,,,-3.3299010547918884,True
T01,innovation,67,0.0030443072532734235,0.385365533456139,3.715290568726534,,,-2.951706387995254,False
T01,information,68,0.003042275948495126,0.09186725280160568,1.0793412842943564,,,-3.446549252601088,True
T01,awareness,69,0.00301042188259153,0.6235721046542974,8.827288182811078,,,-2.6122658884751866,False
T01,diffusion,70,0.002913344780650177,0.998063306720196,33.49247914810017,,,-2.098543704989477,False
T01,reliability,71,0.0028285914301227617,0.6402807516264808,12.07174703155074,,,-2.524438744955172,False
T01,job,72,0.0027744000204779225,0.6365332104006948,14.407442489654978,,,-2.465294493347908,False
T01,estimated,73,0.0027690049550789775,0.6727281186064548,17.553285198510157,,,-2.3874638979101634,False
T01,scale,74,0.0027334542796082586,0.628961694964042,10.13406045651802,,,-2.6149526703342105,False
T01,proposed,75,0.002731723917764071,0.13739554944463167,1.5391698799599849,,,-3.3691961455808013,True
T01,experience,76,0.0027087480207497305,0.22512916168388747,1.8038579420145442,,,-3.310790172509746,False
T01,adapted,77,0.0026670568099456454,0.9365905175340873,26.793306006050297,,,-2.2408070075956954,False
T01,validity,78,0.0026489143357285414,0.7230557016151761,14.531842301212972,,,-2.4896263395468434,False
T01,consumer_right,79,0.002648615586589159,0.9978701464596504,33.47752562216479,,,-2.0558811826919667,False
T01,commerce,80,0.002645439805388812,0.6168352546635923,10.035758722803404,,,-2.6384889348613467,False
T01,box,81,0.0026221830670833074,0.5052952262380861,15.637751050325857,,,-2.466373673849062,False
T01,provide,82,0.0025774144335877222,0.18448770842609055,1.621463075398155,,,-3.38324957419024,True
T01,way,83,0.002576806054439499,0.22458163174300053,2.4902506784623717,,,-3.2117694144160667,False
T01,stronger,84,0.0025689134923065214,0.8397212499552215,20.920961097780676,,,-2.3622627091758677,False
T01,educational,85,0.002534879724618301,0.853410993235452,12.877776299359502,,,-2.5643642301024565,False
T01,government,86,0.0025145952952681594,0.4869057958369861,7.12793743541112,,,-2.805777277731637,False
T01,strong,87,0.002506662515942874,0.4708379414349127,7.010084467851844,,,-2.8143419510997796,False
T01,platform,88,0.0024871617766203885,0.07386953746598457,0.6643348649617549,,,-3.76155541719568,False
T01,dispute,89,0.0024850215793073213,0.5328796261610635,9.814802096014795,,,-2.6849276957458925,False
T01,refers,90,0.0024772049963793764,0.511980287030884,7.101902270642338,,,-2.816229553731964,False
T01,qualitative,91,0.002462183577340833,0.8202688507528816,22.543721357533027,,,-2.357841375755113,False
T01,acceptance,92,0.002396159909696347,0.7788173817104956,19.014687370097327,,,-2.4422480364013888,False
T01,past,93,0.0023940904920679877,0.5055890211050608,12.996263276772032,,,-2.59498637346241,False
T01,vote,94,0.0023893134212073816,0.7598832242134385,17.025318543762705,,,-2.488168910576765,False
T01,value,95,0.002383705024894547,0.04795275096131285,0.8555789405665519,,,-3.6858503274498116,False
T01,quantitative,96,0.002364067076971233,0.8395595409936427,21.559660691354846,,,-2.4000934800768436,False
T01,conducted,97,0.00235282155650251,0.2921668590458049,5.4150385515720645,,,-2.955612005289301,False
T01,low,98,0.002341269919430808,0.31697825691611314,4.684453576380086,,,-3.016537367201078,False
T01,measure,99,0.002300608066878733,0.39279086948944775,4.691041757355521,,,-3.02648721609238,False
T01,source,100,0.00228969191092401,0.2929783578633495,4.538387457791294,,,-3.042574098928195,False
T02,model,1,0.02110889903588966,0.4537697156436286,4.491611584131595,,,-1.7139517173836012,True
T02,data,2,0.018484651317119353,0.23835558093390913,2.595282382414877,1.0,0.2502101699327124,-2.013010598439885,False
T02,user,3,0.013371841932879065,0.13960153901939198,1.1964785008647252,5.0,0.18100264835617383,-2.5170094148083817,False
T02,metaverse,4,0.010117574940451447,0.07167252215981641,0.45406940850267996,,,-3.0718908487219974,True
T02,based,5,0.009589668543686548,0.19876718396064577,2.40347045059157,,,-2.4374758864509305,True
T02,attack,6,0.008188420918504608,0.37219330942552986,3.5305095474517034,2.0,0.11083932038264184,-2.378443640150774,False
T02,using,7,0.007884998316511462,0.17701022897787363,2.0281733115945864,,,-2.6228217466659536,True
T02,method,8,0.006506084668800007,0.21862092599757724,2.724553359593926,,,-2.620088658257511,True
T02,network,9,0.006379445450559482,0.17553751453140856,1.8233611352681198,,,-2.7925318330223647,False
T02,authentication,10,0.006051425513775771,0.6860713780583997,4.944068986744231,3.0,0.08191272749271143,-2.4252013780743176,False
T02,security,11,0.005943961142202176,0.19121764713196482,1.2641742204955768,,,-2.981460057782706,False
T02,transaction,12,0.0055198481700978585,0.08558863311554643,1.0264054633553183,,,-3.1092178118380156,False
T02,device,13,0.005424323843948115,0.6352158003552522,4.5134260999678215,6.0,0.07342421382367903,-2.527294601625432,False
T02,feature,14,0.0053799234335863005,0.4029948330634349,3.687285755992566,,,-2.6130924339877737,False
T02,technique,15,0.005258434641043936,0.5055329866173416,4.072064255758618,8.0,0.07117872025517359,-2.587093112359698,False
T02,used,16,0.005124078418547156,0.16501049964090914,2.0397460726364804,,,-2.8791526241748806,True
T02,blockchain,17,0.004923653345591455,0.06147731083736929,0.5757597505361431,,,-3.409048606492924,True
T02,algorithm,18,0.004821226468955095,0.17330743553605835,2.2406489515579504,,,-2.8781299437181573,False
T02,framework,19,0.004650753409342093,0.33454479954138483,2.4591989448637013,,,-2.8625013634975502,True
T02,accuracy,20,0.004444821793897972,0.7402433358134992,6.308739677275226,4.0,0.060165571819136204,-2.5128349323425585,False
T02,layer,21,0.004373678254018645,0.4178662165251449,3.630236877964665,,,-2.7435713901969567,False
T02,training,22,0.004281784361371658,0.8253280215405189,5.236649514756663,10.0,0.05795868011217597,-2.6097585143463555,False
T02,detection,23,0.004236296495969694,0.8383363408177072,5.9771319234715365,7.0,0.05734295161739171,-2.563263179038178,False
T02,proposed,24,0.004221148943503245,0.21230808670261256,2.378375527049229,,,-2.93402167470661,True
T02,pattern,25,0.0041344979748455515,0.6127492354980629,5.641973569972797,9.0,0.05596499620820416,-2.6009400487503944,False
T02,identity,26,0.004062343090372316,0.2220890344188729,2.001666893543357,,,-3.026005101505245,False
T02,approach,27,0.003919054297335023,0.17509733478594983,2.104350896366362,,,-3.027540120255362,True
T02,smart_contract,28,0.0038709524029425413,0.1180720095238508,1.1913756788904168,,,-3.1625093531144737,False
T02,threat,29,0.003850915659391545,0.2979864581040287,2.5731799011935133,,,-2.95760961533032,False
T02,nft,30,0.003688265317683881,0.03150470655958172,0.3823937250810861,,,-3.746081223941573,False
T02,information,31,0.0034567036884913215,0.1043816790412968,1.2263723152420796,,,-3.3188397113923407,True
T02,behavior,32,0.003312314902288757,0.16374222681323158,2.511391238131016,,,-3.0577300295799787,False
T02,solution,33,0.0032447045014611835,0.1998943042761438,1.9377684801362713,,,-3.173823780202507,False
T02,privacy,34,0.003213650838150486,0.23289661391490651,1.6179823492136067,,,-3.2517366293889,False
T02,ethereum,35,0.0031071954888402414,0.12156487073034586,1.8625855095125128,,,-3.2156346064793375,False
T02,prediction,36,0.003066661500513963,0.8331618872297601,6.158317857597292,,,-2.7451779948517023,False
T02,various,37,0.003056754143886074,0.20142294277930453,1.6541463896874675,,,-3.2729269583153107,True
T02,research,38,0.003047424870737507,0.07660717902813463,1.0166457286823478,,,-3.4694715269988063,True
T02,performance,39,0.003046192240833805,0.20813332266991963,2.6615134992649794,,,-3.0847597701014156,False
T02,dataset,40,0.003019964071784003,0.5750100736466661,5.918470944084541,,,-2.7702749550310286,False
T02,vulnerability,41,0.0029903603157753196,0.34992096776110015,2.84221856482412,,,-3.0695828623332684,False
T02,issue,42,0.002909975248798423,0.17721360067440106,1.4350541541014419,,,-3.3592853874217536,True
T02,high,43,0.0028853224894109116,0.174600749525457,2.0614287413996033,,,-3.219511439833138,False
T02,result,44,0.0028711136471901333,0.07782480094346325,1.3286195196922845,,,-3.3981769972304017,True
T02,like,45,0.0028647973835762147,0.18191936701989134,1.304452073505071,,,-3.4068413573247343,True
T02,analysis,46,0.0028369477404135922,0.08221247602350404,1.2549528516242356,,,-3.4281767250473956,True
T02,attacker,47,0.0028277485543318345,0.7082272912665992,5.764449065983235,,,-2.8202808351402853,False
T02,application,48,0.0027868054863796495,0.12443574160456113,0.933031355586218,,,-3.557442184235135,True
T02,classification,49,0.002745492261516122,0.7339597254063575,5.991253794620518,,,-2.82255665197267,False
T02,address,50,0.0027290737905608497,0.13475194832565907,1.349114412898194,,,-3.4224964442250143,True
T02,fraud,51,0.002717064736870826,0.3490709473602883,2.9656647075562605,,,-3.1100813965344343,False
T02,learning,52,0.0026100283977747774,0.49313826236941743,3.720956024882406,,,-3.0434442539185937,False
T02,avatar,53,0.002598887409815688,0.12774208773738024,1.0782661260556095,,,-3.5414613820236376,False
T02,section,54,0.002560918026717178,0.21117853505268158,2.1085669557634685,,,-3.282030268806679,True
T02,malicious,55,0.0025497230512478973,0.34623600841372243,3.3328767595473394,,,-3.1015279907148248,False
T02,cybersecurity,56,0.0024476668688775804,0.4595201193815408,2.9819938404663504,,,-3.170535143632577,False
T02,multiple,57,0.0022780669203294485,0.1820302912503888,2.0829858322438093,,,-3.35713587830091,False
T02,verification,58,0.002269258268356731,0.30546601299849613,2.7899080935429947,,,-3.2425778913841534,False
T02,detect,59,0.00224583520997972,0.6152640905482148,5.603760438822159,,,-2.9698315257563,False
T02,process,60,0.0021900276969903706,0.0803507464718794,0.9876794689064751,,,-3.6792634761456444,True
T02,identify,61,0.002078504908129858,0.2876891107382343,3.2498833232983833,,,-3.2342162246667274,False
T02,different,62,0.002057312720899407,0.08872598768510802,1.134389299404357,,,-3.661375013752137,True
T02,use,63,0.002020287350104662,0.06489069200180049,0.7986087352622736,,,-3.812662973572581,True
T02,provide,64,0.002012427682406864,0.1440467495883737,1.266027355325104,,,-3.6306945176468646,True
T02,real_time,65,0.001925752990537549,0.48052007650148,2.563564540200703,,,-3.2749034588790766,False
T02,machine_learning,66,0.0018878972888421524,0.7697179785824415,4.992283756414612,,,-3.0202175802281324,False
T02,instance,67,0.0018694314514824718,0.2641358953372931,2.7026998857322244,,,-3.3715720661650255,False
T02,related,68,0.0018606528662013025,0.1145538509600563,1.5246224779069235,,,-3.603397980129515,False
T02,architecture,69,0.0018091119506739772,0.2999374524872467,2.0070301971604283,,,-3.510289067206927,False
T02,score,70,0.001771567012915506,0.260320148610249,3.5678177950141574,,,-3.2927528248191287,False
T02,id,71,0.001766452412476672,0.9559979275075603,6.409096308234314,,,-3.0601819064663625,False
T02,biometric,72,0.0017194169956405378,0.9349894914595163,6.510681522538326,,,-3.07008434526179,False
T02,paper,73,0.001715869170165554,0.17347750276459536,1.6685789705765495,,,-3.6159123738423347,True
T02,fake,74,0.0017062151558279565,0.5640033977927758,4.740846967954237,,,-3.2016003104525406,False
T02,recognition,75,0.001696661678642972,0.38654388122006167,4.601254948882235,,,-3.21692397368805,False
T02,study,76,0.0016595236268986617,0.027128024175952847,0.5265303454359352,,,-4.097313338892803,True
T02,including,77,0.0016546284741259217,0.12076190810031422,1.0986545084436652,,,-3.8048727665825783,False
T02,datasets,78,0.001653982596013676,0.7593322959436661,6.50540553046668,,,-3.0936881423310405,False
T02,target,79,0.0016491454814181786,0.4479912263493409,3.997183569149895,,,-3.290262806999521,False
T02,potential,80,0.0016071246001164805,0.09901146617736259,0.7447134062404782,,,-3.977887525317323,True
T02,contract,81,0.0016056531535775468,0.09511427784612142,1.252628757423424,,,-3.7704370539346916,False
T02,additionally,82,0.0015728737804485554,0.24649002572183046,2.0059762120443008,,,-3.5944582072234517,False
T02,work,83,0.0015705792791582938,0.08803513200531618,0.820435395414986,,,-3.9529544998822965,True
T02,input,84,0.0015543959634423462,0.16119017789604545,2.0737466474822113,,,-3.588258175707617,False
T02,detecting,85,0.0015523969247471141,0.8364180963866296,6.228376440664264,,,-3.1491268054982964,False
T02,secure,86,0.0015414148566259321,0.1345437003948375,0.889001783323534,,,-3.9320951427543944,False
T02,create,87,0.001534658467234073,0.2007612198219606,1.2971577882650085,,,-3.783598230061549,False
T02,environment,88,0.001530918650064242,0.07938793678349959,0.6093749582851928,,,-4.087260981603298,True
T02,level,89,0.0014846649747684143,0.12341005434918129,1.951146108169333,,,-3.6401729039586748,False
T02,problem,90,0.001481425644213885,0.15248934756842675,1.3708785037615328,,,-3.7826695178619696,False
T02,fraud_detection,91,0.001471255714187088,0.922309560317455,6.001514809032848,,,-3.0961786470845305,False
T02,individual,92,0.001467665568526404,0.10188534480754344,1.127223877514002,,,-3.8665461676951454,False
T02,scenario,93,0.0014530046083027128,0.155930644082518,2.2008708215849717,,,-3.60493178967738,False
T02,employ,94,0.0014526354056625468,0.3188478735125555,3.6940419161331444,,,-3.397937019138425,False
T02,challenge,95,0.0014511042874233238,0.10075665270515671,0.5668103002978592,,,-4.148350500365783,True
T02,biometrics,96,0.001426560595715722,0.9699598099937494,6.59705275947698,,,-3.1768441466891133,False
T02,impersonation,97,0.0014143183413822793,0.7043414191056153,5.15939968741093,,,-3.2803364676686835,False
T02,image,98,0.0014104086612300893,0.11114916995122998,1.3387516363347667,,,-3.821630445529282,False
T02,type,99,0.0014099701535016727,0.07625935674151842,1.0827098313767602,,,-3.9067252448396235,False
T02,essential,100,0.0014073845428155371,0.2941660292754961,1.9062318029051504,,,-3.6815619726473416,False
T03,study,1,0.02832066157693749,0.46295429572998426,8.985523002734384,,,-1.2602522990089629,True
T03,player,2,0.01774579928229032,0.929918799050772,14.506837722994495,1.0,0.2669781426018785,-1.3491158285823723,False
T03,research,3,0.017274215949591377,0.43424498058281796,5.7628189722158565,,,-1.7345534741124,True
T03,game,4,0.011846641534371467,0.4373947496985045,7.42949491613466,2.0,0.17822777676027923,-1.859243368861693,False
T03,analysis,5,0.011648542763104251,0.3375654507054315,5.152852042206937,,,-2.015724372507235,True
T03,data,6,0.009394422642915,0.12113904818517474,1.3189959150344561,,,-2.6898351503104827,False
T03,article,7,0.008876770983561738,0.7087192881442761,10.321584782515353,,,-1.9008955246660681,True
T03,financial,8,0.008076455448773582,0.35790922947291265,4.280164955698548,5.0,0.12150690088511486,-2.309684690907615,False
T03,technology,9,0.007627147460188404,0.24000187476016285,1.8044306624663093,,,-2.6895267693812706,True
T03,cryptocurrency,10,0.005799397279331181,0.21439031915770387,2.6434636909553997,,,-2.7011647459586947,False
T03,review,11,0.005668203341829333,0.6057625097830494,6.607782385791936,7.0,0.08527575320890518,-2.3484306079340698,False
T03,publication,12,0.005325141897300396,0.7518117222052721,10.949798762402473,4.0,0.08011453697954905,-2.183861120924458,False
T03,number,13,0.0048725656861014835,0.17269736320043538,2.9626093776619413,,,-2.760052616809014,False
T03,field,14,0.004826161804113085,0.6889514802677746,7.096599971293991,,,-2.4163759540287524,False
T03,resource,15,0.0046332835382896865,0.43460281047124516,4.665096146212659,,,-2.6086503071388307,False
T03,stage,16,0.004614664087592412,0.5709227677272539,8.200610406716427,9.0,0.06942569490609089,-2.3854262839209324,False
T03,development,17,0.004483629921126933,0.34380612563644586,2.6277341064478676,,,-2.857944618886386,True
T03,methodology,18,0.004408516745434453,0.5442518104092979,8.343083980203613,,,-2.405957019074166,False
T03,financial_sector,19,0.0042843825998612525,0.998516602866185,16.181326434315814,3.0,0.06445674779204073,-2.0581241375593806,False
T03,time,20,0.004199070506702182,0.11574565697995162,1.8820333906051425,,,-3.0307941384312787,True
T03,based,21,0.004021537201550067,0.08335529232356445,1.0079228271391896,,,-3.30649799406245,True
T03,use,22,0.0039726677854075715,0.1276002454180603,1.5703742319413918,,,-3.1364648721296273,True
T03,process,23,0.003950352078344655,0.1449359470466683,1.7815672596720564,,,-3.0893729582226532,True
T03,related,24,0.003908849435610472,0.24065410792416875,3.2029186209528895,,,-2.861082340899887,False
T03,method,25,0.003907011683256388,0.1312854897466937,1.6361394524477142,,,-3.130053693772387,True
T03,group,26,0.003642735876569617,0.3410443851354383,4.263787111932439,,,-2.788949055618361,False
T03,new,27,0.003594894520876588,0.153607094334156,1.3323216181006794,,,-3.2621751780468005,True
T03,researcher,28,0.0035594155380250154,0.549378461974605,6.469881101663438,,,-2.6360322607947055,False
T03,investigation,29,0.003543717134962084,0.8870626506040659,11.634383539279183,,,-2.4039615139502284,False
T03,information,30,0.003535363113203441,0.10675694853610765,1.2542791737677275,,,-3.2963391416673526,True
T03,strategy,31,0.0035072345909639546,0.4358823640071481,4.407698480380187,,,-2.798415384036204,False
T03,academic,32,0.003472390486389733,0.7083535373805007,9.785931440706065,,,-2.48536889794283,False
T03,literature,33,0.003423668661588424,0.3387481066454043,6.06844041553357,,,-2.6849849013214415,False
T03,search,34,0.003416327569242701,0.7848322945750611,11.811178460702918,,,-2.4198949049232104,False
T03,work,35,0.003362422939382757,0.18847271911348715,1.7564543416766139,,,-3.1917371917977904,True
T03,energy,36,0.003324456198908442,0.8754439248382095,11.266087063012904,,,-2.455150673115735,False
T03,scientific,37,0.003291070858151105,0.9925498184301749,15.773530582266643,6.0,0.04951278727451899,-2.3265920647872944,False
T03,cluster,38,0.0031682691285814194,0.9268478816688924,14.94394386898545,8.0,0.04766528651406965,-2.371019463705053,False
T03,included,39,0.0029824812638854603,0.5654922867724131,8.364271216549318,,,-2.6394121285385355,False
T03,database,40,0.0029565605669231005,0.6845487504425889,8.782179979876746,,,-2.625147327691664,False
T03,finding,41,0.002942708990614613,0.2683736220364881,5.410743581787292,,,-2.8217002062164003,False
T03,international,42,0.002934336039032699,0.6535367829451548,7.760913370074282,,,-2.679124432014078,False
T03,planet,43,0.0029343345658013934,0.943963123977241,15.53150553995573,,,-2.4016165145177615,False
T03,criterion,44,0.0028767189641734077,0.5973283980253089,9.94805890632072,,,-2.5917119507544233,False
T03,section,45,0.0027675549490919155,0.22821823804185926,2.2787042978472227,,,-3.2044318266607927,True
T03,social,46,0.002717411603718109,0.20758894430265112,2.442629154551414,,,-3.1876152881964543,False
T03,type,47,0.0027118114177548266,0.14667047654072404,2.0823879679658894,,,-3.2526769498420536,False
T03,term,48,0.002707433156848379,0.20904241790423597,2.8855189536131642,,,-3.1231706550355787,False
T03,comprehensive,49,0.0027023352779094183,0.3770230931251236,4.607901843365592,,,-2.93707432850656,False
T03,used,50,0.002674388571643296,0.08612323200274542,1.0645960385711646,,,-3.5293825293851158,True
T03,result,51,0.002670960027830075,0.07239940944074275,1.2359976181248953,,,-3.4704390133468053,True
T03,score,52,0.00266510813283279,0.3916201533125434,5.367350008571926,,,-2.884372665806928,False
T03,journal,53,0.002648291382660756,0.7262804919091113,10.620632586449178,,,-2.6151849330676766,False
T03,paper,54,0.002607917272506118,0.26366519296303065,2.5360417877822288,,,-3.197280207942872,True
T03,finance,55,0.002596816777584187,0.3666345896068271,4.854257035079438,,,-2.940138916552292,False
T03,area,56,0.0025603970390869622,0.3753995970741618,3.468475481709586,,,-3.0830697014847175,False
T03,following,57,0.002523102590003354,0.2517196010259277,3.265669936448662,,,-3.115973597361252,False
T03,source,58,0.0025064021625558464,0.32070759661042036,4.967927817910669,,,-2.952143047260053,False
T03,community,59,0.0024935956872527767,0.29365113361244477,3.038489648644263,,,-3.1518735090813568,False
T03,financial_innovation,60,0.0024484809001634657,0.9974072169575009,16.163460448065017,10.0,0.03683637307755295,-2.3942712257652565,False
T03,applied,61,0.0024305266912459165,0.391424045166958,5.189694735012518,,,-2.953118428835607,False
T03,topic,62,0.002390145830939658,0.7052109564895145,8.589404666803414,,,-2.761628767375779,False
T03,article_governed,63,0.002387284176840206,0.9973409291172394,16.162392914818497,,,-2.4094844846811667,False
T03,rule_use,64,0.002387284176840206,0.9973409291172394,16.162392914818497,,,-2.4094844846811667,False
T03,online_library,65,0.002387284176840206,0.9973409291172394,16.162392914818497,,,-2.4094844846811667,False
T03,applicable_creative,66,0.002387284176840206,0.9973409291172394,16.162392914818497,,,-2.4094844846811667,False
T03,condition_wiley,67,0.002387284176840206,0.9973409291172394,16.162392914818497,,,-2.4094844846811667,False
T03,common_license,68,0.002387284176840206,0.9973409291172394,16.162392914818497,,,-2.4094844846811667,False
T03,library_term,69,0.002387284176840206,0.9973409291172394,16.162392914818497,,,-2.4094844846811667,False
T03,wiley_online,70,0.002387284176840206,0.9973409291172394,16.162392914818497,,,-2.4094844846811667,False
T03,thematic,71,0.002378540331613801,0.9902644138195633,15.652147075387862,,,-2.524517730938861,False
T03,supervision,72,0.0023678254816731988,0.9618693833048113,15.269898582505254,,,-2.537116566939883,False
T03,focus,73,0.002361896696702901,0.32136196250180027,3.022711784678317,,,-3.186512430439927,False
T03,future_research,74,0.002339966878512401,0.7845858066287684,7.9713100971012345,,,-2.7042315593764723,False
T03,according,75,0.002337217452438862,0.1916778075905782,3.0874187057593687,,,-3.1843423594460907,False
T03,opportunity,76,0.0023279453279849557,0.2598651878942797,2.100076751063538,,,-3.3408719834839515,False
T03,year,77,0.00232590898802863,0.3340694723170496,4.80156182100718,,,-3.01061011450711,False
T03,insight,78,0.0023248076281403075,0.34954431808028835,4.918350811804539,,,-3.0012814809868464,False
T03,payment,79,0.002311580477352186,0.31657584068248446,4.032653928689926,,,-3.08412439851619,False
T03,sturt_university,80,0.0023031285080710225,0.75492366871047,9.516131298622831,,,-2.6428967596393944,False
T03,downloaded_charles,81,0.0023031285080710225,0.75492366871047,9.516131298622831,,,-2.6428967596393944,False
T03,point,82,0.0022999987395810385,0.2525365654092507,3.3913313453013467,,,-3.1564189938241594,False
T03,relevant,83,0.002244705961497249,0.2669753185647758,4.74587578135929,,,-3.0365980509850106,False
T03,influence,84,0.0022241507612469078,0.28923196698721726,5.216581021812035,,,-3.004291185680823,False
T03,trend,85,0.002208191556804415,0.21938783164191736,3.6611401197141076,,,-3.150238996309431,False
T03,high,86,0.0022016022975093505,0.13322649815154042,1.5729424595944481,,,-3.489962702651229,False
T03,different,87,0.0021526723349753574,0.09283857390411537,1.1869699910533134,,,-3.6160656237080557,True
T03,application,88,0.0021458710073688635,0.09581689554392327,0.7184444499998293,,,-3.8187926031096353,True
T03,total,89,0.0021348657861014375,0.3265628774905297,6.160942452003731,,,-2.962318994238977,False
T03,future,90,0.0021312496619234444,0.20301739720505693,1.609492551413795,,,-3.500260487793363,True
T03,theory,91,0.002090935974191129,0.18035118335316666,3.683955343247899,,,-3.1804912886239047,False
T03,impact,92,0.002077220896616995,0.26871449230874705,2.5805814844260033,,,-3.326828729591407,False
T03,characteristic,93,0.002046155262207788,0.27828567357114986,3.3430414848500156,,,-3.2323232304284875,False
T03,blockchain,94,0.002039017844355625,0.025459414995702822,0.23843766467761224,,,-4.290631168283177,True
T03,management,95,0.002030138959293205,0.2765630600949761,1.8451039414883552,,,-3.4747763761481862,False
T03,range,96,0.0020232245134479618,0.17708568022349322,3.721954650713329,,,-3.196138058292161,False
T03,writing_review,97,0.0020201038369004774,0.9968591261950919,16.154633687836483,,,-2.5098810490217045,False
T03,economic,98,0.002013187148372744,0.2497473269769817,2.132300424333828,,,-3.4219411367171033,False
T03,identified,99,0.0019852300104942744,0.28096492023160097,3.730474249943297,,,-3.2065981502187104,False
T03,increase,100,0.0019357126631863492,0.15252348859978354,2.309783151334961,,,-3.4135063728525212,False
T04,transaction,1,0.017374694338523605,0.2694052976475791,3.230791978989014,,,-1.9625533670629887,False
T04,reputation,2,0.015330452542238252,0.9322893675666675,24.841102049779806,1.0,0.16632110445492837,-1.2217485910897712,False
T04,blockchain,3,0.014332326388824859,0.17895510154413044,1.6759865260662683,,,-2.3405818387450954,True
T04,cost,4,0.013499640143717895,0.6126698098313086,10.29067428314765,7.0,0.14645849835555066,-1.6505601196676452,False
T04,ethereum,5,0.013203808563531547,0.5165813631420583,7.91492604476923,,,-1.7688498382358162,False
T04,trust,6,0.012366908615428548,0.2758220166859206,6.3738461857344,,,-1.894757386506718,False
T04,time,7,0.012339424901145998,0.3401311884757107,5.530559595928316,,,-1.9528579183543342,True
T04,value,8,0.012263789850711236,0.24670941010373054,4.401819947611402,,,-2.047855331867086,False
T04,virtual_entity,9,0.010868908599909948,0.994709992148198,30.395395328620065,2.0,0.11791751597521744,-1.247392941614713,False
T04,based,10,0.01035796517375251,0.21469183838524575,2.596029582248767,,,-2.3604064063067782,True
T04,algorithm,11,0.010258887489920964,0.3687736914620579,4.767783809048959,,,-2.123013891470873,False
T04,function,12,0.009627057481995578,0.38712870646243097,6.390726756753893,,,-2.0439673962242355,False
T04,digital_medium,13,0.009548419719948652,0.9993859617328926,30.728473939881056,3.0,0.10359144384326269,-1.320751881664261,False
T04,interaction,14,0.009076577827359527,0.3765828697844443,4.477805347995604,,,-2.221581609714929,False
T04,equation,15,0.008897658319412631,0.8918412187981474,23.068300779678637,4.0,0.09653128990615102,-1.5777965224268062,False
T04,metadata,16,0.008452955087275558,0.6510884642668773,11.673995456245288,,,-1.880998007542461,False
T04,solution,17,0.00805660379748045,0.4963377127872977,4.811480641356816,,,-2.264355960845813,False
T04,average,18,0.007828726137417764,0.7962478502962419,22.341516535705928,8.0,0.08493437320672749,-1.6673946130571455,False
T04,rating,19,0.007577497749701733,0.9783263889558862,29.028690631493024,5.0,0.08220877963405003,-1.5822294783858806,False
T04,operation,20,0.007477626721173122,0.40457689388458923,5.911237196407636,,,-2.2267618327625245,False
T04,number,21,0.00741741268121499,0.2628938621533897,4.509923063743886,,,-2.3398429489862322,False
T04,network,22,0.007098814244741166,0.19533174447517815,2.0289697749846862,,,-2.685685244309318,False
T04,result,23,0.007093384273904955,0.19227424859075526,3.282492428055494,,,-2.49371442486634,True
T04,behavior,24,0.007002497545854662,0.3461641103688982,5.309281122257333,,,-2.3091104630916766,False
T04,ipfs,25,0.006809249458388737,0.9860762654749006,29.341471965161205,6.0,0.07387400256502728,-1.6420832496769706,False
T04,storage,26,0.006669581329283264,0.6059232219800345,9.493255300538369,,,-2.1058862829104554,False
T04,entity,27,0.0064899232464246176,0.4333256686197806,6.900318891654926,,,-2.2498756941769122,False
T04,gas,28,0.006483432255989829,0.9231237019643646,25.917827284985666,10.0,0.07033918995567363,-1.7211307261897695,False
T04,data,29,0.00638926648451462,0.0823882094680144,0.8970659202241722,,,-3.075331856988292,False
T04,smart_contract,30,0.006200607334743526,0.1891312762525755,1.9083811951155678,,,-2.6913626843600973,False
T04,decentralized,31,0.00611782350005368,0.28920803309798265,2.4012539157933612,,,-2.707532903442562,False
T04,mapping,32,0.0060657745895131305,0.8272994405920803,20.977590134307267,,,-1.8456739254521137,False
T04,dynamic,33,0.0060078951375201065,0.4720380095254262,6.406941169537454,,,-2.3258557069293144,False
T04,contract,34,0.005914416230050905,0.35035301824012705,4.614052441292572,,,-2.466574877589307,False
T04,approach,35,0.005889461800283563,0.263132119719432,3.1623685915680744,,,-2.6202258759478156,True
T04,sybil,36,0.005662886756360607,0.9989650815610552,30.701899241895113,,,-1.7345630866022415,False
T04,log,37,0.00547444026269517,0.865319245062729,21.092261563602005,,,-1.9050366571091033,False
T04,scenario,38,0.005404928051738219,0.5800352645210782,8.186862157121588,,,-2.291254206262626,False
T04,trust_value,39,0.005329841073766726,0.9989004837358548,30.697822573666105,9.0,0.057823802103411294,-1.6709836246766598,False
T04,weight,40,0.005301130546244109,0.6970597335926733,15.435709015215368,,,-2.0492276653559873,False
T04,type,41,0.005034407824855104,0.27228994978684257,3.86589945439171,,,-2.6339978737693817,False
T04,different,42,0.005015428351945661,0.21630101718115546,2.7654756598642423,,,-2.770256808616268,True
T04,proposed_solution,43,0.004950127670879155,0.9308715262292283,22.205807781478892,,,-1.8448635998055427,False
T04,process,44,0.004672170847173396,0.17141902622073835,2.107099936369812,,,-2.921553853748102,True
T04,analysis,45,0.00459390455067098,0.13312767885926707,2.0321606682517226,,,-2.946175132886566,True
T04,size,46,0.0045451809715643735,0.4374088700835809,8.069422476704007,,,-2.4009798744532844,False
T04,procedure,47,0.004462431143399122,0.5838488026245107,10.836029142686069,,,-2.294086291767098,False
T04,comparison,48,0.0044031325924896525,0.4664588156344171,8.089272608264727,,,-2.419047897292053,False
T04,computation,49,0.0043447151451161325,0.446581167395695,7.230565613315615,,,-2.4719501431698596,False
T04,hash,50,0.004079593018539904,0.49346628311732865,7.659502992984697,,,-2.4866759882495524,False
T04,calculated,51,0.004024813231752994,0.8259294929349112,23.38636909409236,,,-2.0483047286270866,False
T04,efficiency,52,0.003952678474270608,0.3652070016834161,5.593746157987127,,,-2.6313574145914513,False
T04,set,53,0.0037745899268442095,0.24507554552095046,3.313143757952489,,,-2.868519112717818,False
T04,parameter,54,0.0037406965365992095,0.25651557225044586,3.9538716530418068,,,-2.803211961421574,False
T04,given,55,0.003720116518480599,0.35248589095825406,4.97936739871167,,,-2.714279031570594,False
T04,represents,56,0.0037001331998530586,0.5131450224277836,7.303728790538698,,,-2.5642778716244443,False
T04,calculation,57,0.003667740890763234,0.8282162388992054,20.215157355795874,,,-2.1623345456614507,False
T04,associated,58,0.00359006563284707,0.3519739485714488,4.312385375249038,,,-2.7931543957706433,False
T04,user,59,0.0035771134033063083,0.03734493264690702,0.32007103461845526,,,-3.835604399299792,False
T04,higher,60,0.0035006233416233906,0.3192992970870003,7.1558855974011975,,,-2.605714465814216,False
T04,trust_management,61,0.0034762976977407278,0.9911253413281398,28.849612584302516,,,-1.9522338331889477,False
T04,input,62,0.003402003858931703,0.3527863042115869,4.53867242524066,,,-2.8049805696406263,False
T04,implementation,63,0.003246078229399225,0.4202905428051963,4.837205810649702,,,-2.8076497290920934,False
T04,evaluation,64,0.003180233533291389,0.4602592118707022,6.880452828076046,,,-2.6790066009212725,False
T04,attribute,65,0.0031396354253557927,0.18307763544726202,2.632792534528489,,,-3.0709711221946723,False
T04,feature,66,0.003055672283776318,0.22889175972456685,2.0942931671871263,,,-3.1787669478149985,False
T04,using,67,0.003023427496228314,0.06787288619766634,0.7776837370466919,,,-3.58139263321206,True
T04,record,68,0.003012093386940827,0.4108377522445963,5.595726589371636,,,-2.7942706997850566,False
T04,txc,69,0.0029985212956124274,0.9980472903337703,30.644030932078365,,,-2.1168064503534962,False
T04,denotes,70,0.002972527170034363,0.8854067495800785,22.73356912396452,,,-2.2414686141254654,False
T04,simulated,71,0.0028893477744015112,0.8420586465480095,16.60674308120469,,,-2.384111162518641,False
T04,computed,72,0.0027967478347558305,0.6448944915414072,15.592110283926402,,,-2.4288728005466114,False
T04,gas_cost,73,0.0027910831465988548,0.9372445831280973,25.706874720713984,,,-2.130091938344596,False
T04,execution,74,0.0027532371365472205,0.4681067691958647,6.5965572877155045,,,-2.7823675954701232,False
T04,alternative,75,0.00272231213705353,0.49067416267365,8.127094930639826,,,-2.70568281258563,False
T04,wallet,76,0.0027011275986254103,0.21465741911046587,2.868274740287532,,,-3.126967293128998,False
T04,ensuring,77,0.0025969660130030566,0.345072994860818,2.6982584717894165,,,-3.1750042382644086,False
T04,ensures,78,0.002586993329043681,0.42519519530124944,4.680941606581429,,,-2.9569556575845612,False
T04,overall,79,0.0025764643518139045,0.3327029437060035,4.706978307720461,,,-2.9571838741552368,False
T04,represented,80,0.0025746139543394997,0.4816991912760767,8.008497542905307,,,-2.7450321377241824,False
T04,testing,81,0.0025270155149658244,0.4230445482579744,8.084512505940125,,,-2.752449708510317,False
T04,shown,82,0.0025254438886544166,0.18861737899969166,3.1339164280359166,,,-3.1318896695916845,False
T04,comprehensive,83,0.002507747848690289,0.349874739237586,4.276100019541474,,,-3.0118055665186723,False
T04,specific,84,0.0024836295644762143,0.1851075994596584,2.3371673770329937,,,-3.259244683414754,False
T04,used,85,0.0024707226855260125,0.07956458732892911,0.9835225932792121,,,-3.6085926191799955,True
T04,second,86,0.002450941727982451,0.2898833577900828,4.589264411690525,,,-2.9972818687715796,False
T04,smart_contract_function,87,0.0024434451579572127,0.9976047568372338,30.616168409232742,,,-2.139996471814469,False
T04,pop,88,0.002434284578862886,0.9788540345919986,29.100086253796714,,,-2.262564968551152,False
T04,increase,89,0.0023697492266170194,0.18672317747578382,2.8276959388791822,,,-3.2111977949216506,False
T04,score,90,0.0023636814721715595,0.3473274833055042,4.760296820090524,,,-3.004396948352082,False
T04,including,91,0.00235186268817304,0.17164906216408812,1.5616101052332718,,,-3.4532416158243224,False
T04,required,92,0.00234302040011254,0.2975512280237105,3.5989528364844277,,,-3.1215314778383836,False
T04,gas_consumption,93,0.002332429930428131,0.9974910379610532,30.609012704784647,,,-2.1679890003723075,False
T04,present,94,0.0023054609256500744,0.19093106986379954,1.9530510990416619,,,-3.3757276664937605,False
T04,factor,95,0.002279208290653997,0.1789615149127551,3.5775715362973823,,,-3.1404825909881366,False
T04,ether,96,0.002214654393237752,0.49549035815075704,7.68556106311465,,,-2.8518579979248955,False
T04,pot,97,0.002210249253804374,0.9358352067276796,28.869599468547104,,,-2.323674343188344,False
T04,blockchain_based,98,0.002160588224586661,0.3582808816246371,2.410760249508861,,,-3.230447999303769,False
T04,dataset,99,0.002158156189871848,0.41091930903209,4.229515450826958,,,-3.106265648228204,False
T04,level,100,0.0021435687554679536,0.17818022322158644,2.8170771897391016,,,-3.2728899617402423,False
T05,metaverse,1,0.026638033263221606,0.1887028305289714,1.1954955687203483,,,-2.103824836983958,True
T05,user,2,0.023239593194082593,0.2426205000300955,2.0794198559281973,1.0,0.2720123570522431,-1.9643031352695282,False
T05,data,3,0.015619159529746013,0.201405684074986,2.1929615474074526,4.0,0.182817503016491,-2.181452991983676,False
T05,information,4,0.01256165795450024,0.37932292351198704,4.456635840737387,,,-2.02850600010052,True
T05,application,5,0.00938228946803445,0.41893564283893525,3.141220405818419,,,-2.343514324126026,True
T05,avatar,6,0.008896007045990445,0.43726192534899266,3.690911356380691,7.0,0.10412505179089682,-2.310942286617618,False
T05,service,7,0.0074311360636526245,0.33255903240571566,3.474616021462129,10.0,0.08697918330019516,-2.443052327623536,False
T05,platform,8,0.007149193853807157,0.21233345100413972,1.9095897894941343,,,-2.705698026173672,False
T05,dao,9,0.0067186239206610465,0.8293396594910876,10.637207992066967,2.0,0.07863944577446112,-2.0559799343890606,False
T05,asset,10,0.005919542118127077,0.2326754759263941,2.2965144052479127,,,-2.7451407078087917,False
T05,party,11,0.0056267644313578915,0.5495327612756205,6.247448567561883,9.0,0.065859563150232,-2.375263161551235,False
T05,privacy,12,0.0054421513981176015,0.3943983640000259,2.7399693829121907,,,-2.724969792732711,False
T05,business,13,0.005209616319668525,0.3829054772499503,3.2774617811377773,,,-2.679521731148847,False
T05,using,14,0.005116427002462353,0.1148586060390087,1.3160434892403503,,,-3.055327409217292,True
T05,individual,15,0.005053648818406009,0.3508243045563193,3.881397600951617,,,-2.6301087368981664,False
T05,entity,16,0.0049975775445143715,0.3336832422708445,5.313603479351027,,,-2.511173094452853,False
T05,resident,17,0.00497738465772919,0.9709114440215865,13.053957821591299,3.0,0.058258770770967284,-2.1540738693610395,False
T05,law,18,0.00493992793967402,0.793921689164072,7.964151949749854,8.0,0.05782035129948435,-2.356262534760827,False
T05,environment,19,0.004897489785567463,0.2539662113843537,1.94942274278068,,,-2.9244061765111233,True
T05,virtual,20,0.004867157253550129,0.20993757182606787,1.4213358505333467,,,-3.054508275412692,True
T05,legal,21,0.004519633588815245,0.44535603846544614,5.460148562373006,,,-2.5606042122621906,False
T05,type,22,0.004504051692134475,0.24360521669178378,3.4586413308055484,,,-2.745316413565551,False
T05,world,23,0.004482194116918105,0.3127133885288346,3.0402573637966945,,,-2.7998086881328517,False
T05,activity,24,0.004374789350830236,0.3339431264303521,3.215543911912584,,,-2.7919395360982766,False
T05,use,25,0.004331812392568765,0.13913580350894145,1.71234216560509,,,-3.0499167065428003,True
T05,urban,26,0.004180838027539626,0.9862077929335923,13.015058664205775,6.0,0.04893543517854157,-2.259903322142872,False
T05,privacy_policy,27,0.003806364672820034,0.9982934158881442,13.196493366590968,5.0,0.044552338666487584,-2.2106679635707236,False
T05,specific,28,0.0037183729306782213,0.2771343588989606,3.499096658183195,,,-2.8556795193540525,False
T05,action,29,0.003399035750380663,0.4417040057016758,4.876602299900526,,,-2.7767786033072506,False
T05,jurisdiction,30,0.003214362123173442,0.7129803105749551,9.066194096260162,,,-2.562254783857616,False
T05,control,31,0.003183181601406971,0.42847652919077645,3.8730978047560134,,,-2.908302585990012,False
T05,traffic,32,0.003181793082042686,0.9483399815813747,12.305944238367694,,,-2.4461532604729026,False
T05,access,33,0.003168927896391648,0.20310633243860055,1.8000444235635573,,,-3.2174926330544658,False
T05,ecosystem,34,0.0031442192651837874,0.4309334525974812,2.972640821512534,,,-3.0215335103140184,False
T05,based,35,0.003105700886426773,0.06437255016760136,0.7783856423084711,,,-3.5649227938164016,True
T05,tool,36,0.0030539901938286393,0.464077830060754,4.158471322902542,,,-2.904724755357475,False
T05,private,37,0.003041586561041891,0.5612786706793086,5.261777331328101,,,-2.8130380566283932,False
T05,rule,38,0.002997838166057336,0.520148409152781,5.525045659351955,,,-2.8022017122337215,False
T05,used,39,0.0029967407195024102,0.09650392578487418,1.1929150208142174,,,-3.4155780410122176,True
T05,method,40,0.002993245012145683,0.10058061485597214,1.2534813438622912,,,-3.3964684129343445,True
T05,need,41,0.0028791546089751356,0.2034232131488821,1.6612205435327818,,,-3.307134100133121,False
T05,cyberspace,42,0.0028218953573176065,0.9270105448218438,11.868474729532988,,,-2.5326536233920387,False
T05,interaction,43,0.0027978465657847195,0.11608131489643947,1.3802792807414885,,,-3.398428802390513,False
T05,approach,44,0.002769620385545399,0.12374239065980912,1.4871580485323341,,,-3.374680228393992,True
T05,audit,45,0.002717514527103594,0.9192556976274984,11.008465216252228,,,-2.5853567391542196,False
T05,appendix,46,0.0026595570851380033,0.8818519337807443,12.398609656768809,,,-2.5507236708914407,True
T05,technology,47,0.002658703949258394,0.08366088837077518,0.6289962208680847,,,-3.7434019194122437,True
T05,protection,48,0.0026495392358884336,0.5649961529537413,5.1436209975227385,,,-2.904918794143697,False
T05,accounting,49,0.0026448531557968493,0.4278659016964514,8.434281001280608,,,-2.708162050743913,False
T05,identity,50,0.002631119768680025,0.14384379553057386,1.2964501561662958,,,-3.4603555013714953,False
T05,public,51,0.0026182644532074407,0.30943924288749747,3.4812718732047023,,,-3.0681870787604373,False
T05,decentraland,52,0.0025812801879341006,0.5364682443791439,8.601189275975798,,,-2.7149216911028398,False
T05,issue,53,0.0025667578228957977,0.1563121184767369,1.265796497011423,,,-3.4847864080266113,True
T05,space,54,0.002558821072740209,0.2784793511806039,2.25367879215554,,,-3.2558996271079628,False
T05,way,55,0.0025262935229464125,0.22017921009910438,2.4414348719313397,,,-3.231566865175466,False
T05,object,56,0.002495193780762235,0.4355178784509996,4.055764384894903,,,-3.0359776614557066,False
T05,company,57,0.0024768775143606367,0.21308776328839255,2.458100591519325,,,-3.240698373555649,False
T05,global,58,0.002469448342886694,0.4826877428424133,4.055657079002949,,,-3.0422112113016295,False
T05,make,59,0.0023965020410486,0.18030348272890412,1.8394119957328139,,,-3.376468671406884,False
T05,result,60,0.002361038858476278,0.06399864364844134,1.0925803362725044,,,-3.593775265667397,True
T05,analysis,61,0.0023542286003921894,0.06822366151001906,1.041417102384406,,,-3.6146923443935255,True
T05,regarding,62,0.002337109560561234,0.2305693371704934,3.6682460118368447,,,-3.1154187574433916,False
T05,communication,63,0.002327527013265623,0.2665378268822484,1.9187438205897942,,,-3.3771010809272792,False
T05,developed,64,0.002271548963153312,0.324088871755755,3.6040636760293014,,,-3.1395511874439874,False
T05,policy,65,0.0022522373100788305,0.310052436280695,3.8192349182862406,,,-3.1214786703123427,False
T05,possible,66,0.0022490002115657095,0.35784656039568313,3.1279692927194316,,,-3.2022081048686393,False
T05,set,67,0.0022354587485883463,0.1451432560670006,1.962172406165977,,,-3.392364397225395,False
T05,related,68,0.0022313704360909835,0.13737762750689675,1.8283891558702108,,,-3.421709467552746,False
T05,real,69,0.0022039977893017135,0.3555341332183662,3.2758003631682677,,,-3.1958645444666214,False
T05,human,70,0.0021960139170133807,0.34348983249083753,2.9101971655899646,,,-3.2453785173957126,False
T05,distributed,71,0.002144703487903812,0.3771094754151871,3.4063067183249074,,,-3.196600929924052,False
T05,problem,72,0.0021402053697141096,0.22030030448361082,1.9804986814123746,,,-3.414772623520325,False
T05,main,73,0.002106007876131575,0.24647206212874043,2.8879156423332693,,,-3.27356267090005,False
T05,case,74,0.0021042799861032352,0.16337790926482318,2.226651428295466,,,-3.3780696097194305,False
T05,blockchain,75,0.002095230952485033,0.026161298430429303,0.24501108543690034,,,-4.263435624212519,True
T05,country,76,0.0020616167232996654,0.3282119238534678,4.270188247579366,,,-3.129895707170518,False
T05,behavior,77,0.0020608066112741646,0.10187469293100576,1.5624998889629198,,,-3.5322798757434435,False
T05,people,78,0.002038173063986362,0.18259536670680399,1.8882469310149537,,,-3.4631613179862155,False
T05,particular,79,0.0020053965212928223,0.29524541343311317,4.3639603710508865,,,-3.1377960881066955,False
T05,theft,80,0.001991864542122844,0.47671181453216704,5.578377303791499,,,-3.043651302512993,False
T05,improve,81,0.0019824356477669,0.38868347376585877,3.741971486661531,,,-3.2062123958708106,False
T05,created,82,0.0019808828501053396,0.2897307242611772,2.9051244869983144,,,-3.3079370930352905,False
T05,principle,83,0.0019799075836309625,0.5250868908007842,4.491863339042026,,,-3.13391602088893,False
T05,provide,84,0.0019662251294067087,0.14073963567787673,1.2369611203018926,,,-3.6539207865378773,True
T05,ref,85,0.0019604596700867226,0.9632207129734773,12.354428206795847,,,-2.735139961384566,False
T05,web3,86,0.001928865509672794,0.27695960725610447,3.040959396071481,,,-3.305624738055443,False
T05,help,87,0.0019263299392934976,0.23310634244103015,2.6021660249918512,,,-3.3687455294445012,False
T05,structure,88,0.0018973111912031662,0.2585725693389992,3.0452295498833957,,,-3.314960020909279,False
T05,time,89,0.001889183371513477,0.052074565107305106,0.8467364814402096,,,-3.8295126741659233,True
T05,intangible_asset,90,0.001879924090352681,0.9965506366626813,13.178116160578533,,,-2.6344912933813363,False
T05,non,91,0.0018759695326997857,0.2625163859903393,3.180573898366755,,,-3.304353140779624,False
T05,enterprise,92,0.0018652885899116502,0.6976721464774712,7.822001337811311,,,-2.9478275198289277,False
T05,city,93,0.0018616478923342823,0.7185336544510423,8.398348151223889,,,-2.9205619167833112,False
T05,place,94,0.0018576375693816738,0.3857515561802543,3.9719420149184534,,,-3.22136777447519,False
T05,generated,95,0.0018550793282405738,0.29197358689466496,3.092892980134396,,,-3.322253934597571,False
T05,decentralized,96,0.001848882229544221,0.08740225883136465,0.7256887508269674,,,-3.9041580432254017,False
T05,event,97,0.0018377176373185306,0.27396352306371924,3.0613497515212953,,,-3.331996169496221,False
T05,life,98,0.0018357479763267488,0.3931740320822955,4.334129575056852,,,-3.1935736383995446,False
T05,act,99,0.00181114179620057,0.4688734617437493,5.489881022872243,,,-3.107116050105586,False
T05,purpose,100,0.0018031180620708802,0.34282166488306054,3.916146348355914,,,-3.2448994752525975,False
T06,nft,1,0.08892214191643309,0.7595619475352555,9.219312104956392,1.0,0.5654899124320878,-0.5634762909170515,False
T06,platform,2,0.013095896675504013,0.3889525157612847,3.497987477636413,7.0,0.08328181603193992,-2.100398678541296,False
T06,ownership,3,0.010814738129285057,0.7101423234219689,6.513890328728566,2.0,0.06877505631221396,-1.966532511928492,False
T06,user,4,0.010192749762463654,0.1064119334360918,0.9120213966555636,,,-2.78848390259736,False
T06,participant,5,0.01005245962016925,0.4860785518261202,6.635277368405708,3.0,0.0639274357075072,-2.0030025733613916,False
T06,work,6,0.007894311819481378,0.4424971043114891,4.123811465675543,,,-2.338256541525879,True
T06,value,7,0.007355334017882096,0.14796650454364682,2.640036758244063,,,-2.559080571090834,False
T06,creator,8,0.007025515048270925,0.9470983697651045,10.885582968058351,4.0,0.04467793739348561,-2.0199483498768815,False
T06,art,9,0.006728344524388728,0.9152674549223441,9.983695194299354,5.0,0.04278811636684561,-2.0804743773466523,False
T06,digital_asset,10,0.00664702747165638,0.5686020430320982,4.077703634818497,9.0,0.042270990125418975,-2.345937714449597,False
T06,artist,11,0.006104490033166859,0.9861097046442704,11.051513573138543,6.0,0.038820787037970955,-2.0982114671243037,False
T06,digital,12,0.005344411991698772,0.23842695153149956,1.484493692054886,,,-2.980992744475654,True
T06,property,13,0.004874221578251632,0.5071089989632779,5.170708897426542,,,-2.5370729994783194,False
T06,buyer,14,0.0046631416262965355,0.7537484231635143,9.831297562185455,8.0,0.029654701214811074,-2.30661116328859,False
T06,like,15,0.004438688512970203,0.28186405408887794,2.021105041348236,,,-2.9689800308765095,True
T06,market,16,0.00401558307767658,0.15820759357741748,2.520431357467745,,,-2.9407716061916354,False
T06,new,17,0.004003619037963172,0.17107158045139875,1.4838010305840896,,,-3.154491116719638,True
T06,associated,18,0.003944566022731019,0.386729553275706,4.7382110991211865,,,-2.6989859388994732,False
T06,individual,19,0.0037841008065674186,0.2626922806744911,2.9063356636250264,,,-2.9194109665303616,False
T06,contract,20,0.003771036561800157,0.22338536719949198,2.9419235605654697,,,-2.916617763257083,False
T06,owner,21,0.0037083233489246855,0.42101535073098406,4.76655273307014,,,-2.7336559207522333,False
T06,used,22,0.003497767041667896,0.1126384571094777,1.3923589772582545,,,-3.2609785354588974,True
T06,virtual,23,0.0034967087476471437,0.15082531868650076,1.021129427917971,,,-3.385196147635854,True
T06,content,24,0.0033450608888470597,0.3757287274467758,3.6795191992977916,,,-2.899049393062143,False
T06,artwork,25,0.0031942169548816895,0.9979550942242995,11.267200994264833,10.0,0.020313247377718946,-2.479089608151792,False
T06,process,26,0.003170933249511119,0.1163395576963979,1.4300575614267201,,,-3.3091517218830813,True
T06,item,27,0.0031004552503864392,0.45524149917348733,5.75637428916805,,,-2.765600668855379,False
T06,community,28,0.0030326691501376653,0.3571335715576812,3.6953600247071607,,,-2.9561560896383248,False
T06,sale,29,0.0030073554104121302,0.7146203892193478,8.547089723508563,,,-2.6257801758498407,False
T06,asset,30,0.0030061208890901775,0.11815957967753014,1.1662388387391913,,,-3.4227493023487945,False
T06,token,31,0.0029999511024348174,0.09429754692080965,1.2342948794255957,,,-3.4012956301036987,False
T06,people,32,0.002976395558428275,0.2666486217773655,2.7574546430794826,,,-3.0845021434454662,False
T06,form,33,0.0027846831244225483,0.23546470167797293,2.744418201058428,,,-3.1263450733208002,False
T06,unique,34,0.002564926406872436,0.2777133405398117,2.6116367369153197,,,-3.1955044444074665,False
T06,role,35,0.002520114444622275,0.3331935048749078,2.4657928679553596,,,-3.229065215949443,False
T06,just,36,0.002424579401552388,0.44654641627063085,4.82523308605596,,,-2.9837147107306388,False
T06,original,37,0.0023844724697430694,0.501817583685156,5.330753355618126,,,-2.9538693911957266,False
T06,cryptocurrency,38,0.0023715796185177873,0.08767181947234534,1.0810062338899857,,,-3.5953625019201274,False
T06,image,39,0.002369980916612555,0.1867695646820528,2.249571998111564,,,-3.3026280355337962,False
T06,use,40,0.002353297741851015,0.07558683122332858,0.9302459539816662,,,-3.660085088532491,True
T06,intellectual_property,41,0.0023327591871628787,0.8511296564358157,7.283485899414551,,,-2.742178274933821,False
T06,object,42,0.0023258655177244587,0.4059628649492117,3.7805330405882747,,,-3.106251819829809,False
T06,impact,43,0.0023021435466010257,0.2978110490580223,2.8600083026917558,,,-3.2240189568241684,False
T06,oracle,44,0.002273084387280136,0.7291336705604733,8.245619430332473,,,-2.8080977328371386,False
T06,purchase,45,0.002261875258313285,0.5844408277830807,6.073971677702833,,,-2.9333315481704227,False
T06,game,46,0.002245363324790027,0.08290198758688468,1.408155666566119,,,-3.5224204360293667,False
T06,need,47,0.002221827757430135,0.15698057341932634,1.2819547457884315,,,-3.5663006413350846,False
T06,brand,48,0.0022166642689709364,0.7428164547290654,6.750226033371165,,,-2.9032206804905343,False
T06,information,49,0.0022141590048878187,0.06686070181950386,0.7855412409744332,,,-3.764282505542306,True
T06,created,50,0.002185042783626079,0.3195918568369537,3.204541498006061,,,-3.20984431329388,False
T06,based,51,0.0021209983214632864,0.043962401997727905,0.5315884243723404,,,-3.9462753278539124,True
T06,various,52,0.002088090190141281,0.13759342462268034,1.129958997936587,,,-3.6540307104078704,True
T06,example,53,0.0020720517664993463,0.11911767836549073,1.2838394861876838,,,-3.607587507960749,False
T06,registered,54,0.0020215283998795165,0.8686771946550959,10.563143628966118,,,-2.779392481595501,False
T06,allows,55,0.0020195004695528125,0.35361885226731915,2.6223543426908758,,,-3.3373140469306146,False
T06,provide,56,0.002010721941377189,0.143924655039033,1.2649542659298685,,,-3.631542480706354,True
T06,thing,57,0.001992336944880033,0.6574292802451696,5.76201102701073,,,-3.0305535708895546,False
T06,minting,58,0.001988652457816179,0.9149198118282031,10.59143866059135,,,-2.7881604153998167,False
T06,affordances,59,0.00194259836696723,0.996641983149388,11.257227628368291,,,-2.7778331512959493,False
T06,chain,60,0.001908828634355951,0.14016875067000722,1.5356625130878672,,,-3.5851745462824565,False
T06,metadata,61,0.0019043313990089105,0.14668103559456264,2.629986302977093,,,-3.3713831269213372,False
T06,minted,62,0.001880463894116835,0.8977037677295158,10.050509861356678,,,-2.8426927219566576,False
T06,creation,63,0.001864300125708327,0.36544555844873844,2.558701514954487,,,-3.395121774783924,False
T06,resistance,64,0.0018638067241853,0.6811740046247042,7.860235392398374,,,-2.946353932447961,False
T06,video,65,0.0018289940250989238,0.3927790990180051,4.897083385700682,,,-3.1469375856061155,False
T06,provides,66,0.0018032623334754696,0.17298779995238278,1.6468422222206642,,,-3.591350848399943,False
T06,time,67,0.0017991923963899697,0.04959400077257635,0.8064023123031993,,,-3.878319435752362,True
T06,potential,68,0.0017982386976887644,0.1107855918465384,0.8332723335155103,,,-3.865526460347196,True
T06,transfer,69,0.0017939012077817825,0.1808120337717044,2.0234983141959932,,,-3.512086410104556,False
T06,make,70,0.0017713550344647625,0.13326985597876975,1.3595864486184766,,,-3.6787340528111705,False
T06,digital_creator,71,0.0017699613203579945,0.9963156583730552,11.254747785825856,,,-2.73376252531236,False
T06,concept,72,0.0017655366397157334,0.19453275714194507,1.9641445704064733,,,-3.5335576268228026,False
T06,different,73,0.0017645271298442197,0.0760989862173959,0.9729491653212974,,,-3.814892901142106,True
T06,status,74,0.001705048823891545,0.22489902648789012,2.7104828946116353,,,-3.4256461962013733,False
T06,experience,75,0.0016999657405484842,0.14128736195812033,1.132071598668772,,,-3.7766686174496593,False
T06,type,76,0.0016997377767604504,0.09193166902369952,1.3052211049223699,,,-3.7198197910762167,False
T06,authenticity,77,0.0016915811435971495,0.4918264065283038,4.591032990739733,,,-3.2196129392253883,False
T06,including,78,0.0016871302366620192,0.12313402662834563,1.1202353095123234,,,-3.7854202625382944,False
T06,factor,79,0.0016853075119764983,0.13232892608977725,2.645351988880853,,,-3.442362685868562,False
T06,nft_marketplace,80,0.0016777048453373226,0.7705942741133729,7.625251642288417,,,-2.9216110201787857,False
T06,collectible,81,0.001675658279953529,0.9137260005699912,8.743508421331914,,,-2.9676049006421144,False
T06,feature,82,0.0016610954890116487,0.12442796027869082,1.1384797221720362,,,-3.7882892585369063,False
T06,don,83,0.001658730067890469,0.8894766474637349,9.75320341991925,,,-2.9299834784655445,False
T06,bridging,84,0.0016564552525409693,0.9021162774593948,8.450976208386885,,,-2.98813242498087,False
T06,relationship,85,0.001655147150507549,0.08233334030968688,1.9358038700549105,,,-3.5781101460742613,False
T06,space,86,0.0016270038292548446,0.17706864132318642,1.4329817992396112,,,-3.708706079265433,False
T06,online,87,0.001618104929051575,0.1532077424501284,1.442433399363158,,,-3.7093671476001204,False
T06,trading,88,0.001606575018301887,0.2488221249896253,2.0797424997637037,,,-3.5672927751156225,False
T06,sold,89,0.00156691568351754,0.8926962744171595,10.164092267510009,,,-2.9476432174670877,False
T06,furthermore,90,0.0015627653767935061,0.2527905427828157,1.8323028518413051,,,-3.6345495838844117,False
T06,want,91,0.001557145016448641,0.43623444746684975,4.824331903365064,,,-3.249471847423955,False
T06,marketplace,92,0.0015377606594716433,0.5550470616329033,5.370512488359802,,,-3.2140874870560188,False
T06,address,93,0.0015289131215976497,0.0754922870420476,0.7558164002566816,,,-4.001901620074119,True
T06,service,94,0.0015274033717646318,0.0683545265564146,0.7141761611292646,,,-4.025161925917333,False
T06,caller,95,0.0015110057504443648,0.9956869607009523,11.249968619661333,,,-2.9288417382734506,False
T06,issue,96,0.0014925688856900305,0.09089544888635281,0.736060274250261,,,-4.0269312432157145,True
T06,ethereum,97,0.0014847425778243006,0.0580885689971249,0.8900180309684997,,,-3.954113744790693,False
T06,know,98,0.0014818382067822863,0.3909911330801869,4.723220021141938,,,-3.287686848220382,False
T06,using,99,0.0014620309286546257,0.032821114103723265,0.376062491226386,,,-4.307957237441382,True
T06,concern,100,0.001456503295730963,0.20102665671788592,1.5424549448184,,,-3.745679924404985,False
T07,user,1,0.02739301220688888,0.28598204208919464,2.451057254788441,3.0,0.21239282427943926,-1.7998726106195324,False
T07,blockchain,2,0.02040327916936148,0.2547577271498142,2.38590861299958,,,-1.9874037798318591,True
T07,protocol,3,0.019272668744327107,0.8539615087756895,8.142166122010117,1.0,0.14943141393483897,-1.530617887190854,False
T07,smart_contract,4,0.018473952566397386,0.5634935479198186,5.685788790337585,2.0,0.14323853585531507,-1.599648158250244,False
T07,transaction,5,0.014271088205655239,0.22128198003891358,2.653682212068978,8.0,0.11065145762895863,-2.1593324794704793,False
T07,token,6,0.014124502085811716,0.4439758691696354,5.811361586795179,4.0,0.10951489624028811,-1.8519805936013944,False
T07,using,7,0.00971250187517525,0.21803583359969878,2.498242396677902,,,-2.414369844813744,True
T07,chain,8,0.00864354916106234,0.6347115007889026,6.953780023922416,6.0,0.06701810681683734,-2.074851038767429,False
T07,message,9,0.007710025477695155,0.7904423473699047,8.976569102185236,5.0,0.05977999331020229,-2.041293172379264,False
T07,block,10,0.007526425842512231,0.6981950097631383,7.755918786951369,7.0,0.058356446138439655,-2.114218496806684,False
T07,asset,11,0.007186883006078643,0.2824899950869416,2.788185306047468,,,-2.551142248996225,False
T07,security,12,0.0069272222341670645,0.22284922547237676,1.4732962680225932,,,-2.828376927025558,False
T07,network,13,0.006902908364817797,0.18994117698614651,1.9729763237684137,,,-2.713670181682656,False
T07,state,14,0.006454845250733784,0.5184676787082158,5.862244058027261,,,-2.3183415469766206,False
T07,address,15,0.006316751790664302,0.3118987159034209,3.1226788051540124,,,-2.5832536061355365,True
T07,function,16,0.006047471008935019,0.2431843409511639,4.014490913736942,,,-2.5089048483188745,False
T07,node,17,0.005881256635944231,0.2902791351992379,3.5662281921856724,,,-2.572987492396671,False
T07,adversary,18,0.005849044612544456,0.7318533039676632,8.101778041065572,10.0,0.045350803161484356,-2.2480527475695258,False
T07,swap,19,0.005709072356736096,0.9988611952090516,10.357060426857238,9.0,0.04426552263419625,-2.164351855161775,False
T07,process,20,0.005511668853554988,0.20221968301933227,2.4857047121132765,,,-2.7563102123816634,True
T07,proof,21,0.0052277973576012925,0.756267668704364,7.8912612273254865,,,-2.3259567575883033,False
T07,algorithm,22,0.0050858401570211785,0.18281943833903197,2.3636272821862674,,,-2.8246980550802934,False
T07,avatar,23,0.004921709967659933,0.24191486869811796,2.0419942473669215,,,-2.902888791642222,False
T07,contract,24,0.0048700427680396655,0.28848733609107424,3.799298502006047,,,-2.6608649580105066,False
T07,identity,25,0.004620238492957667,0.2525892773847011,2.2765626206082987,,,-2.8973186988932307,False
T07,verification,26,0.004490756641530333,0.6045030421451977,5.521098446590692,,,-2.560009710852486,False
T07,ethereum,27,0.004332674186494116,0.16951008692229222,2.5971897121332934,,,-2.88317020733799,False
T07,signature,28,0.004306557680312705,0.8870287823219704,9.123280254641765,,,-2.3842380590421612,False
T07,attack,29,0.004290403326029326,0.19501432920680614,1.849845050189643,,,-3.0247839694706773,False
T07,request,30,0.004264468686071431,0.4786975814271351,5.854770381154437,,,-2.567559897211655,False
T07,phase,31,0.004232862008606809,0.5320323535445374,6.000498023595495,,,-2.562189162273788,False
T07,access,32,0.004201752381196706,0.26930322931353545,2.3867191650463715,,,-2.9353842888192427,False
T07,scheme,33,0.0041611664797189495,0.3373011929265695,4.012064477733661,,,-2.733453527665576,False
T07,status,34,0.004121201324220378,0.5435939151949598,6.551393448696156,,,-2.5430952378325267,False
T07,transfer,35,0.0041115059263528335,0.41440952555437643,4.637727693527384,,,-2.682689737262051,False
T07,information,36,0.004109926303202494,0.12410696632533863,1.458123197748721,,,-3.1457500579227156,True
T07,exchange,37,0.004068265935212723,0.37615313405146983,3.585156622199113,,,-2.792002193757655,False
T07,hash,38,0.004026022209741994,0.4869863750037112,7.558922918340129,,,-2.4998943775522315,False
T07,participant,39,0.004021837649197916,0.1944727055933179,2.654674511657043,,,-2.919080991401723,False
T07,value,40,0.0040014916692877765,0.08049759994931147,1.4362481797623325,,,-3.167839128903736,False
T07,update,41,0.003870945586708299,0.7007106839867071,6.185554629212669,,,-2.6036672084411263,False
T07,owner,42,0.0038256630879612923,0.4343372287704232,4.917377243550019,,,-2.7025039591242224,False
T07,obtain,43,0.0036187575069940273,0.6289906322888841,7.042991059895892,,,-2.59216154674323,False
T07,environment,44,0.003579351838814756,0.18561231682284668,1.4247441412868291,,,-3.23794722829277,True
T07,public_key,45,0.003460391835074951,0.6285784075515743,7.174225582511035,,,-2.511626140288012,False
T07,verify,46,0.00345455327836074,0.7495156214688226,6.976020153038055,,,-2.62384584615572,False
T07,proposed,47,0.0034281553919109165,0.17242346145971574,1.9315691050399233,,,-3.142106697287888,True
T07,result,48,0.003381170622552658,0.09165047538733688,1.5646504599112734,,,-3.2346549945503646,True
T07,data,49,0.003258008905095267,0.04201132019962016,0.4574310311882165,,,-3.74883508415565,False
T07,registration,50,0.0031632674133688274,0.9004215995503603,9.815889229659453,,,-2.5400889073380206,False
T07,model,51,0.003142542406128691,0.06755400040535371,0.6686791125862954,,,-3.618614268423508,True
T07,operation,52,0.0031401234873277,0.16989633934518944,2.4823403804105206,,,-3.0944151648170046,False
T07,input,53,0.003137483264333303,0.32535563486909974,4.185770906490171,,,-2.8859242275596815,False
T07,used,54,0.0030758472081716154,0.09905138898779772,1.224405005237372,,,-3.389522934094581,True
T07,follows,55,0.0030549858800585283,0.5122402766653182,5.402814136257057,,,-2.7998202033009196,False
T07,mechanism,56,0.0030543803468002354,0.2364739866963783,2.1751579020744947,,,-3.163866619417715,False
T07,alice,57,0.002995145656541741,0.9978315521778623,10.35054513276093,,,-2.5516417739542465,False
T07,sends,58,0.0029899751105905053,0.9756993511203972,10.202409619623136,,,-2.5584445576554216,False
T07,execution,59,0.002981531853279252,0.5069215522944013,7.143534937194046,,,-2.702707742258338,False
T07,check,60,0.002936159204148997,0.6946030727856519,7.310956915909665,,,-2.7026420988147275,False
T07,parameter,61,0.0029332743276399083,0.20114717549532962,3.1004360020058273,,,-3.0463644782035315,False
T07,end,62,0.002874371936332614,0.3221725502652293,4.159726324002949,,,-2.9409729374715643,False
T07,server,63,0.0028610032787517777,0.44942669159591503,4.971204327254446,,,-2.8724848992908787,False
T07,corresponding,64,0.0028411472596267637,0.35402835212344613,5.2555086558251904,,,-2.8544176885208428,False
T07,set,65,0.0028214364468694296,0.18318945627752606,2.4765139349111918,,,-3.1595647272843297,False
T07,party,66,0.0028198705567264387,0.27540005848507465,3.1309283488306723,,,-3.0661067551148777,False
T07,time,67,0.0028132729301021935,0.07754671493104479,1.2609156199894738,,,-3.4313087819338937,True
T07,bob,68,0.0027611864582491514,0.9976482486554037,10.349384689615539,,,-2.6004860622015062,False
T07,send,69,0.002726325463877281,0.7576187430198692,8.026809016063295,,,-2.709765509747958,False
T07,following,70,0.002707496482347282,0.2701158236751105,3.5043322853670693,,,-3.0454385274384688,False
T07,atomic_swap,71,0.0026676027789319513,0.9975659463556082,10.348863602800217,,,-2.5211943405421278,False
T07,compute,72,0.0026629962195154244,0.8005927704569877,8.95652258202135,,,-2.6800292162831942,False
T07,commitment,73,0.002660888382817026,0.6689828697965725,7.113981034310773,,,-2.7726323370442914,False
T07,communication,74,0.002636613702202096,0.3019330312849546,2.173545664367895,,,-3.2524120119088757,False
T07,step,75,0.002598880931845817,0.2801890873008293,4.277215230641963,,,-2.990283742148022,False
T07,complete,76,0.0025984082915792603,0.5605283147876544,6.327684197414511,,,-2.8337400007303546,False
T07,proposed_scheme,77,0.002580482853439982,0.7081529494378522,7.932355250226829,,,-2.6474872483891136,False
T07,consensus,78,0.002575641396677788,0.3740872046350747,4.537473311590605,,,-2.9720458867446373,False
T07,digital_signature,79,0.002574019099614592,0.9974776746170476,10.348304683982933,,,-2.5426429667184567,False
T07,key,80,0.0024916662529719654,0.15338236140068573,1.403428987556987,,,-3.4613147610997492,False
T07,cryptographic,81,0.0024193931710369686,0.6057494536674782,3.580455005967132,,,-3.104347160026573,False
T07,cost,82,0.002399648695177401,0.10890603705613924,1.8292341761081932,,,-3.37790079910553,False
T07,metaverse,83,0.0023990653092322714,0.016994888849434557,0.10766830711251346,,,-4.511085646464942,True
T07,lock,84,0.0023989160349931404,0.9747128017578125,9.690745596358003,,,-2.711174430295511,False
T07,code,85,0.002375029119274836,0.3694305426086546,3.711434216726829,,,-3.1010799951964287,False
T07,private_key,86,0.0023691020661379698,0.6246058974864527,7.077149931623141,,,-2.744398052552519,False
T07,according,87,0.0023549643000511052,0.19313324633822632,3.1108619455953224,,,-3.1767778902192125,False
T07,public,88,0.002346640647464112,0.27733741883512886,3.1201180127271297,,,-3.1777139608828406,False
T07,cross_chain,89,0.0023422579101384997,0.7244587588474516,7.9292393724691195,,,-2.7057610922609503,False
T07,authentication,90,0.002297447716042708,0.26046972188195533,1.877035415158876,,,-3.3936964263765677,False
T07,successful,91,0.0022713059891472614,0.5181676115052987,5.4661620942158935,,,-2.9730094755603362,False
T07,proposed_protocol,92,0.0022464762220053393,0.9971109745910989,10.345982400768667,,,-2.6243961401779985,False
T07,malicious,93,0.002245986135130657,0.3049904867117255,2.9358463023577723,,,-3.228368053474612,False
T07,store,94,0.0022205669151494772,0.36715431094527196,4.066233510032767,,,-3.104908791719801,False
T07,session_key,95,0.0021996843823468572,0.9970497003533142,10.34559429082221,,,-2.6370405322063926,False
T07,platform_server,96,0.002199684382346704,0.997049700353314,10.34559429082221,,,-2.6370405322064343,False
T07,ether,97,0.0021909254851741793,0.4901814281475717,7.603214141427694,,,-2.8626303085772298,False
T07,stored,98,0.0021882510429623654,0.3591817858445136,4.133101491312322,,,-3.1071803622161944,False
T07,generate,99,0.002181976248643239,0.39558502675340895,3.9943316053892364,,,-3.122564063083832,False
T07,ledger,100,0.002167471243016102,0.6035929895785134,5.044004239715514,,,-3.0332363665898745,False
T08,crypto,1,0.014264295416712734,0.9701075802884085,11.355651866171815,1.0,0.15784627820850416,-1.5781111800862715,False
T08,cryptocurrency,2,0.014078693485635578,0.5204567723729024,6.417307394684984,2.0,0.15579243866066958,-1.8142561865435427,False
T08,risk,3,0.010125788396912732,0.5143080058334382,5.01980568980493,6.0,0.11205026015563757,-2.1102453912977976,False
T08,financial,4,0.009685915387120403,0.42923266709414093,5.133107693933905,7.0,0.10718269989754436,-2.127964976751464,False
T08,transaction,5,0.00898312850563411,0.13928891994956702,1.6703959768593206,,,-2.622219958761788,False
T08,crime,6,0.008928511397814998,0.9992756066836244,11.657656225154113,3.0,0.09880139557654317,-1.8487180965104115,False
T08,criminal,7,0.0072639677215937115,0.9991097591851726,11.656314125585618,4.0,0.08038183705427714,-1.9725582414958591,False
T08,wallet,8,0.007085698613835836,0.5630973441664266,7.5241652270327215,8.0,0.07840914128788391,-2.1625581351609524,False
T08,project,9,0.007076419638824277,0.7774604953155,7.1748457169403155,9.0,0.07830646172128938,-2.182359816530756,False
T08,market,10,0.006432115230702802,0.2534151211860708,4.037198237146006,,,-2.469650720934907,False
T08,new,11,0.006357045217822343,0.271631681761395,2.3560159336421904,,,-2.6921261472774685,True
T08,bitcoin,12,0.006228355354088298,0.47065900875302735,6.298736749000989,,,-2.3110461425810036,False
T08,example,13,0.006212679855412147,0.3571532394941162,3.8493650797615926,,,-2.509534474304578,False
T08,scam,14,0.006115359934578237,0.9868021370943143,11.41908090888299,5.0,0.06767153773663435,-2.0840567023256993,False
T08,blockchain,15,0.006045959691560827,0.07549055897712496,0.706999457401175,,,-3.203709181985108,True
T08,defi,16,0.005743622091730903,0.6333627530860607,8.322709327433348,10.0,0.0635579497010164,-2.2482040078819714,False
T08,regulation,17,0.005598350005376763,0.5567070694607753,6.16262750670625,,,-2.383768727972829,False
T08,use,18,0.005423150478187283,0.17418907629216068,2.143742247506412,,,-2.8252258117774356,True
T08,service,19,0.0052924705365896526,0.23684923349645845,2.4746287461343814,,,-2.7824459199066034,False
T08,issue,20,0.004864706033051266,0.29625409105987033,2.399029546418027,,,-2.8454236740501107,True
T08,exchange,21,0.004744521774309629,0.4386799593249034,4.181106626070313,,,-2.6382284004781043,False
T08,payment,22,0.004710250627935544,0.6450787965089338,8.217239627155953,,,-2.3723147599404917,False
T08,cryptoasset,23,0.004507000030972424,0.9430248060210196,11.075888161678101,,,-2.279365913880485,False
T08,case,24,0.00431516051268787,0.33503236611141707,4.566102601533396,,,-2.659908446371969,False
T08,fraud,25,0.0041827093620124085,0.5373675127122421,4.565409638038777,,,-2.6786743440006004,False
T08,online,26,0.004167910882436647,0.394632143791639,3.715416568145297,,,-2.7632078923669203,False
T08,cybercrime,27,0.004049637448761339,0.9465935904031292,11.113452069211432,,,-2.3422142433411897,False
T08,token,28,0.003996100189331566,0.12560952903462771,1.6441487987455539,,,-3.114572686573285,False
T08,based,29,0.003969831190869758,0.08228357038761387,0.994963685931967,,,-3.3194386394432907,True
T08,vulnerability,30,0.0038379181430901865,0.44909906800639415,3.6477885755175423,,,-2.820046680077626,False
T08,banking,31,0.003757887879039899,0.9343406094009906,9.93784883560664,,,-2.431798695298638,False
T08,trading,32,0.0037504355142030537,0.5808576155173406,4.855011463925032,,,-2.719525399972601,False
T08,account,33,0.003656755483517627,0.48167209957778867,5.505082976115843,,,-2.6844386656126735,False
T08,make,34,0.003620734771923581,0.2724099868197136,2.7790600044425697,,,-2.9638018817926155,False
T08,fund,35,0.0035377644699919,0.8257817304722103,9.948339057798538,,,-2.467593910834541,False
T08,bank,36,0.0032913545340354285,0.7612945360502116,9.516391929885323,,,-2.528667340676088,False
T08,method,37,0.0031761741187076187,0.10672749622999768,1.330086573769753,,,-3.33714913502753,True
T08,money,38,0.0031149848021021953,0.554550699730493,6.901573347072458,,,-2.690218840646655,False
T08,security,39,0.0030907530158622186,0.09942974145019999,0.6573478848693108,,,-3.6354210721874454,False
T08,finance,40,0.0030490627907198624,0.43048546767361695,5.699645284955418,,,-2.7795910335110214,False
T08,investor,41,0.002964646052467809,0.493044125783254,7.995129295689689,,,-2.66106557003837,False
T08,decentralized,42,0.00288855111907408,0.13655055390909224,1.1337601821276913,,,-3.457984265937705,False
T08,identified,43,0.002875027431066241,0.4068958501348027,5.402505373572767,,,-2.836270716505148,False
T08,threat,44,0.00273450512611107,0.21159785600858777,1.827194945975889,,,-3.299970090550992,False
T08,problem,45,0.0027082509323406155,0.27877161390935046,2.506155472897869,,,-3.1793714010027423,False
T08,phishing,46,0.0026796537177476735,0.816748933608742,8.487422352373589,,,-2.6978064838122062,False
T08,opportunity,47,0.002649979734310996,0.2958134253817883,2.390589144820337,,,-3.211306035995756,False
T08,price,48,0.0026165712375087213,0.17231505931966956,3.9528102713709723,,,-3.0177635889372616,False
T08,trend,49,0.002604595506252042,0.25877128216532225,4.318370421344309,,,-2.985135489522461,False
T08,million,50,0.0025162510724560665,0.657438709008849,6.2711177799281,,,-2.8566092476523672,False
T08,enabler,51,0.002515208669923018,0.9849547317025081,11.17695734467018,,,-2.625697993615387,False
T08,number,52,0.002468172813766984,0.08747895140262245,1.5006943763967624,,,-3.44019512472577,False
T08,country,53,0.0024450009076835426,0.38924715863281567,5.0642847544429594,,,-2.959340705132359,False
T08,future,54,0.002443695146556633,0.2327801557368075,1.8454473948206176,,,-3.363457693136968,True
T08,activity,55,0.0024348373345206465,0.1858597355515786,1.789646481156744,,,-3.377917955135498,False
T08,anonymity,56,0.00241653016525759,0.6052588393824528,6.738119591429994,,,-2.8521411927806897,False
T08,asset,57,0.0024148643740427326,0.09491945598418403,0.936858072979432,,,-3.641756683091627,False
T08,using,58,0.002411870586210878,0.05414405274331998,0.6203795305484745,,,-3.8073811302916507,True
T08,related,59,0.0024081614085331277,0.14826202570717328,1.9732520130815114,,,-3.345461854279512,False
T08,people,60,0.002307841608887743,0.2067543685676427,2.138078906178721,,,-3.3389024484297423,False
T08,just,61,0.002286091286916975,0.4210403960318526,4.549623455644824,,,-3.0425292798084946,False
T08,like,62,0.0022556273628859466,0.14323606424713892,1.0270736099662006,,,-3.645910839758706,True
T08,enablers,63,0.002196154032100899,0.8868984807791346,10.683741943756369,,,-2.7251393128302888,False
T08,area,64,0.002156741995744847,0.31621661165654874,2.9216588749383914,,,-3.2546332936338827,False
T08,money_laundering,65,0.0021190145405453405,0.9969548425244174,11.638863322692208,,,-2.6123425687028448,False
T08,time,66,0.0021190007677283117,0.05840938741330134,0.9497411851544946,,,-3.7147126897073446,True
T08,used,67,0.0021091969535328324,0.06792238812813031,0.8396097504700653,,,-3.7667960279561696,True
T08,form,68,0.002070731152598993,0.175095000513969,2.0407895659115005,,,-3.42257740211729,False
T08,need,69,0.002061028738556843,0.14561951174225427,1.1891765974043427,,,-3.641425566841873,False
T08,group,70,0.0020523455651734425,0.19214704416592457,2.4022506342839387,,,-3.3627007521777608,False
T08,stablecoins,71,0.0020181331056240573,0.9968031093357125,11.637633697430735,,,-2.7416517876126205,False
T08,cash,72,0.002014627728204004,0.9655306414109726,11.372270286097654,,,-2.7519213260777793,False
T08,likely,73,0.0020113524610883013,0.4946271807997862,6.472324821061421,,,-2.9783546033165815,False
T08,technology,74,0.0019865971236789804,0.06251184162425057,0.4699891778210329,,,-4.034817499409479,True
T08,security_threat,75,0.001986200694015955,0.7179299122760301,6.314368262928263,,,-2.895787913142739,False
T08,value,76,0.0019357824655652995,0.038941938502074315,0.6948069051156764,,,-3.8939947181158194,False
T08,way,77,0.0019111190580853627,0.1665636557243017,1.846924227308464,,,-3.5106311182693397,False
T08,including,78,0.001909819403224442,0.13938684053060432,1.2680983861190596,,,-3.661440578975201,False
T08,investment,79,0.0019062352691890105,0.32174235267027695,4.114334556544217,,,-3.1917841834068184,False
T08,currency,80,0.0019042573269560325,0.5095076493423314,6.362615753949791,,,-3.0180220906731487,False
T08,high,81,0.001888695538807572,0.11429143810143619,1.3493851317278736,,,-3.643261715298136,False
T08,ethereum,82,0.0018852995191685467,0.073759823982382,1.1301289468609905,,,-3.7152684493643853,False
T08,development,83,0.001881520177879703,0.14427554772429305,1.1027080357563668,,,-3.7262975321373792,True
T08,billion,84,0.0018763375210670023,0.5312035570733205,6.612436495850107,,,-3.0114792401855413,False
T08,main,85,0.0018679800842131128,0.21861499597860948,2.5615141167824556,,,-3.3934991462647233,False
T08,year,86,0.001835367530693789,0.2636131790377574,3.7888974625635883,,,-3.247476289075676,False
T08,company,87,0.0018345661754032298,0.1578292025563183,1.8206585407611837,,,-3.540889036770226,False
T08,hacking,88,0.0018237764836151454,0.9438355712559099,9.83117071907309,,,-2.869884352583405,False
T08,financial_service,89,0.001817460367175547,0.7369134421486243,8.797091954142532,,,-2.8164206101695775,False
T08,mixer,90,0.0018163702357792057,0.9964492588127541,11.634765695719476,,,-2.8049500236859073,False
T08,illicit,91,0.0018163702357790346,0.9964492588127538,11.634765695719476,,,-2.8049500236859637,False
T08,victim,92,0.0018151866590522768,0.9142892087532117,10.108463108111449,,,-2.861590982670204,False
T08,attribute,93,0.0017914597218200768,0.10446315111018416,1.5022577919160436,,,-3.6320470342252733,False
T08,possible,94,0.0017821947340483052,0.2835714519966607,2.478723822737398,,,-3.4348482704726027,False
T08,existing,95,0.0017647936286951569,0.2205261567005384,1.7086694771598971,,,-3.589546918163755,False
T08,page,96,0.0017644107397803246,0.6570770706480983,8.049713638939199,,,-2.9697084944947933,False
T08,common,97,0.0017499012836222916,0.41742363171204816,4.876745682342949,,,-3.175126289583047,False
T08,framework,98,0.0017422062555841218,0.1253229296920706,0.9212339181133877,,,-3.8443783204672237,True
T08,nature,99,0.0017286072495827222,0.3202411006154188,3.024855898705947,,,-3.3735181702275394,False
T08,mark,100,0.0017177790370420806,0.8655392106341044,8.761894485768394,,,-2.9518689892231014,False
T09,nft,1,0.02219774431851928,0.1896103888422898,2.3014282887019863,8.0,0.2141542308073108,-1.9512467914100013,False
T09,metaverse,2,0.014987309464876987,0.1061695392482551,0.6726195539758125,,,-2.678961046138019,True
T09,return,3,0.013519642434954383,0.7520631956158377,17.225191678472957,1.0,0.1304316594020787,-1.4436178155971786,False
T09,value,4,0.012946328384882824,0.2604399682092065,4.64680227128973,9.0,0.12490057355649271,-1.993694112286587,False
T09,market,5,0.012598730622994936,0.49636997054669885,7.9077521526110734,5.0,0.1215471007774888,-1.7973581031966606,False
T09,price,6,0.01144809260867664,0.753917465988583,17.29444144401297,2.0,0.11044624316969996,-1.5418052299280685,False
T09,game,7,0.011165371596579843,0.41224130067644016,7.002243739110944,6.0,0.10771867319637879,-1.9184706144408494,False
T09,token,8,0.009809191975000985,0.30833260574385735,4.0358775902112995,,,-2.2165717167477577,False
T09,relationship,9,0.006194034078629152,0.30811491022365495,7.244331802755701,,,-2.2584134802308093,False
T09,respondent,10,0.006153277971343711,0.7476164560147581,23.7843924428754,4.0,0.05936416295223748,-1.7868503670739526,False
T09,result,11,0.006086340029184731,0.1649771689494416,2.816478607237743,,,-2.646830061486206,True
T09,company,12,0.00554309868276509,0.4768772348042999,5.501077090795119,,,-2.4351434002399532,False
T09,trading_volume,13,0.00551483544593461,0.9882372746278283,30.325562107214598,3.0,0.05320474576183426,-1.6553916822575114,False
T09,analysis,14,0.004954116920767152,0.14356634518294908,2.1915042947143704,,,-2.8706865279092013,True
T09,behavior,15,0.004815328594888433,0.23804277377722735,3.6509735332133895,,,-2.6835730538492397,False
T09,significant,16,0.00479103193084883,0.28238328394102763,3.5929338087640827,,,-2.693018039533591,False
T09,test,17,0.004598569134830225,0.4272842683907871,8.62681868208218,,,-2.367255727960729,False
T09,trend,18,0.004499391162340887,0.44702266330701507,7.459906024897621,,,-2.4384707863951203,False
T09,mean,19,0.004367586078789762,0.28553452324589046,5.2576389140160344,,,-2.596254064201978,False
T09,similar,20,0.00428875806152084,0.41920240960587446,6.45487370622173,,,-2.525120666924645,False
T09,number,21,0.004257072755258881,0.15088257134894353,2.588378377759738,,,-2.8950914726681836,False
T09,range,22,0.004139068465869476,0.36227801210305915,7.61429343296656,,,-2.480359836493732,False
T09,yes,23,0.004071872413593369,0.8744698638006692,26.09017365303398,10.0,0.039283662887813826,-1.9975678976837927,False
T09,sand,24,0.004037178133579485,0.9985595604465992,31.180356425219514,7.0,0.03894894748866455,-1.9314102697981386,False
T09,volatility,25,0.003978212028389226,0.942279700863823,26.75774691789435,,,-2.0014240655044464,False
T09,change,26,0.003897564085335255,0.3727381442747565,5.669384628975599,,,-2.63440987637211,False
T09,world,27,0.0038637488635644363,0.2695657457112639,2.6207680051103677,,,-2.948283452571438,False
T09,different,28,0.0038315179714210968,0.16524236344533863,2.112674919618164,,,-3.039514578671895,True
T09,understanding,29,0.003773350963653593,0.394082114010679,6.388361108350869,,,-2.60608399035303,False
T09,using,30,0.0037453676715383526,0.08407971219943704,0.9633806436732424,,,-3.3672639647798013,True
T09,positive,31,0.003704015193419821,0.4037925035356633,10.308401464093523,,,-2.425819020635574,False
T09,theta,32,0.003687627563605451,0.9909043041051784,30.143775570580917,,,-1.9992717973875431,False
T09,time,33,0.0036103815230615548,0.09951868649693918,1.6181815876585899,,,-3.1818438794812165,True
T09,estimate,34,0.003595510036702865,0.5610111937753565,16.973689587480315,,,-2.2441758648375156,False
T09,usd,35,0.0035200429554015597,0.5618060997224511,13.262392068140283,,,-2.355596305411015,False
T09,gaming,36,0.0034809548681578252,0.6794431647479937,8.057700076008414,,,-2.561617915087967,False
T09,generation,37,0.0034677069514381345,0.5252781521666826,7.577447406211447,,,-2.5884864789669573,False
T09,plot,38,0.0034348534920701046,0.8738845873083576,25.433650964747123,,,-2.109839348103798,False
T09,term,39,0.003429371744878268,0.26478369729220563,3.6549442204330136,,,-2.886794586836574,False
T09,statistic,40,0.003417399111377888,0.6525718354493608,20.58438760469598,,,-2.1975121445114514,False
T09,asset,41,0.0034057462232725856,0.13386738493807546,1.3212753801368025,,,-3.297935738065839,False
T09,index,42,0.0033867342502833394,0.8550564087256416,22.37731079678064,,,-2.1695144880791766,False
T09,hypothesis,43,0.003379625479670047,0.9672082127065886,26.551572782581875,,,-2.1023586344952223,False
T09,indicating,44,0.0033524902108394224,0.5988851169614207,15.628978144051063,,,-2.3191804118881327,False
T09,web3,45,0.0033435086534143706,0.4800836755405083,5.271219794464316,,,-2.7555359986775736,False
T09,influence,46,0.0033138631308932097,0.43093983032756245,7.772420745349402,,,-2.605551730224211,False
T09,cryptocurrency,47,0.0032789838366321647,0.12121645705389475,1.494616474415146,,,-3.2713851722631313,False
T09,land,48,0.0032182440691822622,0.6633383225892359,13.687736448115482,,,-2.3967515201077196,False
T09,ax,49,0.003217406125006343,0.9776093925879576,29.94208777340774,,,-2.0838018337896727,False
T09,accounting,50,0.0032122149270809386,0.5196497329940437,10.243564287162156,,,-2.513816889223884,False
T09,increase,51,0.003193867266620845,0.25165913665502004,3.8110722424565155,,,-2.9127494410875014,False
T09,mana,52,0.0031146581373311423,0.9981337177848646,31.15247809552362,,,-2.0874240097273224,False
T09,according,53,0.0030990301812696603,0.2541549183551372,4.093758473941175,,,-2.902214240565474,False
T09,indicates,54,0.003081510898126695,0.4430775795767267,8.230835427770906,,,-2.6262461427249155,False
T09,negative,55,0.0030652035839026314,0.7996328273069417,15.452555634751505,,,-2.3774750126205615,False
T09,student,56,0.0030149309929017633,0.8990588669263366,16.809583978075366,,,-2.353727322740535,False
T09,observed,57,0.002955500322151682,0.48143563904235176,9.37528728824419,,,-2.599221511032936,False
T09,correlation,58,0.002891266502159922,0.5744782688611947,15.25169500990872,,,-2.4177601240611404,False
T09,exhibit,59,0.002847850982147186,0.6931838091035408,18.801473182924514,,,-2.3431402752674826,False
T09,daily,60,0.0027221005417223136,0.7445248001933016,17.857647562327646,,,-2.3908381227003392,False
T09,investor,61,0.0027079851134575246,0.45035937824258315,7.3029598575093,,,-2.751618362351815,False
T09,variance,62,0.002661094736909451,0.5533177360583197,14.766211537553463,,,-2.4804739847656823,False
T09,model,63,0.0026550343219996354,0.057074230506739085,0.5649457556590151,,,-3.787188842290132,True
T09,concept,64,0.002627554246342032,0.2895127524304677,2.9231318627474785,,,-3.1359588469938995,False
T09,second_life,65,0.0026238927298802145,0.7631094453342078,12.298323223809156,,,-2.462072601542976,False
T09,method,66,0.002541488918916548,0.08540046574103334,1.0642994250614275,,,-3.5600764023414686,True
T09,financial,67,0.0025233676588287102,0.11182338343553834,1.3372734972867077,,,-3.4730434031856547,False
T09,research,68,0.0024870821405243142,0.06252109727998403,0.8297108353106921,,,-3.672658264085009,True
T09,shown,69,0.0024840206427904337,0.18552360839578916,3.0825127950750297,,,-3.1484280400165288,False
T09,used,70,0.0024663049636593657,0.07942232360207993,0.981764027134932,,,-3.6103822478228307,True
T09,various,71,0.0024260439669343513,0.15986268182846283,1.3128409025482572,,,-3.504018640428795,True
T09,medium,72,0.0024217712324539815,0.4360253100416248,6.133732729669473,,,-2.8884322582591646,False
T09,level,73,0.002402131613913816,0.19967278683410172,3.1568803935241685,,,-3.159005528917654,False
T09,data,74,0.002376461497097109,0.030643957031693862,0.3336599944512541,,,-4.064338712208323,False
T09,opinion,75,0.0022861940896992303,0.7894202799044512,19.846721748962715,,,-2.4533045512265073,False
T09,extent,76,0.0022650995355407754,0.7466292883972979,18.70221687285268,,,-2.482625119103135,False
T09,meta,77,0.0022643547481524585,0.48450592347240157,4.654251015334172,,,-3.0391668644927665,False
T09,parameter,78,0.002260852674201049,0.15503634465464528,2.3896943290551285,,,-3.306741763642047,False
T09,high,79,0.002260831773773874,0.13681067669232372,1.6152591660138622,,,-3.4634153279046473,False
T09,industry,80,0.002250099725193555,0.3121904382158677,2.4252341823765398,,,-3.3036972089522436,False
T09,distribution,81,0.002224025418585236,0.29856513428087134,4.702667033119951,,,-3.0458099634113744,False
T09,investment,82,0.0022096291178392165,0.37295043397491906,4.769166526092,,,-3.044089735647935,False
T09,sandbox,83,0.002208687784079136,0.5504106353125243,9.512398829755181,,,-2.768175586545391,False
T09,sector,84,0.002190899359405144,0.4061437792680136,5.494862797061949,,,-2.992540444292902,False
T09,expectancy,85,0.00216408774686829,0.9547185635129802,27.685088030384282,,,-2.3530962502221633,False
T09,axie_infinity,86,0.0021425836282486085,0.903340044446073,24.331925358387995,,,-2.310730009610689,False
T09,zero,87,0.0021392711447768198,0.6033805221244067,10.07645116549874,,,-2.764293603213099,False
T09,function,88,0.002117474629299139,0.08514909314093651,1.4056425647730182,,,-3.5583208518854046,False
T09,decentraland,89,0.002091804624925427,0.43474038965760137,6.970187735313177,,,-2.925180013530714,False
T09,possession,90,0.002082473248694097,0.7813892991476392,17.63426557099788,,,-2.5565818511748857,False
T09,dynamic,91,0.0020763763225043227,0.16314008881074363,2.214289803599489,,,-3.388305945672271,False
T09,summary,92,0.002050324227769514,0.47506411546530564,7.377087771657469,,,-2.914502823131527,False
T09,especially,93,0.002022972437657753,0.40361582064456825,3.9485907685679247,,,-3.1725689081052124,False
T09,persistence,94,0.002014659547628597,0.8680498802153496,17.37740729503698,,,-2.5823146616277817,False
T09,related,95,0.0020112742404013394,0.12382707906452055,1.6480419168200182,,,-3.5255569379436866,False
T09,box,96,0.00200169033292259,0.38572614640432207,11.937356891296284,,,-2.736388886319246,False
T09,perceived,97,0.001997524772176447,0.5916608507293963,10.22781391735071,,,-2.7994635417626137,False
T09,volume,98,0.0019707923448801156,0.41598843910281025,6.2622665011547385,,,-3.003774894754931,False
T09,product,99,0.001967246829313174,0.3558904154427656,3.5608216915927313,,,-3.230675625181222,False
T09,form,100,0.0019664636903393685,0.16627844731969024,1.9380297514486522,,,-3.474242312229987,False
T10,data,1,0.01246059393879705,0.16067666390400545,1.7494925583927787,,,-2.4073801477695005,False
T10,network,2,0.011178318290557066,0.30758382128548234,3.1949659710423566,6.0,0.1546732975086066,-2.2316369714519437,False
T10,attribute,3,0.011082406340750944,0.6462345059380584,9.293332736310864,1.0,0.15334617323450853,-1.8097189722919766,False
T10,node,4,0.011023540918261182,0.5440850693420773,6.684364385691151,2.0,0.1525316581375981,-1.944724875509725,False
T10,blockchain,5,0.010228463972894583,0.12771379601967828,1.1960910836005003,,,-2.677924991947476,True
T10,image,6,0.008786149889962371,0.6924044740938338,8.33976198927409,3.0,0.12157309718344375,-1.9923333330868154,False
T10,encryption,7,0.007259513546668505,0.8832572685741794,10.525442634942138,5.0,0.10044917932960923,-2.0137473004846393,False
T10,proposed,8,0.007214775579169986,0.3628763684256704,4.065112579611852,,,-2.397997940207829,True
T10,based,9,0.007132404492786314,0.1478349277079803,1.787603331854927,,,-2.7335137984570093,True
T10,algorithm,10,0.007072777235527261,0.2542433741082281,3.287049674897714,,,-2.4949050710426404,False
T10,attack,11,0.006778573886895375,0.3081106691093029,2.922641625775318,,,-2.5673979747212594,False
T10,scheme,12,0.006384750789436469,0.5175433543243464,6.155973803578785,8.0,0.0883451725656314,-2.305336508317349,False
T10,transaction,13,0.006343728974617058,0.0983634105615871,1.1796045610212762,,,-2.9701014044411957,False
T10,security,14,0.006040101179771797,0.19431047888833644,1.284621486913601,,,-2.9654150644379578,False
T10,time,15,0.005970650251950569,0.16457852634446052,2.676059646976763,,,-2.6788014899024515,True
T10,key,16,0.005945927659864351,0.3660202983043366,3.3490389115385266,,,-2.5915598673601,False
T10,method,17,0.005516306858609182,0.18536188428337175,2.310064062991471,,,-2.7851179111568025,True
T10,number,18,0.005447172977812215,0.19306305358758388,3.311981158477723,,,-2.6485764956770703,False
T10,bitcoin_network,19,0.005222035472045739,0.998758088000136,13.902247817878477,4.0,0.07225679437402885,-2.000100593320346,False
T10,value,20,0.004846502286246281,0.09749659237979019,1.7395463147557046,,,-2.976249071147363,False
T10,using,21,0.0047885460052853315,0.10749800961804765,1.2317061867883101,,,-3.1215569361900437,True
T10,user,22,0.0046863922964682486,0.04892576357988175,0.4193264964907537,,,-3.565497509258357,False
T10,address,23,0.004672873215744923,0.23072984405123448,2.3100293685030144,,,-2.8846845928831417,True
T10,service,24,0.004490868241197298,0.20097583790170062,2.0998192749373144,,,-2.94668502164165,False
T10,bitcoin,25,0.004329165320792904,0.32714264725998865,4.378085569680927,,,-2.674783695549547,False
T10,decryption,26,0.0042799259307511025,0.941845215494714,13.071014722681511,7.0,0.0592209167421082,-2.244132880396444,False
T10,used,27,0.0041761431504100865,0.1344841767695884,1.6624007078002374,,,-3.083715182952797,True
T10,mechanism,28,0.004111478588453739,0.3183158685679043,2.92796381768696,,,-2.866660641302785,False
T10,high,29,0.0041099259424563295,0.24870570020528454,2.9363509603854023,,,-2.8657431054923213,False
T10,analysis,30,0.004037553808831795,0.11700507942870988,1.7860532267827598,,,-3.0752664442583098,True
T10,layer,31,0.003883765671823583,0.371059408785729,3.2236000337410915,,,-2.8623705340471917,False
T10,operation,32,0.003783449856352748,0.2047035039495991,2.990904782434338,,,-2.90804103731731,False
T10,process,33,0.003757561962349444,0.13786259826943428,1.694620944044065,,,-3.139407334100058,True
T10,bit,34,0.0036398431449475785,0.7501105558556762,9.569771812189915,,,-2.4660450697438874,False
T10,function,35,0.0036178308526437723,0.1454822702371084,2.4016235983466547,,,-3.022670383655339,False
T10,parameter,36,0.0036152383397377464,0.24791236671197012,3.8212638343217002,,,-2.8373260110314065,False
T10,secure,37,0.0035779598155023682,0.312305250836532,2.0635668865967483,,,-3.090003121438066,False
T10,committee,38,0.0035723519498537795,0.932472938299332,13.102349577141648,10.0,0.049430284733612516,-2.351602025913155,False
T10,abe,39,0.0034815181403761546,0.9981383740593821,13.894973747373172,9.0,0.0481734261908529,-2.3435612303196844,False
T10,polynomial,40,0.0034784871237476286,0.963246848199303,13.475655200308031,,,-2.356340792960312,False
T10,performance,41,0.003450562518165079,0.23576221892988708,3.014819156535028,,,-2.9601148686392396,False
T10,processing,42,0.0034196584646486684,0.4616462381409179,5.575577504957067,,,-2.7195703980935617,False
T10,model,43,0.0033389638016951845,0.07177639403474159,0.7104742158836178,,,-3.557985904366195,True
T10,computation,44,0.003323177345916044,0.3415801425486655,5.530501089660673,,,-2.7399889833335567,False
T10,access_control,45,0.0032840677722952498,0.8230278690220185,9.66722292224187,,,-2.4237070369549927,False
T10,computational,46,0.0031574362288183974,0.6747754515804772,7.696458778506705,,,-2.6384928107340206,False
T10,multiple,47,0.0029882575084431086,0.2387784922992495,2.7323596149155303,,,-3.085772675256813,False
T10,size,48,0.0029859099276295575,0.2873512618720365,5.301124165169302,,,-2.8211428852469087,False
T10,efficiency,49,0.0029724220905989994,0.2746363931474415,4.206508259509372,,,-2.916373719274067,False
T10,set,50,0.0029631152674708676,0.19238834010878028,2.600872423967558,,,-3.1105696907478526,False
T10,probability,51,0.002934570945154842,0.8415398528384384,10.67916665464845,,,-2.5513984924565825,False
T10,secret_key,52,0.0028940283759358787,0.7915241434386583,10.289361135819185,,,-2.474619322640495,False
T10,task,53,0.002891791048270621,0.515106077045073,5.572683966289326,,,-2.8203768177688735,False
T10,block,54,0.002888256459242306,0.26793145763408244,2.9763240882864834,,,-3.071985751460296,False
T10,consensus,55,0.0028703676175175163,0.41689336089145607,5.056688588612931,,,-2.8637043646359106,False
T10,storage,56,0.002863155959707759,0.2601141808587701,4.075318846690582,,,-2.951518872787154,False
T10,development_attribute,57,0.00285299808544989,0.96044163221447,13.650373352131055,,,-2.3701241774653945,False
T10,access,58,0.0028529745781090536,0.18285591280259234,1.6205736286210217,,,-3.322523799099598,False
T10,result,59,0.002840118122245217,0.07698463198625843,1.314276214436769,,,-3.4090313384694078,True
T10,low,60,0.0028093211465704004,0.3803464576070546,5.620938612431031,,,-2.834287980664483,False
T10,technique,61,0.0027773335083427263,0.26700601968995485,2.1507314015788297,,,-3.225435200314828,False
T10,access_policy,62,0.002756302585513596,0.9976497096375846,13.889236909858216,,,-2.3838733973192587,False
T10,server,63,0.0027553359747589014,0.43282772185824403,4.787599588748911,,,-2.9101178732940536,False
T10,simulation,64,0.0027442206696038805,0.7205852082895717,6.495525592943874,,,-2.7905094642201935,False
T10,policy,65,0.0027346088042709215,0.376457719728105,4.637217129112799,,,-2.927414360044861,False
T10,request,66,0.0026635291693119516,0.2989880018523134,3.6568099891934076,,,-3.0382254962190482,False
T10,edge,67,0.002662131593760266,0.7283031906865367,7.3117609825263665,,,-2.761383217543797,False
T10,ciphertext,68,0.002659607178198326,0.9975644681849225,13.888236099452076,,,-2.5053292434689505,False
T10,latency,69,0.0026526565549121845,0.6905417437648865,8.174427952170486,,,-2.718911904917866,False
T10,distribution,70,0.0026487572895677906,0.3555834250942648,5.600755944736617,,,-2.8710381862793444,False
T10,information,71,0.0026264386993467724,0.07931026377806469,0.9318101864742417,,,-3.59352633332936,True
T10,metric,72,0.0025332344299959166,0.45799070227063626,8.209000203988213,,,-2.7448625618605083,False
T10,comparison,73,0.0025259636747161874,0.2675953992512983,4.640607189119387,,,-2.974741494467477,False
T10,random,74,0.002490251515257615,0.589517769164479,8.703301404346924,,,-2.7317419679005077,False
T10,pixel,75,0.002466264549113878,0.9582977186554277,13.24147605171238,,,-2.5696887493900586,False
T10,noise,76,0.0024324487922117496,0.8632372893463546,11.22008559475081,,,-2.6442318658465482,False
T10,scalability,77,0.0024053238670805437,0.45854258165099626,3.2390293789058084,,,-3.1479329480500002,False
T10,threshold,78,0.002376152526846397,0.6848837308420882,8.53144309097753,,,-2.767860200643375,False
T10,structure,79,0.0023185124799710573,0.31597543501046876,3.7212676278497017,,,-3.114471934655821,False
T10,output,80,0.0023042517319186275,0.3057522733303702,4.0269583540535585,,,-3.086595034028698,False
T10,resource,81,0.00229502521558692,0.2152737687114733,2.3107830980375486,,,-3.3111722807819004,False
T10,degree,82,0.002270412153661351,0.5400938968615014,8.496450142823637,,,-2.7968169606847875,False
T10,different,83,0.002245783300149984,0.0968541823556204,1.2383107918359635,,,-3.5737212714367876,True
T10,transfer,84,0.0022436784719897696,0.22614627042472532,2.5308414900300433,,,-3.2883624101313793,False
T10,shard,85,0.00222447784528099,0.9970894412883649,13.882658370774834,,,-2.612683655504957,False
T10,client,86,0.0021790913003470686,0.5208884107700072,6.118855043247742,,,-2.9527583964363857,False
T10,cost,87,0.0021722471662089975,0.09858560999103302,1.655887698632452,,,-3.477460956541362,False
T10,architecture,88,0.002155059520902087,0.35729301462905655,2.3908246991111923,,,-3.33530681401473,False
T10,given,89,0.0021493536604249284,0.20365406196704228,2.8769049280726975,,,-3.2628668476520954,False
T10,adversary,90,0.002119440375433957,0.2651919320288851,2.935733377073484,,,-3.2631790013963426,False
T10,abac,91,0.002079434734308429,0.996887058239408,13.880281752002057,,,-2.6532078091295324,False
T10,decentralized,92,0.0020721449501987146,0.09795656336532578,0.8133196676420044,,,-3.7901550208567487,False
T10,malicious,93,0.0020171121451184157,0.2739108693812173,2.636673103212347,,,-3.335845879247182,False
T10,efficient,94,0.00199533055389536,0.4018314056608636,4.118531609445662,,,-3.1639686529701523,False
T10,advantage,95,0.0019836799753775846,0.3494364174075976,3.204871335222217,,,-3.2678121736977954,False
T10,quantum,96,0.0019814811126167764,0.7803106352566376,6.645903351967242,,,-2.97674615532806,False
T10,graph,97,0.001980523588264655,0.5271234774219796,5.879258111672996,,,-3.0260641854431114,False
T10,complexity,98,0.001954734183948344,0.5393312289991454,4.203407339106397,,,-3.1681424502064233,False
T10,increase,99,0.001925843025011905,0.15174581551110009,2.29800623609405,,,-3.418618125970961,False
T10,public_key,100,0.0019219927572185506,0.3491290016386045,3.9847538271455853,,,-3.099645427892794,False
T11,metaverse,1,0.0611697876893981,0.43332448630066955,2.745255605007673,,,-1.2725114510556128,True
T11,blockchain,2,0.01270139911679879,0.15859115310627692,1.485269955793281,,,-2.4613872572866007,True
T11,user,3,0.0119926934063948,0.12520327901901546,1.0730757886788802,2.0,0.21787503482264559,-2.625862980999329,False
T11,technology,4,0.010715241069443803,0.3371742789289248,2.535011895645857,,,-2.3495735593590457,True
T11,digital,5,0.009732580979499318,0.4341936244959817,2.7033759923302023,,,-2.3815651510015927,True
T11,virtual,6,0.009028543844639145,0.3894327783402102,2.63656840656579,,,-2.4366272189918785,True
T11,security,7,0.008760203350437309,0.2818163566337798,1.8631385665180957,1.0,0.15914937081708908,-2.5936167096631104,False
T11,challenge,8,0.007485312020820589,0.5197386502184161,2.9238091232424117,,,-2.507732641327454,True
T11,platform,9,0.006105622174519698,0.181339022742093,1.6308459389114065,5.0,0.11092275928425448,-2.863487614145605,False
T11,decentralized,10,0.0057995198118618065,0.2741608543768251,2.27631929195606,4.0,0.10536170134143903,-2.760964176400048,False
T11,application,11,0.005452233160422084,0.2434517514889361,1.825425032892922,,,-2.8863128581546422,True
T11,potential,12,0.005053478520033043,0.31133386765905746,2.341693482723204,,,-2.832257322909748,True
T11,blockchain_technology,13,0.00489614075444231,0.640312188444794,2.9542659017268136,,,-2.6582847135188254,True
T11,environment,14,0.004687566571097024,0.24308034825957633,1.8658637959642377,,,-2.9682153686736195,True
T11,virtual_world,15,0.0046158797231654475,0.5872578248570224,3.0222047521242437,3.0,0.08385813939723995,-2.684557037812701,False
T11,interaction,16,0.004126103920566353,0.17119007680979106,2.035556853399722,8.0,0.07496022827498391,-3.0099452389362362,False
T11,transaction,17,0.004066924586210692,0.06306016136520136,0.7562370350970573,,,-3.414681082433032,False
T11,development,18,0.0039466034601395635,0.30262677092513796,2.3129974371808335,,,-2.9855222619971302,True
T11,secure,19,0.003823889980300122,0.33377147342311747,2.2054056356774643,9.0,0.06946981252531721,-3.0235276515339704,False
T11,new,20,0.003794328120749342,0.16212873957608218,1.4062346898036344,,,-3.2081824763893856,True
T11,experience,21,0.0037445774243824803,0.31121889889865356,2.4936559896742017,6.0,0.06802891636489215,-2.9869679423686932,False
T11,data,22,0.003660884886465454,0.04720631884668009,0.5139956327492857,,,-3.6322464371835617,False
T11,business,23,0.0035695149920445235,0.2623584459414904,2.2456450236950687,,,-3.057598211152429,False
T11,like,24,0.0035176813798097986,0.22337857946302883,1.6017351859261064,,,-3.201536910070834,True
T11,digital_asset,25,0.0033540132066558963,0.2869100165138853,2.0575621061186746,10.0,0.06093341332365835,-3.0299498714641184,False
T11,privacy,26,0.0033239671691006273,0.2408913529925938,1.6735235032768963,,,-3.2179852529958346,False
T11,framework,27,0.0030985687469118795,0.2228907811406574,1.6384435643667634,,,-3.2685902831540488,True
T11,physical,28,0.0030945018971001046,0.44285908383455524,2.4986152394336383,,,-3.1005823245633577,False
T11,offer,29,0.003076056369872941,0.36512920160428763,2.41533520305937,,,-3.117728909915618,False
T11,key,30,0.0029793831270681116,0.1834053091990117,1.678135119652646,,,-3.2825501509276607,False
T11,various,31,0.0029696137317454093,0.1956808786739918,1.6069908150637562,,,-3.301848686302384,True
T11,asset,32,0.0028961931744780267,0.11383872465116611,1.123591861134332,,,-3.4600026326092572,False
T11,research,33,0.0028808163587244837,0.07241891889087851,0.9610637736597225,,,-3.5256947444442552,True
T11,avatar,34,0.002796752929284935,0.13746769356885236,1.1603595966508655,,,-3.4680857400325587,False
T11,real_world,35,0.002763210240303938,0.36972323630053505,2.4724940873428554,,,-3.0727263295146776,False
T11,management,36,0.002762575116102814,0.3763418382540793,2.510782925496667,,,-3.16671736188926,False
T11,need,37,0.002759721699999115,0.19498482431631142,1.592309898252961,,,-3.34950097132842,False
T11,risk,38,0.0027445918450068113,0.13940302752747077,1.3606167954248374,,,-3.415698494058338,False
T11,solution,39,0.002725077754519537,0.16788201255084173,1.627442430042703,,,-3.348351102011508,False
T11,virtual_environment,40,0.0027214051583210014,0.6422677722082216,3.0100622567774407,7.0,0.049440623848480324,-3.0031798531013645,False
T11,ecosystem,41,0.0026425835006717523,0.362181367034863,2.4983790651423208,,,-3.1953420859018014,False
T11,world,42,0.0026348019767215803,0.1838246699608819,1.787177418674978,,,-3.3311133448879398,False
T11,integration,43,0.00263338429459468,0.5134886230668216,3.1020926084475264,,,-3.1108605060958636,False
T11,future,44,0.002631280578977578,0.25064906472671694,1.987109519924613,,,-3.289498351369556,True
T11,issue,45,0.002621173473030409,0.15962595879114327,1.292631572260276,,,-3.4638078550317988,True
T11,network,46,0.0025841303338735356,0.07110521118941418,0.7385912859932373,,,-3.6962239831723913,False
T11,infrastructure,47,0.002536417980202128,0.5285202629581593,2.93071275014314,,,-3.1561032012256582,False
T11,immersive,48,0.0024731259711780157,0.48923260780624755,2.7312301156849457,,,-3.1994625720644683,False
T11,university,49,0.00246623355707938,0.7525598306238553,3.2522561513696346,,,-3.1312983183279055,False
T11,interoperability,50,0.0024250454325157856,0.7285621940360367,3.1211390968973265,,,-3.1578637996861714,False
T11,opportunity,51,0.0023894184298797446,0.26672734182130553,2.1555326204746774,,,-3.314808026980473,False
T11,industry,52,0.002385536841793595,0.330981682136589,2.5712129232577596,,,-3.2452475565846832,False
T11,communication,53,0.002373361852899391,0.2717866246327588,1.9565286947561416,,,-3.357599963803508,False
T11,provide,54,0.0023418434155117944,0.16762586551480776,1.4732642826598166,,,-3.4790979094669328,True
T11,ensuring,55,0.002325056463873222,0.3089428945900848,2.415743321099552,,,-3.285603759555772,False
T11,blockchain_based,56,0.0023196781278874614,0.3846620634544573,2.5882709896912712,,,-3.1594000720496505,False
T11,economic,57,0.002277229207933553,0.282503247676213,2.411964933467307,,,-3.298700804674224,False
T11,traditional,58,0.0022701336040870574,0.35704971253234946,2.2425291907212928,,,-3.329708222912809,False
T11,create,59,0.0022070168282468028,0.28871791350748893,1.8654633123368565,,,-3.420264337241242,False
T11,including,60,0.002203841486406054,0.16084583772778335,1.4633257089415563,,,-3.518247295441822,False
T11,identity,61,0.0021444087810868753,0.11723521745852535,1.0566296267536237,,,-3.6649011366517446,False
T11,trust,62,0.0021298129131468394,0.04750170888584026,1.097695498117695,,,-3.653747490190201,False
T11,access,63,0.0021115875149469105,0.1353381363685659,1.199443930382459,,,-3.6234459193625232,False
T11,significant,64,0.0021097579041369206,0.12434907007292105,1.5821686458135968,,,-3.5131906586396866,False
T11,social,65,0.002102804311074869,0.16063776514894798,1.890170450998302,,,-3.4440232590297195,False
T11,space,66,0.0020758112712939113,0.225912855791931,1.828268450838839,,,-3.4650942096776403,False
T11,model,67,0.0020637284609287313,0.04436316054613341,0.43912601248646244,,,-4.039132144870271,True
T11,role,68,0.0020494717283147863,0.2709681180378258,2.0052949506077664,,,-3.435787464537557,False
T11,ownership,69,0.001981185146523131,0.13009315678862762,1.193299607543142,,,-3.6637471328904065,False
T11,work,70,0.001962823169737411,0.11002144186158615,1.0253348078399707,,,-3.7300151892123847,True
T11,innovation,71,0.0019457791376906346,0.2463076664084114,2.374640362372641,,,-3.3993172784556953,False
T11,present,72,0.0019404121424682207,0.16069887032836982,1.643803208841091,,,-3.5481078956122234,False
T11,service,73,0.0018676686519687631,0.08358211643993571,0.8732758174964022,,,-3.8240401340064047,False
T11,education,74,0.0018631541769339372,0.6432896582245723,3.2974296861199432,,,-3.2940333472684578,False
T11,smart_contract,75,0.001816850201895408,0.05541766780147855,0.5591779276541681,,,-3.9189055853600645,False
T11,approach,76,0.001764711066530839,0.07884458366063973,0.9475682225701895,,,-3.825403518969832,True
T11,threat,77,0.0017513836792391235,0.1355232535630574,1.17027369106508,,,-3.7455144195918266,False
T11,nft,78,0.0017440154305287908,0.014897164287707952,0.18081686094578245,,,-4.495047294624044,False
T11,governance,79,0.0017134426353193712,0.5224253321424531,2.753961584985255,,,-3.416334236609867,False
T11,mechanism,80,0.0016934429582118238,0.1311084940651791,1.2059748341838605,,,-3.7536796490684385,False
T11,use,81,0.0016923744347404537,0.05435828135575603,0.6689865215699448,,,-3.989770193566462,True
T11,support,82,0.0016876218976768177,0.2993793900430258,1.9905509570804578,,,-3.555296355991092,False
T11,digital_twin,83,0.0016837772603925795,0.6872784385548318,2.8824661752324703,,,-3.308570888624382,False
T11,company,84,0.0016786871194254614,0.14441880208668387,1.6659611859332304,,,-3.6296850622812014,False
T11,architecture,85,0.0016671027591885588,0.2763933732454718,1.8494850903032265,,,-3.5920379120438874,False
T11,design,86,0.0016546351841905138,0.20649364539927811,1.7925995951885563,,,-3.609038094532141,False
T11,activity,87,0.0016170450125802306,0.12343475851635469,1.1885553402712263,,,-3.787197489065973,False
T11,existing,88,0.001589577489769164,0.19863139173709843,1.5390255802074753,,,-3.6941124262459883,False
T11,economy,89,0.0015874433447977223,0.32489693881114917,2.4408215925061296,,,-3.5104444293430137,False
T11,real_time,90,0.0015849415394992483,0.39547970770538043,2.109875954453132,,,-3.4696729909974358,False
T11,component,91,0.0015828242595266368,0.29434578255493365,1.9994788229463898,,,-3.5919720897312173,False
T11,physical_world,92,0.001576108554585881,0.7351532045084931,3.2539155770896198,,,-3.299734220418437,False
T11,internet,93,0.0015740281041285913,0.18126980491518058,2.017750178787841,,,-3.591677117219156,False
T11,concern,94,0.0015739830754485412,0.21724122170912147,1.6668674797386276,,,-3.6681090872307984,False
T11,current,95,0.001569957635887323,0.15461212424768211,1.4158760560231545,,,-3.7349246019449978,False
T11,cryptographic,96,0.001568296095934207,0.3926581734104055,2.3209181850834195,,,-3.5378741721872893,False
T11,scalability,97,0.001563904138377319,0.29813724915830625,2.1059664851472943,,,-3.578432158961059,False
T11,based,98,0.0015542133952726493,0.03221452529301896,0.3895344195092869,,,-4.257192649533643,True
T11,furthermore,99,0.0015391937071604492,0.24897762547013264,1.80466566577827,,,-3.649747800701637,False
T11,artificial_intelligence,100,0.0015350176975017615,0.7870614202145956,3.297638797680118,,,-3.3102453426096843,False
