document_id,unit_index,T01,T02,T03,T04,T05,T06,T07,T08,T09,T10,T11
D569a973fcbb6,0,0.00022901051093221413,0.00022900488673208215,0.00022902617937319356,0.00022900746380264178,0.06342620710934486,0.06139295167293811,0.3154440106637359,0.14451100651704024,0.00022900887756655062,0.00022901252685724604,0.41385175359167686
D569a973fcbb6,1,0.02361195050817022,0.00023134474012561927,0.00023133980867334988,0.00023136000843001624,0.05341586459151057,0.09347129264684309,0.6779985807317228,0.07150578045364799,0.00023133392660335274,0.0788398052677905,0.00023134731648252795
D569a973fcbb6,2,0.00023371074670573537,0.00023371958769120008,0.00023378137092737683,0.0002337236917222317,0.00023371719089510703,0.00023372238225553965,0.7538988027546811,0.13921598825498457,0.00023373118658877296,0.0394537983245903,0.065795304508958
D569a973fcbb6,3,0.0002430869052693852,0.0002430887011475661,0.038779524756218355,0.00024309011551527023,0.020932804013111355,0.016744067902770048,0.8873762967446105,0.0002431144233760594,0.00024308308957713402,0.03470875093564316,0.0002430924127612252
D569a973fcbb6,4,0.00025114381497046877,0.0002511435687737756,0.0002511463058971681,0.00025115134019948525,0.00025114201034528186,0.00025114188809962094,0.9974885533582466,0.0002511418441626898,0.0002511514116437946,0.00025114702772729416,0.0002511374299338161
D569a973fcbb6,5,0.0002642846360559833,0.0002642890679084661,0.0002642857968186397,0.00026430579655681156,0.00026428932843471705,0.00604502550593035,0.9915763487047314,0.00026429032466336534,0.0002643058407616588,0.000264288074405129,0.000264286923733373
D569a973fcbb6,6,0.0002361654217577224,0.00023615252488565287,0.005752403773859347,0.00023616087714223012,0.00023615107621998544,0.03528557029673694,0.9440526481545705,0.013256289860862643,0.00023615680930340403,0.00023615077553902928,0.0002361504291225151
D569a973fcbb6,7,0.00023016648637827467,0.0002301643630977542,0.00023016595985861574,0.3154214004172842,0.00023016314155017563,0.00023016146075137466,0.682507105777228,0.0002301638779870794,0.0002301643832565184,0.00023018235133274092,0.00023016178127528757
D569a973fcbb6,8,0.0003379859985252937,0.00033797647376024775,0.2944917507430721,0.000337990264512626,0.00033798922825355155,0.0003379798029800983,0.34899985250454957,0.22880922675376278,0.00033797990700884,0.12533327662448837,0.0003379916990863965
D957f80b1f6a0,0,0.0002444042356753645,0.00024441156735778455,0.057319312129354906,0.0002443990233089925,0.000244407113302002,0.0002444137938242271,0.0002443911056142704,0.00024440273854482047,0.00024440433837835874,0.0002443956005399038,0.9404810583540993
D957f80b1f6a0,1,0.00023800590419340535,0.19646286098952725,0.0002379975309419522,0.0002379983455623261,0.1271723772590062,0.03276672689372787,0.00023799516767640964,0.08813026381986956,0.00023800058781524517,0.0002379965199086807,0.5540397769817711
D957f80b1f6a0,2,0.00024439737430564923,0.23600937089639992,0.0002443979142077057,0.0002443959099716417,0.00024440990711776595,0.0002444033122228103,0.0002443971966084371,0.01344075213402199,0.0002443961185026877,0.0791768257796125,0.6696622534570289
D957f80b1f6a0,3,0.029520098407662232,0.1477313419405009,0.000203401402268078,0.00020338949606883963,0.0002034036149924103,0.020898570542989606,0.00020339080950599643,0.03342298851896035,0.00020339450541473277,0.00020339038716069715,0.7672066303744761
D6486a0b043d4,0,0.004367287558730944,0.00025467020551590066,0.049878343469399386,0.0002546597000534482,0.00025467505142680124,0.00025467681693345877,0.0002546663424394304,0.060149694718347003,0.10180038785155152,0.0002546643548765923,0.7822762739307255
D6486a0b043d4,1,0.00024245933619283276,0.00024245396831253804,0.00024244740498041267,0.00024246081040134117,0.00024245304335899454,0.19582459040230876,0.00024245513941795606,0.00024245542738771564,0.04971546432437093,0.00024244790199445134,0.752520312241274
D6486a0b043d4,2,0.037972141777671775,0.13267094952674985,0.051601624239587286,0.010637888424662519,0.07844628438746158,0.02790251648890216,0.00024116564928742328,0.24316218248372587,0.00024115456602708568,0.00024116280770826914,0.4168829296482161
D6486a0b043d4,3,0.0002418005054641291,0.18544104783469914,0.00024179962859282564,0.043932693526164183,0.1779939211550563,0.41771118504359234,0.05540528437851232,0.11830684849886267,0.00024180182485727958,0.00024180565036047573,0.00024181195383841294
D6486a0b043d4,4,0.0002525424271092628,0.05964673947594757,0.00025254430634738106,0.0002525455546515407,0.15403339628524443,0.09348839677030771,0.03976191253946123,0.36266808943970413,0.0002525535792019003,0.0002525505022179408,0.2891387291198069
D6486a0b043d4,5,0.00024375856118184227,0.15053579439659623,0.00024374184557652773,0.00024375256502357835,0.1774965491545422,0.05387297972734131,0.03018133216368186,0.26934734860637183,0.00024375216609868263,0.00024374276978179427,0.3173472480438041
D6486a0b043d4,6,0.00023863152149472425,0.22111203991863887,0.00023862629855841595,0.00023862141119121514,0.1871145225817184,0.00023863521729328415,0.038121432625867965,0.12175981290299091,0.00023862280977155116,0.0002386266098766667,0.43046042810259805
D6486a0b043d4,7,0.021919520905466647,0.35871643335050185,0.04963744362909857,0.00023432250478162015,0.2780808168118146,0.00023433511256453103,0.00023432185835876163,0.11903797239492703,0.0002343231380189091,0.0002343393836797783,0.1714361709107875
D6486a0b043d4,8,0.0002457205285980731,0.1621615818560643,0.04330580932713354,0.00024571982598755194,0.16604699393572758,0.000245726843702353,0.0002457197788966801,0.10192800307963545,0.0002457172341873006,0.0002457308884906394,0.5250832767015765
D6486a0b043d4,9,0.00023676078494708485,0.1369464005823403,0.00023676513572199278,0.0002367605103837261,0.23511549311205276,0.0002367708819162349,0.028355541013835917,0.1739950598355503,0.04724898665898954,0.00023676153923940906,0.3771546999450226
D6486a0b043d4,10,0.00023738084394543159,0.13517271859519,0.00023737972073724524,0.00023737197199989737,0.0002373928936419891,0.12505143357791554,0.0002373781239223281,0.20632299915242525,0.00023738542648949282,0.00023738185118070063,0.5317911778425521
D6486a0b043d4,11,0.04072877441198417,0.16127085613965686,0.00023615688539795133,0.00023614134966775012,0.0002361566183095928,0.00023615861866763374,0.00023614978379749726,0.1697755238070305,0.00023616931998099574,0.00023614796096854215,0.6265717651045385
D6486a0b043d4,12,0.0006402548026615441,0.000640296875770683,0.08818405134578705,0.0006402296691773799,0.14238348459712516,0.06660984533986299,0.05597768312003216,0.25296511509081115,0.0006402482320558419,0.0006402568011510468,0.39067853412556497
Dc3ba77443e3f,0,0.00023431982920324543,0.47033200687419496,0.00023432293887141976,0.00023432607473718493,0.16553828335123139,0.052339873683646905,0.00023432364055992377,0.00023431820397275493,0.00023432396285291316,0.00023432309091974313,0.3101495783498096
Dc3ba77443e3f,1,0.00022901028745281148,0.5589059332764537,0.00022900712187635982,0.00022900479421539852,0.09150839864761624,0.10167130404804366,0.08890674448748524,0.00022900876368383302,0.0002290026557199067,0.00022900918441474136,0.15763357673303818
Dc3ba77443e3f,2,0.00023135641596636067,0.735408421907846,0.0002313416130771849,0.00023133530995706093,0.12587332025762138,0.041905435420879704,0.09519340001778451,0.00023134629988138668,0.00023134195156102947,0.0002313530371919508,0.00023134776823331729
Dc3ba77443e3f,3,0.00023192788600357882,0.47803883211308246,0.00023193670725804631,0.03218436901066042,0.09805810926334689,0.2382298457798223,0.15209725937434163,0.00023192750923702824,0.00023192805199890416,0.00023193445406036506,0.00023192985018831213
Dc3ba77443e3f,4,0.0005611968207327882,0.9150162350003702,0.0005612125857237585,0.0005611969822669627,0.0005612198733681006,0.07993286374352743,0.0005612331818909578,0.0005612075081706853,0.0005612031288294651,0.0005612026452786628,0.0005612285298410233
D65ab9f4e98ce,0,0.015558532943056771,0.0002484194092789211,0.00024840716565541833,0.00024841785761858196,0.000248413313437512,0.000248404122754423,0.049065383575226926,0.00024840584529898396,0.00024840480918874967,0.07997920590990976,0.853658005048574
D65ab9f4e98ce,1,0.00024375472787281603,0.10331421783471635,0.00024375637375693382,0.0314941025388557,0.00024375023432429395,0.00024373645373109538,0.14168562203033758,0.0002437381126534216,0.0002437377568424462,0.053562658906621353,0.6684809250302879
D65ab9f4e98ce,2,0.00023133860757957537,0.2368086920615619,0.00023134079512147186,0.00023133810839959078,0.00023133980548305116,0.00023134019823763742,0.33416195609700405,0.00023133998322208727,0.0002313362973315045,0.05308640318858218,0.3743235748574768
D65ab9f4e98ce,3,0.00032015589975011504,0.05452379106803452,0.0003201320960045026,0.0003201452384719844,0.00032012645357969345,0.00032012335315772584,0.9061820089308674,0.00032013123981703724,0.010979172793839446,0.00032015023597914546,0.026074062690498296
D65ab9f4e98ce,4,0.00030610477822292796,0.0003061373648400471,0.0003061062746123721,0.00030611041958101756,0.00030612032275383684,0.0003061046515921215,0.9969388811746296,0.00030611578465783613,0.00030609940047784115,0.0003061143643815581,0.0003061054642506995
D65ab9f4e98ce,5,0.00028147205034581286,0.00028148514591982553,0.00028148815814355266,0.05189669084680437,0.00028148832172619873,0.00028147843534590667,0.5931248992738792,0.13823736339857093,0.00028149772451285224,0.2147706596584518,0.000281476986299463
D65ab9f4e98ce,6,0.009742166337526833,0.00029713150757995594,0.00029712440243888393,0.00029711918332694037,0.00029711984693812465,0.06100221174416874,0.6660085098446297,0.06532322717817618,0.019953314179806374,0.17648496795950883,0.0002971078158996434
D65ab9f4e98ce,7,0.0002490796075422738,0.0002490970686049613,0.09181645591685031,0.12105350099382088,0.0002490868806309121,0.0002490794773047194,0.5277495847828031,0.00024908745972508655,0.00024907555641556436,0.2576368709001915,0.0002490813561107836
D65ab9f4e98ce,8,0.00024117627425192904,0.0925559100479204,0.05291545805057769,0.22021673074155168,0.00024116671573262168,0.0002411685950988591,0.2150735693294316,0.0002411615258961492,0.00024116001891380455,0.12727024580775997,0.2907622528928653
D6baa23748f4c,0,0.000240528226227334,0.00024051944912988505,0.00024052443498135537,0.00024051246637315723,0.0002405248531456597,0.27026658479920684,0.0002405232918161825,0.06862144436402987,0.31323378837454097,0.0002405167353816545,0.34619453300516717
D6baa23748f4c,1,0.00023432067569280747,0.00023432498809545103,0.00023433134262531845,0.00023432273300426031,0.00023432542003793587,0.2195085288780669,0.00023432237290652415,0.09207869325056191,0.3356989235504781,0.0002343205937708009,0.3510735861947599
D6baa23748f4c,2,0.000246397572902507,0.00024638819569832983,0.12599850544019303,0.000246385566071887,0.4006495299364829,0.2652690926000901,0.00024638424910940307,0.04971292463184613,0.06474285244304907,0.00024639303406138937,0.09239514633049534
D6baa23748f4c,3,0.3124168105054395,0.0002518521770367755,0.12939137865517794,0.0002518360532910159,0.10053975531022181,0.15576319938845554,0.00025184197697019126,0.0002518510357441426,0.3003777787476425,0.0002518467780222353,0.00025184937199838203
D6baa23748f4c,4,0.00023372467854201003,0.00023372095040164243,0.150609946247968,0.0002337111221173939,0.11614370916071276,0.17085691722493815,0.00023371694581979287,0.0002337164045619995,0.5607533967186368,0.00023371399889366188,0.00023372654740771442
D6baa23748f4c,5,0.00023493093604649138,0.0002349289880138668,0.03777615671830936,0.0002349365098742181,0.020550597949684148,0.30349716456894044,0.0002349228581585154,0.07505829594443007,0.29038727275423304,0.00023491988444016164,0.27155587288786964
D6baa23748f4c,6,0.0002674053626958494,0.00026740101938074816,0.0002674073488124242,0.00026739274832107007,0.00026741288167329255,0.16847491376162632,0.000267403059434708,0.2050190243694434,0.5166236855996416,0.00026739451450480287,0.10801055933446596
Dfd64df1a4eaf,0,0.00023988614162914152,0.00023989091395136368,0.00023989391820619166,0.00023988926726584733,0.0002398870182128986,0.2327267861826687,0.055280060762563296,0.05001851310345012,0.05789465414266574,0.24203890092472677,0.3608416376246598
Dfd64df1a4eaf,1,0.00023251613905681082,0.07050255665688594,0.000232522949913756,0.049254586771876704,0.00023254396912766694,0.2357404060806666,0.09156556974575997,0.11535405960160751,0.0002325239713171057,0.2744978734688558,0.1621548406449321
Dfd64df1a4eaf,2,0.0002355407004581725,0.21799976499017898,0.00023553755652836494,0.0002355506133327596,0.00023554182906908793,0.2283110056407908,0.00023554697021479107,0.028130291266054867,0.00023553438791393134,0.5239101404143458,0.0002355456311123997
Dfd64df1a4eaf,3,0.00023737023321719614,0.2037839656802865,0.00023738602669931888,0.043875122408977334,0.00023738471254095442,0.2833919745503255,0.0002373816754128586,0.00023739183641972216,0.00023738635381315243,0.4672872527913305,0.0002373837309770391
Dfd64df1a4eaf,4,0.00025397743868452665,0.2305972219028129,0.00025396323160745176,0.00025395633081789966,0.00025395374917457243,0.0002539582590986654,0.0002539446664351741,0.00025395146728671224,0.0002539639426193125,0.7151123995900682,0.052258709421394496
Dfd64df1a4eaf,5,0.00025255160847217233,0.18233427020005258,0.0002525586165027316,0.000252557978069769,0.00025254944046846896,0.09008896435835169,0.00025254564231111913,0.00025254977627620583,0.0002525525904695231,0.7255563583378417,0.000252541451184055
Dfd64df1a4eaf,6,0.00031568485186117713,0.00031567944985952466,0.0003157288736953915,0.00031569843840783293,0.00031567395840413387,0.00031567944271088664,0.0003157198811236686,0.00031567902843868925,0.0003156822857507168,0.9968430981677174,0.00031567562203047294
Dfd64df1a4eaf,7,0.0003168029096733447,0.11291822534391191,0.025338696825382145,0.00031679491651974445,0.00031677998593710653,0.0003167864620117201,0.0003167938180183488,0.0003167650674277555,0.00031678001715662813,0.8592087985174298,0.0003167761365314387
Dfd64df1a4eaf,8,0.00025828256468079017,0.0002582940853091073,0.0002582876437179872,0.12359928529493072,0.00025827903928496025,0.1031685539932212,0.17799143813216717,0.0002583013837947854,0.00025828549227906704,0.5934327065945745,0.00025828577603973396
Dfd64df1a4eaf,9,0.0002532543393602828,0.23586769387895393,0.0002532497713201927,0.06692132987798088,0.0002532654971745142,0.07443832907196384,0.0002532514483885608,0.0002532520583631857,0.0002532540583002435,0.6209998634291003,0.00025325656909418827
Dfd64df1a4eaf,10,0.00023737911896345347,0.5091347314251656,0.00023738346082242986,0.014658239366330792,0.0002373809597913811,0.0932467465260615,0.00023738546249957619,0.00023738566646341484,0.00023738372368245096,0.38129860544605276,0.00023737884416663322
Dfd64df1a4eaf,11,0.0005224989028670539,0.1842939607133272,0.0005225352557382822,0.0005225021653141362,0.0005224911207922771,0.0005225575773580967,0.0005225177968947406,0.0005225038156318201,0.0005224943235768389,0.4230936050964699,0.38843233323202947
D24774522d751,0,0.0002532469016431873,0.12072154924611309,0.00025324910639692934,0.00025324673547489344,0.0002532538690281788,0.10333992556521279,0.0002532437756971991,0.2393109169315519,0.0002532458992449409,0.0002532530522376932,0.5348548689173991
D24774522d751,1,0.00022959120414586814,0.32974052164096623,0.020449829901771258,0.06642136216616407,0.00022958974320167385,0.13148976583488942,0.04973695764039562,0.0731025282142203,0.00022958811841969457,0.0002295904637712357,0.3281406750720546
D24774522d751,2,0.024284556511618514,0.6132313574564476,0.00023371814973581186,0.20559773863263275,0.0002337251051447386,0.0002337313313841703,0.0926531088329203,0.06283089358801813,0.00023371542639030382,0.0002337263956822052,0.00023372857002532322
D24774522d751,3,0.000209495441672433,0.8905158630988865,0.0002094908790708057,0.10759870748753783,0.00020949502999121687,0.0002094814757293565,0.00020949363181113753,0.00020949669438135988,0.00020948965043885584,0.00020949854381597017,0.00020948806666457794
Dc35d9a0e2a20,0,0.0002553891310584668,0.00025539946622763426,0.00025538643707487545,0.00025537621884858517,0.00025537982778213203,0.0002553831021963024,0.0002553959748576635,0.0002553894826278576,0.049847657444153905,0.00025538082244804124,0.9478538620927246
Dc35d9a0e2a20,1,0.00023133820385188675,0.2880999976096072,0.0002313444629669789,0.00023133703763721132,0.0002313404183809212,0.035690758516990786,0.0002313384081493302,0.09047312979660245,0.00023134039100803147,0.00023133539323042535,0.5841167397615747
Dc35d9a0e2a20,2,0.00022729643971388126,0.5221780949302524,0.09735906468618384,0.00022728684703310668,0.00022729346405076336,0.0002273003197839211,0.0002272849114315238,0.00022730684095735392,0.00022729445354103473,0.00022728990386738083,0.3786444872031849
Dc35d9a0e2a20,3,0.0002307514801602014,0.5358605151411312,0.00023076099299378227,0.00023075256420008187,0.00023076172903260225,0.0002307645972969985,0.00023075193725634037,0.00023075492943673822,0.0002307784562811538,0.00023074760176140872,0.4620626605704494
Dc35d9a0e2a20,4,0.00022672049485163826,0.057339189129850275,0.0002267287429506222,0.00022673045602357005,0.09415295316704082,0.00022672004649652974,0.0002267342541734001,0.0002267168717932768,0.00022672203387435355,0.15442119352697695,0.6924995912759686
Dc35d9a0e2a20,5,0.00022728593158846889,0.054543872308040066,0.00022728851638252346,0.00022729170124066044,0.00022729897910966055,0.05550409526253902,0.00022729924045051319,0.00022728589097764036,0.00022729670585696547,0.0002272956988352328,0.8881336897649793
Dc35d9a0e2a20,6,0.00023017959396598163,0.09820987840839951,0.00023017091330514755,0.00023017573263376588,0.11110422971905927,0.00023020644769769367,0.0002301738618484434,0.00023016320911742064,0.00023017572688905597,0.00023016922630429574,0.7888444771607794
Dc35d9a0e2a20,7,0.00022958510529672352,0.0563244454188937,0.00022958721261440968,0.0002295913895424087,0.00022959536009410804,0.04604897704459057,0.00022959289212309434,0.042155080759789694,0.00022959298910647184,0.00022958475917287424,0.8538643670687759
Dc35d9a0e2a20,8,0.01009027543648759,0.4051076168840492,0.00022900854411042577,0.00022901385485270755,0.060081001586496284,0.12120070503043827,0.00022901815916690613,0.00022901726341035031,0.00022901011729264595,0.0002290108640815366,0.40214632225961416
Dc35d9a0e2a20,9,0.000229577396611496,0.890158767918851,0.0002295885817607344,0.00022959821006098826,0.00022959433163331,0.00022958261199991568,0.0002295847811744403,0.00022958086775032657,0.00022958008942209295,0.10777495739050452,0.0002295878202311377
Dc35d9a0e2a20,10,0.0002343299096601108,0.7914240533630469,0.00023434038311468986,0.00023432920754901148,0.00023432810798746991,0.00023432641661605733,0.0002343212115730246,0.08789129795887543,0.00023432905392226737,0.00023432707197256275,0.11881001731568246
Dc35d9a0e2a20,11,0.00022843864311673982,0.4920976311138419,0.00022842789251363785,0.00022844071042375414,0.13115867189181696,0.00022844095168845545,0.024498424238690968,0.00022844380576025902,0.00022843304042261773,0.0002284338213125333,0.35064621389041223
Dc35d9a0e2a20,12,0.00023432197576764516,0.39223560403145524,0.00023432401432966137,0.00023432975115160324,0.26625341581072226,0.00023433417004559826,0.00023431728306554358,0.10517385599438038,0.00023432702818785517,0.00023432016901371315,0.2346968497718805
Dc35d9a0e2a20,13,0.00023016403709245938,0.49515936954871226,0.00023016495139568027,0.000230167759750391,0.2651742200435795,0.0002301670237187685,0.01053700603314412,0.049330371205553655,0.010331679998656982,0.00023019339790811006,0.16831649600048795
Dc35d9a0e2a20,14,0.0002337214629973603,0.13486298106614422,0.00023371858468507507,0.00023371205528831477,0.2977302458468676,0.09999197233887426,0.026140229456174082,0.1907801459926344,0.00023373467846451792,0.00023371360675723902,0.24932582491111277
Dc35d9a0e2a20,15,0.00023193483043768476,0.3236018627534809,0.00023193528283898496,0.00023192673774972026,0.13167479336760748,0.05292044176593234,0.00023193391423916807,0.10437333306227906,0.00023193425270800076,0.00023192993938106327,0.38603797409334556
Dc35d9a0e2a20,16,0.00022900587579421336,0.661784794577221,0.00022900338863352505,0.0002290037837221087,0.00022901641506780385,0.10023999707666018,0.09672770400600939,0.1342608699900331,0.00022901409890380874,0.005612574852733832,0.00022901593522101782
Dc35d9a0e2a20,17,0.00023371791650247153,0.675146704935862,0.0002337321235705644,0.00023372093285809034,0.06896168551993567,0.0002337234625023023,0.032944904460182556,0.013971889736030092,0.01967935507581631,0.004988816967693576,0.18337174886904636
Dc35d9a0e2a20,18,0.00023133560329045925,0.9663308335089459,0.0002313486845025394,0.00023134277765597108,0.00023133837191496466,0.0002313443975570544,0.03158704826985478,0.00023135982099043305,0.0002313632572294475,0.00023134079462254855,0.00023134451343596968
Dc35d9a0e2a20,19,0.00024507925345654974,0.870590208632557,0.0002450650884836248,0.000245054532277627,0.07085283240557708,0.0002450594148884872,0.00024507092705130634,0.00024505733347044014,0.00024508128392566013,0.0002450714039583873,0.05659641972435386
Dc35d9a0e2a20,20,0.0002582897859831771,0.9974170680090113,0.00025828981254354377,0.00025831370470650895,0.0002582955952260195,0.00025828417580351173,0.00025828884483718504,0.0002582866650455219,0.00025829174967612474,0.00025829154892145664,0.00025830010824578564
Dc35d9a0e2a20,21,0.0002518486752530204,0.9974815499259695,0.00025184757015663493,0.000251840420958873,0.00025184848393057854,0.00025184074080839724,0.0002518374051765261,0.0002518410469616122,0.0002518445638860342,0.0002518389952225234,0.0002518621716762662
Dc35d9a0e2a20,22,0.00024117968128423004,0.818531070695778,0.00024116811343153613,0.000241182207079891,0.00024116809949689834,0.00024116036986977915,0.00024118039420743565,0.00024116000612236325,0.00024116264037577122,0.016916755794525444,0.16262281199782858
Dc35d9a0e2a20,23,0.00026201016224941407,0.9973799182719671,0.0002620273932714141,0.00026201343067052904,0.00026200757064175767,0.0002620005928722793,0.0002620019309734739,0.00026199674998991714,0.00026200488930752013,0.0002620090052302723,0.00026201000282618955
Dc35d9a0e2a20,24,0.00023016686405505292,0.6155720806630286,0.00023016874122616212,0.00023016752804493718,0.02231405889289194,0.00023016151866397258,0.00023017495569690826,0.00023016306118235484,0.0002301605779269531,0.00023017021274678913,0.36027252698453643
Dc35d9a0e2a20,25,0.0002295935919968118,0.6645797419208802,0.00022959026380794603,0.00022959297290914572,0.00022958235620311595,0.00022958405086046286,0.00022957968513396122,0.0002295818098306705,0.00022958641987617118,0.00022959319610369036,0.33335397373239783
Dc35d9a0e2a20,26,0.00023554130334633853,0.9976446277503599,0.00023553607173470555,0.0002355362229778485,0.0002355357827712319,0.00023552804792401132,0.00023553324081867106,0.00023552989486522912,0.00023553717151561488,0.00023553995298708217,0.00023555456069937884
Dc35d9a0e2a20,27,0.00023431591890267048,0.7549661883134214,0.00023432913549924873,0.00023432072930912857,0.00023432121928668642,0.00023433468709559995,0.0002343230558516532,0.00023431745718445465,0.00023432877280161788,0.0002343346965101985,0.24292488601413734
Dc35d9a0e2a20,28,0.053667837779134635,0.686300791125974,0.00023615394901761868,0.00023615224152908696,0.00023615510239844166,0.18049740082752963,0.00023615447982630906,0.02567505875678246,0.0002361502732967583,0.05244198540549804,0.0002361600590129741
Dc35d9a0e2a20,29,0.00023016626608381665,0.6165214592242805,0.00023017558290061438,0.00023016592236156335,0.00023017294810957854,0.07708098873917361,0.03176200377353164,0.00023018134481821073,0.00023016377378924118,0.00023017318077057854,0.2730243492441807
Dc35d9a0e2a20,30,0.0002278618668121212,0.4814308970662158,0.00022785536774330118,0.0002278576325827095,0.00022785775445350353,0.06026661718658369,0.00022786057709423053,0.00022785874494083395,0.00022785925060025877,0.0002278602818749962,0.45647961427109846
Dc35d9a0e2a20,31,0.012599911854982477,0.8013670428998565,0.0002355316474116687,0.00023552841288359538,0.00023554889343278525,0.00023554229130095996,0.00023554847183267143,0.00023555006430764355,0.00023552963190300727,0.000235532226823802,0.1841487336052648
Dc35d9a0e2a20,32,0.0002307602229846788,0.5981792015947051,0.00023075182716109273,0.00023075814456607348,0.07527404168327809,0.00023075018236400215,0.00023075468151870302,0.00023075883456672076,0.00023075424242239903,0.0775239635114298,0.24740750507500334
Dc35d9a0e2a20,33,0.00020070254202772032,0.4775851744116464,0.00020069734300632352,0.0002006966237445079,0.00020069816816715476,0.00020071268059968734,0.00020070022952517255,0.00020069326619697941,0.00020070267800084696,0.000200694422866232,0.5206085276342189
D5279c89a9098,0,0.00023311682485413048,0.00023312344636714172,0.058896725555422545,0.00023313183620639883,0.00023312220845434116,0.00023312688567111517,0.00023312822444522598,0.00023313211930686898,0.0002331229311760379,0.00023312989010637895,0.9390051400779897
D5279c89a9098,1,0.00023737731893357477,0.00023738945019682547,0.05400687259639359,0.029229532001108054,0.00023738043961254348,0.00023739308467532125,0.00023739391628016458,0.07808662782983336,0.00023739020450540784,0.03680899858351021,0.8004436445749509
D5279c89a9098,2,0.00023016598002021884,0.00023017109170719708,0.03025114742588207,0.016994213198049554,0.00023018303479071373,0.00023017626634235026,0.0002301717867990035,0.00023016439831358235,0.00023016763590043206,0.00023017232208499472,0.9509132668601099
D5279c89a9098,3,0.00023737366812682148,0.00023738627185016138,0.02285730565524172,0.03761628193991653,0.05433744396674825,0.06055118153259433,0.13005363508082193,0.00023739906938898702,0.0002373906149475927,0.19072536587255026,0.5029092363278133
D5279c89a9098,4,0.0002355321888081347,0.00023553921116773976,0.00023554838987062087,0.00023553610458384265,0.015247751004334183,0.19395623281100124,0.0002355359937495197,0.00023553164869121655,0.00023553828806245524,0.00023553351447205877,0.7889117208452591
D5279c89a9098,5,0.00023495076526074962,0.1460559533461657,0.05039946545767897,0.0002349407988839132,0.04607974191488174,0.043398714238716864,0.0002349496928811782,0.0002349268481328922,0.00023493346536564396,0.00023494073953951637,0.7126564827324928
D5279c89a9098,6,0.00022900390013553377,0.01588401324869118,0.00022902889622661456,0.00022901611652607142,0.00022901422159303002,0.00022901104385208672,0.09510901574663906,0.000229005659875813,0.00022901675958148456,0.10202274831713348,0.7853811260897456
D5279c89a9098,7,0.013552305962565429,0.22549403749878194,0.0002325267835916016,0.052775011045992755,0.00023252242176010615,0.0002325174583095968,0.04272470510077411,0.00023251570711007956,0.00023251616276327713,0.16203796207760515,0.5022533797807459
D5279c89a9098,8,0.0002319404229848227,0.19080848779395954,0.00023195591645600166,0.00023194506086365063,0.00023192791381594546,0.00023192881643859594,0.02213461654345193,0.00023192080443494963,0.00023193505250896122,0.1616622056410152,0.6237711360340703
D5279c89a9098,9,0.00023615457312863022,0.18957447320531468,0.00023614664341077638,0.00023614885278529018,0.0002361552040692112,0.00023614863865488824,0.00023615183927430745,0.00023613728501935675,0.0002361657423047898,0.14693919980029443,0.6615971182157436
D5279c89a9098,10,0.0002319253425832548,0.00023194245355142023,0.0002319399112877349,0.06998275330900736,0.0002319368019591889,0.0002319235339572931,0.01839319564274558,0.00023192514508478721,0.00023191930823420777,0.42396199787251393,0.48603854067907526
D5279c89a9098,11,0.00023737769016028197,0.13145354131442744,0.00023737900085971366,0.00023739268397121707,0.00023738395060809265,0.00023738517565736415,0.06933555663475043,0.00023737402679885528,0.00023739335440998096,0.2402946470578436,0.557254569110513
D5279c89a9098,12,0.000245069055230065,0.13886184353284503,0.00024506351705982617,0.0002450549881472082,0.00024506948737407095,0.00024506711890984537,0.00024506987162564573,0.0002450566604079218,0.0002450618603354339,0.26829875798573527,0.5908788859223297
D5279c89a9098,13,0.0002398952723036113,0.1445610764583343,0.00023989576753848555,0.00023991061082647268,0.08340459434894072,0.00023989464731397067,0.00023988356680786275,0.00023988767193221008,0.00023988601680839582,0.1009419727125412,0.6694131029266528
D5279c89a9098,14,0.00023492992861332232,0.006663967362022425,0.00023492455328317436,0.00023494363309910603,0.00023492835836033527,0.0002349242225831661,0.0002349302495470045,0.00023492597935107507,0.000234923029979718,0.1774205498692956,0.814036052813865
D5279c89a9098,15,0.0292295721235572,0.1278364543325266,0.016649498652519513,0.0002532473043426636,0.0002532653680579037,0.0002532599080663416,0.032593884513965374,0.0002532493828326018,0.00025326447797030174,0.4911753400528716,0.3012489638832899
D5279c89a9098,16,0.03318630096401107,0.14129742272951792,0.029685200260167858,0.0002525534121641813,0.0002525472101859816,0.0002525590860588341,0.05941976066597447,0.000252555742293737,0.06934828356579445,0.665800265355407,0.00025255100842457517
D5279c89a9098,17,0.00026202299039954346,0.0002620093681928398,0.08800732554683272,0.0002620149832632837,0.34514586689753735,0.00026200985026661916,0.07818037603469981,0.06801070825379098,0.00026202942063390325,0.2259385910816879,0.19340704557269486
D5279c89a9098,18,0.00025184341795287383,0.0002518485751531879,0.00025185774833444934,0.0002518489830811988,0.6109748241877112,0.1287687570054403,0.04018199629537688,0.00025185927151678275,0.00025184778956062676,0.00025185123811456917,0.21831146548775807
D5279c89a9098,19,0.00023799151592346644,0.000238010344169376,0.0002380014987593056,0.00023800352554326042,0.48915720702733184,0.09720271825467496,0.052033264398490604,0.0002380172518925409,0.07778031669287279,0.00023800881417231762,0.2823984606761695
D5279c89a9098,20,0.000241154673426261,0.04392952134405688,0.006115940673217068,0.04049134960289797,0.1904384109434522,0.055823739092878424,0.07854998755691375,0.040713293399663376,0.010406308715926368,0.1333434819428723,0.39994681205469546
D5279c89a9098,21,0.0002518475775257323,0.0002518467380231117,0.10675160926141326,0.013304037120136707,0.07280836286950955,0.07748241621157057,0.31182654276911675,0.0002518868692445074,0.00025184423136151885,0.0002518521327661624,0.41656775421933206
D5279c89a9098,22,0.00024179855413401633,0.0002418041884932369,0.012411108587761474,0.00024180336648598903,0.029057203906287337,0.20640133389283538,0.2453968221276895,0.0002417978186406176,0.014363460176415065,0.03596270118007171,0.4554401662011857
D5279c89a9098,23,0.00023016540070290554,0.00023017388666865884,0.016763847757523584,0.02964048956666294,0.029513698583171506,0.33542910771104584,0.050908598947167615,0.015897023222767447,0.04283420333376895,0.00023016631029920516,0.4783225252802213
D5279c89a9098,24,0.00023614316682831325,0.00023614812784924648,0.05040921662005491,0.04351040338392823,0.07771432174720162,0.2140060549304332,0.19052835725722247,0.00023614784984659436,0.00023616012930103726,0.04656766001349002,0.3763193867738444
D5279c89a9098,25,0.0002307683768082946,0.00023075882501116183,0.04981650542735412,0.00023075539346680582,0.00023076446425983132,0.19992871467079887,0.06713075900046085,0.03287533077932459,0.02536791425357131,0.015151350432468532,0.6088063783764758
D5279c89a9098,26,0.0002337219528863084,0.00023372690487091625,0.00023372971315060623,0.00023372126401727516,0.1011787669454118,0.0898489158335363,0.07379925157449518,0.12029591469484315,0.00023373979311276191,0.0002337215696394659,0.6134747897540362
D5279c89a9098,27,0.00023311926153263558,0.36020463075096165,0.00023311472754341988,0.0309303288529458,0.11821411784330259,0.00023312408173846056,0.11041926193867822,0.0002331285110394217,0.00023311460221036952,0.0002331279303023533,0.378832931499745
D5279c89a9098,28,0.0002319321722756161,0.11264215602923938,0.0002319315340014767,0.00023193409885527885,0.17318837832742967,0.0002319285201166076,0.20859764390442898,0.00023193562457243423,0.00023192611897989362,0.00023194462277139745,0.5039482890473292
D5279c89a9098,29,0.00023371556175013632,0.00023371727633284792,0.0002337292020125048,0.004743015139876849,0.08848131421317657,0.05743731710263614,0.035953072010005346,0.005061485103201042,0.00023372060500441807,0.15072556015489483,0.6566633536311094
D5279c89a9098,30,0.00023016815364519167,0.25642198042239617,0.0002301641782442397,0.02750320416107433,0.10887269121258444,0.00023016963653018862,0.025684814740508117,0.08055480611062069,0.00023018123279844137,0.08373236320506997,0.4163094569465282
D5279c89a9098,31,0.00023738054415616875,0.15501139621744658,0.010844285241084174,0.016445090665414466,0.13333466327754082,0.13400180427409605,0.00023739173737836458,0.015295594669171108,0.04587126503143697,0.05270600614359832,0.43601512219867705
D5279c89a9098,32,0.00023925397132237858,0.04861570580705271,0.023716622808235974,0.00023926338727323467,0.12333432659667268,0.20764127159975176,0.0002392638520197613,0.037036749106539486,0.03290468827202461,0.025012140944816748,0.5010207136542905
D5279c89a9098,33,0.00023016928525638428,0.0002301747441075194,0.00023016855158131767,0.00023017173319736978,0.09700120144478126,0.14562006144858902,0.0002301638333983545,0.12279756988335241,0.00023016237392732927,0.00023016633163391745,0.6329699903701751
D5279c89a9098,34,0.000331820378294939,0.08755402545934265,0.0003318168350326308,0.02558810807718554,0.10058032081011094,0.0003318319275615661,0.00033181823555891444,0.11812169352181116,0.00033181342145386197,0.008427455523909574,0.6580692958097382
D57c6968f2827,0,0.00024440348811423455,0.00024440714264250017,0.045047402802586435,0.00024441079807330707,0.2735618051345636,0.0002444145396098409,0.04365783522338098,0.00024441188153607644,0.0002444027697191098,0.00024441023142892206,0.636022095988345
D57c6968f2827,1,0.00023193283943748593,0.0002319430889918031,0.28110759162138393,0.00023193286405442416,0.10466763847514281,0.034171221540503095,0.05346672456801454,0.0002319325815919364,0.000231935665986872,0.00023194345503529555,0.5251952032998578
D57c6968f2827,2,0.00023134356832308457,0.053184763877723466,0.24427550149069682,0.00023135191241725498,0.06531942657410898,0.04505992062867906,0.00023134522004113352,0.2625798379933859,0.0002313412676174831,0.00023134218833157868,0.32842382527867514
D57c6968f2827,3,0.07032286657769032,0.1462680982862167,0.19625477517498743,0.00023862055462847947,0.1413793550646811,0.03105286277168634,0.0002386227688281144,0.00023863845579765415,0.05249422860497785,0.00023862506498136272,0.3612733066755247
D57c6968f2827,4,0.00023989209304791555,0.32737503505429255,0.16826876630523183,0.00023988608489377392,0.11872715961221655,0.00023989403030786802,0.062300446720578294,0.00023989782858463673,0.00023988675892694166,0.00023990067767478034,0.321889234834245
D57c6968f2827,5,0.0002484070431670518,0.00024841843864658144,0.2793366385398727,0.0002484217407999079,0.14863832007314925,0.05454705929230584,0.33282639084667265,0.00024841308557903107,0.0002484072016295556,0.07847896526306473,0.10493055847511279
D57c6968f2827,6,0.00025901797845034267,0.07097576448790989,0.15723786195118963,0.0002590468522906565,0.06032666407376549,0.00025902333517535854,0.5902910922138411,0.0002590202370228204,0.0002590372247749124,0.11961444533028416,0.00025902631529549797
D57c6968f2827,7,0.00024572243419318263,0.18286291129388976,0.14116181160616628,0.10570148983913052,0.0002457302089333539,0.0002457243598419553,0.4543400413373833,0.00024572038247539413,0.0002457165280234326,0.00024573287139497644,0.1144593991385678
D57c6968f2827,8,0.0002698096072448822,0.049846866196959085,0.18138761634087494,0.1297497324382468,0.00026979596234263784,0.0002697847578816025,0.15943789622202628,0.00026979042888831083,0.0002697814533587249,0.3508543108472783,0.1273746157448983
Df64cb83374bc,0,0.0002477223466512767,0.00024773181325446426,0.0002477371070816547,0.0002477273797460691,0.0002477266033599332,0.00024772710688160984,0.18246199760371842,0.00024773322158602186,0.0002477266167440964,0.18698180444189363,0.6285743657590829
Df64cb83374bc,1,0.0002470684479969908,0.1194028302603405,0.0002470596029386769,0.0002470546094211639,0.0002470594983783939,0.0002470507548404878,0.37254795485721715,0.0002470586631864413,0.00024705708531940444,0.19213048351228856,0.31418932270807215
Df64cb83374bc,2,0.07599406126825502,0.00023432910076354277,0.00023432679868590908,0.00023432630268503584,0.0002343217410104248,0.00023431578886192258,0.20279515507877957,0.00023433241730684088,0.00023431313962330052,0.3706976426934341,0.3488728756705942
Df64cb83374bc,3,0.0002450687337892019,0.20413649467754988,0.0002450682633344833,0.0002450624303961682,0.0002450633080593987,0.0002450549429445971,0.32555526047542216,0.00024505438961762736,0.0002450521165960889,0.17794796757632986,0.29064485308596044
Df64cb83374bc,4,0.0002597705166980138,0.07937690370505034,0.0002597560957874786,0.0002597725682022391,0.0002597659994834032,0.00025975482744910116,0.35021088678228146,0.00025975893914243305,0.0002597480626475383,0.3487806862321261,0.2198131962711319
Df64cb83374bc,5,0.030895130421539206,0.00025976769262906233,0.07698270565710413,0.019900249200127586,0.00025975940352052405,0.03016333798371157,0.48539028144178525,0.00025976313808796667,0.00025976202938142126,0.35536947659313894,0.0002597664389742124
Df64cb83374bc,6,0.03765878049604622,0.00028863611441147714,0.0002886447663162651,0.07811673429746505,0.00028863335079549877,0.00028862155105531295,0.4108171124458654,0.0002886288134162393,0.00028862648230928935,0.47138694758589383,0.0002886340964254678
Df64cb83374bc,7,0.1659812995896853,0.00027384913862403814,0.00027384338172788933,0.0002738592352273773,0.00027385189972787806,0.00027383777103086863,0.6407188369867867,0.00027384467528670175,0.0002738361820747839,0.19110908672911078,0.0002738544107178058
Df64cb83374bc,8,0.15069103532656283,0.0002841137566221511,0.00028411415489963926,0.00028412391227863187,0.000284109450909277,0.000284124624120614,0.7378681985018597,0.0002841077012731354,0.00028411095206876396,0.10916784643109986,0.00028411518830526807
Df64cb83374bc,9,0.11585673052872031,0.1885413122254383,0.00025682871504696013,0.07227315665093968,0.0002568324028620544,0.0002568367246859001,0.22482277303568513,0.0002568311323612494,0.00025683136880229427,0.39696503401065303,0.00025683320480501066
Df64cb83374bc,10,0.01750027901500895,0.08215098329933965,0.11197301760793536,0.08549753951412975,0.00026505777987922106,0.0002650616405111297,0.28784078517568373,0.019289424347221373,0.0002650640201088127,0.3946877227006988,0.0002650648994831284
Df64cb83374bc,11,0.00024179784026633514,0.0002418045316771315,0.00024180145431763547,0.11810148677619893,0.00024179966104046283,0.00024179794353324888,0.36825684047700946,0.0002417938667452558,0.00024180864402076802,0.5117072589164278,0.0002418098887630535
Df64cb83374bc,12,0.00040409723656754866,0.11179765406914828,0.00040408726500740466,0.08311445327136743,0.0004040703828680371,0.00040407491470318937,0.24051918933932326,0.00040406849961336397,0.00040408816989745476,0.4888387981059775,0.07330541874552651
Dfb76bf848dd2,0,0.029931238305894677,0.0002484116608185025,0.00024841032170889484,0.0002484184797690581,0.0002484190108472368,0.00024840698109099643,0.0002484172981905668,0.07702776176511036,0.00024840790375058757,0.08554431273898973,0.8057577955338294
Dfb76bf848dd2,1,0.000229582363418004,0.00022959521541939687,0.00022958514294369134,0.03441895811939592,0.0002295951046730661,0.00022958940566152937,0.10316121274275017,0.15010338181009142,0.00022957948165714575,0.05271607094915954,0.6582228496648301
Dfb76bf848dd2,2,0.00023016160896771227,0.08173851669848427,0.00023016913166636627,0.00023017710851202427,0.00023017771397178746,0.00023017563912795585,0.000230174862956723,0.07144293467163475,0.00023016753990347824,0.00023017248509327022,0.8449771725396817
Dfb76bf848dd2,3,0.00023016830995235886,0.00023019569732863867,0.00023017584781618433,0.00023017392802588646,0.00023017635122946306,0.00023016409853301358,0.00023018490673425835,0.00023016509355331633,0.00023016574579890603,0.00023018406773419169,0.9976982459532938
Dfb76bf848dd2,4,0.03999192571853995,0.0003367368486210122,0.08246787156743167,0.11274926227786071,0.00033673693483056904,0.00033673338574745067,0.06788485968727864,0.0003367518638865374,0.0003367273371729563,0.1892171511319683,0.5060052432466621
D6bbb4f6b30f4,0,0.0705465397911484,0.00023990061688621128,0.0002398982768647471,0.18030615583894574,0.0002398903168551502,0.0002398838878441381,0.00023988280549668573,0.00023988928318860374,0.00023988308568897968,0.1328992931840696,0.6145687829130118
D6bbb4f6b30f4,1,0.09025692761599993,0.00023134717446250374,0.00023134770676717112,0.1392924983663036,0.00023133908057800952,0.00023134291580977797,0.00023133643345529781,0.0002313362084303865,0.0002313395709627856,0.12964259817307153,0.639188586754159
D6bbb4f6b30f4,2,0.09857022401974198,0.0002349317446768847,0.0002349307331024243,0.05702799633154488,0.0002349274792322926,0.00023492335697319365,0.00023492446664242066,0.00023492444958601142,0.0002349183564438391,0.00023492977864874185,0.8425223692834073
D6bbb4f6b30f4,3,0.07930335924278548,0.11808620078975736,0.00023075287926148846,0.2263742770937944,0.0002307567402989241,0.00023075336789699118,0.00023075158890722058,0.0002307432112732341,0.00023075521553148526,0.2610070689970016,0.31384458087349176
D6bbb4f6b30f4,4,0.07633105198745566,0.10366528393994671,0.0002361469261178846,0.34430237217877685,0.0002361524722603834,0.00023614781282660995,0.00023615131328436097,0.00023614108747290483,0.00023614861544411957,0.29566156904828467,0.17862283461812986
D6bbb4f6b30f4,5,0.0002457257320350142,0.00024572637459663305,0.0002457264092789337,0.5283831633156097,0.00024573036849059865,0.05912934276187474,0.06667656333824955,0.0002457112488322828,0.00024571293042755866,0.2790552719123628,0.06528132560824217
D6bbb4f6b30f4,6,0.12184404715294526,0.00025254827534351503,0.0002525486703858481,0.2349173418997447,0.06680829439070372,0.12088646557934613,0.05894840497626241,0.0002525386118381915,0.00025254104862890777,0.39533270976352797,0.0002525596312732001
D6bbb4f6b30f4,7,0.1905773182588512,0.00023312755908406343,0.03561723688981486,0.4469057114734594,0.0319210528227642,0.0002331285610107195,0.00023312607564092525,0.0002331191278656044,0.0670186681533263,0.22679437872716643,0.00023313235101619524
D6bbb4f6b30f4,8,0.11809494258761787,0.0002392588575658172,0.00023926387704025293,0.3947468018169579,0.2435973024387073,0.014743747561103776,0.0002392546364216563,0.00023925378452853576,0.00023925640052345867,0.22738166341564695,0.00023925462388641326
D6bbb4f6b30f4,9,0.40031700637975176,0.20462529399928175,0.00024052291958437158,0.14719322797721163,0.0002405312410836754,0.00024051577321442018,0.0002405221351259096,0.00024052625269745472,0.00024051488259510694,0.24618081652622095,0.0002405219132328738
D6bbb4f6b30f4,10,0.27158334068391354,0.11453017259553079,0.0002355373785811295,0.08760662472823827,0.00023554249832288005,0.009215516467885567,0.00023554643624525647,0.00023554323141066331,0.00023553594151741095,0.5156511061783039,0.00023553386005059702
D6bbb4f6b30f4,11,0.0002450591209207242,0.000245059832535622,0.0002450509314009275,0.10302812133338296,0.00024504934862592626,0.0002450530804663197,0.00024505547073559925,0.00024505145828219587,0.0002450496336616347,0.8947664030418411,0.0002450467481470244
D6bbb4f6b30f4,12,0.0002504583363039469,0.18601086807102196,0.00025045712321639856,0.09071426716399822,0.00025045476298762935,0.00025045352703143134,0.0002504620004684186,0.000250453552353635,0.0002504491080330614,0.7212712273795272,0.00025044897505808756
D6bbb4f6b30f4,13,0.04537047723744174,0.1536951741235907,0.04782389582745896,0.41461886557075045,0.00023800883736585114,0.00023800768564069693,0.0002380111770884626,0.0002380181138520149,0.03366639131467889,0.24858661912922184,0.055286530982910406
D6bbb4f6b30f4,14,0.00023739456104203698,0.022100548853760484,0.00023738187886157656,0.6604179526219336,0.0002373908032143999,0.03853799834896841,0.06261472646475279,0.004586869213664933,0.0074487725611479556,0.09013793652023488,0.11344302817241898
D6bbb4f6b30f4,15,0.00024771703575436225,0.0002477322022935253,0.00024772429498725896,0.9975227327093124,0.00024772758629239413,0.00024772031884213097,0.0002477298120643952,0.00024772184030817575,0.0002477258427912908,0.0002477414090693838,0.0002477269482847335
D6bbb4f6b30f4,16,0.00023863464648520802,0.13788656061981736,0.07624041809696241,0.529779526233838,0.00023863033268053306,0.00023862558780977328,0.00023863464886561572,0.00023863180220380948,0.00023863978694624934,0.2544230585540659,0.00023863969032533868
D6bbb4f6b30f4,17,0.39290927841582074,0.0002411701306016706,0.0002411549304130693,0.6049202818333135,0.00024115488881463752,0.0002411517534237998,0.00024116494999094914,0.00024115390301213956,0.00024115219279299995,0.00024116930365978586,0.00024116769815669603
D6bbb4f6b30f4,18,0.24949170162347944,0.21396280100581347,0.00036512304694914387,0.1693416993536147,0.0003651244829592369,0.00036512094283894366,0.00036513489071902656,0.00036512417307170365,0.0003651232816576043,0.24273463053811592,0.12227841666078071
D165861071eca,0,0.0002313412861826226,0.00023134100789554032,0.00023134607902531204,0.00023135399401290815,0.00023134609330436562,0.2817877055649892,0.2745733328220396,0.00023133995360834312,0.0002313406836273172,0.00023134364870814337,0.4417882088666065
D165861071eca,1,0.0002417987402692413,0.00024180510530657525,0.04956649738395326,0.0002418007425197707,0.0002418042876786608,0.24702415203654432,0.5339581136698043,0.00024180993320685587,0.00024180227220592593,0.07580964549506906,0.09219077033344196
D165861071eca,2,0.0002553692062800105,0.0002553854582825803,0.005499715147886442,0.00025538028893904905,0.0002553846042112034,0.07493805891152654,0.8350780378261439,0.00025537969575968936,0.0002553733105107627,0.04434316050706482,0.0386087550433948
D165861071eca,3,0.0002511406852110469,0.0002511475190972984,0.006565103648092941,0.01258825006156148,0.00025114511330219936,0.06782769060913042,0.8171056370084471,0.00025114786592845563,0.0002511441426520624,0.08841744164081244,0.00624015170576454
D165861071eca,4,0.000240515454895653,0.00024052401154856523,0.00024051944723134624,0.000240527425772059,0.0002405155454345766,0.04032944913678343,0.9243974059344511,0.006460331666429256,0.0002405133399684376,0.027129181610895753,0.0002405164265899253
D165861071eca,5,0.00022842836020588932,0.00022843536070671182,0.06158635289647832,0.4465846330850868,0.00022844479941081555,0.051923709572444514,0.4205864277751548,0.0002284463866166599,0.00022843701477561043,0.017948242951948544,0.0002284417971713049
D165861071eca,6,0.0008264812402780147,0.0008265585987116185,0.10457384398076587,0.0008265131813236978,0.0008265015399342749,0.14206109214456478,0.3201378616141444,0.08071897149182689,0.0008265192642741917,0.0008265641652652081,0.34754909277891094
Dc414a91a176a,0,0.03401545406286826,0.21084572202883026,0.024159332651812096,0.06194980043991942,0.1503591452669834,0.10018160146389123,0.0002553874122301978,0.03788693639858424,0.00025539404191038563,0.0002553798250961607,0.37983584640787443
Dc414a91a176a,1,0.0002301850120250405,0.28138275940548463,0.0002301854349230274,0.00023017732884176553,0.10932473808891666,0.045734707704128,0.00023016992699993472,0.0002301804895377264,0.0002301677472891057,0.00023016598662026585,0.5619465628752338
Dc414a91a176a,2,0.00023492379443571762,0.0002349324351588176,0.00023492776496327446,0.0002349302691509409,0.36047986442438695,0.21726950807115003,0.0002349326727373698,0.015819489422059737,0.026400073482447724,0.00023492701169133877,0.378621490651818
Dc414a91a176a,3,0.10787406695042512,0.00024244627586145448,0.0002424417999277201,0.00024245164655234847,0.7957535693410481,0.09443277565524151,0.0002424543153195167,0.0002424541000265194,0.00024243737043183608,0.0002424468129889215,0.00024245573217676034
Dc414a91a176a,4,0.0407189733484337,0.3783401482688905,0.026806702052273236,0.0002367638706629072,0.3031715820180957,0.1075468726011744,0.08863806183388125,0.00023676708975198075,0.00023676301050618752,0.00023676733509478656,0.0538305985712353
Dc414a91a176a,5,0.0002411655345698594,0.0002411737889131601,0.0002411691796342544,0.717785936422795,0.00024117052005578912,0.0002411665885073327,0.0002411581461788175,0.00024115977544627044,0.28004357864054946,0.00024115524206967415,0.00024116616128056382
Dc414a91a176a,6,0.0002380099402211451,0.7846899780424126,0.0002380034874058346,0.025727137701833325,0.00023800618689424785,0.02496009452704196,0.00023800284570144425,0.00023800070187508278,0.16295675922167324,0.0002380103863270496,0.00023799695861402437
Dc414a91a176a,7,0.00025539564630076,0.7205359803988686,0.06602104212004227,0.0996055889683681,0.0002553949716941262,0.1120496632444476,0.000255381184457185,0.0002553805663855636,0.0002553819973540549,0.0002553896900989278,0.00025540121198286116
D03403c0839c3,0,0.00023492209451701163,0.00023492987318877586,0.00023494230086875195,0.00023493192657473956,0.0002349278056773801,0.11272685340537533,0.00023493268613382066,0.00023495669577605093,0.00023493322022382333,0.0002349188796431591,0.8851587511120211
D03403c0839c3,1,0.0002290041878339025,0.00022901318261073564,0.00022900302818764696,0.00022901442166257358,0.00022901178516393137,0.03658876705761337,0.00022900776758348108,0.00022900898812161185,0.00022900294654494555,0.00022900772476371685,0.961350158909914
D03403c0839c3,2,0.00023016831750501788,0.03204487061734474,0.02607119321633294,0.00023017120194485585,0.00023017276197740202,0.18610572915890103,0.0501443751717847,0.16067156405179672,0.0448107456991913,0.00023017193600956043,0.4992308378672117
D03403c0839c3,3,0.00023017370142663072,0.00023017431699397242,0.00023017706083241216,0.00023018321905266852,0.00023017883765422717,0.29381107107968035,0.00023017162938554145,0.06278285742219093,0.22366010933063948,0.00023017460552909253,0.4181347287966146
D03403c0839c3,4,0.00023925502574364803,0.09762544277563413,0.00023925562518631142,0.00023926530973689526,0.07212420064438536,0.27588929722489075,0.0002392596937547065,0.00023925524702148138,0.028217079374125546,0.0002392584594298283,0.5247084306200913
D03403c0839c3,5,0.00022959396935083744,0.06212983493925101,0.00022958564893545787,0.02284449831363846,0.09691455699844924,0.0002295948444082855,0.02830676170846317,0.00022958206467763774,0.00022958646834957166,0.00022958818530805186,0.7884268168591683
D03403c0839c3,6,0.00023193272364155628,0.12394134351862551,0.00023194594894198592,0.00023192761849911815,0.00023194847833272103,0.0659953849138652,0.00023193300949190905,0.00023193062376265937,0.00023191951433252064,0.000231925896590549,0.8082078077539162
D03403c0839c3,7,0.00023492613444796708,0.00023493178499203472,0.0002349213633521558,0.0002349471443643982,0.12727230449077356,0.11663716023878462,0.00023492901064488283,0.0002349224693876441,0.012428787942739094,0.00023492243428423678,0.7420172469862294
D03403c0839c3,8,0.0005865718800490476,0.0005865840539783892,0.0005865471352957965,0.0005865753261461284,0.0005865797623139464,0.22446462538186884,0.000586576536943228,0.0005865746541571581,0.0005865414086570382,0.0005866073303013608,0.770256216530289
Db80703b6ee6c,0,0.00023614711205206996,0.00023615373154930436,0.16379393197738665,0.00023616014335347258,0.0002361545755723178,0.28842823430267234,0.00023616063559920352,0.31348800913183805,0.034182177516675065,0.0002361530416729494,0.19869071783162864
Db80703b6ee6c,1,0.00023075466091878789,0.25735686675358194,0.07894037970912954,0.05461452817986245,0.00023076069301101467,0.21407599182906167,0.00023076378818762412,0.195648299512609,0.00023075595393997055,0.00023075567771411434,0.1982101432419839
Db80703b6ee6c,2,0.00023314130859561631,0.3841854905066025,0.00023313249147375212,0.0002331204508685807,0.0002331311906364609,0.1026280577100833,0.031078448732048437,0.2764146593862171,0.018981902807812968,0.017884779158682945,0.16789413625697844
Db80703b6ee6c,3,0.00023552321382503923,0.0002355462937147334,0.00023553317770379892,0.00023553345452975916,0.06991591535742725,0.14085451451873093,0.0871777307148958,0.7004031052908428,0.00023553386108404064,0.00023553337080718824,0.00023553074643870315
Db80703b6ee6c,4,0.00024179274525702933,0.1057227414825712,0.0002418053247966176,0.00024180100356113553,0.0002418114802777101,0.3276006411967308,0.00024180984554440218,0.5265006375623872,0.00024179980612166086,0.03848334935180985,0.0002418102009423437
Db80703b6ee6c,5,0.0002841210296518213,0.032202527216938566,0.1020606731872325,0.0002841094209768218,0.04029791822676223,0.26919936010288786,0.0490907146523563,0.47829808567265897,0.00028411846481925116,0.0002841254036008724,0.02771424662211486
Ddc6958bc957f,0,0.0002525447996934383,0.00025253895033855694,0.044496498957408065,0.00025253813971841307,0.0002525558191561262,0.00025254613231788124,0.00025253971373493213,0.6601588933440221,0.0002525502518282353,0.0002525392125309732,0.2933242546792512
Ddc6958bc957f,1,0.0002539635565063268,0.0002539543231673361,0.043843116798434424,0.00025395782790226575,0.00025397749908981257,0.1379585335075119,0.00025395384962536617,0.47277623043796557,0.062110761528489794,0.00025396256898063295,0.2817875881023267
Ddc6958bc957f,2,0.00026276771434033126,0.0002627651285103302,0.0002627635108904517,0.00026277399178157153,0.0002627611279549881,0.0002627907877847626,0.00026277091094902087,0.9973723099893425,0.00026276486067722157,0.0002627661348595795,0.0002627658429091372
Ddc6958bc957f,3,0.0002484196133029233,0.058666067984936586,0.12157465672394951,0.00024840927242248003,0.0002484214777779115,0.00024842833953143435,0.00024840839066220125,0.8177719464657942,0.0002484099003480266,0.0002484113357648615,0.0002484204955099264
Ddc6958bc957f,4,0.0002490834020280622,0.00024909055794438263,0.07461163999594658,0.0002491032974436209,0.0002491005242200055,0.38629981659940826,0.03499614251437778,0.5023487418999186,0.0002490910975190404,0.00024909072042379553,0.0002490993907699686
Ddc6958bc957f,5,0.00026818771916326044,0.0002681914224487892,0.00026819938392329284,0.00026819215277780787,0.0002681963664502791,0.0002681997824968175,0.00026819105682910173,0.5996432433379676,0.39794302398620424,0.000268184114484207,0.000268190677254777
Ddc6958bc957f,6,0.0002497672388662685,0.0002497723416417722,0.0002497697111443246,0.0002497635827313486,0.12423929688019159,0.00024977532735600264,0.0002497671704321961,0.8735127781810283,0.00024977423538732104,0.00024976737291319297,0.000249767958307581
Ddc6958bc957f,7,0.0002553668193062626,0.00025537715607082265,0.00025537408232659546,0.00025538106556984914,0.0002553802379573956,0.0002553806462914129,0.0002553848569324481,0.9974462153885743,0.0002553804258769051,0.00025538681956513545,0.00025537250152898535
Ddc6958bc957f,8,0.12306353269896808,0.0002525410056422753,0.00025253901718551877,0.000252545855195515,0.0002525397169700897,0.11702615220766291,0.0002525449963804012,0.7578899623308378,0.00025255576746128935,0.0002525480381289341,0.00025253836556710704
Ddc6958bc957f,9,0.00020339355178156955,0.00020339404935900925,0.0002034007916018058,0.00020338795223259393,0.06716570479602316,0.00020339512317870266,0.0002033997970688836,0.9310037319414992,0.00020339946226638857,0.00020339610454582065,0.00020339643044298367
Df993b1e11c98,0,0.00023990050429833487,0.00023988511212015093,0.06511224384563025,0.00023988154761928448,0.0002398869872245175,0.00023987898821402546,0.00023988675946427947,0.00023988108077597914,0.00023988611800522864,0.04862111034424879,0.8843475587123991
Df993b1e11c98,1,0.00023312808238698505,0.0464256781924222,0.02848326471565685,0.0002331164335400319,0.00023311584364826566,0.00023311268645833747,0.027100237975814748,0.0002331113975771955,0.00023311979677422776,0.041020483149928136,0.855571631725793
Df993b1e11c98,2,0.00023076534114749523,0.11644682168153074,0.06959382119242313,0.00023075722157857886,0.00023075894400663468,0.0002307571073055872,0.12312410876436747,0.00023074906713409885,0.00023074808939017467,0.30661146725041866,0.3828392453406974
Df993b1e11c98,3,0.0002525496625366594,0.00025256208983138274,0.0002525542900214867,0.0002525658805054399,0.00025255007778748445,0.0002525419681707474,0.0002525497976548418,0.00025253918341818096,0.04595208893383234,0.4609442720433414,0.49108322607290017
Df993b1e11c98,4,0.0002532424630536069,0.0002532559556467224,0.00025324113549542973,0.0002532494122795903,0.00025324971467156855,0.0002532414289349039,0.0002532543831059836,0.0002532422216650912,0.00025323930414592616,0.4043321478316069,0.5933886361493942
Df993b1e11c98,5,0.00023311920865505892,0.00023312594180776417,0.0002331224182755817,0.00023311744486521487,0.00023311848656898596,0.00023311269839422947,0.25279459644785185,0.00023312441670707824,0.00023311192547704777,0.3924516556115385,0.3528887953998587
Df993b1e11c98,6,0.00024309633433172088,0.00024309784843243456,0.00024310468103982188,0.1977299480313063,0.00024309272327484554,0.00024308551691538594,0.0002431002136653817,0.00024308986116487838,0.00024309596742372,0.5148541923097274,0.2854710965127181
Df993b1e11c98,7,0.00023251575556351475,0.0002325254770913965,0.00023252129429960158,0.00023253599367894438,0.00023252534967164415,0.00023251923707975499,0.0002325279598532466,0.00023251910412270394,0.000232515082895062,0.14465658100269227,0.8532507137430518
Df993b1e11c98,8,0.00023803508229641238,0.00023800440325670864,0.00023800547724732815,0.0002379970081705576,0.00023800898035290736,0.00023800046599578115,0.048135888415926496,0.00023801467132899984,0.00023799404031397031,0.06486885032579598,0.8850912011293149
Df993b1e11c98,9,0.27413107435254325,0.0002518573663679153,0.0002518390817282515,0.00025185255484074675,0.00025184487024137753,0.00025183793512765514,0.1942258242804797,0.005891469923854983,0.00025183884858451103,0.25460963190621455,0.26963092888001705
Df993b1e11c98,10,0.00024374788369911177,0.00024374662323551488,0.00024373459696198165,0.00024374405825335473,0.00024374922618472625,0.00024373394632617388,0.0002437465905880671,0.00024374133823928216,0.00024373620886111944,0.18440618957920238,0.8134001299484483
Df993b1e11c98,11,0.00024053103091131676,0.0002405334979244504,0.00024052001178034057,0.0002405254363663054,0.00024052116350212508,0.00024051740373043986,0.15631002627278195,0.0002405187534045058,0.00024052962847110094,0.06925977656734338,0.7725060002337841
Df993b1e11c98,12,0.00022900530264978732,0.00022900874394934885,0.00022900706099904637,0.00022901848797880954,0.00022900990863945265,0.00022900323565596678,0.08283173171617238,0.00022900386343380132,0.00022899923291634324,0.04602771435296258,0.8693084980946424
Df993b1e11c98,13,0.00023017674389177615,0.0002301751883457543,0.00023016848489463353,0.00023017715845573706,0.0002301642737909463,0.0002301607972635714,0.07620265037327925,0.00023015979024164522,0.00023015914484572758,0.09926099947833002,0.822695008566661
Df993b1e11c98,14,0.00023075337856093864,0.00023076522657864218,0.00023075812256980724,0.0002307598775629498,0.00023076359466534945,0.00023075081782172036,0.06966591826562361,0.0002307532212827504,0.00023074818519547592,0.09357199791892556,0.8349160313912132
Df993b1e11c98,15,0.00023614215090163827,0.00023614564148672368,0.0002361551981357441,0.00023614593122161083,0.00023614562716075337,0.00023614165680330235,0.00023618431469262443,0.00023614266498635933,0.0002361354377550201,0.00023616213905987263,0.9976384992377965
D74bc17aea3dd,0,0.0002307475963159526,0.080065148913441,0.00023075184969354083,0.0046302790970300135,0.00023075742722429213,0.00023076129264129274,0.00023075979493630868,0.00023076765147073372,0.00023075547344544788,0.00023075375908721032,0.9134585171447142
D74bc17aea3dd,1,0.00023192813673150793,0.00023193638850830026,0.00023193364083014034,0.0002319253649024726,0.00023194167755997692,0.00023193579923299693,0.00023193064848274933,0.0002319328609934825,0.00023192642547568203,0.00023192296834712465,0.9976806860889355
D74bc17aea3dd,2,0.0002295840909409274,0.2956132551988606,0.00022958347550003372,0.0002295809776687366,0.08778420196569334,0.00022958800540870742,0.008444619648440104,0.028780532573948303,0.00022958371069354563,0.0002295830052110828,0.5779998873476347
D74bc17aea3dd,3,0.00023252855613523673,0.44028098775213975,0.00023251563677021886,0.00023252146910745844,0.15458994546099625,0.00023251975377375526,0.00023252821798354644,0.00023252952154208072,0.00023251036516014348,0.02128391278980492,0.38221750047658665
D74bc17aea3dd,4,0.00022960314661629204,0.3687253331865595,0.00022958824332923038,0.00022958205598421223,0.00022959877933209763,0.00022958826907923174,0.021974181606114283,0.16260027468745922,0.00022958001479098192,0.013216904433494072,0.43210576557724095
D74bc17aea3dd,5,0.039902217866233235,0.3991273511069825,0.00023372242455829546,0.00023371322767345773,0.19382240600875275,0.0002337295032013571,0.025886599435734337,0.06253325571668578,0.00023373597587287212,0.0002337149400364354,0.277559553794269
D74bc17aea3dd,6,0.00023135459071809444,0.09588548223920336,0.00023134834047132928,0.00023133837088981413,0.10725483530185419,0.00023135086683447555,0.00023134054408124202,0.0002313487721116993,0.0002313442197713268,0.00023134586744314817,0.7950089108866214
D74bc17aea3dd,7,0.00022729301971466146,0.45560000455106836,0.00022728553197074364,0.00022728700783710874,0.00022730082168498402,0.0002272911849064736,0.00022729319001071682,0.0002272948451793807,0.00022728690736228477,0.009113743958441937,0.5334679189818232
D74bc17aea3dd,8,0.00030407511689014503,0.10353631609752832,0.0003040659370388866,0.0003040580259074281,0.0003040841783239408,0.005563204824345022,0.0003040572008351548,0.0003040666975036786,0.00030405516747504036,0.00030406669094774555,0.8884679500632046
D63d7b065ccb8,0,0.0002418001834188627,0.00024179916270454532,0.00024181237184015252,0.00024180533203962772,0.3981027918070726,0.06381805190868012,0.023067795626852853,0.09865296785901972,0.00024179772156606973,0.06844808666181493,0.34670129136499056
D63d7b065ccb8,1,0.00023679401247866976,0.00023676593160114795,0.046556362897847946,0.0002367692828747323,0.050270430849837316,0.19848902005760558,0.4493165430346605,0.06173692314865823,0.00023677518748123623,0.19244684111711804,0.00023677447983689738
D63d7b065ccb8,2,0.00022785391165693294,0.00022787336438762597,0.045639174377534265,0.017035679428166535,0.15039301567886915,0.00022786973112097207,0.26881873662794153,0.09501398476462589,0.00022785746170016073,0.19156994873466152,0.23061800591933543
D63d7b065ccb8,3,0.00018707453933502355,0.00018707109018300725,0.03741463444101419,0.00018708268073618238,0.21847425309972876,0.00018708119962409158,0.06558328044260332,0.08987039532718025,0.11849212159788831,0.00018707054154194994,0.469229935040165
Db1ac098543ec,0,0.050784117303393786,0.0002386184890265032,0.0002386253665502725,0.00023861874309560015,0.00023862148527731175,0.047641041681073776,0.00023861527827739081,0.00023864040890068553,0.00023863884017996014,0.00023861693584599088,0.8996658454683787
Db1ac098543ec,1,0.00023075962458887962,0.00023074914632008564,0.00023075127008618433,0.00023074647050421018,0.06536311368358974,0.00023076716240074836,0.0002307439975142621,0.00023076118895962815,0.05662714397255268,0.0002307474013124212,0.8761637160821713
Db1ac098543ec,2,0.06754796530507123,0.00023311536532558775,0.0002331220988445752,0.00023311150113070495,0.08645551191424283,0.07888952093118273,0.00023311024932020396,0.00023312640775038592,0.0002331290152287439,0.00023311433647697555,0.765475172875426
Db1ac098543ec,3,0.00023553389394508336,0.0002355454561036326,0.00023555827917589111,0.00023553922295132626,0.00023554285771849593,0.00023553620790935464,0.00023553030374150373,0.0002355347549665044,0.00023553414989358376,0.00023553621479442327,0.9976446086588002
Db1ac098543ec,4,0.00023676535217162528,0.00023676122219288352,0.038884749854874154,0.00023680303707453341,0.00023676360173618364,0.09721517093721885,0.00023675189171765354,0.000236765351278443,0.00023676443562309498,0.00023675690070408618,0.8620059474154086
Db1ac098543ec,5,0.033348918811841065,0.00024052390784335244,0.00024052816078744374,0.00024051497395743198,0.12505539703264973,0.00024052549533525142,0.00024052023462293605,0.00024053105212682693,0.00024051840275419366,0.0002405173403663465,0.8396715045877156
Db1ac098543ec,6,0.0443805396372979,0.0003711135233438004,0.00037108996039403634,0.00037107229015498875,0.0003711085377600185,0.0003710962193263649,0.0003710720271986186,0.0003711081435438037,0.00037110176179093587,0.0003710703315991683,0.9522796275675904
D1095d64c71c1,0,0.0002398839307925137,0.00023988829645268722,0.000239928806293744,0.00023988271362705238,0.0002398928530907774,0.00023988435556869726,0.18157554938655915,0.000239889078029959,0.00023989226094306884,0.0002398886118480231,0.8162654197067943
D1095d64c71c1,1,0.00022960931811134518,0.13519202693780066,0.00022958555258640963,0.00022958805764983765,0.00022959718458114467,0.00022958194542682913,0.5643205741825008,0.00022958462578075742,0.00022963311356921314,0.00022958588424783888,0.29865063319774526
D1095d64c71c1,2,0.00023133895630604188,0.260409557360402,0.00023134415736588223,0.00023133270410046448,0.00023135051112051713,0.00023134327144415736,0.3062175280354651,0.000231340987862181,0.00023133734348000526,0.00023134900336424855,0.43152217766908946
D1095d64c71c1,3,0.000236150185173706,0.12510948123653612,0.00023615119797834393,0.00023614258184870922,0.00023615944685387243,0.00023614064177738603,0.8727651671686347,0.00023614235991628086,0.00023615320102968158,0.00023615295243404079,0.00023615902781714296
D1095d64c71c1,4,0.00027061522184022223,0.00027058134815174435,0.00027057511398664944,0.00027057942125207187,0.0002705885194269287,0.10160674099236171,0.8959579906658226,0.00027056880157077704,0.00027057106613261576,0.00027058695111104107,0.0002706018983435835
D1095d64c71c1,5,0.00033060239409348413,0.0003305999946147266,0.00033060913238786764,0.00033059431502880944,0.0003305894347978924,0.14871102521735574,0.8483135890265812,0.0003305962490187701,0.00033058747647999497,0.0003306168886536956,0.0003305898709881375
D1095d64c71c1,6,0.0002814621804370217,0.00028146654306339814,0.00028145842021373723,0.00028146704029562906,0.00028146592360178696,0.12834887484270188,0.8691179260996598,0.0002814791964139751,0.00028145917092934036,0.0002814777654684653,0.00028146281721508543
D1095d64c71c1,7,0.0002763455810863004,0.00027633709250075763,0.004868342863874481,0.0002763333210274739,0.00027635022473413817,0.14302598047675485,0.7935143431718076,0.0002763393301279361,0.00027635144837406534,0.05665694716084739,0.0002763293288650021
D1095d64c71c1,8,0.005109643190363396,0.00022673117629161066,0.03669488882547092,0.0002267254460225291,0.00022672808555065517,0.0436471043068731,0.7836290881014488,0.00022672204283017103,0.0002267151535183475,0.1295589344811166,0.0002267191905138694
Dcb7f93f9aa99,0,0.01170069602302117,0.3277329546180848,0.00024572116723307403,0.00024572275582386343,0.0002457459325935074,0.00024572588197077595,0.21460894801235958,0.1915349756667752,0.0002457241992884688,0.0002457200357670493,0.25294806570708245
Dcb7f93f9aa99,1,0.06830167435516142,0.5816151476829055,0.0002361498165530053,0.00023615682160128316,0.0002361500574492633,0.000236145414546883,0.17377067281656594,0.17465945529799864,0.00023615111828731992,0.0002361514476419194,0.00023614517128896294
Dcb7f93f9aa99,2,0.029585956785506847,0.2678017857900355,0.00024244475537129172,0.00024250596844942377,0.06968989894037202,0.04463977947947877,0.34676210175835903,0.24030817948617855,0.00024245501024873397,0.00024244717090158362,0.00024244485509823747
Dcb7f93f9aa99,3,0.00023492338875903446,0.2662173381704089,0.00023493403735182257,0.11832475813322992,0.00023492764951612248,0.0002349267374987143,0.2312337379908495,0.1677842606351919,0.0002349320032480558,0.21503033644602632,0.00023492480791983375
Dcb7f93f9aa99,4,0.00023799638031584252,0.45998550701354224,0.00023800927856712465,0.09781055446326609,0.05897162717999496,0.00023799669889706265,0.00023800698623800418,0.09626102371427953,0.000238005161119526,0.28554327473878843,0.00023799838499115732
Dcb7f93f9aa99,5,0.00024840583490177667,0.5174917992470327,0.0002484214507103547,0.1356044856458279,0.00024841882885196154,0.00024840656484692776,0.0002484099389264063,0.1348796387342453,0.00024841245769206496,0.21028519759516734,0.00024840370179730393
Dcb7f93f9aa99,6,0.02030595437508275,0.4946552312749336,0.0834900191495745,0.00021095737650159878,0.00021094714017486755,0.00021094360886636887,0.10121215516331743,0.18528764079545773,0.00021095431963916145,0.04112294548665567,0.0730822513097963
D524a4f047a09,0,0.0002470612599136368,0.1167276630483711,0.0002470553894632195,0.13574301046585538,0.0002470653833862846,0.02713920488499387,0.11772334978885998,0.10311328688329019,0.00024706225045354884,0.00024705845302521476,0.49831818219238755
D524a4f047a09,1,0.0908585808253366,0.3861329271437179,0.0002635182133907596,0.27707589944480426,0.00026353085532080663,0.00026352518012696876,0.12275042615106725,0.0002635183480514796,0.0002635198127907402,0.00026353483027167634,0.12160101919512169
D524a4f047a09,2,0.00024374894450110825,0.1556941776016761,0.0002437440195484863,0.27480069399654783,0.1577912314681804,0.08287840029995616,0.16929818275667693,0.04431592940818784,0.00024374771370300153,0.00024374286350782256,0.11424640092751422
D524a4f047a09,3,0.00026276086674292094,0.298820899752613,0.0002627608076639221,0.31336296277120584,0.00026276886318126873,0.00026275639636077716,0.23101832363831168,0.0002627713846433942,0.0002627569039419,0.15495848146858748,0.00026275714674783883
D524a4f047a09,4,0.05193562436675977,0.19897069539921383,0.10085340064479881,0.41708134732707103,0.04751001697457651,0.0002689863290995799,0.04953491895151095,0.0002689827310202473,0.0002689839238318306,0.13303805614311842,0.00026898720899893593
D524a4f047a09,5,0.01768410522954078,0.518509282238425,0.00025901641098721766,0.1998145253246503,0.0002590229876389418,0.00025902891185204414,0.1459353360865424,0.000259021648011357,0.0002590280865804644,0.11650261058729465,0.00025902248847680656
D524a4f047a09,6,0.01231380279609383,0.34228330148013564,0.00023018040733979638,0.17276626881553267,0.041636101566571264,0.020025487576708512,0.08229118914203237,0.12905950678382005,0.00023016905412905295,0.0002301728079967565,0.19893381956963987
De395cd4ff88c,0,0.00023078296227093127,0.00023076696364799057,0.0002307606886449135,0.007536168696320024,0.12551662536661984,0.0002307512498008407,0.0002307590421862589,0.0002307524150188866,0.00023074752452275585,0.36570383398448236,0.4996280511064851
De395cd4ff88c,1,0.00023431917691232635,0.00023433298153753405,0.00023432262507391144,0.00023432015972015718,0.00023432328691573774,0.00023431485974963374,0.05375756689265523,0.00023432277942383564,0.00023431405101332462,0.6005653970625063,0.343802466124492
De395cd4ff88c,2,0.00024506174229818763,0.0002450623830091874,0.0002450589734315514,0.0002450519034220152,0.00024506171292253506,0.0002450566346143593,0.000245055194909774,0.000245050852753547,0.00024505682292599027,0.9627032499976113,0.03509123378210157
De395cd4ff88c,3,0.0323999203764051,0.05135165859495886,0.042475793275177656,0.000276342440215394,0.0002763560113322465,0.0002763374124677686,0.0002763476439280825,0.00027633540540636115,0.0002763406991311931,0.8118426762084825,0.06027189193249478
De395cd4ff88c,4,0.00025684679468998426,0.0002568358643479273,0.0002568269315271539,0.00025682009757934553,0.00025683361754154707,0.0002568230917104715,0.10997106441965523,0.00025682126376149546,0.000256823163014086,0.8877174739674475,0.0002568307887253418
De395cd4ff88c,5,0.0002490876542316018,0.000249086514275697,0.0002490794382024124,0.00024909193205108063,0.18303848724391994,0.0002490836805497029,0.16404258055548354,0.00024907642832316376,0.0002490843077594615,0.6509262462933765,0.00024909595182693824
De395cd4ff88c,6,0.00028323128791929154,0.00028322897219199293,0.07950815721287055,0.0002832955108439407,0.00028324043572786165,0.05098913798187761,0.3673526736312474,0.0002832193074655454,0.0002832237576477644,0.500167371062242,0.00028322083996622417
De395cd4ff88c,7,0.00027221173047323595,0.0002722098267204735,0.00027220059610017107,0.008076568658677704,0.00027220164571278523,0.08117987112511564,0.26159398636187253,0.0002722091561169621,0.0002722401035762342,0.6472441031311496,0.00027219766448473303
De395cd4ff88c,8,0.00027466399818085825,0.00027466762708754116,0.00027466241771004874,0.00027466579987226613,0.0002746738083901154,0.0002746721020877155,0.17307279711263138,0.00027466358013249025,0.0002746591417756844,0.8244552079530869,0.0002746664590449448
De395cd4ff88c,9,0.00027887052514243054,0.0002788779147541348,0.06863039145636177,0.0002788790905479108,0.0002788792603502668,0.0002788812678468534,0.24848670556312755,0.0002788831012973165,0.00027888596893510444,0.6806518703879162,0.0002788754637205311
De395cd4ff88c,10,0.0003071396320890366,0.00030714915447569346,0.006714178652619788,0.00030715133298502684,0.010738162189224779,0.0003071470836718678,0.289453541598016,0.0003071456737370746,0.019102302673630417,0.6721489248114434,0.0003071571981069935
De395cd4ff88c,11,0.0002457215190416306,0.00024572512542606084,0.00024573655711793065,0.0002457245725930518,0.00024572431281204066,0.0002457179143525764,0.12116324134899964,0.00024571646360021376,0.0002457207930373986,0.8766252539822345,0.0002457174107849795
De395cd4ff88c,12,0.0002518457953897776,0.00025184730631649986,0.00025184609749974923,0.202853571647525,0.19312947374554512,0.0002518466228979634,0.00025185917992314095,0.00025184490188474504,0.0002518521732793193,0.6020021603501414,0.0002518521795973558
De395cd4ff88c,13,0.0002301719107025433,0.01864487456636786,0.00649105492560197,0.08223211716830238,0.026497450621734187,0.00023016884702646475,0.09005885595191462,0.0002301671135616322,0.00023017401095637923,0.6764756989514636,0.09867926593236834
D7654ca3e0443,0,0.00024115145214084313,0.0002411681820885732,0.00024116503470104358,0.0002411547606671223,0.0002411545676650683,0.02993156694949895,0.0002411543036062584,0.00024115075146711445,0.00024115310985425333,0.00024115689185739983,0.9678980239964533
D7654ca3e0443,1,0.12978308691426182,0.6186448422973179,0.00023017356278647565,0.00023018034544565423,0.00023016527184186732,0.026646001878405275,0.00023016852244044114,0.00023016649651508514,0.0002301712105656863,0.00023016843705411775,0.22331487506336586
D7654ca3e0443,2,0.00022785911446207544,0.5699142178150777,0.00022785212519899867,0.005616843760901382,0.0366714344054812,0.050042623736902894,0.0002278719226810503,0.0002278594709408129,0.0002278532404724764,0.0002278684144295572,0.3363877159934519
D7654ca3e0443,3,0.02793991658780577,0.4628616193289194,0.00022729671218173295,0.0002273037525070063,0.00022728479253714622,0.08316478502470998,0.0002272907926056681,0.00022729440664084156,0.0002272916780303558,0.0002272912304869083,0.4244426256935752
D7654ca3e0443,4,0.11821195722525037,0.21318366826959145,0.0007158791700763059,0.04363059329608638,0.0007158670185297593,0.0007159370312237147,0.0007158904933193585,0.0007158596067101835,0.0007158898786282327,0.0007158922391887896,0.6199625657713955
Ddef784be4369,0,0.1449020592381234,0.00024115695453588506,0.038686393409949366,0.00024116176634266374,0.00024116504445103587,0.20883883485416077,0.00024116031548453902,0.00024115985970165287,0.11199007534194524,0.00024116278045746746,0.49413567043484796
Ddef784be4369,1,0.05142955977582814,0.00022901569755023882,0.057686098086574635,0.00022902098389177258,0.00022902411480047735,0.3291082403940732,0.022068725096268532,0.030587628342885895,0.08987525722547793,0.00022902156322882942,0.4183284087194204
Ddef784be4369,2,0.00022786097887245155,0.00022786253648820882,0.00022786009866450685,0.0002278570578547782,0.14428406569893137,0.23877434762735208,0.00022786624004426787,0.10890497986065696,0.02123899033838063,0.0002278590224322429,0.4854304505403225
Ddef784be4369,3,0.14607098334700325,0.0002325268322982983,0.5097138141557638,0.0002325210786027834,0.00023252669665196663,0.20861779947346784,0.00023252235537339115,0.00023252206379584237,0.00023252235923940066,0.00023252214264307588,0.13396973949516056
Ddef784be4369,4,0.42772335231745345,0.0002392505852454812,0.2837042440116416,0.00023925061561368656,0.00023926303497953492,0.13946852744945187,0.00023924443422632116,0.0002392561882971366,0.029840389961951447,0.00023924599911683873,0.11782797540202254
Ddef784be4369,5,0.11629587642687736,0.000245059104198126,0.057086378653285495,0.00024505190317561035,0.028958885989238844,0.1161581505204543,0.0002450517871909119,0.062008762805163556,0.00024506820159958553,0.00024504894071326503,0.618266665668103
Ddef784be4369,6,0.41113538033824265,0.0004810301230433481,0.0004810650798938449,0.00048103687485603354,0.0004810379376032501,0.12202279420648662,0.0004810176407338373,0.00048103680815714885,0.00048104120839334325,0.00048103093234227475,0.4629935288502477
De6773a6d4648,0,0.00023553480599409872,0.00023553018667012306,0.06676210146107084,0.00023552931358058744,0.0002355403357719249,0.3124662511020832,0.00023554254404137214,0.0002355430205300399,0.14361868088218793,0.0002355275748131235,0.47550421877325677
De6773a6d4648,1,0.0002337209639019893,0.0002337179112715637,0.00023371755109837585,0.03475288592068306,0.11596724079780306,0.6678145611921249,0.015933642052048502,0.0002337227456381087,0.08455105439994116,0.00023372120259018374,0.07981201526289901
De6773a6d4648,2,0.00024180774759564866,0.00024179707208169833,0.00024181580403723752,0.00024181231504708572,0.00024181186388051238,0.393721371373994,0.00024180877631496607,0.00024180080385186538,0.00024182522115206805,0.00024180048654733407,0.6041023485354977
De6773a6d4648,3,0.00023924768711699242,0.0002392580687218417,0.12029275068255761,0.00023926140710443558,0.00023926654950198493,0.12727037655617884,0.0002392718513683359,0.10671234759175884,0.00023926902187276224,0.00023927881347722123,0.6440496717703411
De6773a6d4648,4,0.000238639251906422,0.00023862611408760113,0.00023863613536191178,0.00023861836764745812,0.022804851233671354,0.4848980425813401,0.00023862394867884732,0.028320323594330708,0.04111880375934543,0.00023862770971327796,0.4214262073039169
De6773a6d4648,5,0.00023311281430783877,0.00023311832996074768,0.0002331298717456754,0.01053651086481197,0.0002331227648651572,0.5198256275585893,0.00023312653844890436,0.00023312812933474821,0.10695244713434958,0.00023311767044702556,0.36105355832313907
De6773a6d4648,6,0.0002386300204024022,0.00023862989539436978,0.00023862601108681105,0.00023862608598212902,0.017498361407110474,0.38454374380616113,0.00023863509634124638,0.12227965142015815,0.13071485722827497,0.00023862664282060217,0.34353161238626767
De6773a6d4648,7,0.00023926724915291402,0.00023926085621845026,0.0002392619121108766,0.013513591902396292,0.06644992249829475,0.4106592222946937,0.017532861287311758,0.21027940595080788,0.00023926855082157344,0.00023926618480301468,0.2803686713133888
De6773a6d4648,8,0.0002331224988772414,0.00023312748828076935,0.00023313720591999656,0.00023312041132301747,0.08810094373699667,0.32520936164177217,0.0002331231615779165,0.17122673725901216,0.00023312801168664154,0.0002331171226270914,0.4138310814619263
De6773a6d4648,9,0.0005379605206628922,0.0005379922256229514,0.0005379953009735246,0.0005380147322933252,0.000537980434386317,0.3928813940858802,0.0005379773161624123,0.0005379999103203771,0.08146504491687168,0.0005379876476655649,0.5213496529091608
D6cf278e5b911,0,0.00024243652465707279,0.00024245360069541114,0.0002424521516874425,0.00024244274290281586,0.057562440725719664,0.00024246646994045183,0.00024244944811886504,0.7523328942062882,0.0002424495611834311,0.00024244451962545123,0.18816507004918132
D6cf278e5b911,1,0.00022901395496864536,0.158025663315477,0.0002290120148383595,0.00022902177724267028,0.00022901982999332983,0.04121553425245079,0.00022900506733006463,0.280279016478191,0.0002290186346640969,0.00022901206233042992,0.5188766826125136
D6cf278e5b911,2,0.0002313531289480648,0.11532064010616055,0.019026230197703158,0.0002313464390318139,0.04913294435493967,0.06836875293966369,0.0002313539034603792,0.34001504869861987,0.0002313486004199469,0.0002313537412623986,0.40697962788979036
D6cf278e5b911,3,0.00023255324749009415,0.08361474279040236,0.02390361812419836,0.00023252721868381702,0.00023253180495041629,0.09720406438077564,0.051927864650345205,0.39353398629243697,0.0002325285541949362,0.00023252931033463045,0.34865305362618754
D6cf278e5b911,4,0.000208042695932394,0.00020805083627731965,0.007671641624829612,0.00020804742200834675,0.09678788379798454,0.10919705252942813,0.00020804347058050722,0.5265392445550696,0.0002080585532169344,0.025345045112009808,0.23341888940266292
D5d212714e9a4,0,0.00024180142304470578,0.0002417999360401329,0.45433609837158273,0.0002417931727702026,0.00024180909706322863,0.00024180651526237534,0.047910845382089735,0.0002418021986516907,0.249334424215685,0.0002418041859646001,0.24672601550184572
D5d212714e9a4,1,0.00023739278565141383,0.00023738756093995742,0.3102013215855804,0.00023739138590007783,0.14830302370772286,0.000237392451022889,0.0002373849787858656,0.00023738150850642856,0.23610374518949578,0.00023738680174556086,0.30373019204464885
D5d212714e9a4,2,0.0002470630988072086,0.0002470630024417271,0.6196160281056274,0.00024707051435571476,0.112329970728929,0.07150183443627267,0.08908494229347672,0.00024706248921267665,0.00024706818844590095,0.000247057501342218,0.10598483964108882
D5d212714e9a4,3,0.00023738504798761012,0.14414795220809448,0.5119129103047722,0.0002373861606717951,0.06308151177313391,0.00023738994267239954,0.15560100498173154,0.00023737383674919443,0.037813559504188264,0.08625615346176754,0.000237372778231014
D5d212714e9a4,4,0.00024052073979594822,0.00024052785408608843,0.7639607082818023,0.030126525986554905,0.15498681676465717,0.00024053638320258543,0.04924223968393591,0.00024052352294762325,0.0002405309924422009,0.00024053715584218053,0.00024053263473317962
D5d212714e9a4,5,0.00023552755300219227,0.00023553923243502755,0.9165967528329876,0.048760832358170365,0.00023554352841676925,0.0002355425994683176,0.00023555165787635378,0.004659063827169949,0.0002355406410899461,0.028334569134241018,0.00023553663514253799
D5d212714e9a4,6,0.0002417945351648487,0.00024179827763443144,0.997581993510401,0.00024180815759043472,0.00024179784151229727,0.00024179260436262037,0.0002417963011498503,0.0002417989135382361,0.000241797131305607,0.00024182927641880667,0.00024179345092186047
D5d212714e9a4,7,0.00023737370694401513,0.0002373817834072341,0.9976261890419407,0.00023737520187007443,0.0002373810976138327,0.00023738901323636007,0.0002373823749931669,0.00023737890831955347,0.00023738136316430944,0.00023739340113632416,0.00023737410737439675
D5d212714e9a4,8,0.00023799014869409622,0.00023799556760384903,0.9976200260340002,0.0002379976805293903,0.0002379933423418769,0.00023800717933386936,0.0002379952151436277,0.0002379961846548324,0.00023801103019719552,0.00023799640278633182,0.00023799121471486118
D5d212714e9a4,9,0.0002411686531582099,0.00024115403058719322,0.9975883828331716,0.00024115451749701875,0.00024116382656175702,0.00024118740746604538,0.00024115576682590405,0.00024116110638910173,0.00024115668492776657,0.00024115241597791714,0.00024116275743740602
D5d212714e9a4,10,0.000340525911203845,0.00034052645363516444,0.4895752615475061,0.00034051824711289487,0.29580314593928037,0.13358334542005948,0.00034053271823197704,0.00034052209308657204,0.07865455884171588,0.0003405334706046737,0.0003405293575631067
Dce466cf22246,0,0.00023988340367424372,0.00023989974820881404,0.17406653154130214,0.00023988099027541675,0.00023988712230026043,0.00023988505404344128,0.0002398821911266412,0.00023988640001014927,0.00023988941324584972,0.000239880948143279,0.8237744931876698
Dce466cf22246,1,0.0002290277898094113,0.00022901186303885812,0.1660423572702102,0.00022901740905450566,0.00022901842504685226,0.00022901711947284067,0.023970607584655322,0.00022901665344634105,0.00022901460266219547,0.00022901713850262336,0.8081548941441009
Dce466cf22246,2,0.00023555843456631552,0.00023553670382075502,0.12154324767914884,0.0002355299204760738,0.09993855646946166,0.17246945989853013,0.00023554414331581158,0.05771675085247672,0.04497290781118351,0.038916263220818155,0.4635006448662021
Dce466cf22246,3,0.0002331149864388075,0.36144313445547793,0.065510852522642,0.06679900640669063,0.2222331027729755,0.0002331263410239265,0.00023312844564314514,0.0002331234729945753,0.00023313210801092653,0.11930629949923617,0.16354197898886647
Dce466cf22246,4,0.0002443964613577541,0.4561284177652555,0.06035657241546419,0.0002444031215227156,0.21473752128443915,0.00024440998004369936,0.000244410952434454,0.000244400472367017,0.0002443939120250654,0.0002444125817422236,0.2670666610533482
Dce466cf22246,5,0.0002424479728807231,0.2421594644622603,0.09161132022691336,0.00024244360305111182,0.4338122338503336,0.00024245657620624463,0.01652743325517787,0.000242442936252463,0.0002424503579404589,0.000242451028583962,0.21443485573039978
Dce466cf22246,6,0.00023312722986189148,0.18477369305374616,0.12857664288065818,0.00023313503507960343,0.24498021839729808,0.00023312830588815208,0.04504694820102367,0.0002331314859111852,0.0405302479478859,0.0002331296717737036,0.35492659779087354
Dce466cf22246,7,0.00023253377858953195,0.020433524664131772,0.0002325223384793809,0.0002325321958696733,0.03654905822003342,0.019996781076544727,0.27585060918771964,0.19419074546462056,0.00023252691892657038,0.1816893895511243,0.2703597766039606
Dce466cf22246,8,0.00023925443708412394,0.0002392606882346842,0.07283539855363014,0.022488783070735117,0.04463365935631809,0.0883084796141579,0.2603066389049195,0.12164143346071682,0.00023926288767019252,0.11899517190570173,0.2700726571208316
Dce466cf22246,9,0.00023311996982527873,0.09850239065387917,0.06072365367730846,0.03417925725940537,0.10813493381609199,0.0002331335671789864,0.09634905540648535,0.18401698352339416,0.0002331283850661126,0.0002331291073214213,0.41716121463404365
Dce466cf22246,10,0.000231336805661241,0.16045813963537664,0.1270023183495881,0.00023135673429037647,0.08947889972213477,0.06133541961320299,0.00023134852581707695,0.041166328248655494,0.00023134602563765528,0.00023135050489886473,0.5194021558347368
Dce466cf22246,11,0.00023136606949022886,0.00023134785169691958,0.22982271155435915,0.00023133705113435733,0.00023134762856829894,0.0002313495048306466,0.042084941095591716,0.11842421841019654,0.0002313470182606631,0.00023135270691177054,0.6080486811089596
Dce466cf22246,12,0.0006101924267568591,0.15935729605030594,0.0776526668233664,0.0006101524737075157,0.0006102373238330818,0.09499423005982617,0.0006101530060958025,0.20628620033862893,0.0006102234802072463,0.12378737447272897,0.3348712735445431
D8f2ad68926ef,0,0.0002443955025192091,0.40813937998982697,0.00024439881783374636,0.0002443947759335993,0.0486874118566872,0.0654117852176911,0.0002444011402673846,0.00024439908694761216,0.0002444003957980723,0.00024439566280391387,0.47605063755369115
D8f2ad68926ef,1,0.00024772630794663177,0.6989276235028138,0.00024772136622137485,0.0002477302626661372,0.00024773953970696474,0.08762498198872391,0.12420173658532645,0.00024772497170424013,0.00024772126208103305,0.00024774305498725295,0.08751155115782216
D8f2ad68926ef,2,0.00023990906033860288,0.6081969836487576,0.00023988189552483373,0.00023988222459828132,0.00023989479140906837,0.12917001540023854,0.13642625100462155,0.00023988832268287148,0.00023987925012234972,0.00023988593054592686,0.1245275284711604
D8f2ad68926ef,3,0.00023431188053775584,0.6110607172797361,0.0002343104572024486,0.00023432005015646838,0.15264614365791787,0.09889768786343377,0.1357552126065354,0.00023433883777973348,0.00023430984406080515,0.00023431857191083763,0.00023432895072878924
D8f2ad68926ef,4,0.00025114706271825156,0.7044165231082608,0.028252149572989285,0.0002511525656879285,0.0002511581841109989,0.020457028914809758,0.08840815736033492,0.0002511566500795483,0.00025114479532183104,0.0824519170964909,0.07475846468919592
D8f2ad68926ef,5,0.0004545797906433717,0.47387459862564485,0.00045458650894237114,0.00045458584625701366,0.0004545945398859375,0.00045462597335279854,0.00045458816373354004,0.00045457738512561804,0.00045458052223099386,0.0004545847468872822,0.5220340978972963
D28078c8a10cc,0,0.00024978910255814616,0.01868896084975441,0.12476336912661741,0.00024978110693212876,0.523527562002108,0.05210792271431633,0.0002497694988846765,0.0002497785896371565,0.00024978477626746824,0.00024977246037970836,0.27941350977254453
D28078c8a10cc,1,0.008102290759048215,0.00023675963423050133,0.22258534346621153,0.00023675886541883617,0.2287302178311656,0.015148783866187475,0.000236750987436653,0.011361048106412827,0.19302141260862457,0.00023675677657609986,0.3201038770986876
D28078c8a10cc,2,0.00024310228396228696,0.033388240018805075,0.23199906440826573,0.016428645774703286,0.517651629953917,0.0002431101912185595,0.00024309669544484114,0.015851540147356156,0.06332330063140847,0.00024310128730725518,0.12038516860761117
D28078c8a10cc,3,0.04368849858305239,0.012920659243698115,0.00023863530573001865,0.0002386393767897916,0.6334017580697355,0.038443529107250796,0.041513679695083745,0.02326376870727906,0.04591656878566538,0.00023863101673987714,0.16013563210897544
D28078c8a10cc,4,0.00023554139901302886,0.0002355378365516709,0.00023554237313698197,0.00023554313144462326,0.31010010408349686,0.5450973145079825,0.00023554250854193148,0.0002355487522479551,0.0002355415711015189,0.00023553813801575758,0.14291824569846714
D28078c8a10cc,5,0.0002367608769080539,0.00023675839181006857,0.08779318928698315,0.00023677438325461002,0.7186833630766306,0.19162931559081559,0.00023676170606592843,0.00023676867607573922,0.0002367746531305356,0.0002367647035423914,0.0002367686547831243
D28078c8a10cc,6,0.00024706621035098706,0.00024706553812439957,0.17676890194174696,0.0002470563016912942,0.7709259623189328,0.05032864283442722,0.00024705642423940397,0.0002470771669957254,0.00024705533929948574,0.00024705251644467977,0.0002470634077467791
Dfed6d84a0e4f,0,0.05194736079228567,0.0002532515674569888,0.00025325727565418373,0.00025324797405286344,0.00025325375030492344,0.5600959518401264,0.0002532448306183819,0.0002532549831350057,0.18968469919374176,0.0002532525729602781,0.1964992252196636
Dfed6d84a0e4f,1,0.0002575586888822024,0.00025755089665757626,0.2760301420418599,0.00025755382472407657,0.08355108288600832,0.439902946454039,0.0002575489057851864,0.00025755526248944774,0.0002575623032262008,0.0002575498415418618,0.19871294889478633
Dfed6d84a0e4f,2,0.1379370876403198,0.0002532589261693753,0.13873396446182867,0.00025326811131912743,0.07762909559327491,0.6439270081730214,0.0002532652246394816,0.0002532650224563964,0.0002532580699204189,0.0002532648972864216,0.00025326387976389855
Dfed6d84a0e4f,3,0.24547850981040262,0.0002511591954371473,0.2803787781549461,0.0002511463152616683,0.00025116399918771146,0.47213347382885823,0.0002511515695315753,0.0002511584474652074,0.0002511465758475221,0.0002511527282630207,0.0002511593747992139
Dfed6d84a0e4f,4,0.052159842728870566,0.00024116859497632682,0.14921620808766944,0.00024116287468503486,0.00024115916726268218,0.7966946447437779,0.00024116376071295085,0.00024115991669595502,0.00024116062749011561,0.00024116146557330006,0.0002411680322855254
Dfed6d84a0e4f,5,0.00024439998113986094,0.00024438886919671146,0.0002444164464856218,0.0002443882099316986,0.0002443935236606367,0.8406574136708896,0.0002443953387486557,0.15714301453939214,0.0002444020682900099,0.000244393344772018,0.00024439400749305944
Dfed6d84a0e4f,6,0.00024773709752719166,0.0002477285332346074,0.034331977968990846,0.0002477222818110837,0.00024773667627838304,0.8688517062397523,0.00024773080583988987,0.05198080063227988,0.00024773077667916287,0.04310140477291938,0.00024772421468733253
Dfed6d84a0e4f,7,0.0002477410534272407,0.00024772495668150344,0.00024774089375383226,0.000247721206439825,0.0002477252332964493,0.8800340628291832,0.00024772635619263076,0.11773635744168433,0.0002477406275652685,0.00024772755972122043,0.00024773184205456405
Dfed6d84a0e4f,8,0.0002464038959213737,0.000246401520872485,0.15971392157980047,0.0002463879361423514,0.0002463961006564959,0.8380685320202409,0.0002463856831455758,0.00024639085153724174,0.0002463844258588198,0.0002463921353542222,0.0002464038504701671
Dfed6d84a0e4f,9,0.00024051523691826903,0.00024050994657047117,0.012976669282081143,0.00024051015523714038,0.00024052357321576335,0.9848586984877047,0.00024050991381531953,0.0002405189695318064,0.0002405136350110346,0.00024051753828282122,0.00024051326163141231
Dfed6d84a0e4f,10,0.00024573241767740907,0.0002457149256023477,0.09605694256166858,0.0002457148946114681,0.0002457287592357897,0.9017315448360617,0.0002457110642747507,0.00024572875003605856,0.000245724177321583,0.00024573416996012687,0.0002457234435503384
Dfed6d84a0e4f,11,0.2733661592818301,0.00024977469949077593,0.0002497851483121731,0.00024977397840251055,0.0002497701657422832,0.7243858663777258,0.0002497739264150133,0.00024977392302211676,0.0002497707603782267,0.00024976958518693553,0.00024978215349406125
Dfed6d84a0e4f,12,0.09443972632489002,0.0002518553515388688,0.11152233197986364,0.00025184952198127174,0.13927589732257992,0.5355490815161473,0.00025184470506055924,0.00025185298371719304,0.009759581234968851,0.0002518489704029078,0.1081941300888495
Dfed6d84a0e4f,13,0.05394099251130293,0.00024706323705886413,0.19485067289859778,0.00024705292883559225,0.07391114234946686,0.4141346821629928,0.00024705376016114107,0.0002470659806210884,0.00024707127909785834,0.00024705295730111863,0.26168014993456407
Dfed6d84a0e4f,14,0.10961018857268687,0.03565223530615166,0.14694570727632716,0.00023252137625074282,0.00023253254293154199,0.538872117521505,0.00023251941704512973,0.00023253137473113267,0.0002325294468064996,0.00023252713597725496,0.16752459002958706
D21cf0acb1a9a,0,0.023878727437204265,0.00024505952018320163,0.05542385599033288,0.0002450487691921515,0.3324636251041192,0.0002450584102867183,0.00024505485069541567,0.1392091261791526,0.00024506267231185093,0.0002450486338076164,0.44755433243271414
D21cf0acb1a9a,1,0.024866590951892257,0.0002398900355374485,0.0002398975925627848,0.00023988614085307457,0.40034267602038304,0.00023990700119853073,0.06867821151168167,0.2534550510501587,0.00023988788370916126,0.00023988389793311695,0.25121811791409016
D21cf0acb1a9a,2,0.00023614326565680902,0.00023614649605347866,0.0002361477939586798,0.00023614803975193356,0.567027370167499,0.0002361562303317182,0.0002361524191319115,0.1819993890407035,0.00023614382315180788,0.0002361435726301774,0.24908405915113094
D21cf0acb1a9a,3,0.01813986393391355,0.0002417947315840706,0.00024181711271491704,0.00024179375599690648,0.588374497495725,0.00024180017526405066,0.0002417943306765154,0.07646306964906904,0.00024180340309680104,0.00024180531299554947,0.31532996009896364
D21cf0acb1a9a,4,0.023209665689098675,0.0002477269125430847,0.000247727677937928,0.06076705596877239,0.6239285036709702,0.00024776325104307784,0.00024773505725246255,0.15262579746112825,0.00024774658345783394,0.00024772284579138005,0.13798255488200467
Dc0b4b006fee0,0,0.00023372540568448037,0.00023371659166904104,0.00023373293628573742,0.00023371165111082156,0.00023373123547756753,0.30246523949179394,0.00023372015975377881,0.0002337214257815056,0.00023371907034524443,0.00023372055189278443,0.6954312614802052
Dc0b4b006fee0,1,0.04045627304618027,0.0002379993992671555,0.05648842212157001,0.00023799444606222077,0.2924823178057353,0.18726818595774636,0.00023799279462761853,0.04676712771825192,0.00023799594598459368,0.00023799667207965178,0.3753476940924949
Dc0b4b006fee0,2,0.00023194128317235635,0.00023193169104111756,0.08285790737202761,0.00023192458822117364,0.36637156484412114,0.23729863839426832,0.0002319298869663344,0.00023193764211123323,0.0002319450106339281,0.00023192893337436766,0.3118483503540624
Dc0b4b006fee0,3,0.00024180201495866126,0.00024180037473333052,0.0682403682243985,0.0002417971882112108,0.21825550764305715,0.12798903176535073,0.0002417959323938862,0.12165752853583547,0.009873859803396065,0.0002417970459793886,0.4527747114716857
Dc0b4b006fee0,4,0.018337148908021034,0.0002331224637486286,0.019956847276145658,0.00023311423208853253,0.28063006033617327,0.1260276402968063,0.00023314743500504667,0.00023313198499217864,0.06389499434716081,0.00023311902320070574,0.48998767369665774
Dc0b4b006fee0,5,0.06034905484499376,0.00031243441927134935,0.0003124415975904288,0.0003124356537137167,0.5372160925729662,0.00031244099409214875,0.0003124626519569346,0.1482375940986695,0.00031243347604598966,0.00031243383715321506,0.2520101758535466
D7d7f6f621da1,0,0.00023862609286856798,0.6682562217909223,0.08917345405548052,0.00023862776487652184,0.00023863336109645558,0.00023862993028210777,0.00023862167176700707,0.06686641585561336,0.00023862463335420144,0.00023862539515434627,0.17403351944858453
D7d7f6f621da1,1,0.00023134326485893067,0.8881405992151766,0.10977734678976224,0.00023134758109758923,0.00023133280716303273,0.00023133513899522,0.0002313342486381526,0.00023134369793507593,0.00023134251187417144,0.0002313370933219577,0.00023133765117710453
D7d7f6f621da1,2,0.0002307670990864973,0.1400617156805653,0.00023075475480211112,0.00023076345308436176,0.073802673440638,0.013070318744062448,0.00023076128496181598,0.08007453220226873,0.03616425230313553,0.00023075490676357293,0.6556727061306316
D7d7f6f621da1,3,0.03652729163899389,0.5733942988670556,0.08114152267149066,0.00023677077046825606,0.04116020050766854,0.00023677257086543273,0.1258944266455397,0.07201883521710975,0.00023677438774714996,0.00023676965330897418,0.068916337069752
D7d7f6f621da1,4,0.05585338297893348,0.7756895019605362,0.11032412718963762,0.00023616060994511033,0.0002361518384474796,0.00023615378672206481,0.00023615335175661883,0.056479907178029254,0.00023615203008547214,0.0002361532677094149,0.00023615580819734918
D7d7f6f621da1,5,0.04737617331664279,0.6232117833547598,0.053697311996740944,0.09554825065226848,0.0002361527428139908,0.00023616301033074747,0.021583671370632634,0.06321988018052464,0.09441830752965846,0.00023615348417622194,0.0002361523614512951
D7d7f6f621da1,6,0.00024244287020857942,0.9975755604548373,0.0002424458641545973,0.00024245497374903417,0.00024244024883920392,0.00024243454517373,0.00024244364111165054,0.00024244539408373335,0.0002424489359994296,0.00024244948328709637,0.0002424335885554946
D7d7f6f621da1,7,0.0002532517174451512,0.9974674703026604,0.0002532495681232959,0.0002532571030777652,0.00025324487868431527,0.00025324714247191096,0.0002532623015706936,0.00025324773853269356,0.0002532578417659757,0.00025326783711436383,0.000253243568553367
D7d7f6f621da1,8,0.00021855378143155729,0.8454454670882902,0.10660442801840289,0.00021855503892959837,0.00021855394603410817,0.00021854762650486332,0.0002185496078942658,0.0002185609340161983,0.00021854979159105858,0.00021855293941368115,0.04620168122749171
De9070d0f44e5,0,0.0002532634533464708,0.25044805447991436,0.00025325955438957817,0.00025324832708154997,0.13132213823444408,0.0002532564385244554,0.00025325192422436573,0.0002532551218228293,0.00025324996886736236,0.0002532470048278403,0.6162037754925571
De9070d0f44e5,1,0.0002463950482346322,0.28286368003891266,0.05814986992272246,0.00024639302877308913,0.13811591658400457,0.0002463920575767292,0.00024639579160481295,0.000246387878749775,0.00024638076122968734,0.00024638699680643516,0.519145801891385
De9070d0f44e5,2,0.0002386297143024555,0.36076996349942747,0.06807969950130562,0.00023862657294581872,0.12689075633270122,0.0002386269638798874,0.00023862849763996397,0.00023863630238266757,0.00023863478228157862,0.00023862855516748865,0.4425891692779659
De9070d0f44e5,3,0.02654585684938058,0.364714025367851,0.08323508935036313,0.022825902595543245,0.19898594899810515,0.0002398935662882143,0.00023988488621289224,0.00023988858831806284,0.00023989908564409575,0.07402977078045928,0.2287038399318345
De9070d0f44e5,4,0.0002399105330481907,0.48817002424680156,0.00023989509643707768,0.02213184491331607,0.08299996223356026,0.00023988527857243008,0.0002398948281754998,0.00023989141279988252,0.000239880759022193,0.044891280867911054,0.36036752983035575
De9070d0f44e5,5,0.018591941340743965,0.8130922722458893,0.00024116718425590527,0.11223191075302802,0.0002411576096226704,0.00024116569830127642,0.00024116845159393807,0.00024115691410364184,0.00024116552420431843,0.00024117421089426625,0.05439572006736273
De9070d0f44e5,6,0.00024639526109722213,0.7897738685183812,0.00024638868116620954,0.11160565857361811,0.0002463952340341952,0.00024638627990000836,0.000246395082733863,0.0002463860865001252,0.0002463891136886934,0.09664934692181637,0.00024639024706390794
De9070d0f44e5,7,0.00024116064745843778,0.8141602122552414,0.00024115777482898795,0.000241161245512894,0.00024116085315436798,0.0002411539752718513,0.00024115541430079707,0.0002411498976178158,0.0002411534499498445,0.183669374984887,0.00024115950177645157
De9070d0f44e5,8,0.030601929384027254,0.4364564900923521,0.00024115619865043277,0.10315797359469446,0.00024117526541528266,0.0002411516998857064,0.13415215979345624,0.00024115190550777116,0.00024114962937052105,0.12388293018653207,0.1705427322501081
De9070d0f44e5,9,0.12067370531398951,0.46860403089146396,0.08301782360740642,0.09284754974699938,0.11254748417643592,0.00023862958073767233,0.1211162475406464,0.00023863269059093536,0.00023862205928815725,0.00023863389614688695,0.00023864049629477148
De9070d0f44e5,10,0.00023313042574279845,0.5883633767669681,0.00023311802932679513,0.038094249181509325,0.0002331234010734421,0.00023311156060222465,0.00023311823906849266,0.00023311926524525778,0.000233115432270289,0.137666588829108,0.23424394886908506
De9070d0f44e5,11,0.0006184752104910607,0.3476750474777113,0.0006184965053093995,0.0006185096202744513,0.0006184739994029195,0.0006184791032748086,0.0006184878789365,0.0006184557048891322,0.0006184871858489407,0.0006184991793940791,0.6467585881344674
D39a7eeed7aaa,0,0.00023552910893666636,0.00023553542369562398,0.00023553561633722677,0.00023552781233641094,0.10502898588281305,0.00023553019366615504,0.00023554254712380827,0.00023554007973442142,0.0002355307782514622,0.36656140751698446,0.5265253350401207
D39a7eeed7aaa,1,0.00023133208355297086,0.00023135707331885296,0.00023133000088266934,0.0002313383759086245,0.00023135218899204233,0.00023133945516903934,0.00023134850461583583,0.00023133591983823802,0.000231331652941316,0.706636857110974,0.2912810776338064
D39a7eeed7aaa,2,0.00024639277638743227,0.051976148917035836,0.0002463847368161264,0.00024638655436512864,0.00024638689525260314,0.00024639035807255834,0.07670669965992132,0.00024638621518632354,0.0002463781762999476,0.7611870585185515,0.10840538719211124
D39a7eeed7aaa,3,0.00023800488084899904,0.00023801530208339232,0.00023799007143740148,0.00023799633831965203,0.00023800518685514936,0.03449094963118498,0.09829037330004599,0.00023800580274948476,0.003935067586209242,0.8616175926224038,0.00023799927786194203
D39a7eeed7aaa,4,0.00023862631435560294,0.000238634809209156,0.00023862243970765082,0.0002386191891656324,0.031024427917391316,0.037655758363131786,0.20602991992401157,0.00023862151510825738,0.00023862133544672482,0.6392787213808938,0.08457942681157841
D39a7eeed7aaa,5,0.00024053421623699805,0.00024052245052006988,0.00024053096454839892,0.00024051730241891848,0.04199400903328188,0.08854273583944396,0.15071919723987096,0.0002405221722862739,0.00024050953005563802,0.71706038753144,0.00024053371989691698
D39a7eeed7aaa,6,0.00023989865029452222,0.00023987881727409295,0.00023987975547996716,0.00023988461198137784,0.018189969937287775,0.06914355044230078,0.4976891894453458,0.004538253168140301,0.00023987965243501614,0.40899972658257144,0.00023988893688899895
D39a7eeed7aaa,7,0.0002319296899129017,0.0002319299314746566,0.00023194375576803046,0.00023193002343437094,0.00023193465029025168,0.00023192347479808245,0.00023193293301272019,0.00023192616045803808,0.00023193092395929575,0.9976806469026176,0.00023197155427398587
D39a7eeed7aaa,8,0.0002904627119251714,0.00029046233660958635,0.10974016611986841,0.00029046277376421206,0.00029047479481454023,0.0002904561853534143,0.00029047596413219856,0.3148568255593108,0.00029046465874784494,0.29274263066831685,0.2806271182271569
De11ad817ca1d,0,0.00023313382430955644,0.00023312619383629684,0.00023312736902171352,0.00023312091655093787,0.4456332513250169,0.00023311705708847996,0.0002331286312389923,0.0002331190513000593,0.0002331423368157914,0.00023313906256340256,0.5522685942322578
De11ad817ca1d,1,0.00022959286410002857,0.1782394305107819,0.00022959671526418711,0.000229588178355663,0.34439453924834795,0.00022959211482919358,0.009996096908375517,0.00022959196619003254,0.014033290723395724,0.00022959085637096695,0.45195908991398875
De11ad817ca1d,2,0.0002349391694803236,0.15826509011206016,0.05309681083547758,0.00023492711232043874,0.32780894506490804,0.00023492530702635224,0.0002349206545127786,0.0002349320763576271,0.00023493208628282383,0.00023493237548582804,0.45918464520608804
De11ad817ca1d,3,0.00023554830988057934,0.11992658497856785,0.026909659244412625,0.00023554070090180696,0.6315080216776583,0.00023555171083681513,0.04130167998908086,0.0002355383458923141,0.042446424107767715,0.00023553773363155047,0.1367299132013695
De11ad817ca1d,4,0.0002605063846695667,0.3639065475564987,0.0002605211812183084,0.0002605121519348292,0.5392001213589173,0.05328013271351941,0.041789597658751135,0.0002605157875167583,0.0002605114258898914,0.0002605154029815933,0.0002605183781024405
De11ad817ca1d,5,0.00023252999189185428,0.15781263304642887,0.0412236539430767,0.0002325264367995269,0.6987390459818821,0.00023252751629741962,0.05746513577489304,0.00023251892356115277,0.04336437192876048,0.00023253062177464086,0.00023252583463401492
De11ad817ca1d,6,0.00024909484441734225,0.09862694898570211,0.014870168813516995,0.02538086880668277,0.6547098291380492,0.0002490902533648918,0.16751969803277833,0.00024909752501651674,0.0002490851525294425,0.03764703012218151,0.0002490883257609087
De11ad817ca1d,7,0.0002398937310100553,0.29008304057301787,0.020405982978406033,0.0002398896656664989,0.6875918759005085,0.00023988810552709653,0.0002398888271992308,0.00023988185246011723,0.00023988955871602607,0.0002398823494737535,0.0002398864580147643
De11ad817ca1d,8,0.00024572459387221584,0.33644809354546346,0.039405512563477914,0.05677000142578005,0.43899665564728463,0.00024572146466148405,0.055296121570352075,0.00024571741632879355,0.00024574678634259453,0.0002457298875408074,0.07185497509889612
De11ad817ca1d,9,0.0002319297376542147,0.11880013557917513,0.00023193176001513793,0.04384784592118955,0.6373100410754077,0.00023193641675337988,0.1737468005212637,0.00023193153174500095,0.02490358022021311,0.00023193695912329952,0.00023193027745979297
De11ad817ca1d,10,0.00023431939012673862,0.00023432300251632568,0.00023432506605988853,0.06402409380587194,0.9338669703022442,0.00023431678646851364,0.00023433773154766786,0.00023433318275245136,0.00023433512691675853,0.00023432570339008564,0.00023431990210551532
De11ad817ca1d,11,0.0002307532563110789,0.00023076098925238278,0.0002307694316592464,0.00023075979418696815,0.8752569098548105,0.030588157178811328,0.0923088659232801,0.00023075136691354467,0.00023075586913448841,0.0002307536881088249,0.0002307626475314023
De11ad817ca1d,12,0.00023432524238267956,0.18499451012480359,0.009339905558257453,0.00023432812208395128,0.8037910078637939,0.0002343168922780537,0.00023432313967091783,0.00023431807774742475,0.0002343173134919714,0.00023431913553450035,0.0002343285299555777
De11ad817ca1d,13,0.00033549179069161856,0.0003354954885523787,0.23969987267760146,0.0003354857861950139,0.5925646639945574,0.0003354829282562564,0.00033551418454928213,0.0003354941495889339,0.057360064310256156,0.0003354978326924748,0.10802693685705905
D8d6830743dfc,0,0.00024180938503866328,0.00024180737549967527,0.00024181361350340182,0.00024179115442160166,0.00024181202923472604,0.07327517169902584,0.04242166751702998,0.12099163735939701,0.035421137348318976,0.00024180236706761356,0.7264395501514626
D8d6830743dfc,1,0.00023252679677227505,0.00023253149884805844,0.02300501854742974,0.00023252078935499982,0.15761190005716566,0.0002325345932580502,0.026244629643691494,0.1013828986548754,0.14038065095504654,0.0002325340768249291,0.5502122543867327
D8d6830743dfc,2,0.00024180780934650214,0.0002418127817110136,0.022332463132456258,0.00024180577430931986,0.14841340009740103,0.16519659648111992,0.00024180456300247467,0.10278274510001305,0.11724604496894626,0.00024179730125776746,0.4428197219904364
Ddffd47d0866a,0,0.00025116118946811634,0.00025115538343017767,0.07042690991636369,0.0002511612955161589,0.11284608991060523,0.00025115107552469237,0.0002511494342655948,0.0002511567082762776,0.00025115112447963186,0.17457884186275396,0.6403900720993164
Ddffd47d0866a,1,0.00022786643037833403,0.00022786620065219518,0.012349181456793399,0.0002278651928877684,0.10245307593088743,0.00022787165389324908,0.08817293012473501,0.06777360923385253,0.05157102147450146,0.12082806667163466,0.5559406456297838
Ddffd47d0866a,2,0.03334490534039456,0.059784130295242335,0.26223472900449807,0.00023989434287750042,0.0002398986774400398,0.00023989194608896634,0.00023990549590168663,0.06114608342897014,0.00023988963184516245,0.4036321823706239,0.17865848946611762
Ddffd47d0866a,3,0.000236146641319861,0.17322302196477463,0.1274897530393703,0.00023616046972073352,0.07346107708303527,0.00023614668391355652,0.00023616203321504567,0.14335129278480813,0.00023616079179045396,0.48105792155215743,0.00023615695589447285
Ddffd47d0866a,4,0.00023926780716633706,0.12914632785456392,0.0811577139531373,0.00023926416161789682,0.00023926302982206322,0.00023925580261630224,0.00023925636659578745,0.08463381056800272,0.00023926666489233758,0.7033873075799355,0.00023926621164975542
Ddffd47d0866a,5,0.000245061431060905,0.10364339040350687,0.12180493780397052,0.0002450593987049987,0.05590778002587505,0.0002450637616468253,0.0002450709055020471,0.09970306705361975,0.0002450528611307933,0.6174704583704053,0.00024505798457692105
Ddffd47d0866a,6,0.00024440200431456293,0.00024441264896186965,0.1662261567749309,0.00024440265795018653,0.00024440406914128,0.00024439917176805384,0.00024441285337385726,0.0002444065090822498,0.00024439630320749337,0.8315742102318135,0.0002443967754558786
Ddffd47d0866a,7,0.0002532547768428089,0.0002532579648510906,0.09463512034717818,0.0002532510192305135,0.00025325452473935105,0.0002532436107800803,0.0002532399454763627,0.00025325058887567067,0.00025324734275251366,0.7851528954554254,0.11818598442384795
Ddffd47d0866a,8,0.00025325520045746804,0.0002532542773034133,0.00025325942669992884,0.0002532533643557219,0.0002532549034692981,0.00025324946120354035,0.00025324287093610924,0.0002532527740898987,0.0002532490954944607,0.904102493450652,0.09361823517533821
Ddffd47d0866a,9,0.06113769368281107,0.2347420105538284,0.13343540060230985,0.13865504845523174,0.09121298031022343,0.0002673988644488909,0.00026740127943457813,0.08834128484222524,0.0002674043980600251,0.2514059738204659,0.00026740319096074276
Ddffd47d0866a,10,0.04501879043205432,0.32405945021571814,0.09573701532373136,0.07282040270196737,0.12650184181518329,0.00028234511508217744,0.000282341888057336,0.03606432107309369,0.0002823584426595795,0.2986687888090362,0.00028234418341649154
Ddffd47d0866a,11,0.00027468151839732624,0.08651232129455862,0.04030638910625651,0.1177846665703822,0.5036358440640762,0.00027466939117556764,0.0002746627892392574,0.00027467145499387145,0.00027468060218911207,0.25011273850415067,0.00027467470458075684
Ddffd47d0866a,12,0.0002914084029006811,0.0002914189783345952,0.09990999016169089,0.0002914070620207533,0.698310094822031,0.0002913944504039059,0.0002913900111451972,0.00029139277313110684,0.0002913947154483158,0.19944870669874193,0.0002914019241515966
Ddffd47d0866a,13,0.055629267301542266,0.41267926104770836,0.09599931916415416,0.00026583907691959767,0.30280166264770836,0.000265832239354139,0.0002658364752794768,0.0002658363851445644,0.00026584674130359764,0.1312954604393649,0.00026583848152036163
Ddffd47d0866a,14,0.00025116161799301046,0.3939399596200293,0.1773306078829925,0.11501580608849371,0.1714691565524448,0.00025114895003537033,0.0002511530007736292,0.00025114622492467697,0.029348167628492024,0.11164054709687045,0.00025114533695059046
Ddffd47d0866a,15,0.0002470615044631903,0.00024705838948072174,0.33508247179960793,0.6626940347424475,0.0002470613570233881,0.000247045923428786,0.0002470487320824126,0.0002470505018331032,0.00024705014251435537,0.0002470656940991891,0.0002470512130192948
Ddffd47d0866a,16,0.15070598416231773,0.16694683650528844,0.22941272040485802,0.00024115940923852231,0.00024117384055642214,0.00024116009420467187,0.0002411527057715228,0.0002411645738598757,0.011887829544752688,0.2655066781325768,0.17433414062657535
Ddffd47d0866a,17,0.05537708152240023,0.04509939810875649,0.30302678921682863,0.04401228412939991,0.00030820345442382794,0.0003081837211680409,0.0003081860398490241,0.00030819118798619234,0.00030819534947595044,0.22904594131297562,0.321897545956736
D1c167b303ed0,0,0.0002553812632872422,0.0002553783838030238,0.0002553870899732664,0.000255375400318743,0.0002553856978428293,0.3081513789891764,0.00025537346340176996,0.10893072175075648,0.286805262438281,0.0002553756045061131,0.2943249799186532
D1c167b303ed0,1,0.00025467389893478487,0.0002546752347480564,0.07395480712302684,0.00025469499696409296,0.13394522384988777,0.3617062390443552,0.00025466038184712584,0.2033609123092897,0.07800187372749111,0.0002546691240097214,0.14775757030944567
D1c167b303ed0,2,0.021527481756672743,0.0002658365279815988,0.06584966837397016,0.0002658297559170213,0.00026584973271318637,0.19048792581102303,0.00026583078158228814,0.19089474565412695,0.040526090655042736,0.0002658310581237344,0.4893849098928466
D1c167b303ed0,3,0.017040976051068864,0.0285734524847611,0.04123841368944531,0.0002658350445306141,0.0002658485151387734,0.45581645760592526,0.0002658432275649811,0.0715577257945565,0.19642827192845214,0.000265874014837129,0.18828130164371942
D1c167b303ed0,4,0.0002553861187027193,0.0002553805803349494,0.00025538227491436386,0.0002553873472575344,0.05235811070146649,0.6848920499169613,0.00025539230823784634,0.06831278626384184,0.19264935167243694,0.0002553802404197807,0.00025539257542609063
D1c167b303ed0,5,0.00026353756890882683,0.00026352329540140455,0.08284237280655316,0.0002635129653968461,0.00026353806080781273,0.4976384040403515,0.00026353138180086784,0.1753768326706448,0.1323208029914265,0.00026352771551259774,0.11024041650319576
D1c167b303ed0,6,0.0002886218770336807,0.0002886213817818996,0.25463525157907896,0.00028863313796250974,0.00028861941970392986,0.5603962151108591,0.00028862122171746305,0.0002886376796879486,0.18265951981795808,0.00028863076620727726,0.00028862800800898874
D5df71bcd7569,0,0.21834645129181962,0.055909925566582475,0.15276195572690474,0.0002597569645908585,0.00025977351668881866,0.00025976016500700664,0.00025975625394245917,0.11707580428374112,0.097936226626252,0.00025975875782509057,0.35667083084664586
D5df71bcd7569,1,0.635811139558083,0.05753485744435855,0.2208225900310112,0.0002398893549582059,0.00023989914099948427,0.0002399009870744746,0.00023988876800192107,0.00023989085287414764,0.08415216241314122,0.0002398860675282271,0.00023989538196971698
D5df71bcd7569,2,0.530069997200442,0.09378056264610406,0.102690413883637,0.000238619528795801,0.0747247448887326,0.00023862867818363022,0.0002386219496740495,0.04503532503698694,0.15250583333094078,0.0002386228256727152,0.0002386300308304309
D5df71bcd7569,3,0.3561896708247654,0.013984706836740513,0.13741261346001896,0.00019636100860753787,0.09886642452356405,0.00019637410640376316,0.00019636182254827256,0.09646848888751086,0.0001963713070581078,0.00019636395718046192,0.29609626326560196
Da7ef797c3412,0,0.00023493045490796907,0.28070443667530226,0.00023494163846865928,0.00023492540639363294,0.00023492770471339426,0.000234936270730047,0.00023494914359625227,0.0002349266933518853,0.0002349290737087735,0.00023492254846072574,0.7171811743903664
Da7ef797c3412,1,0.00023799716297915287,0.350957029034919,0.00023800280212545527,0.00023799525409233584,0.00023800274242316387,0.000238001710106388,0.1980475770447106,0.0002379982466905447,0.00023800082347412305,0.00023800542279342438,0.4490913897556859
Da7ef797c3412,2,0.00022959626665459856,0.5432992028230053,0.00022957722051930688,0.00022961225802677345,0.00022958357877275425,0.00022959799036700125,0.08877346579407554,0.0002295808343836009,0.00022958106408279291,0.00022958824267260345,0.3660906139274398
Da7ef797c3412,3,0.0002417961718124691,0.24722676968063473,0.0002418054259954949,0.03651415758539209,0.0002418022747474869,0.05750088604615335,0.4179901838801587,0.00024179690817044291,0.0002417972255541222,0.105902750133577,0.1336562546678041
Da7ef797c3412,4,0.0002650618633823398,0.0002650798166213055,0.0002650634162480088,0.16808668151097683,0.0002650730645469743,0.09792177788530512,0.6916215676346423,0.0002650575428358856,0.000265055368004178,0.00026507241500199223,0.040514509482435006
Da7ef797c3412,5,0.00022338546425602337,0.35060633244671047,0.004590947307897191,0.022610312407304396,0.00022338706890715935,0.00022339132716564712,0.4406261411540575,0.012287947936753854,0.00022338185638174206,0.00022338660134518437,0.16816138642922085
D933970ff55c6,0,0.00023553686862198066,0.048011046931416654,0.00023554507570635607,0.07891206767347256,0.00023553607921987293,0.20846142240197388,0.02594886648982172,0.00023552980551303746,0.016963390826629364,0.00023554927601814076,0.6205255085716065
D933970ff55c6,1,0.00023133825500736197,0.08112486532706036,0.00023134223695468588,0.13205526169124704,0.01383968414600567,0.27659165312904965,0.08396052513465548,0.0002313407573146099,0.0002313327092813404,0.02419850256009755,0.3873041540533262
D933970ff55c6,2,0.00023193077181691679,0.00023193696554923876,0.0002319404150971795,0.027885550195763005,0.0002319396520631981,0.23444716674058644,0.11638666049946539,0.005939244767691189,0.0002319224767851914,0.15667028963880686,0.45751141787637534
D933970ff55c6,3,0.0002343224510008324,0.042444734677308284,0.000234325644016093,0.10985483277366306,0.0002343355678405489,0.2531910725263563,0.13022895586245242,0.0002343188273799259,0.00023431283844223982,0.00023432305485713073,0.4628744657766832
D933970ff55c6,4,0.00022958941807955173,0.12012676787028873,0.00022958528321297483,0.10464841052514141,0.0002295952016939101,0.3065304143365507,0.14709280501444824,0.00022958282767169408,0.05713322994506954,0.04365445135246116,0.21989556822538206
D933970ff55c6,5,0.00024180084906127988,0.11728097509892091,0.00024179219503878098,0.08665817433177776,0.0002418026384858922,0.3802265480833703,0.41414170957698226,0.00024179266843302337,0.00024179381561516527,0.0002417969867524306,0.0002418137555623345
D933970ff55c6,6,0.00023614039927723695,0.04607855030519328,0.00023614273588823707,0.11886517684398804,0.0002361528826392377,0.45298957912394705,0.18721093089819754,0.00023614505010373434,0.00023613967579115094,0.08565651748223252,0.10801852460274197
D933970ff55c6,7,0.029768613176867242,0.08296807585933029,0.0002477202756624975,0.1615727698539618,0.00024773243049765474,0.3879074815873509,0.2601740341142147,0.00024772544005094584,0.00024773910603591336,0.00024772905989197975,0.07637037909613607
D933970ff55c6,8,0.0002650559652681026,0.0002650702531739804,0.00026504971865536184,0.10652752046682643,0.0002650592889144062,0.5384107406417283,0.3164846112094312,0.00026504956167881826,0.0002650521915127039,0.00026508049614402566,0.036721710206666605
D933970ff55c6,9,0.0002713790025619658,0.0002713852306781841,0.0002713775559347995,0.0002714029454075913,0.0002713967119551878,0.508030416357229,0.48952710203692024,0.00027137989834145757,0.0002713918307452096,0.00027138620881584247,0.000271382221410498
D933970ff55c6,10,0.00024571866736107316,0.00024572377014817255,0.00024571278594691755,0.1975046850847083,0.0002457244320741476,0.47089947137068006,0.32963007177058684,0.00024571242148678176,0.00024572424746405045,0.00024571985814847083,0.0002457355913952466
D933970ff55c6,11,0.00023924896288583794,0.03302279030613759,0.00023926171389025472,0.3120687036245032,0.04876560282846442,0.32702840612014167,0.2149129860777206,0.00023925693134789247,0.034622607260795045,0.028621875382650742,0.0002392607914628557
D933970ff55c6,12,0.0002411559786215299,0.12155094659603445,0.21220979942356424,0.19392498877651373,0.00024116056999215016,0.20146976452859466,0.12746336977874978,0.00024116301625522283,0.00024117586587519706,0.1421753091449782,0.00024116632082099042
D514e784e1e1b,0,0.00023192886397338996,0.20372047548733274,0.00023193274152863178,0.12347991778568074,0.04137475437357842,0.22024297182120411,0.00023192746943165828,0.00023193975299512664,0.00023192603898109307,0.00023193351721400245,0.40979029214808005
D514e784e1e1b,1,0.00023133832780317554,0.11761027610738253,0.00023134202424376357,0.053916424914950925,0.0002313372327975888,0.3802389788346858,0.00023134341535699287,0.00023133774330006733,0.0002313494729294664,0.00023133917364917024,0.4466149327529005
D514e784e1e1b,2,0.00023252334533952013,0.5439276154106368,0.0002325284524600032,0.14075260570286355,0.00023252365886660537,0.19379035475172685,0.00023252293475754275,0.00023252623701521734,0.0002325152289735429,0.0002325267680435102,0.11990175750931677
D514e784e1e1b,3,0.00023433067239445542,0.5295682259954145,0.00023432095404794377,0.18123426009571436,0.00023431724852615625,0.25276670494894865,0.03479055302624284,0.00023431603347534924,0.00023431593094307523,0.00023432715247514088,0.00023432794181741677
D514e784e1e1b,4,0.00023251309224234977,0.00023252768241253903,0.00023251425684276138,0.23214410182579784,0.00023252654613811985,0.5766211074219054,0.1502543622465075,0.00023252014266601017,0.03935277171508107,0.00023252037480546816,0.00023253469560097844
D514e784e1e1b,5,0.037558991228058794,0.0002525527770838891,0.00025254368357324866,0.3664708669297825,0.00025254774398173277,0.35090793495303996,0.1896642684382518,0.0002525422135486043,0.0538826544412196,0.00025254469881936923,0.00025255289264075175
D514e784e1e1b,6,0.00026276622058988295,0.08581252737260793,0.016741299065013253,0.3568117933830033,0.00026278032812827645,0.3077118125351792,0.1609830080208625,0.015419146045135097,0.025601476234179917,0.030130630826207257,0.00026275996909334517
D514e784e1e1b,7,0.0002681785423076662,0.000268186977695262,0.00026817835583452655,0.2117694904663017,0.00026818060521667503,0.4669932844897536,0.22133555437218058,0.0002681768821912725,0.09802440023967278,0.0002681919177136545,0.0002681771511321839
D514e784e1e1b,8,0.00026897856787770174,0.00026898346117152706,0.0002689765261217443,0.3780037668182444,0.0002689764605718287,0.30753423359835563,0.2078072768782504,0.00026897123269493446,0.10477187128570817,0.00026899513021673253,0.00026897004078680275
D514e784e1e1b,9,0.0002850144067360018,0.0002850172450910023,0.000285028034454144,0.38596763359624003,0.00028499874952625585,0.28007759288743755,0.1890861468199435,0.057760340105048616,0.08539821535143838,0.0002850086235061205,0.0002850041805783736
D514e784e1e1b,10,0.0002463825381397975,0.00024638625424430987,0.00024638746305413116,0.4887311789606336,0.0002463849388533782,0.22281306831814962,0.1544208920118133,0.00024638306617606157,0.1226316235383814,0.009924933657066747,0.0002463792534876804
D514e784e1e1b,11,0.00024309197019693892,0.0002430902902825723,0.00024308592457501446,0.9492257607215224,0.00024308437534867626,0.04858642589692674,0.00024309203723399834,0.00024308638121661632,0.0002430973861294308,0.00024308935704316645,0.00024309565952438834
D514e784e1e1b,12,0.00024052851548289557,0.6273879744869125,0.0928546768564909,0.15200117906425234,0.00024052995064365444,0.00024054043701201354,0.12607246197862723,0.00024052376734069383,0.00024053154640318747,0.00024053051614206046,0.00024052288069273498
D514e784e1e1b,13,0.00023253236844484492,0.18762472719697745,0.00023252311547804132,0.3567733360591757,0.0002325228283014642,0.321246948211743,0.0557710484964591,0.0002325204333465651,0.0002325250299792588,0.07718878358106614,0.00023253267902848129
D514e784e1e1b,14,0.00029139951923745915,0.15596000812539187,0.17385029957098938,0.22752555156826887,0.00029139958865732294,0.27014616485703374,0.0002914084955945639,0.00029139417969717727,0.00029138884443890217,0.0002913977213529361,0.17076958752933774
Dfdc0a7ab21ac,0,0.00026201775952572673,0.00026201096370080456,0.058749579439428254,0.0002620005745358232,0.0002620109736293475,0.0002620320947580201,0.00026200607076492827,0.7859906232286037,0.00026202620201657236,0.00026199842963957006,0.15316369426339718
Dfdc0a7ab21ac,1,0.00025611001634207823,0.00025611187360193466,0.11819827637890253,0.00025611118781556237,0.04842874086002695,0.08261923679268175,0.0002561018649185616,0.5988845240046745,0.029289683383260177,0.02197533323951415,0.09957977039826188
Dfdc0a7ab21ac,2,0.0002443959738893568,0.00024440056800064324,0.21256066704620546,0.00024441309006161845,0.1195621324406879,0.00024439822055286823,0.00024441067942974215,0.6659219751955981,0.0002443971676346702,0.0002444075031441376,0.00024440211479548254
Dfdc0a7ab21ac,3,0.00024774622447315217,0.00024774060074503183,0.16490714794491096,0.00024772678217203903,0.0002477475198646089,0.16081094561360024,0.00024772737624081253,0.5902595690336865,0.0002477365878679691,0.00024773724359358746,0.08228817507284518
Dfdc0a7ab21ac,4,0.0002546632536651011,0.000254669173116325,0.00025466929544042176,0.0002546751345747344,0.0002546788716683663,0.29527656884441916,0.0002546708810033493,0.7024313920224825,0.0002546659198001501,0.00025466384987348964,0.00025468275395658954
Dfdc0a7ab21ac,5,0.0002470571202934529,0.00024706104163749567,0.029984250691863976,0.00024706493191120415,0.06809018347527779,0.054955083792779184,0.08851359097336532,0.7359374325435751,0.02128415070525326,0.0002470607324563283,0.0002470639915866427
Dfdc0a7ab21ac,6,0.058234924512190506,0.00026979162731547465,0.08526105472864155,0.00026978571618972155,0.03470159456076137,0.07009328818743622,0.041844320061429234,0.6712479873838585,0.03753767440355944,0.00026977910846476565,0.00026979971015315187
Dfdc0a7ab21ac,7,0.00026740117253691033,0.0002674050765409904,0.0002674010743725273,0.0002674023023952233,0.00026741624257812477,0.16517598687064472,0.037581236063260096,0.5596173027569363,0.06460658860830686,0.00026740333597020986,0.1714144564964581
Dfdc0a7ab21ac,8,0.021928639541565428,0.00027889029583477465,0.0002789074756244893,0.07271318165270028,0.10336282408866626,0.00027890666885499276,0.03725779207371586,0.7630641986083321,0.00027887996446662055,0.00027888072285494,0.0002788989073842083
Dfdc0a7ab21ac,9,0.0002582982024963398,0.0002583004057754238,0.00025828599401001934,0.0002582897339658875,0.00025831623153097915,0.012140737439154295,0.0002582900186480977,0.9855345592737085,0.00025830102403091355,0.00025828692939753694,0.0002583347472821182
Dfdc0a7ab21ac,10,0.00025684154881826243,0.12410872306784743,0.04099923468000359,0.0002568351401498599,0.0002568362912707253,0.19193407821736994,0.0002568406969483178,0.5900039965668383,0.0002568334771057884,0.05141294624333688,0.00025683407031060386
Dfdc0a7ab21ac,11,0.00024841643122990633,0.0002484088442912714,0.14955009967967517,0.06930258691436195,0.2497888734060044,0.0002484091278544333,0.0002483986974124255,0.5296195742534919,0.00024841074032666403,0.00024841182249526914,0.00024841008285653214
Dfdc0a7ab21ac,12,0.00026898057896773236,0.0002689773920240015,0.00026901469504917315,0.0002689832461116651,0.00026898944226238136,0.29930758915672595,0.029806244940775866,0.6687342724436698,0.00026898145989014924,0.00026898132815009076,0.0002689853163730349
Dfdc0a7ab21ac,13,0.0002650757677204315,0.00026506783186162436,0.00026506656263828384,0.0002650698491922841,0.2780813272449882,0.09868915934055913,0.0002650866950755333,0.6211089266614045,0.0002650723945780288,0.0002650773398186261,0.0002650703121634896
Dfdc0a7ab21ac,14,0.13288112622599038,0.00025325699283803676,0.00025326068070191606,0.000253253099096887,0.12883112680873016,0.07578179408924778,0.0002532771668362111,0.6607331363822748,0.0002532514837715862,0.0002532646178117068,0.0002532524527003736
Dfdc0a7ab21ac,15,0.00025184583632773417,0.0002518610444486272,0.00025184728102974145,0.0002518483578744038,0.07095308037845026,0.16383196892146873,0.00025185102793668393,0.6942362307998077,0.00025184436915164267,0.06921576679948302,0.0002518551840213462
Dfdc0a7ab21ac,16,0.0722130421572318,0.00025396067718061124,0.00025396908982388893,0.06782609456773646,0.09259036781739619,0.16974901454450225,0.00025395450335165634,0.5960977079773143,0.00025395653643434926,0.0002539624047849356,0.00025396972424338835
Dfdc0a7ab21ac,17,0.00024638873220834295,0.00024639894540803153,0.22297938203390807,0.0002464022379333297,0.2276087372492395,0.0002463949293700278,0.00024638434325549265,0.5474407329542583,0.00024638674457964276,0.0002463926909549304,0.0002463991388844459
Dfdc0a7ab21ac,18,0.0002575542596521907,0.00025755851807613984,0.3045613408427696,0.0002575661161384405,0.0002575792690035419,0.13717720485513177,0.0002575564231926429,0.46115976141057013,0.0002575495383328526,0.00025755031490687873,0.09529877845222576
Dfdc0a7ab21ac,19,0.0002418084825589529,0.00024180667925202605,0.5676906856077517,0.00024180547156555366,0.12951598057096703,0.00024180531649036706,0.020975822855227363,0.28012486474597476,0.00024180215364750414,0.00024180722587851164,0.00024181089068614405
Dfdc0a7ab21ac,20,0.036845402146322294,0.0002511555557091591,0.45692997897838666,0.0002511508434341086,0.08446510997626104,0.00025116027466949966,0.07986086531424628,0.259009884379142,0.00025116566373474053,0.0002511540346483825,0.08163297283344573
D9894a8b2bb51,0,0.00023800484888007923,0.00023801149554735567,0.00023800442806731675,0.00023800656278442743,0.00023801169536838776,0.000238011211186473,0.25265510416544323,0.2875913203393548,0.017916595117454585,0.14632733442938534,0.294081595706528
D9894a8b2bb51,1,0.00023924579237379493,0.20774854707000615,0.00023925011416028958,0.0002392563723008722,0.1715103439853775,0.0002392714916857499,0.2072065362573224,0.2813205975306056,0.00023925607846346156,0.09121531545675825,0.03980237985094599
D9894a8b2bb51,2,0.00022902420066250303,0.39466370720457983,0.00022900733351309774,0.0002290091606710279,0.17709907115910706,0.0002290100242912788,0.04327541479939733,0.22042837722611572,0.00022900057181763462,0.01557983552544128,0.14780854279440314
D9894a8b2bb51,3,0.0005411620279415476,0.046852894506649166,0.0005411647040384763,0.0005411571280726919,0.0005411501172447635,0.0005411482560225894,0.0005411677782210828,0.11838619536829748,0.0005411490096981043,0.0005411809574462253,0.8304316301463679
Da6361d07d275,0,0.00023926630039501073,0.00023925707531641607,0.0002392595307993167,0.00023925883096800334,0.00023925135622241195,0.018345497682003727,0.35167357960358103,0.03474103632828249,0.00023928110259327886,0.022696843360372854,0.5711074688294656
Da6361d07d275,1,0.0002361524261644746,0.00023615085143392146,0.00023614561280880375,0.00023615113350160076,0.0002361520324945725,0.00023615692211437025,0.34313481019687553,0.048480232853184334,0.00023614403493608458,0.23132616113192253,0.37540574280456374
Da6361d07d275,2,0.00024308294847964488,0.00024310159943621604,0.00024309819077471514,0.0002430930112065234,0.018547297472127675,0.000243098348171589,0.31778338899857517,0.07968180238657403,0.00024309036800803442,0.2554980132648028,0.3270309334118436
Da6361d07d275,3,0.0002444048963239069,0.00024440367655521216,0.0002444003904963989,0.0002444015187146874,0.0002444119403411368,0.10430403830120658,0.5362388165522677,0.0002444122095489347,0.020045174394974902,0.03839416809064256,0.299551368028928
Da6361d07d275,4,0.00025398799560982137,0.0002539542868998638,0.00025395121399757816,0.0002539745048663297,0.00025395890272823454,0.010300708437377121,0.9874136267915665,0.00025395603928489576,0.0002539717290136225,0.0002539550476231342,0.0002539550510328557
Da6361d07d275,5,0.00025536699910090854,0.00025537344663159784,0.0002553700741133647,0.00025537776735888227,0.0002553764684036036,0.0002553722729807572,0.9974462625265871,0.0002553868526888713,0.0002553695303113121,0.00025537251522523473,0.0002553715465984847
Da6361d07d275,6,0.00025681692649687015,0.00025681575989441906,0.00025681840610817483,0.0002568182699527659,0.0002568223185376305,0.0002568168541408852,0.9974318237021126,0.00025681305948407234,0.00025681835884503113,0.0002568181362256185,0.000256818208201826
Da6361d07d275,7,0.0002518493941173083,0.000251848113775955,0.02597278669443086,0.09997387145971444,0.0002518490944402547,0.09792176771596733,0.691976202465652,0.00025184492236563725,0.00025184621021414786,0.08264428548693652,0.000251848442385604
Da6361d07d275,8,0.0002635237870536375,0.00026352538574375597,0.000263541038413192,0.0002635193176239853,0.00026352593578841564,0.00026352476972112436,0.9973647403199777,0.00026352912782332135,0.00026352125726489977,0.0002635260548832059,0.00026352300570686856
Da6361d07d275,9,0.0005022884284186391,0.0005022959924236908,0.07703974574591632,0.0005022853759693691,0.000502285987144405,0.0005022863202395375,0.338801253235831,0.0005023123105017076,0.0005022844980918542,0.050011775844099875,0.5306311862613637
D3ab7a5b14686,0,0.00023193288137934084,0.15808239934108742,0.0002319384415146358,0.00023193907123457652,0.00023192920880364706,0.00023194205838435294,0.00023193879588667818,0.08630927210673879,0.11755939611359591,0.00023194032737251013,0.6364253716540021
D3ab7a5b14686,1,0.0002325309731123873,0.2983515894898062,0.00023252921481622444,0.14700765271325017,0.07413077658568902,0.0002325259941647864,0.17193217507218903,0.00023253729939952557,0.00023253187769809298,0.2646655585816428,0.0427495921982317
D3ab7a5b14686,2,0.0002405166311288763,0.00024051888232455007,0.0002405165643283548,0.00024053255364186034,0.0002405168100857821,0.0002405197031245572,0.00024053150109900774,0.000240527286740815,0.10940261605172959,0.8884326857660008,0.00024051824979589114
D3ab7a5b14686,3,0.00077705510728861,0.0007770909309014674,0.0007771054582324143,0.0007770957048565323,0.0007770476236960862,0.0007770475264495912,0.0007770539670269291,0.0007770544401437877,0.0007770565522219604,0.06910805493369661,0.923898337755486
D2590938a004e,0,0.0002532470822360211,0.00025324461714626114,0.00025326148596262134,0.00025324552367423503,0.00025324728221033736,0.0002532559166044886,0.0002532409987835348,0.00025325051367230543,0.4283018943453153,0.00025324228187124096,0.5694188699525237
D2590938a004e,1,0.00023017121451918517,0.00023017282058630456,0.06974281761989075,0.0002301845271897755,0.00023018416702249756,0.10042916265785186,0.10632816419757411,0.15370651621797266,0.09295209701180682,0.00023018007088168797,0.4756903494947043
D2590938a004e,2,0.0002307510922565279,0.0002307571570346652,0.015646419104600254,0.00023075990621124637,0.00023075886986767986,0.5719993509640523,0.00023076003463576045,0.00023075450675480387,0.22350280610405138,0.00023075644722206666,0.1872361258133133
D2590938a004e,3,0.00022958972411781049,0.00022958860591293912,0.04783427265584573,0.00022959082179761312,0.0002295939367361465,0.3327813003335869,0.00022959111493113115,0.00022959221918991633,0.34000692803850213,0.0002295888069512388,0.2777703637424285
D2590938a004e,4,0.0002337271301871175,0.09004696549666337,0.019074258029124477,0.0002337114403825389,0.13887694048685717,0.08585503921327244,0.00023371735228026996,0.145492106017965,0.1663617263773121,0.00023371935645898924,0.35335808909949634
D2590938a004e,5,0.00024180809490861183,0.09597398178875534,0.09053739002302916,0.00024181909268557048,0.00024180136095832506,0.26577352605986937,0.0002417928428369013,0.17170072884481974,0.2793764453322094,0.0002418179339187636,0.0954288886260087
D2590938a004e,6,0.0002349317952641185,0.07052922216499485,0.08653600206283875,0.01866957545862396,0.00023493324052457267,0.05001486001232521,0.00023493232428861653,0.0002349353497456015,0.29728209898990543,0.00023493238168290924,0.47579357621980595
D2590938a004e,7,0.00023193050874417275,0.00023192600113864205,0.00023193375282809192,0.00023192993361981692,0.00023194197792035694,0.03739180378200767,0.00023192168780781158,0.00023194301896129775,0.07953558990869233,0.0002319220270425966,0.8812171574012373
D2590938a004e,8,0.00023076256156852117,0.0002307559460085627,0.00023075877894501238,0.00023075368273441478,0.13215813444435878,0.08280808464037673,0.00023075296850537367,0.0002307593458195832,0.06910399625528417,0.0002307623038090041,0.7143144790725898
D2590938a004e,9,0.06703355062518213,0.00023676629909391756,0.0002367707750671037,0.0002367759920509648,0.2025162556307418,0.00023677461097934102,0.00023676280107172163,0.04963971332561799,0.13369850266056751,0.00023676512475045292,0.5456913621548771
D2590938a004e,10,0.00024908939653523865,0.0002490931661881137,0.0176667385376353,0.01940625104994718,0.0002490902603781562,0.0002490977011467954,0.00024909477114424974,0.00024909094059461607,0.4797534519317259,0.0002490914940122335,0.4814299107506922
D2590938a004e,11,0.15189372974605428,0.10414722578655732,0.00027220721702280257,0.0002722087079442885,0.0002722078350259575,0.00027220182935666236,0.000272213164601323,0.0002722073177104739,0.5983023920280831,0.14375120433047597,0.0002722020371677942
D2590938a004e,12,0.00025976237187355877,0.0002597657071430011,0.0002597756729904955,0.09926973733101566,0.0002597715205612406,0.00025977321736124135,0.056515349010165555,0.30539811143294854,0.5369984103947409,0.00025977316026651776,0.0002597701809333183
D2590938a004e,13,0.0002697942948788574,0.00026979269230129727,0.00026977487489437507,0.00026978354334506426,0.0002697996451308297,0.11657894765833361,0.00026977984006990594,0.0002697679333218507,0.8809929864233845,0.00026979983416735843,0.00026977326017247634
D2590938a004e,14,0.0002553771876023723,0.0002553765656707883,0.0002553838286817506,0.0002553834727695672,0.0002553742908629902,0.0002553793075328124,0.00025537276001948254,0.00025537915625287573,0.9974462129038706,0.0002553832914216218,0.0002553772353150722
D2590938a004e,15,0.0002666101949458365,0.0002666090349154584,0.0002666049994648201,0.0002666128711533856,0.00026660099825376896,0.00026660554437710546,0.00026660383375713963,0.0002666042892415549,0.9973339381414248,0.00026660874512307006,0.00026660134734308864
D2590938a004e,16,0.0002484346661178549,0.000248420978637325,0.0002484136276215609,0.00024840516904714146,0.0002484128785373671,0.0002484142197158199,0.00024840416483343816,0.16188655008867556,0.8358777191953813,0.0002484130190712678,0.0002484119923612493
D2590938a004e,17,0.0002814693469751116,0.000281490163414585,0.017000007880677685,0.0002814805909801156,0.0002814751342019759,0.04746958213180185,0.0002814774565268427,0.00028147933370054724,0.9332785738557698,0.00028148313054740444,0.000281480975404034
D2590938a004e,18,0.0002814678302389026,0.00028146902225728473,0.0002814727293491371,0.00028146747839705817,0.0002814605822004574,0.0002814623533975968,0.00028146299286082064,0.00028146098453869084,0.9971853460675425,0.00028146780657876865,0.00028146215263891654
D2590938a004e,19,0.0002518531123649847,0.13570958130969418,0.04221459208010672,0.0002518437403238445,0.0002518554984859265,0.0002518460920289374,0.00025184368890276754,0.0002518598901654182,0.7134320102345277,0.000251845336966024,0.10688086901643346
D2590938a004e,20,0.00047109419841564494,0.0004710645861181315,0.4270469455305444,0.00047109843487051615,0.00047114676220659355,0.00047105966092278977,0.00047106103525546965,0.00047109410638909553,0.13825469259170184,0.2952905380037592,0.1361102050898163
D4bfedf8b0798,0,0.0002470687693927638,0.00024705284519750177,0.18841914325950787,0.00024705322454182595,0.0002470537269519523,0.00024704860202959966,0.0002470468696605861,0.0002470528488266786,0.052852519665435735,0.0002470477504322171,0.7567519124380232
D4bfedf8b0798,1,0.17748670947712047,0.00023863550122440883,0.4120158684628588,0.00023863625593086875,0.00023862640300791803,0.00023861914152327528,0.0002386277075529585,0.0002386250473698931,0.00023862442265320152,0.00023862809893156298,0.40858839948182657
D4bfedf8b0798,2,0.11554653957811344,0.1050332683266565,0.4952910251806045,0.266030609132508,0.0002319323832807014,0.0002319264037807218,0.005958182323052319,0.006320483762793423,0.004892159043787856,0.00023193551674194812,0.00023193834868068846
D4bfedf8b0798,3,0.037943050308775005,0.00023493286589963398,0.5293807547584334,0.060065920242686976,0.0002349260724309939,0.00023492469005847126,0.00023492051311282575,0.0539029578395254,0.12413180710544186,0.0002349313578973605,0.19340087424573818
D4bfedf8b0798,4,0.07173015031989037,0.10208686650549388,0.5119049567669418,0.03966068050402685,0.00024051994152557188,0.00024052474814330812,0.00024051902285917998,0.028608763889702713,0.0002405425518230805,0.0002405407490958249,0.24480593500049735
D4bfedf8b0798,5,0.1442962856114646,0.12137420163672899,0.3933207601494176,0.0002373829235605895,0.000237379210396098,0.00023737595965902869,0.00023737372262060615,0.011860595900925825,0.044984637244372,0.00023738684390787386,0.2829766207969469
D4bfedf8b0798,6,0.04863464143075653,0.1316734677293566,0.43489959306600157,0.00023313345952366497,0.00023312041815201783,0.00023311489901349473,0.0002331141427693579,0.00023311861468176215,0.00023314575274738404,0.00023311868581273233,0.38316043180118486
D4bfedf8b0798,7,0.00023252652249356373,0.04266831865677738,0.28766972037504546,0.00023252995995104043,0.00023252359537667363,0.00023252108625364316,0.00023252645651620525,0.00023252099983126783,0.00023254463468270158,0.00023252044154895352,0.667801747271523
D4bfedf8b0798,8,0.00023192374853542547,0.030820531337469717,0.15154761151995894,0.0002319415927686952,0.000231929085689734,0.00023194105809579043,0.0002319257363949348,0.0002319201297569628,0.00023192025594013783,0.00023194015098842416,0.8157764153844013
D4bfedf8b0798,9,0.05340821013407808,0.02776952392966162,0.4132217063501269,0.00023432968714610765,0.00023432452171110314,0.00023431896296586334,0.00023431773074675515,0.0002343246091483704,0.03329976337655444,0.00023432839434945525,0.4708948523035113
D4bfedf8b0798,10,0.00031900675329834345,0.00031902131941875485,0.3374337481630683,0.00031900891170708815,0.0003190068269568861,0.00031901297334317047,0.0003189960498803221,0.000318994438182399,0.0003190107814452334,0.00031901349921256136,0.6596951802834868
D78df4a50ef94,0,0.05084569393588968,0.0002497658202144265,0.08777842433639374,0.0002497801023664592,0.00024977124007510496,0.35926359773869626,0.0002497669746664419,0.0002497849288021166,0.08412686243506984,0.000249766397312053,0.4164867860905139
D78df4a50ef94,1,0.08092476170962745,0.0002658401707149242,0.09939917859502162,0.0002658429028184025,0.000265852063242922,0.8175493350664146,0.00026583270033756466,0.00026583268516326057,0.00026584527537843394,0.0002658322292865058,0.00026584660199440634
D78df4a50ef94,2,0.0002518604287451776,0.0002518473393178845,0.00025188157133989165,0.000251851231594553,0.00025184689539825095,0.9974814703227475,0.00025183920766992245,0.00025184504520760876,0.0002518506395763458,0.00025185124099177204,0.00025185607741123374
D78df4a50ef94,3,0.025005139080815992,0.00025975742099858577,0.00025976606499201587,0.0002597746239422113,0.0002597604496861903,0.7038020951909427,0.0002597625469932328,0.00025976206474363507,0.11668153881749425,0.0002597618883652616,0.15269288185102586
D78df4a50ef94,4,0.00024309726811692166,0.09939054994866167,0.1615233451796357,0.00024310020062715717,0.050335237210072284,0.5251414128316274,0.0002430936553104233,0.00024310713375342137,0.16215085599822013,0.00024310063899884939,0.00024309993497577092
D78df4a50ef94,5,0.13964405796890245,0.06694813661826998,0.3827014910314598,0.0002575623787087981,0.00025756413331194954,0.40890339188162333,0.0002575636651100627,0.00025756078344795776,0.0002575587961005368,0.00025755571040928936,0.00025755703265588933
D78df4a50ef94,6,0.11001941339233712,0.0002858977058713107,0.0002859049578413095,0.00028589660017012714,0.0002859181243102707,0.8874074749303401,0.0002858959696272493,0.00028589762158344375,0.00028589267881534757,0.0002858954260391403,0.00028591259306438117
D78df4a50ef94,7,0.043785137140291884,0.0002553872258815328,0.00025539916430001073,0.00025540584939470165,0.00025539103256965823,0.807122271911988,0.00025541256267499373,0.00025538787271783353,0.00025539706555041854,0.00025538503997646366,0.14704942513465433
D78df4a50ef94,8,0.3060913277019907,0.0002553876008264066,0.00025539250653394257,0.00025539121416438853,0.000255382296846764,0.6916102022704205,0.0002553796061698346,0.00025538234113762657,0.00025539158062354766,0.0002553801559723464,0.00025538272531400766
D78df4a50ef94,9,0.26440340105250687,0.00025466951624730213,0.00025467397612336814,0.00025466764155976964,0.00025466768566557367,0.7333045349980255,0.0002546759042515752,0.00025467725687381457,0.0002546899865874195,0.0002546728252069205,0.00025466915695193486
D78df4a50ef94,10,0.2486771861496431,0.00026429727484335243,0.00026430172239803927,0.0002642969994827666,0.00026429459784686125,0.7489441536451265,0.0002642850861874833,0.0002642840357799414,0.0002643137555255683,0.00026430212013106314,0.0002642846130352977
D78df4a50ef94,11,0.4049813350413319,0.0003000592073266514,0.3247022615379724,0.01727892637193918,0.00030004843290172957,0.22205191235101135,0.0003000565859328491,0.0003000544279739576,0.02918524141171158,0.00030005634126907207,0.0003000482906291596
D78df4a50ef94,12,0.00027221202770244285,0.00027220765058951163,0.08783183666558833,0.00027221679744573047,0.00027221007745840384,0.5118906463847568,0.00027219905094478527,0.00027219846687914296,0.27891278683008347,0.0002722063735814031,0.11945927967497012
D78df4a50ef94,13,0.08674170921835679,0.00026352473983583697,0.06063115876632845,0.23992963747144727,0.0002635254940967701,0.6108528129310249,0.00026351397673325146,0.00026352797245085915,0.00026354046842642773,0.00026351606403563155,0.00026353289726376803
D78df4a50ef94,14,0.0002325277197331698,0.00023253354724870506,0.35670877140521634,0.0002325291139153002,0.00023252213536351218,0.4620873683078082,0.000232525818184704,0.00023252912996954227,0.00023252201837683335,0.00023253175182623827,0.1793436390523573
Df606698e5a62,0,0.0002386283824518399,0.00023862082988187504,0.12545204686707848,0.0002386201624959365,0.0002386285568431717,0.00023863162155741345,0.00023861722877294224,0.2056421001663415,0.14350742534130706,0.00023862138352859468,0.5237280594597412
Df606698e5a62,1,0.00023311876730688742,0.00023311835151635746,0.0591815989067463,0.00023313228457611773,0.07602080744012982,0.09530770304216812,0.00023312921683282779,0.2352214970188891,0.05531794033277814,0.00023312374432798378,0.47778483089472834
Df606698e5a62,2,0.0002284346666530014,0.00022844054523727165,0.04818978850175838,0.0002284408373470302,0.12680345135406781,0.03705048128142835,0.055968769611431116,0.053036902586825356,0.04268582467807136,0.045493087513304706,0.5900863784238757
Df606698e5a62,3,0.0002337226523316987,0.00023371257871883898,0.0002337277463004749,0.00023371548368248944,0.00023371944567188315,0.00023372428567384226,0.00023373305285142194,0.2708697239324115,0.07266427008285271,0.00023371890957230457,0.6545962318299329
Df606698e5a62,4,0.025954244344417926,0.00030714874827433424,0.00030716274692616695,0.0003071497340662498,0.00030716537999371236,0.0003071744107444933,0.0003071490794155994,0.3128312634935329,0.00030715997537459337,0.00030714737705432105,0.6587572347101996
D4531a0b32047,0,0.00023554337087224647,0.00023553316522694672,0.23846297826707002,0.0002355344499050673,0.00023553277706549257,0.10735887763428369,0.0002355481326437226,0.2678404753551621,0.00023554944001191876,0.028042322609507637,0.3568821047982512
D4531a0b32047,1,0.00024118984549106916,0.0002411604210011581,0.08578373029897458,0.00024116418924414402,0.13811959815588742,0.0002411633816329673,0.00024116167632620968,0.44085056950251905,0.05078997065425994,0.00024116259557358454,0.28300912927908983
D4531a0b32047,2,0.00024180294765662987,0.00024180587902613646,0.1692619980673032,0.00024181272408267397,0.00024180869666448975,0.00024180269441491823,0.00024179662336010958,0.5895638735925864,0.11114062007124191,0.00024180551414394272,0.12834087318951962
D4531a0b32047,3,0.03999995329364848,0.0716715578894506,0.2864401611851077,0.00023738330937985187,0.00023738287661373986,0.00023739141241775106,0.00023737486155193341,0.2966812660703868,0.00023738971947514937,0.00023737933577235674,0.30378276004619564
D4531a0b32047,4,0.027521689220427102,0.07816956721688192,0.4258186783036989,0.00023553725032335307,0.00023553493868959797,0.05174673839427964,0.0002355265816477946,0.0002355501309202511,0.00023555230084166761,0.00023554577778257417,0.41533007988450726
D4531a0b32047,5,0.00023371844601506302,0.017705247620897088,0.5405684158671124,0.00023373184200238287,0.00023371978841721274,0.00023371874629915545,0.00023371200989337487,0.00023372734423759804,0.00023373334628642853,0.00023372500459914328,0.43985654998424023
D4531a0b32047,6,0.00024181361912426703,0.10348616128722303,0.3226791005733697,0.00024181240129286417,0.00024180053890935312,0.0002418071716131053,0.00024179654073719923,0.10437312109157586,0.031211185910910134,0.00024180291732589114,0.4367995979479186
D4531a0b32047,7,0.00024116699389129588,0.058352633810927826,0.04805323945730458,0.0002411775081064681,0.051646941965852344,0.00024117226506165023,0.00024117175462321622,0.31074678598190547,0.02311595809181448,0.09107122985943608,0.4160485223110766
D4531a0b32047,8,0.0002575707411764645,0.0002575607143942946,0.00025755516714669565,0.07737028400325537,0.0002575598103625519,0.0002575511487664065,0.025026878902404296,0.40570173656708375,0.0002575700685428717,0.05683415300041101,0.4335215798764564
D4531a0b32047,9,0.0002763522644506624,0.09045725134636681,0.000276354648435078,0.0002763526366671155,0.0002763491294589066,0.00027635587305914396,0.0002763472216372076,0.3354440712007343,0.00027634655060716735,0.17689122546846497,0.3952729936601185
D4531a0b32047,10,0.00024309219322671163,0.08981501020759439,0.00024309616999102299,0.00024310068240190278,0.08139359265129577,0.11403439096378948,0.06392591401637628,0.33267302944014177,0.0915170014494917,0.00024309714092169213,0.22566867508476926
D4531a0b32047,11,0.00024309445731775085,0.00024309549975335204,0.000243093496569845,0.00024310549236430194,0.03402124698637595,0.28217365250323295,0.0002431046059967691,0.6818603139914174,0.00024309481165052572,0.00024309821534218424,0.00024309993997903283
D4531a0b32047,12,0.00023614456519302707,0.00023615452249859173,0.007447934619474131,0.0002361567130734151,0.08640333524871747,0.2487506832589078,0.0002361607876854725,0.46620111215346016,0.05200304968502865,0.04635126348908501,0.0918980049568763
D4531a0b32047,13,0.00024245108312234438,0.07031929952420525,0.07337594302257106,0.00024244859372915602,0.12381852989899347,0.1283892067146267,0.00024245141483889606,0.25022915317095284,0.00024244558538249328,0.03189555630594425,0.3210025146856336
D4531a0b32047,14,0.00023133709864363636,0.00023135400669274965,0.00023133908920367022,0.0002313385481896169,0.09351195447696739,0.13014159613328496,0.00023133903291755044,0.6166049957034666,0.04875856527495603,0.10959483369503929,0.00023134694063858995
D4531a0b32047,15,0.06734168895066149,0.0002380063350743717,0.00023800751200014233,0.00023802163894225586,0.0002380051711795042,0.37777597466298435,0.00023800165140869418,0.5529782623663912,0.00023801663797703797,0.00023800333595704542,0.0002380117374240445
D4531a0b32047,16,0.038647124133030994,0.00023614660898448308,0.00023615456317685823,0.00023614960905494396,0.00023616226968124128,0.16769895731861675,0.00023614475623233932,0.6384230523637534,0.00023616083521017366,0.0002361498155386051,0.15357779772672
D4531a0b32047,17,0.0007391526996756955,0.0007391710595965095,0.2525208685099929,0.000739135392373113,0.0007392102193377548,0.16483467591611087,0.0007391425804253843,0.5304841646337897,0.046986123657690566,0.0007391521031272784,0.0007392032278803837
D399d99db36b3,0,0.00025827412119647545,0.00025828054284401816,0.4577778326048082,0.00025827885701468846,0.0002582927632449055,0.0002583058633643514,0.03809927093047208,0.12132767874870162,0.00025828588356059933,0.0002582828661148225,0.38098721681867825
D399d99db36b3,1,0.0002313338997159206,0.00023133780901604537,0.10452106009287279,0.00023133770172342906,0.08395864893734548,0.061286606254543595,0.06390173860424787,0.28579216204227625,0.00023134390721501485,0.00023137101185692358,0.3993830597391866
D399d99db36b3,2,0.00023075264579674768,0.00023075304714627098,0.0937663484105167,0.00023075146716405967,0.12067977934083783,0.06384620760032797,0.23384710231322242,0.16009149755737845,0.00023075502205768922,0.0937005429643337,0.23314550963121816
D399d99db36b3,3,0.0002319307755491769,0.000231939977796272,0.057893708816213155,0.022354789651813492,0.1312560226186412,0.00023193118294378165,0.08611849075211818,0.48555225229748833,0.0002319239052961469,0.000231940275569525,0.2156650697465709
D399d99db36b3,4,0.00023614641965588026,0.00023614643212374077,0.09377126936324692,0.0002361595273764013,0.12859993645475426,0.05089926866403772,0.16115498062397746,0.41270845309916343,0.0002361561201063885,0.1516853246501114,0.00023615864544643185
D399d99db36b3,5,0.0002470716129276868,0.00024706618640371136,0.3629223671953737,0.00024705955746863006,0.06488223251086461,0.0002470496167403138,0.00024706953652571783,0.21415805908109722,0.0002470744207898823,0.0002470712736664687,0.35630787900814215
D399d99db36b3,6,0.0005942194862715441,0.10629772732293422,0.25402563995266236,0.0005942131381278242,0.0005942537990636182,0.0005942588218396627,0.0005942064689153965,0.324635440531672,0.0005942284028323066,0.0005942186817659074,0.31088159339391513
D2ddae8e6696b,0,0.0002443977002164049,0.00024439681354981743,0.38309685316846126,0.00024440316481576967,0.07604541601155654,0.00024440635299659405,0.00024439840476032237,0.0002444037815633342,0.0002444021883095843,0.00024439529250113915,0.5389025271212692
D2ddae8e6696b,1,0.00023863706151949903,0.00023863270351628306,0.366494404572937,0.00023862366150541022,0.00023864088562453592,0.00023863359033804885,0.00023863051135836414,0.0002386286765808453,0.00023863291012162343,0.00023862528839417037,0.6313579101381043
D2ddae8e6696b,2,0.00024244245377116514,0.00024244493432418518,0.19985749454325213,0.00024244597733993683,0.10298571553675773,0.00024246191798857632,0.059173058987030215,0.00024244644302416128,0.0002424494031513232,0.0002424456388825286,0.636286594164478
D2ddae8e6696b,3,0.05744907428549246,0.00023615233069454252,0.6031322062120594,0.0002361467972732847,0.00023616145245216664,0.00023615966070091425,0.00023615654265172917,0.00023615212829504245,0.00023616068522128904,0.00023614961178165122,0.3375294802933776
D2ddae8e6696b,4,0.00024374094887044684,0.0002437410668062699,0.9975625877369539,0.0002437339655674068,0.00024374485063346105,0.000243732730312285,0.00024376083917235634,0.00024373413395530725,0.0002437385601103978,0.00024373306827462778,0.0002437520993435
D2ddae8e6696b,5,0.027459548149586194,0.0002319313266790113,0.7098681852075013,0.0002319254686255929,0.00023193225629242976,0.00023192901129424713,0.00023193375984000467,0.030526882360981066,0.0563465350024,0.00023192308556609233,0.17440727437123407
D2ddae8e6696b,6,0.15533557718163563,0.000288647675678987,0.48518604773519625,0.0002886156221830478,0.012120763338198687,0.00028861355268416006,0.00028860933113193584,0.04467461662798258,0.0002886302198862276,0.00028861987314814943,0.3009512588422744
D2ddae8e6696b,7,0.00030510853297024027,0.0003051020718059276,0.2618093001500948,0.00030510975326181774,0.13179353731553273,0.00030509227274844565,0.00030508800377051804,0.0003051022048761239,0.00030508516182659035,0.00030508955439693155,0.603956384978716
D2ddae8e6696b,8,0.00028954222011220304,0.00028955525226296804,0.4004089155247751,0.0047211157708998,0.0002895509509751349,0.04610394486412453,0.0002895434674860535,0.12071162532399626,0.00028953867437193584,0.0002895444295712814,0.4263171235214248
D2ddae8e6696b,9,0.025062049008125645,0.0002971150925250315,0.2540782519708161,0.009456926478578475,0.0002971221884751855,0.03819773117446446,0.0002971114564585707,0.2426791089835666,0.0002971166451606761,0.00029711463557531115,0.42904035236625376
D2ddae8e6696b,10,0.0002697937295483929,0.04710397022835948,0.19514690757340883,0.00026978773430345285,0.09082251905473769,0.00026978880918668145,0.017056789668415454,0.14629524964448742,0.0002697812076331491,0.0002697831480798536,0.5022256292018396
D2ddae8e6696b,11,0.0002620150640406854,0.00026200597965892483,0.3314248389984628,0.00026199991693799624,0.00026201563507934506,0.00026202799192713816,0.00026200076842621613,0.1369120128080971,0.0002620118497062855,0.00026200873282886567,0.5295670622548347
D2ddae8e6696b,12,0.03440600873398133,0.00023801288513266523,0.4034543969284765,0.00023799805351938836,0.00023800698974189535,0.00023800788240162411,0.00023799465502121538,0.16843554679972803,0.00023800156472515528,0.0002380016365469976,0.39203802387072506
D2ddae8e6696b,13,0.000390206390624102,0.0003901881862746717,0.6313172644852428,0.0003901880766764457,0.00039020211035255064,0.0003901862967914833,0.0003901855039102911,0.0003902231025006375,0.00039018901345381455,0.00039018307589881046,0.3651709837582743
Db4a620abe159,0,0.00024181576021408527,0.00024179896895476814,0.00024181187652657526,0.00024179813250565057,0.00024180008118697985,0.00024181175394363526,0.00024179858758538244,0.312577500647075,0.0002418151668696778,0.00024179596228483547,0.6852462530628535
Db4a620abe159,1,0.0002319301261394249,0.00023194170808120667,0.03905224772793775,0.00023192918926544972,0.04398724204222766,0.059381208050901906,0.00023192764588092791,0.18327256653582424,0.00023193953946316326,0.00023192912204297598,0.6729151383122353
Db4a620abe159,2,0.00020757000334504074,0.0496978836084164,0.05164570760304368,0.00020757752667184263,0.00020757774154176248,0.00020757252189597928,0.03183799366579794,0.2550115936159875,0.0002075673621258712,0.011327633895653817,0.5994413224555202
D1f315032455a,0,0.00023925607730077911,0.36101556320250916,0.00023925070199600043,0.0002392538234927816,0.00023925220430730872,0.0686494178701555,0.0002392483291245424,0.00023924633502200442,0.0002392471299810898,0.0002392509327083413,0.5684210133934026
D1f315032455a,1,0.00023372874781077578,0.34057235711880657,0.022776238108870566,0.00023371735355843187,0.00023372634666797234,0.23004592684530545,0.00023371406733431823,0.00023371946963120132,0.04208781104034118,0.000233715610362915,0.36311534529131057
D1f315032455a,2,0.0002411537693948769,0.9975884139446702,0.00024115734356118797,0.00024117533804164854,0.000241153497054691,0.00024115579441477683,0.00024116374257864682,0.00024115255423142978,0.00024115664032914856,0.00024116347010039776,0.0002411539056230365
D1f315032455a,3,0.00023615065510732756,0.8570684565627668,0.0002361560638502487,0.00023615442797036092,0.00023614703509839367,0.0932125111288339,0.047829850258008844,0.00023613770843258848,0.00023614378176613473,0.00023614773996721573,0.00023614463819827042
D1f315032455a,4,0.00023675592898363623,0.8360814888428448,0.000236761611407469,0.060799395634151536,0.00023676284724167158,0.10122501093160025,0.00023676757415021463,0.00023675889159824068,0.0002367614309726141,0.00023677151137060926,0.0002367647956789843
D1f315032455a,5,0.00023925674668093738,0.9221903823205941,0.00023925194718475189,0.0002392654311429751,0.00023924958455140899,0.07565629744296785,0.00023927451354365518,0.00023924939147706187,0.0002392574996511903,0.00023926568843010167,0.00023924943377587026
D1f315032455a,6,0.0002713933524808843,0.9972859855000834,0.00027139604844328267,0.0002714075981880755,0.0002713937749638742,0.0002714021664263356,0.0002713855587302566,0.00027139523672361593,0.000271407185437216,0.00027139631063296095,0.0002714372678900043
D9c3426dab355,0,0.00023676980028521758,0.19698824219580094,0.00023676286807724743,0.000236766043330038,0.06571582259909159,0.03464788848712375,0.00023676937543184147,0.0002367655411330239,0.0002367601066316822,0.00023677620723349654,0.7009906767758611
D9c3426dab355,1,0.03397379479351567,0.6215649047848472,0.00023614129326271447,0.02819134643063568,0.00023615218204127162,0.00023614233415274034,0.14672415675204117,0.00023614879121054312,0.00023614117490204916,0.00023615458493704406,0.168128916878454
D9c3426dab355,2,0.00023193511712350933,0.6003936669624395,0.00023192800229262893,0.04182104969206973,0.06947945001011281,0.06803181042984575,0.07960048444215113,0.00023193973514129126,0.00023193805566375122,0.00023193622080810162,0.13951386133235194
D9c3426dab355,3,0.00023800499817010708,0.6240319906549918,0.0002380130043979351,0.21385703438482367,0.03758681063061555,0.00023802973150257835,0.038661772215606106,0.0002379958065119824,0.0002380040245139731,0.08443434361286062,0.00023800093600562266
D9c3426dab355,4,0.00023491501619558996,0.7317733243088489,0.00023492200494250527,0.1864425720534368,0.0002349212987095848,0.00023492369084913268,0.07990471379401577,0.00023492044655625468,0.0002349306542918586,0.00023492976122587545,0.00023492697092777377
D9c3426dab355,5,0.00018784407301203172,0.3140176071542813,0.008525550512573126,0.21264704205422308,0.00018784042631093695,0.00018784250410652456,0.18971036028722704,0.030936987054930885,0.00018784129867779106,0.08818350146046901,0.1552275831741884
D1a5520aa7ae7,0,0.23589619626868313,0.0002597760696346512,0.00025976859837814555,0.0002597526170533495,0.14137218209428648,0.0002597686325009952,0.00025975522500010673,0.0002597622517668222,0.09539102573759115,0.0002597535919788443,0.5255222589131263
D1a5520aa7ae7,1,0.32632990038832926,0.000259018492233694,0.0002590321836718024,0.0002590168324117367,0.09793379900590571,0.00025902826918180506,0.0002590194601238703,0.0002590192943285586,0.14526885641950915,0.0002590238055025189,0.42865428584880183
D1a5520aa7ae7,2,0.3726785033431314,0.00026353009256236017,0.15999617639097377,0.05099490969738501,0.12243653840190977,0.0002635358025718905,0.0002635331028172808,0.0002635405796868059,0.07095987009510678,0.0002635258651466299,0.22161633662870814
D1a5520aa7ae7,3,0.21710848978893432,0.0002642895496735287,0.06666506061488368,0.0002642818628168851,0.00026429673473477564,0.10080496633536447,0.0047893302991837625,0.00026429567142573684,0.1338558928687755,0.0002642849219931064,0.4754548113522143
D1a5520aa7ae7,4,0.15979460963947134,0.0002582994776599319,0.0002582948401315321,0.00025827935154083473,0.11621175357425058,0.00025831699347416976,0.0002582776613285056,0.0002582943302952655,0.00025830011661115144,0.00025828130414867723,0.721927292711088
D1a5520aa7ae7,5,0.3066866108468567,0.00025755562282008557,0.00025755669980843005,0.00025755007178272516,0.00025755470814924146,0.09845262818683542,0.0002575461879366932,0.0002575529883123458,0.04227927139832268,0.00025755902667035525,0.5507786142625054
D1a5520aa7ae7,6,0.3873571356773426,0.022281032102246565,0.024948165267662935,0.0002681988086970646,0.07732287065965755,0.07834948895848048,0.0002681887459822783,0.019055759996010047,0.09335212185004221,0.00026819117671955135,0.2965288467571586
D1a5520aa7ae7,7,0.4307184035546479,0.000262768183162035,0.0002627779581647541,0.0002627577778355465,0.0002627792226998727,0.0002627703837788512,0.0002627592622803577,0.00026277269512154473,0.3270210761232912,0.0002627546049838512,0.2401583802340342
D1a5520aa7ae7,8,0.49093810322573944,0.0002697772850829069,0.046341618810165616,0.00026977077598493463,0.008074190290165477,0.01928456433925634,0.0002698182074638118,0.0065956048019604,0.1692158018873169,0.00026977085788329664,0.25847097951898096
D1a5520aa7ae7,9,0.7847228028721778,0.0002849963254017454,0.0002849977818051528,0.00028499191911455585,0.0002850082384262668,0.0002850014486403258,0.0002850126187850026,0.0002849960696129647,0.2127121978893887,0.0002849934710012394,0.0002850013656461659
D1a5520aa7ae7,10,0.9972533831443025,0.00027465870798673765,0.00027466177871289657,0.0002746596624965851,0.00027466385758118713,0.0002746628100071564,0.0002746584715224957,0.00027466174925205346,0.00027466278230181264,0.00027466058952506513,0.00027466644631163523
D1a5520aa7ae7,11,0.996949232808069,0.00030507628830709997,0.0003050754904660329,0.00030507992498325,0.00030507603005461444,0.00030507065915531405,0.00030507515488840253,0.0003050757417010011,0.0003050841577074036,0.00030507555900159895,0.00030507818566630115
D1a5520aa7ae7,12,0.9966699157704322,0.0003330118380535305,0.0003330072015349586,0.00033300788872289835,0.00033300795192205357,0.00033300429756150785,0.0003330056617978413,0.00033300598525183974,0.00033301315878801903,0.0003330060707671323,0.00033301417516820304
D1a5520aa7ae7,13,0.5927600176429265,0.04594126843939148,0.02324199884131974,0.0002627664403658759,0.000262762965639777,0.00026276655774397866,0.00026276307632153287,0.00026277101647119937,0.1034556756679482,0.0002627556269131769,0.23302445372495867
D1a5520aa7ae7,14,0.28190844447006924,0.0002484359896563816,0.0799018254708848,0.0002484280795609963,0.18572240441907853,0.0002484109366216146,0.00024839924944551335,0.0002484133794125144,0.080164558010731,0.0002484083558973039,0.37081227163864205
D1a5520aa7ae7,15,0.23034782657053823,0.057488198729059685,0.24478200140049747,0.0002463820906723399,0.0002463942878867368,0.00024639116462556003,0.000246380663476613,0.00024638688062011965,0.28406334138327854,0.01673000670169328,0.16535669012765136
Dced739924e6e,0,0.00025467676304885307,0.21197995397530764,0.00025467961713845124,0.00025466518759977296,0.30796522458328146,0.00025466978395707467,0.00935619043430503,0.0002546755574759227,0.00025466891727536054,0.00025468079476921845,0.46891591438584107
Dced739924e6e,1,0.00025115178127572757,0.18918059472854493,0.000251149431614991,0.0002511445294724243,0.3714366373895592,0.0002511612864355893,0.027953976493699788,0.0002511617753940259,0.00025116777157247193,0.000251153590238557,0.40967070122219235
Dced739924e6e,2,0.028121979082665966,0.3011187919188972,0.00023371561411114248,0.00023371333550951094,0.24756867898725382,0.0002337334463626492,0.020789635254987195,0.00023371969569111853,0.00023371426506522123,0.0708322983242388,0.3304000200752173
Dced739924e6e,3,0.00023863517461172298,0.34827809647761176,0.00023862469203256734,0.00023862772604997407,0.3204042473778222,0.13003543341690013,0.08157353471307223,0.00023862340774582504,0.00023862516863210778,0.0002386376207223958,0.11827691422479902
Dced739924e6e,4,0.00024638254592864627,0.5576925448779104,0.0002463908930820306,0.0002463854683787664,0.35362323788975397,0.00024638781150744716,0.08671310479128005,0.00024639553232115667,0.00024638376301620374,0.00024639348257226494,0.00024639294424894505
Dced739924e6e,5,0.0002497756703928763,0.4918794996453723,0.0002497640269799118,0.00024977563363585455,0.29549238960893054,0.0002497720634544542,0.018359851007645592,0.0002497712810395178,0.00024976411462594744,0.06401193960201564,0.12875769734590767
Dced739924e6e,6,0.0002858953836144887,0.48164682421655847,0.00028590190005390914,0.0002859136619957779,0.24110742530551796,0.0002858977230208765,0.21069473117496884,0.0002858945736905221,0.00028589979444396254,0.06454972087295932,0.00028589539317595977
Dced739924e6e,7,0.0002612529622898159,0.4131191390778771,0.00026124540356582714,0.00026125600179195425,0.14362192134853582,0.0002612509203096105,0.4411689123675779,0.00026125567402661995,0.0002612467989031328,0.0002612692986515898,0.0002612501464707916
Dced739924e6e,8,0.00024978685495395404,0.4810213348150895,0.00024976356446941567,0.0002497824067266236,0.2145243251936654,0.000249766466257132,0.21571854793635817,0.0002497637001484803,0.00024976951817917996,0.08698738872698218,0.0002497708171699609
Dced739924e6e,9,0.0002532471191400631,0.5783806745125197,0.0002532465638799687,0.02901620552779757,0.10143401790277336,0.00025324613768814544,0.15022627402125616,0.00025327879277591887,0.0325585536347415,0.10711800892263712,0.0002532468647903956
Dced739924e6e,10,0.00023926179721691558,0.19381606209403715,0.00023926765027969395,0.00023924755904666142,0.5651522971026727,0.00023926666860436707,0.0834851465492213,0.00023926172909232986,0.00023925231668342004,0.00023926621801957835,0.15587167031512592
Dced739924e6e,11,0.0002405548691421122,0.279893113359131,0.00024053679568415947,0.00024052424637968165,0.47534682621715163,0.00024052932266040725,0.07594347394914402,0.0972994494403103,0.00024052151394320028,0.0002405152741910882,0.07007395501226232
Dced739924e6e,12,0.00023988909829586783,0.3528910256982932,0.00023988483482987276,0.00023989206477639197,0.39618500127062745,0.000239881053990024,0.00023989394154934546,0.0002398820719806616,0.00023987823174889932,0.083087119672523,0.1661576520613853
Dced739924e6e,13,0.00023432488240997487,0.14713214989259077,0.00023433334428827541,0.00023432174243921816,0.5033442395992485,0.00023432161979373335,0.029374411553759562,0.0002343360233088174,0.00023431800037132717,0.08069551508414713,0.23804772825764287
Dced739924e6e,14,0.0002553783980072221,0.06428530559087693,0.00025538727561441105,0.0002553828030209196,0.5004017794622939,0.017035454869617158,0.02427820685830421,0.038599146290435475,0.00025540484175402345,0.0002553912251439194,0.35412316238493186
Dced739924e6e,15,0.00024115805115283002,0.3964181083191217,0.000241154558590966,0.0002411564996963412,0.38835412579610856,0.0002411541460915282,0.08359216700833691,0.00024115505616371344,0.00024115346987747954,0.00024117446312590178,0.12994749263173394
Dced739924e6e,16,0.0002484051300715184,0.7096153735133465,0.0002484092884532976,0.00024840550945081475,0.21180912167289082,0.0002484038770351648,0.07658826006055627,0.0002484023518866879,0.0002483973083991796,0.0002484103767366605,0.00024841091117320206
Dced739924e6e,17,0.0002477244182744082,0.5970390841954137,0.00024774487375247916,0.00024773440419994397,0.18472864632396754,0.000247727267048775,0.07926290405348037,0.0002477259714751717,0.00024772256543397045,0.1372352556326981,0.0002477302942555011
Dced739924e6e,18,0.0002337191774119483,0.4482655755916686,0.0002337148197413773,0.00023373402947923482,0.18318294740485963,0.00023371737352131057,0.13268179361038007,0.0002337164323495085,0.00023371226604280957,0.07003689925871347,0.16443047003583214
Dced739924e6e,19,0.00024116563034311505,0.21167571173796668,0.13834218163988518,0.00024115856042500105,0.3476271530104143,0.00024115611091898815,0.016556793422249756,0.00024115891235590867,0.0002411578371828548,0.00024116454164563938,0.28435119859661256
Dced739924e6e,20,0.00024840339000281353,0.0002484172143239757,0.0002484223289389023,0.00024840714942166983,0.5339952740629209,0.00024841371170864336,0.0002484128723572262,0.0002484023921050791,0.000248397964277909,0.0002484212954609174,0.4637690276184819
Dced739924e6e,21,0.00024638733575796113,0.0002463930618390094,0.018389520675915264,0.0002463977505403673,0.610172988901699,0.00024639055581012544,0.04801776897225847,0.015006410557489287,0.0002464004895295512,0.0002463981348303256,0.3069349435643306
Dced739924e6e,22,0.006386004233053292,0.09317644381848204,0.013357275491320259,0.00024309020576014973,0.6549126266268894,0.05343709533619621,0.03819482380796837,0.00024309643238386582,0.00024309963629554453,0.00024308928682509277,0.1395633551248258
Dced739924e6e,23,0.00023988620920905478,0.00023989678025920926,0.00023989159969950018,0.00023989220085183507,0.4089966475835474,0.09476260187020004,0.07924199220889158,0.0002398903903990191,0.08870383303347676,0.0002398928070079174,0.32685557531645765
Dced739924e6e,24,0.0002405135967116788,0.25022956243484074,0.00024052237177988014,0.00024051513620883128,0.25340310151053597,0.00024052326000317372,0.00024051579256447966,0.00024052162341879656,0.00024052961311897572,0.040429247365174587,0.454254447295643
Dced739924e6e,25,0.00023432795117820702,0.38538839246227957,0.00023432220729772526,0.0002343376510053744,0.28987641528362307,0.0002343332495764191,0.00023434152301725545,0.00023433669813679238,0.00023432147136718225,0.08921744504718243,0.23387742645533618
Dced739924e6e,26,0.00023925014121428038,0.33560193515182735,0.00023925503920834324,0.00023925295177643522,0.4694502056971498,0.0002392648151964743,0.09043346690308889,0.07396251178558935,0.00023924998236796584,0.00023926397555433404,0.029116343557026685
Dced739924e6e,27,0.0071346611070993325,0.16055221542401518,0.00024244592833144255,0.00024244305894066938,0.44559301836642873,0.03190056671059304,0.022077213967049564,0.09939184550113563,0.020515193604290244,0.0002424580158432588,0.2121079383162729
Dced739924e6e,28,0.00892946384570498,0.14500973048922722,0.0002430885547375784,0.00024309885206330467,0.7654155013188025,0.0002430966701829384,0.05205609825540382,0.027130635748195013,0.00024308854180993196,0.00024309421809813803,0.000243103505774384
Dced739924e6e,29,0.00023924139705394426,0.33065737439558013,0.0002392479478571442,0.0002392968005160865,0.6269065874417807,0.0002392574028100157,0.040521978220453135,0.0002392524813865091,0.0002392524427868407,0.00023924601521905768,0.00023926545455669088
Dced739924e6e,30,0.00025326881870115495,0.31147353571521935,0.00025324550522403864,0.0002532425404405389,0.6410956626396835,0.00025325061604049347,0.045404780140094136,0.00025325077748988514,0.0002532468243640832,0.0002532564622653732,0.0002532599604773892
Dced739924e6e,31,0.00024312657283996833,0.4324257895993542,0.0002430979436518949,0.00024311495905014944,0.5653862928987095,0.00024309963290587139,0.00024309576290828692,0.00024309914820243176,0.00024308798764214256,0.00024309019425795613,0.0002431053004776539
Dced739924e6e,32,0.000245070591299403,0.2871336536886184,0.00024506013556467197,0.00024505531421497434,0.5449560541994426,0.00024506937959036396,0.02622702047069727,0.0751965962445837,0.0002450643596115023,0.000245057659355778,0.06501629795702125
Dced739924e6e,33,0.020231007508026175,0.44478083553320436,0.0002343288600649031,0.00023432832498349125,0.31243470112264277,0.00023432580757503047,0.0416943101469703,0.00023431773931550161,0.00023435349913017816,0.17945315802537767,0.00023433343270976267
Dced739924e6e,34,0.0005255397923481463,0.40252148509349134,0.000525593733378663,0.0005255078531124753,0.29407209633888665,0.0005255329242162661,0.0005255049129085668,0.0005255109397156778,0.0005255027213803485,0.0005255253976355124,0.29920220029292643
