token_id,term,document_frequency
0,abnormal,5
1,abnormally,2
2,academic,25
3,according,47
4,accordingly,20
5,account,44
6,achieve,31
7,achieves,10
8,acknowledgment,18
9,acm,7
10,acquire,19
11,act,36
12,acted,2
13,acting,8
14,activate,3
15,activated,3
16,active,20
17,activity,51
18,actually,14
19,additional,39
20,additive,5
21,address,57
22,adleman,2
23,advantage,42
24,adversary,16
25,affords,2
26,agent,18
27,agreed,10
28,agreement,29
29,algorithm,43
30,alice,5
31,alice_bob,4
32,analysis,58
33,analyze,36
34,anonymous,20
35,appeared,13
36,application,61
37,applied,37
38,appropriate,28
39,approximate,5
40,area,45
41,article,41
42,artificial_intelligence,36
43,aspect,49
44,assess,27
45,assume,13
46,asymmetric,5
47,asynchronous,6
48,asynchronously,2
49,attack,41
50,august,15
51,authorize,3
52,authorized,11
53,automatically,19
54,autonomous,14
55,autonomously,14
56,available,43
57,available_online,13
58,average,27
59,average_time,5
60,await,2
61,bank,16
62,base,21
63,based,62
64,basic,34
65,begin,20
66,beginning,15
67,behave,5
68,behaves,2
69,behavior,45
70,ben,3
71,best,29
72,better,51
73,big,19
74,bigger,5
75,bilinear,6
76,binding,7
77,bit,16
78,bitcoin,31
79,block,32
80,blockchain,63
81,blockchain_based,43
82,blockchain_technology,57
83,bob,5
84,break,14
85,breaking,11
86,bridge,18
87,brief,13
88,broken,12
89,built,43
90,business,49
91,byte,8
92,calculate,16
93,calculating,11
94,called,38
95,capacity,27
96,card,13
97,care,5
98,carried,16
99,case,45
100,cash,9
101,cause,25
102,centralized,28
103,certain,43
104,challenge,56
105,change,49
106,changed,16
107,cheat,3
108,cheating,3
109,check,32
110,chen,19
111,chien,2
112,china,20
113,choose,22
114,chooses,7
115,chosen,17
116,classic,8
117,client,23
118,code,37
119,coinbase,7
120,collude,2
121,colluding,2
122,coming,13
123,comment,13
124,commitment,13
125,commodity,8
126,communicate,21
127,communication,44
128,compared,39
129,comparison,35
130,competing,13
131,compiled,4
132,completed,18
133,computation,24
134,computation_cost,6
135,computationally,10
136,compute,14
137,computed,18
138,computer,44
139,computer_science,10
140,computes,13
141,computing,29
142,concept,53
143,conception,3
144,conceptualization,16
145,concern,51
146,concerned,10
147,conclude,8
148,conclusion,55
149,condition,34
150,conduct,39
151,conducted,41
152,conference,16
153,confirmation,17
154,confirmed,16
155,confirming,12
156,consensus,36
157,consider,34
158,considered,47
159,construct,27
160,constructed,16
161,contain,19
162,contained,11
163,contains,29
164,content,42
165,content_list,13
166,contract,43
167,contribution,39
168,contribution_statement,11
169,controlled,18
170,core,35
171,corresponding,35
172,corresponding_mail,12
173,cost,43
174,count,14
175,counterparty,4
176,couple,4
177,cpu,9
178,created,48
179,creation,48
180,creativity,7
181,credit_authorship,11
182,crypto,18
183,cryptographer,2
184,cryptographic,29
185,cryptography,22
186,cryptology,3
187,cryptosystems,3
188,current,52
189,cyberspace,13
190,cycle,16
191,cyclic,5
192,data,63
193,data_availability,14
194,deal,24
195,debate,12
196,decade,20
197,december,16
198,decentralization,31
199,decentralized,58
200,declaration_competing,12
201,declare,19
202,define,23
203,defined,42
204,definition,28
205,delay,11
206,delayed,2
207,delegate,4
208,denial_service,10
209,denotes,15
210,department,25
211,depending,20
212,deployed,29
213,deploying,17
214,deployment,25
215,described,34
216,description,29
217,design,51
218,designated,7
219,designed,43
220,detailed,34
221,developed,47
222,developer,36
223,device,38
224,devise,4
225,dfse,3
226,different,60
227,difficult,33
228,digital,64
229,digital_signature,8
230,digital_transformation,10
231,disclose,6
232,disclosed,8
233,discrete_logarithm,4
234,dishonest,2
235,dispute,11
236,dispute_resolution,7
237,disputeresolution,2
238,distributed,35
239,doe,43
240,draft,13
241,drawn,12
242,driven,33
243,early,28
244,ease,18
245,ecdsa,2
246,economic_activity,15
247,editing,10
248,efficiency,42
249,efficient,30
250,electronic,14
251,element,46
252,elliptic_curve,7
253,employ,33
254,encryption,26
255,end,43
256,engage,44
257,enjoy,9
258,enjoys,2
259,ensure,50
260,ensured,15
261,environment,60
262,equal,18
263,equality,9
264,equivalent,18
265,essential,48
266,ether,16
267,ethereum,40
268,evaluate,22
269,evaluated,18
270,evaluation,36
271,eventually,12
272,evidence,23
273,evm,5
274,evolve,17
275,evolving,33
276,example,55
277,exceed,13
278,exchange,45
279,exchange_protocol,2
280,exchanged,21
281,exchanging,13
282,execute,22
283,executed,23
284,execution,26
285,execution_environment,3
286,existing,53
287,expected,37
288,expense,12
289,expensive,14
290,experiment,18
291,expired,4
292,exponentiation,2
293,extends,13
294,extra,12
295,face,32
296,face_challenge,17
297,fact,31
298,fails,8
299,fair,27
300,fair_exchange,2
301,fairly,9
302,fairness,16
303,false,17
304,famous,11
305,feasible,11
306,feature,56
307,fee,19
308,fewer,8
309,final,37
310,finally,40
311,financial,49
312,finish,2
313,finished,5
314,firstly,18
315,flag,5
316,focus,47
317,followed,29
318,follows,45
319,forge,6
320,form,55
321,formally,5
322,format,27
323,formed,14
324,forward,22
325,foundation,42
326,framework,51
327,free,28
328,frequently,23
329,friend,11
330,fruitful,3
331,fully,45
332,fully_decentralized,5
333,function,46
334,fundamental,28
335,future,59
336,gas,16
337,gas_cost,8
338,gat,2
339,gen,7
340,generally,29
341,generate,38
342,generated,42
343,generates,16
344,generating,30
345,generation,31
346,generation_internet,10
347,generator,5
348,getting,11
349,ghz,8
350,given,50
351,goal,37
352,good,41
353,governance,28
354,gradual,4
355,gradually,11
356,grant,29
357,great,18
358,group,51
359,guangdong,4
360,guangzhou,6
361,guarantee,34
362,gwei,6
363,hang,4
364,hanging,2
365,happens,10
366,hardly,5
367,hardness,3
368,harm,11
369,hash,24
370,hash_function,16
371,hash_value,13
372,height,5
373,help,48
374,high,57
375,history,24
376,honest,13
377,hot,12
378,huang,6
379,idea,33
380,identical,14
381,identification,37
382,identity,53
383,ignored,3
384,illegal,19
385,impact,47
386,implement,31
387,implementation,44
388,important,50
389,impossibility,3
390,impossible,17
391,impractical,6
392,improve,43
393,improved,29
394,included,31
395,includes,42
396,including,57
397,inclusion,16
398,increase,50
399,indicate,29
400,indicates,34
401,inf,2
402,infer,9
403,inferred,3
404,infinitely,2
405,influence,37
406,inform,12
407,information,61
408,initial,38
409,initialize,6
410,inner,7
411,input,35
412,instead,27
413,int,5
414,integer,10
415,intel,10
416,interact,43
417,interaction,57
418,interface,34
419,international,26
420,internet,45
421,interruption,2
422,introduce,25
423,introduces,31
424,introduction,63
425,invalid,6
426,inversion,4
427,invoked,9
428,invokes,6
429,involved,37
430,involves,41
431,ipants,2
432,irreversible,4
433,item,36
434,january,14
435,javascript,6
436,johnson,4
437,journal_homepage,13
438,just,32
439,key,56
440,key_pair,6
441,kind,24
442,knowledge,36
443,known,48
444,landscape,31
445,language,25
446,latency,19
447,later,18
448,lates,2
449,launch,18
450,launched,17
451,leaked,5
452,learning,36
453,length,16
454,let,23
455,level,45
456,leveraging,25
457,library,23
458,life,30
459,like,59
460,limit,33
461,limited,48
462,line,33
463,literature,31
464,live,22
465,long,30
466,look,23
467,lose,12
468,low,37
469,machine,23
470,main,48
471,majority,20
472,make,55
473,making,49
474,malicious,25
475,mapping,16
476,matter,15
477,mean,48
478,meaning,27
479,mechanism,46
480,meeting,24
481,mentioned,33
482,message,31
483,metaverse,65
484,method,57
485,methodology,30
486,millisecond,3
487,miner,13
488,ming,2
489,minimum,13
490,mining,21
491,mod,6
492,model,57
493,modification,18
494,modified,17
495,modify,9
496,modular,5
497,money,29
498,moved,6
499,msg,3
500,msg_sender,2
501,multiplication,8
502,multiplicative,4
503,multiplied,3
504,music,19
505,mutual,8
506,nakamoto,8
507,nanjing,2
508,national,31
509,natural_science,8
510,need,62
511,needed,28
512,negligible,4
513,negotiation,6
514,network,55
515,new,62
516,nft,51
517,node,39
518,notation,8
519,note,22
520,novel,42
521,november,12
522,nowadays,7
523,number,56
524,observe,14
525,observing,3
526,obtaining,14
527,occurs,22
528,online,45
529,open,46
530,operate,27
531,operation,55
532,optimistic,5
533,order,45
534,original,34
535,outer,2
536,output,31
537,overall,44
538,overhead,15
539,overview,35
540,owner,33
541,ownership,50
542,pair,11
543,pairing,6
544,paper,47
545,par,3
546,parameter,37
547,park,14
548,partial,13
549,partially,18
550,partic,2
551,participant,40
552,party,46
553,pas,14
554,past,15
555,pay,21
556,peer,34
557,penalty,6
558,people,46
559,perform,34
560,performance,46
561,performance_evaluation,9
562,permission,29
563,person,30
564,personal,40
565,perspective,35
566,physical,54
567,physical_world,28
568,pivotal_role,4
569,platform,62
570,play,39
571,play_crucial,16
572,player,30
573,point,46
574,popular,38
575,possible,51
576,potential,61
577,pow,10
578,power,36
579,practically,9
580,preliminary,14
581,presence,29
582,present,55
583,presented,40
584,preserved,6
585,prevent,37
586,primary,34
587,prime,9
588,priority,7
589,privacy,49
590,privacy_preserving,15
591,private_key,22
592,probably,11
593,problem,53
594,procedure,28
595,proceeding,9
596,process,59
597,profit,19
598,programmable,8
599,programming,18
600,proof,30
601,proof_work,16
602,property,45
603,proposed,46
604,proposed_protocol,4
605,proposed_scheme,9
606,protect,39
607,protocol,43
608,prove,28
609,proven,10
610,provide,60
611,provided,43
612,provides,57
613,proxy,5
614,proxy_signature,2
615,public,48
616,public_key,16
617,purpose,44
618,quantity,16
619,question,32
620,quite,17
621,raise,21
622,raised,14
623,randomly,15
624,range,39
625,rational,6
626,real,40
627,real_world,54
628,recall,10
629,receive,27
630,receives,19
631,recently,26
632,recommend,6
633,record,43
634,redeem,3
635,redeemed,3
636,redemption,2
637,reduce,42
638,refer,19
639,reference,18
640,related_work,26
641,relationship,40
642,relative,16
643,release,15
644,relies,22
645,rely,33
646,relying,14
647,replace,9
648,report,31
649,reported,19
650,represent,48
651,representing,25
652,represents,37
653,require,39
654,required,42
655,requirement,48
656,requires,40
657,research,60
658,research_gap,9
659,researched,7
660,researcher,45
661,resemble,7
662,resist,11
663,resistance,13
664,resisted,2
665,resolve,15
666,resolve_dispute,4
667,respond,15
668,response,31
669,restricted,11
670,result,63
671,resulting,32
672,return,26
673,reveal,19
674,revealed,20
675,revealing,17
676,review_editing,2
677,revised_form,12
678,rid,2
679,rivest,2
680,role,55
681,ropsten,3
682,rsa,5
683,rule,37
684,run,31
685,running,16
686,safety,27
687,said,22
688,save,4
689,say,12
690,scalar,5
691,scenario,38
692,scheme,29
693,schnorr,2
694,school,28
695,sci,5
696,science_technology,13
697,seamlessly,18
698,secondly,12
699,secret,15
700,secret_key,8
701,section,48
702,secure,53
703,secure_communication,7
704,security,60
705,seldom,3
706,semi,12
707,send,24
708,sending,14
709,sends,19
710,sense,26
711,sensitive_information,16
712,sent,22
713,separately,12
714,service,55
715,set,55
716,setup,20
717,shamir,3
718,share,35
719,shared,36
720,shi,3
721,shopping,16
722,shown,47
723,sign,20
724,signature,18
725,signature_exchange,3
726,signature_scheme,3
727,signed,7
728,signer,2
729,significant,60
730,signing,5
731,similar,45
732,similarly,36
733,simultaneously,27
734,situation,23
735,size,36
736,slight,7
737,smart,27
738,smart_contract,53
739,smart_contract_code,8
740,smart_contract_ethereum,8
741,socializing,9
742,solidity,12
743,solving,17
744,somewhat,10
745,soundness,4
746,space,55
747,specifically,39
748,stage,40
749,stake,10
750,staked,2
751,staking,5
752,standard,41
753,state,41
754,state_art,10
755,stated,19
756,statement,18
757,status,29
758,step,42
759,stopping,2
760,storage,36
761,straight,2
762,strong,38
763,stronger,13
764,structure,40
765,study,50
766,submitting,3
767,successfully,25
768,suitable,28
769,summarize,8
770,summarized,19
771,supported,29
772,suppose,12
773,sure,7
774,susilo,2
775,symposium,2
776,tamper_proof,13
777,target,31
778,technical,38
779,technique,49
780,technology,63
781,tend,10
782,terminate,3
783,test,35
784,test_network,6
785,testnet,3
786,theory,25
787,think,13
788,thirdly,5
789,thought,15
790,threat,41
791,ticipants,3
792,ticket,15
793,time,63
794,timely,12
795,timestamp,13
796,tl,5
797,token,43
798,topic,26
799,total,37
800,traceability,14
801,traceable,10
802,track,24
803,tract,3
804,trade,40
805,traded,20
806,trading,40
807,traditional,50
808,traditionally,8
809,trans,6
810,transaction,61
811,transaction_fee,9
812,transfer,40
813,transferred,24
814,transmission,17
815,trick,6
816,tried,6
817,trigger,14
818,trip,4
819,true,30
820,trusted,27
821,trusted_party,11
822,trustless,6
823,try,21
824,ttp,2
825,tuple,3
826,turn,22
827,turned,5
828,type,55
829,typical,13
830,ubuntu,4
831,unable,12
832,unconfirmed,2
833,underlying,24
834,understanding,41
835,university,58
836,unsuitable,4
837,untrusted,3
838,update,31
839,updated,16
840,updating,12
841,usage,30
842,usd,17
843,use,65
844,used,63
845,user,64
846,using,64
847,usually,21
848,valid,20
849,validity,17
850,valuable,32
851,value,60
852,variable,32
853,vary,11
854,verifiability,11
855,verifiable,26
856,verification,35
857,verified,29
858,verify,31
859,virtual,64
860,virtual_world,53
861,vision,19
862,wait,6
863,wallet,25
864,want,30
865,way,57
866,weak,16
867,web3,31
868,wide_range,16
869,withdraw,7
870,wong,2
871,work,59
872,worth,22
873,write,6
874,writing,18
875,writing_original,10
876,writing_review,13
877,written,20
878,xiao,4
879,year,35
880,zhang,15
881,access,58
882,acquisition,15
883,acronym,5
884,action,38
885,ad,3
886,adaptable,10
887,adaptive,13
888,additionally,40
889,addressing,31
890,adopt,19
891,advance,26
892,advanced,36
893,advancing,12
894,adversarial,11
895,aligned,7
896,allow,34
897,allowing_user,12
898,ambiguous,8
899,anonymity,22
900,approach,57
901,apps,17
902,architecture,39
903,artificial,14
904,asset,57
905,attend,8
906,augmented,17
907,authentication,29
908,automating,13
909,autonomy,10
910,avatar,50
911,avoid,23
912,awareness,23
913,backed,10
914,behavioral,19
915,biometric_data,9
916,biometrics,10
917,blending,7
918,blur,6
919,body,28
920,boundary,21
921,breach,13
922,bridging,15
923,brings,22
924,brought,16
925,buy,16
926,buyer,20
927,campaign,7
928,central,28
929,challenging,28
930,characterized,15
931,ciphertext,6
932,cloud,24
933,collaborate,15
934,collaboration,29
935,collecting,8
936,collection,23
937,combine,37
938,combining,27
939,commercial,19
940,community,41
941,compare,27
942,completely,21
943,complex,45
944,complicated,13
945,complicates,6
946,complicating,3
947,comprehensive,37
948,compromised,15
949,compromising,15
950,concentrate,11
951,concludes,11
952,confidentiality,17
953,connect,23
954,connection,37
955,consequence,19
956,consideration,28
957,consistent,26
958,contribute,31
959,control,49
960,convergence,20
961,cooperation,13
962,coordinated,4
963,countermeasure,11
964,covering,10
965,crafting,5
966,crash,18
967,create,57
968,creates,35
969,creating,53
970,creatively,2
971,criminal,13
972,critical,46
973,cross_border,8
974,cross_platform,12
975,crucial,43
976,cryptocurrency,51
977,cultural,20
978,customer,31
979,cybercrime,13
980,cybersecurity,23
981,daily_life,10
982,danger,9
983,data_breach,15
984,data_collection,26
985,data_privacy,24
986,data_protection,15
987,decentralized_ledger,13
988,decentralized_nature,24
989,deeper,9
990,deepfake,9
991,defense,14
992,demand,37
993,demonstrate,25
994,department_computer,14
995,describes,17
996,despite,32
997,detecting,15
998,detection,27
999,develop,37
1000,developing,41
1001,development,60
1002,digital_asset,51
1003,digital_currency,22
1004,digital_economy,20
1005,digital_frontier,8
1006,digital_identity,15
1007,digital_twin,25
1008,direction,20
1009,discus,25
1010,discussed,39
1011,distributing,12
1012,diverse,31
1013,doha,2
1014,driving,17
1015,dynamic,42
1016,ecosystem,45
1017,ed,5
1018,education,42
1019,educational,18
1020,effect,33
1021,efficiently,21
1022,effort,25
1023,emotional,13
1024,emphasis,14
1025,emphasizes,13
1026,emphasizing,13
1027,empirical,11
1028,empower,12
1029,enables,43
1030,enabling,44
1031,encompassing,16
1032,enforcement,13
1033,engagement,30
1034,enhance,44
1035,enhance_security,12
1036,enhanced,36
1037,enhances,27
1038,enhancing,37
1039,ensuring,45
1040,error,23
1041,ethic,7
1042,ethical,23
1043,ethical_consideration,8
1044,european_union,12
1045,event,41
1046,evolution,28
1047,evolved,11
1048,evolves,12
1049,examination,15
1050,examines,20
1051,exclusive,20
1052,exclusivity,4
1053,expand,20
1054,expanding,21
1055,expands,11
1056,expansion,22
1057,expert,19
1058,exploit,25
1059,exploitation,17
1060,exploited,10
1061,exploiting,14
1062,explores,21
1063,exploring,28
1064,expose,10
1065,expression,18
1066,extended_reality,16
1067,extensive,24
1068,faced,17
1069,factor,41
1070,factor_authentication,11
1071,failure,20
1072,fake,24
1073,field,46
1074,filling,4
1075,finance,26
1076,financial_crime,5
1077,financial_fraud,6
1078,fingerprint,10
1079,firewall,5
1080,flexible,17
1081,focusing,22
1082,foster,18
1083,fostered,3
1084,fourth,15
1085,fraud,44
1086,fraudulent_activity,10
1087,fund,24
1088,future_research,24
1089,gap,34
1090,gdpr,7
1091,general,38
1092,global,45
1093,governance_framework,4
1094,greater,33
1095,greatly,11
1096,growth,37
1097,guide,17
1098,guideline,17
1099,handle,33
1100,handling,18
1101,harassment,9
1102,hazard,4
1103,healthcare,28
1104,heightened,8
1105,heightens,2
1106,highlight,37
1107,highlighting,25
1108,highly,40
1109,homomorphic_encryption,7
1110,hotspot,2
1111,human,39
1112,hygiene,6
1113,identifies,19
1114,identifying,35
1115,identity_management,11
1116,identity_theft,19
1117,illustrate,17
1118,immersive,40
1119,immersive_experience,30
1120,impacting,10
1121,impersonate,8
1122,impersonation,15
1123,improvement,31
1124,improving,28
1125,incident,14
1126,include,55
1127,incorporates,20
1128,individual,47
1129,individuality,2
1130,industrial,27
1131,industry,42
1132,influencing,9
1133,infrastructure,43
1134,initiative,20
1135,insertion,2
1136,insight,34
1137,insufficient,18
1138,integrates,30
1139,integrating,37
1140,integration,42
1141,integrity,34
1142,interactive,32
1143,interconnected,20
1144,interdisciplinary,7
1145,international_law,2
1146,interoperability,31
1147,intricacy,6
1148,invest,18
1149,investigate,19
1150,investigated,19
1151,investigation,26
1152,involving,23
1153,issue,61
1154,jeopardize,2
1155,jurisdictional,5
1156,keyword,3
1157,know,29
1158,kyc,8
1159,lack,46
1160,lag,5
1161,lapse,3
1162,law,26
1163,leader,10
1164,leading,39
1165,legal,37
1166,legal_framework,11
1167,leverage,34
1168,license,30
1169,living,9
1170,mahmoud,2
1171,mainly,25
1172,maintain,31
1173,major,43
1174,malware,10
1175,manage,34
1176,management,53
1177,manipulate,20
1178,manipulation,26
1179,market,47
1180,mass,11
1181,massive,17
1182,measure,36
1183,merging,12
1184,mesh,7
1185,meta,36
1186,meta_verse,4
1187,mfa,7
1188,microsoft,19
1189,millennium,3
1190,mini,5
1191,miss,2
1192,misuse,16
1193,mitigate,23
1194,mitigating,23
1195,mitigation_strategy,6
1196,mixed,8
1197,mmorpgs,2
1198,mobile,20
1199,module,12
1200,mohammad,3
1201,money_laundering,18
1202,monitoring,26
1203,multi_factor,8
1204,multidisciplinary,6
1205,multiple,55
1206,nature,47
1207,navigate,14
1208,neal_stephenson,20
1209,necessity,12
1210,non_fungible,10
1211,novel_snow,15
1212,numerous,36
1213,nvidia,11
1214,object,36
1215,objective,33
1216,obstacle,16
1217,offer,53
1218,offering,33
1219,ology,2
1220,omniverse,4
1221,opensea,11
1222,organization,32
1223,ought,2
1224,outline,19
1225,oversight,12
1226,paris,3
1227,participate,32
1228,participation,25
1229,particular,34
1230,particularly,39
1231,password,14
1232,perceive,7
1233,perception,17
1234,persistent,16
1235,personal_data,19
1236,phishing,19
1237,political,11
1238,ponzi,6
1239,popularity,27
1240,population,15
1241,pose,25
1242,pose_significant,13
1243,possibility,33
1244,potential_risk,17
1245,potentially,35
1246,preserving,12
1247,preventing,25
1248,prevention,18
1249,principle,36
1250,prior,20
1251,privacy_concern,14
1252,privacy_protection,14
1253,privacypreserving,5
1254,processing,39
1255,professional,17
1256,profile,19
1257,program,28
1258,progress,23
1259,promote,23
1260,prompting,3
1261,prone,8
1262,proposing,10
1263,protecting,20
1264,protection,35
1265,providing,49
1266,pseudonymous,5
1267,psychological,10
1268,pte,4
1269,qatar,3
1270,quickly,23
1271,raise_concern,10
1272,raising,11
1273,rapid,26
1274,react,3
1275,real_time,40
1276,reality,35
1277,realm,21
1278,realtime,10
1279,recognition,26
1280,recommendation,17
1281,reducing,29
1282,refining,3
1283,regarding,42
1284,regulation,39
1285,regulatory,24
1286,regulatory_framework,18
1287,reliable,30
1288,reliance,14
1289,remain,24
1290,remains,31
1291,remedy,7
1292,requiring,18
1293,research_area,7
1294,resilient,15
1295,resource,45
1296,respecting,5
1297,respective,17
1298,retail,15
1299,reveals,17
1300,review,41
1301,revolution,19
1302,revolutionary,13
1303,right,30
1304,rising,10
1305,risk,52
1306,robust,37
1307,robust_security,16
1308,rug_pull,3
1309,safe,35
1310,safeguard,20
1311,safeguarding,16
1312,safer,11
1313,sale,25
1314,scalable,22
1315,scam,19
1316,science_engineering,6
1317,scientist,7
1318,second_life,18
1319,sector,34
1320,securely,26
1321,secures,5
1322,security_breach,12
1323,security_measure,18
1324,security_privacy,32
1325,security_threat,19
1326,seen,31
1327,self,26
1328,setting,32
1329,shanghai,3
1330,shaped,10
1331,showcase,10
1332,showing,15
1333,singapore,8
1334,social,43
1335,social_economic,11
1336,social_engineering,11
1337,social_interaction,20
1338,software,36
1339,solely,14
1340,solution,50
1341,sophisticated,23
1342,special,24
1343,specialized,15
1344,specific,53
1345,stakeholder,26
1346,strategy,43
1347,strengthen,12
1348,strengthening,7
1349,strengthens,6
1350,strict,7
1351,structured,27
1352,struggle,10
1353,subsequent,22
1354,suggests,17
1355,summary,31
1356,support,52
1357,supporting,24
1358,surveillance,9
1359,survey_paper,3
1360,suspicious,12
1361,tailored,18
1362,tampering,11
1363,targeted,23
1364,teach,3
1365,tech,23
1366,technologist,3
1367,term,57
1368,theft,25
1369,thorough,17
1370,threatening,5
1371,thrive,6
1372,tied,9
1373,ting,3
1374,today,21
1375,tool,47
1376,tracking,22
1377,training,38
1378,transforming,14
1379,transit,4
1380,transparency,41
1381,transparency_immutability,7
1382,transparent,38
1383,trust,40
1384,unauthorized_access,20
1385,underscore,12
1386,underscoring,6
1387,unique,50
1388,urgent,7
1389,urgently,5
1390,user_centric,14
1391,validation,30
1392,variation,16
1393,varied,12
1394,versus,9
1395,virtual_asset,35
1396,virtual_economy,18
1397,virtual_environment,41
1398,virtual_reality,38
1399,vital,25
1400,vulnerability,41
1401,vulnerable,27
1402,wash_trading,4
1403,weakness,14
1404,web,32
1405,widespread,17
1406,wise,7
1407,world,54
1408,worse,6
1409,zero,20
1410,zero_knowledge,5
1411,zero_knowledge_proof,7
1412,zkp,3
1413,abeer,2
1414,ability,48
1415,able,38
1416,abruptly,2
1417,abused,3
1418,acceptance,15
1419,accessed,18
1420,accessibility,24
1421,accessible,37
1422,accessing,14
1423,accommodating,4
1424,accurate,21
1425,accurately,17
1426,actor,13
1427,actual,33
1428,actuator,2
1429,adaptation,13
1430,adapted,11
1431,added,22
1432,adopting,17
1433,advancement,32
1434,advertised,3
1435,advertisement,9
1436,advertising,13
1437,advice,8
1438,affect,26
1439,affected,14
1440,affecting,14
1441,affirm,4
1442,afford,6
1443,affordable,2
1444,age,24
1445,agency,12
1446,agenda,6
1447,aided,5
1448,aim,47
1449,alibaba,4
1450,allowed,17
1451,allowing,37
1452,allows,49
1453,alter,18
1454,amazon,5
1455,analyzing,22
1456,android,3
1457,announced,10
1458,anticipate,4
1459,anxiety,6
1460,appears,13
1461,applies,10
1462,apply,25
1463,approve,3
1464,approving,7
1465,apts,3
1466,ariana,2
1467,arise,22
1468,arisen,2
1469,army,3
1470,arrange,3
1471,arranged,4
1472,arranging,2
1473,art,30
1474,artificial_intelligence_blockchain,14
1475,artist,21
1476,artwork,20
1477,aside,3
1478,assault,7
1479,assembling,2
1480,associated,41
1481,association,11
1482,assure,5
1483,attacker,22
1484,attain,3
1485,attempt,32
1486,attempting,10
1487,attention,42
1488,attract,14
1489,attracting,9
1490,audio,12
1491,audiovisual,3
1492,augmented_reality,25
1493,authenticity,27
1494,automation,17
1495,avenue,17
1496,avoiding,10
1497,awadallah,2
1498,away,11
1499,backbone,10
1500,backup,5
1501,bad,9
1502,balance,28
1503,banking,15
1504,basically,5
1505,basis,22
1506,began,9
1507,belief,10
1508,believed,10
1509,benefit,41
1510,biggest,8
1511,billion,28
1512,binary,10
1513,biometric_authentication,8
1514,biometric_information,8
1515,birth,6
1516,blood,2
1517,bloomberg,2
1518,blueprint,5
1519,boast,2
1520,book,17
1521,bound,14
1522,boundless,5
1523,box,11
1524,brand,19
1525,breeding,3
1526,bringing,7
1527,broaden,4
1528,broker,4
1529,browse,5
1530,brute,4
1531,build,35
1532,building,39
1533,building_block,7
1534,bullying,4
1535,bunch,3
1536,burn,2
1537,buyer_seller,5
1538,bypassing,2
1539,calculation,19
1540,camera,8
1541,candidate,5
1542,capability,39
1543,capture,32
1544,carry,21
1545,cast,5
1546,categorized,16
1547,category,31
1548,caught,5
1549,caused,15
1550,caution,4
1551,ceo,7
1552,certificate,12
1553,changing,26
1554,channel,24
1555,chapter,12
1556,character,27
1557,characteristic,39
1558,chatroom,2
1559,checking,9
1560,cherish,2
1561,child,10
1562,choice,27
1563,chow,2
1564,claiming,2
1565,class,23
1566,classification,26
1567,classified,23
1568,classroom,6
1569,clinical,3
1570,clone,8
1571,close,13
1572,closeness,2
1573,clothes,9
1574,cloud_computing,11
1575,coding,8
1576,coined,8
1577,collective,21
1578,combat,8
1579,combination,35
1580,combined,27
1581,come,35
1582,comfort,2
1583,command,6
1584,commerce,26
1585,commit,10
1586,committed,6
1587,common,39
1588,company,38
1589,comparable,10
1590,competitive,8
1591,competitor,3
1592,component,50
1593,comprehend,2
1594,comprises,16
1595,compromise,19
1596,conceal,3
1597,conceivable,2
1598,conceptual,18
1599,concerning,26
1600,concert,10
1601,conducting,22
1602,configuring,2
1603,confined,4
1604,conflict,17
1605,conglomeration,2
1606,connected,26
1607,connectedness,2
1608,consent,13
1609,considerable,15
1610,considerably,9
1611,considering,37
1612,consisting,16
1613,constant,15
1614,constantly,12
1615,constraint,25
1616,consumer,33
1617,context,45
1618,continued,16
1619,continues,13
1620,contractor,2
1621,controlling,13
1622,conventional,22
1623,conversation,10
1624,conversely,16
1625,conversion,8
1626,convince,2
1627,convincing,6
1628,cooling,2
1629,copy,18
1630,copying,6
1631,corporation,18
1632,correspond,7
1633,corresponds,11
1634,costly,8
1635,counterfeit,8
1636,counterfeiting,5
1637,counterpart,11
1638,counting,2
1639,countless,3
1640,country,25
1641,creator,28
1642,credit,17
1643,crime,14
1644,cross,25
1645,cryptoasset,10
1646,cryptographic_protocol,3
1647,culprit,2
1648,culture,13
1649,curated,3
1650,curiosity,2
1651,currently,33
1652,curve,14
1653,custom,10
1654,customization,4
1655,customized,12
1656,cut,5
1657,cyber,23
1658,cyber_physical,8
1659,cyber_threat,13
1660,cyberattacks,7
1661,cybercriminal,5
1662,cybercriminals,8
1663,cyberpunk,3
1664,damage,14
1665,damaging,5
1666,dangerous,3
1667,dark,7
1668,dark_web,3
1669,darkverse,3
1670,dating,3
1671,david,4
1672,day,23
1673,ddos,3
1674,ddos_attack,6
1675,deceive,9
1676,deceiving,5
1677,decision,34
1678,decision_making,25
1679,decline,9
1680,decrypting,7
1681,deep,15
1682,deeply,10
1683,defeating,3
1684,defend,8
1685,degree,26
1686,deliberate,3
1687,delivered,7
1688,delivering,6
1689,delivery,11
1690,delve,5
1691,demonstrated,28
1692,depend,11
1693,depends,13
1694,depicts,10
1695,designer,7
1696,designing,12
1697,destabilize,2
1698,destroy,2
1699,destroying,3
1700,destruction,5
1701,detect,24
1702,detected,13
1703,deter,4
1704,diagnosis,4
1705,difference,35
1706,different_type,17
1707,differentiating,3
1708,differently,7
1709,differing,4
1710,difficulty,27
1711,digitally,10
1712,digitization,6
1713,dimension,22
1714,dip,2
1715,disappears,3
1716,disconnected,4
1717,discount,5
1718,discovering,2
1719,discussion,42
1720,disorientation,2
1721,display,25
1722,displayed,11
1723,disregard,2
1724,disrupt,13
1725,disruptive,10
1726,disseminating,2
1727,distribution,32
1728,dna,4
1729,documentation,5
1730,dogecoin,3
1731,doing,18
1732,dollar,20
1733,domain,29
1734,domination,2
1735,don,6
1736,door,5
1737,download,6
1738,downloads,4
1739,downtime,4
1740,drive,14
1741,driver,6
1742,dump,8
1743,duplicate,8
1744,duplicated,5
1745,duplication,6
1746,early_stage,14
1747,earn,17
1748,earning,7
1749,easier,18
1750,easily,29
1751,easy,25
1752,economic,42
1753,economical,6
1754,economy,27
1755,edge,16
1756,educated,5
1757,effective,35
1758,effectively,34
1759,effectiveness,27
1760,election,2
1761,embedded,22
1762,embodies,3
1763,emerging_technology,18
1764,emerging_trend,9
1765,emphasize,8
1766,employing,18
1767,enable,44
1768,encountered,11
1769,encourage,20
1770,encrypt,6
1771,encrypted,14
1772,endanger,2
1773,endeavor,6
1774,endless,6
1775,endorsement,6
1776,enemy,5
1777,engaging,21
1778,engine,17
1779,entail,18
1780,enter,16
1781,entertainment,31
1782,entire,21
1783,entirely,16
1784,entity,42
1785,entrance,4
1786,entry,19
1787,envision,5
1788,envisioned,11
1789,equipment,15
1790,era,17
1791,escalation,4
1792,escape,2
1793,especially,41
1794,establish,40
1795,established,35
1796,establishing,27
1797,estimate,13
1798,estimated,14
1799,everyday,9
1800,evident,15
1801,examining,18
1802,exceptionally,2
1803,exciting,10
1804,exercise,4
1805,exist,33
1806,existence,22
1807,existing_literature,12
1808,exists,22
1809,exit,8
1810,expect,11
1811,experience,53
1812,experiencing,10
1813,experimental,13
1814,explain,14
1815,explicit,5
1816,explore,32
1817,explored,26
1818,exposed,11
1819,external,22
1820,extortion,2
1821,extract,19
1822,extreme,8
1823,extremely,14
1824,eye,8
1825,facebook,20
1826,facial,6
1827,facilitate,38
1828,facilitated,16
1829,facilitates,19
1830,facility,9
1831,factory,3
1832,fall,20
1833,falsified,2
1834,fan,11
1835,fantasy,3
1836,far,22
1837,favor,6
1838,fear,9
1839,feel,14
1840,feeling,12
1841,file,20
1842,financial_loss,8
1843,financing,7
1844,finite,9
1845,firm,16
1846,fit,16
1847,flaw,13
1848,fledged,2
1849,flood,3
1850,flooding,3
1851,focused,34
1852,follow,18
1853,follower,3
1854,following,51
1855,foot,4
1856,forced,2
1857,forcing,2
1858,foremost,5
1859,forged,7
1860,forgery,11
1861,formal,13
1862,fortnite,7
1863,forum,10
1864,fraudulent,17
1865,fraudulent_transaction,10
1866,freedom,11
1867,frequent,15
1868,frontier,11
1869,fuelled,2
1870,furthermore,48
1871,futuristic,4
1872,gadget,5
1873,gain,31
1874,gain_access,11
1875,gaining,12
1876,gallery,6
1877,gambling,9
1878,game,41
1879,gamers,4
1880,gaming,38
1881,gaming_industry,11
1882,gather,9
1883,gathering,8
1884,gear,4
1885,geared,3
1886,genuine,11
1887,genuinely,6
1888,geography,3
1889,geolocation,2
1890,giant,12
1891,giving,18
1892,glance,3
1893,glass,9
1894,glimpse,2
1895,globally,12
1896,globe,8
1897,gold,8
1898,google,19
1899,got,5
1900,gotten,2
1901,govern,12
1902,governed,10
1903,governing,11
1904,government,26
1905,grande,2
1906,granting,7
1907,graphic,12
1908,ground,15
1909,grow,22
1910,guaranteeing,14
1911,guard,7
1912,guess,5
1913,habit,5
1914,hacked,7
1915,hacker,13
1916,hacking,14
1917,hand,39
1918,harder,5
1919,hardware,28
1920,having,31
1921,head,13
1922,headquarters,4
1923,headset,16
1924,health,19
1925,heavily,13
1926,held,18
1927,helping,12
1928,hidden,15
1929,highest,23
1930,hijacking,3
1931,hint,3
1932,holding,16
1933,hole,2
1934,hope,7
1935,horizon_world,9
1936,host,17
1937,hostile,6
1938,hourly,3
1939,house,8
1940,housing,4
1941,huge,10
1942,hurt,2
1943,hypothetical,5
1944,icon,3
1945,igi,2
1946,iiot,5
1947,illicit,4
1948,image,30
1949,imagination,6
1950,imitate,3
1951,immersive_interactive,11
1952,immersive_nature,9
1953,impersonated,4
1954,implemented,32
1955,implication,28
1956,implies,16
1957,imply,5
1958,importance,38
1959,imposter,2
1960,improper,5
1961,inaccessible,4
1962,incentive,19
1963,inclusive,18
1964,incorrect,4
1965,increasingly,26
1966,indefinitely,2
1967,independent,22
1968,india,14
1969,indulge,2
1970,infamous,2
1971,infancy,5
1972,infection,3
1973,infiltrate,2
1974,infinite,13
1975,inflate,4
1976,influencer,2
1977,influencers,7
1978,infringement,6
1979,inject,3
1980,injection,5
1981,innovative,34
1982,inside,18
1983,instantly,9
1984,institution,25
1985,intangible,8
1986,integral,13
1987,intellectual_property,18
1988,intelligence,14
1989,intensifying,4
1990,intent,3
1991,intention,15
1992,interacting,16
1993,interactivity,9
1994,intercept,7
1995,interception,4
1996,intermediary,23
1997,internal,16
1998,internet_thing,22
1999,interplanetary_file,9
2000,interpreting,7
2001,interrupt,3
2002,intricate,15
2003,introduced,37
2004,introducing,17
2005,intrude,2
2006,investing,18
2007,investment,29
2008,investor,24
2009,invite,2
2010,involve,25
2011,io,3
2012,iot,23
2013,iot_device,8
2014,ipfs,9
2015,irreplaceable,3
2016,isn,6
2017,jeopardizing,2
2018,job,17
2019,join,13
2020,journey,3
2021,judgement,4
2022,jump,3
2023,jurisdiction,13
2024,large,41
2025,largely,12
2026,law_enforcement,4
2027,lax,2
2028,layer,33
2029,lead,43
2030,learn,22
2031,leave,8
2032,led,19
2033,legislation,7
2034,legitimate,24
2035,liberty,2
2036,lie,19
2037,light,19
2038,likelihood,11
2039,likely,27
2040,likewise,10
2041,limitation,35
2042,link,29
2043,linkedin,3
2044,liquidity,16
2045,listed,14
2046,loan,7
2047,locate,6
2048,located,11
2049,location,34
2050,long_term,30
2051,looking,18
2052,loss,31
2053,lot,15
2054,loyalty,7
2055,lure,2
2056,mac,3
2057,machine_learning,26
2058,machine_learning_algorithm,10
2059,mail,18
2060,maintaining,34
2061,make_difficult,10
2062,malevolent,4
2063,malfunction,6
2064,malicious_activity,12
2065,malicious_actor,10
2066,mall,2
2067,man,4
2068,man_middle,8
2069,mandatory,5
2070,manifestation,3
2071,manipulated,12
2072,mark,14
2073,marketplace,24
2074,marr,3
2075,massively,6
2076,master,6
2077,material,28
2078,materialization,2
2079,medical,17
2080,medicine,4
2081,medium,32
2082,meet,32
2083,mega,2
2084,mental,6
2085,mention,9
2086,merge,9
2087,messaging,5
2088,metaphysical,2
2089,metaverse_continues,12
2090,metaverse_ecosystem,23
2091,michael,2
2092,middle,9
2093,mile,2
2094,military,5
2095,million,30
2096,mimic,10
2097,mimicking,3
2098,mindful,3
2099,minimal,17
2100,minor,8
2101,mirrored,2
2102,miscellaneous,2
2103,misconduct,4
2104,misleading,4
2105,misled,2
2106,misused,5
2107,mitm_attack,5
2108,mix,6
2109,mixed_reality,20
2110,mmorpg,3
2111,mode,16
2112,moderate,9
2113,modern,14
2114,modifying,3
2115,monetary,15
2116,monitor,12
2117,monitored,8
2118,motion,8
2119,motivation,17
2120,movement,22
2121,movie,3
2122,multi,28
2123,multimedia,10
2124,multiplayer,8
2125,museum,7
2126,named,13
2127,narrative,8
2128,nation,13
2129,natural,17
2130,natural_language,11
2131,navigates,2
2132,nearly,9
2133,necessary,39
2134,necessitate,7
2135,needing,7
2136,networked,8
2137,news,11
2138,nigerian,2
2139,non,42
2140,norm,14
2141,normal,22
2142,normally,5
2143,notable,12
2144,notion,11
2145,obligation,10
2146,observed,34
2147,obtain,35
2148,obtained,31
2149,occupation,2
2150,occur,29
2151,occurrence,5
2152,offender,4
2153,offense,2
2154,offensive,4
2155,old,15
2156,opening,12
2157,operated,8
2158,operating,28
2159,operative,2
2160,operator,14
2161,opinion,12
2162,opponent,3
2163,opportunity,42
2164,optimizes,3
2165,option,22
2166,outage,3
2167,outfit,4
2168,outside,22
2169,overlay,4
2170,page,12
2171,paid,14
2172,pain,2
2173,paint,3
2174,pak,2
2175,panel,3
2176,parade,2
2177,participating,13
2178,partner,6
2179,patch,4
2180,path,20
2181,patient,9
2182,paying,8
2183,payment,29
2184,penetrating,2
2185,period,25
2186,permit,9
2187,perpetrator,3
2188,persistence,9
2189,personal_information,22
2190,personality,4
2191,persuade,4
2192,persuasion,4
2193,phishing_attack,9
2194,photo,8
2195,physic,5
2196,physical_object,8
2197,physically,10
2198,pick,5
2199,picking,3
2200,picture,16
2201,pin,5
2202,pinnacle,2
2203,place,38
2204,placement,6
2205,plain,3
2206,plan,22
2207,planner,2
2208,plant,3
2209,platform_server,4
2210,playing,11
2211,plot,10
2212,point_view,11
2213,politician,3
2214,poor,7
2215,pop,4
2216,popularized,5
2217,portability,4
2218,posed,11
2219,posing,9
2220,possess,9
2221,possession,10
2222,pouring,2
2223,practical,27
2224,practice,32
2225,practises,2
2226,pre,24
2227,precaution,3
2228,predecessor,3
2229,predict,20
2230,predicted,15
2231,predicting,7
2232,prepared,9
2233,presenting,12
2234,presently,6
2235,preserve,16
2236,press,5
2237,pressure,9
2238,pretending,4
2239,pretty,2
2240,prevalent,15
2241,previous,31
2242,preying,2
2243,price,28
2244,pricing,9
2245,primarily,29
2246,print,11
2247,private,35
2248,privilege,8
2249,probability,18
2250,producing,12
2251,product,38
2252,profiled,2
2253,profiling,7
2254,profitable,6
2255,profound,10
2256,profoundly,3
2257,progression,10
2258,progressively,5
2259,prohibited,5
2260,project,39
2261,projected,9
2262,prolonged,4
2263,promise,21
2264,promotes,12
2265,promotion,11
2266,propagate,3
2267,propagation,7
2268,proprietary,4
2269,prospect,12
2270,prospective,9
2271,protected,17
2272,proximity,3
2273,pseudo,6
2274,psychology,5
2275,publishing,7
2276,pump,7
2277,purchase,27
2278,push,10
2279,putting,9
2280,pyramid,2
2281,quality,26
2282,questionable,2
2283,race,5
2284,radar,2
2285,rampant,2
2286,ransom,3
2287,ransomware,8
2288,rapidly,29
2289,raw,15
2290,reach,28
2291,reaching,9
2292,read,13
2293,reading,10
2294,ready,13
2295,real_estate,26
2296,real_life,14
2297,realism,5
2298,realistic,24
2299,realistically,2
2300,realworld,7
2301,recent_year,20
2302,recognising,3
2303,recording,18
2304,recreate,4
2305,reduces,22
2306,referenced,4
2307,refers,31
2308,reflect,21
2309,region,15
2310,regular,15
2311,regulate,14
2312,regulating,11
2313,reinvent,2
2314,relate,9
2315,related,52
2316,relating,7
2317,relevant,36
2318,remember,3
2319,remote,18
2320,remote_work,6
2321,remove,15
2322,replacement,6
2323,replicated,7
2324,replicates,3
2325,reporting,11
2326,representation,36
2327,reputable,5
2328,reputation,17
2329,reputational,5
2330,reserve,8
2331,respect,16
2332,responsible,32
2333,restaurant,2
2334,restriction,16
2335,restrictive,2
2336,retailer,5
2337,retain,6
2338,revolutionizing,7
2339,rise,33
2340,robbery,2
2341,robinson,2
2342,romance,2
2343,room,13
2344,root,10
2345,royalty,8
2346,sabotage,2
2347,samsung,3
2348,sanction,4
2349,scammer,3
2350,scamming,3
2351,scanning,10
2352,scope,23
2353,scoping,2
2354,screen,9
2355,screening,6
2356,scripting,3
2357,secrecy,7
2358,securing,20
2359,seek,26
2360,seeking,15
2361,segmentation,5
2362,seizure,2
2363,sell,27
2364,selling,17
2365,sensitive,17
2366,sensitive_data,17
2367,sensor,11
2368,sentiment,5
2369,serf,26
2370,served,8
2371,server,21
2372,service_provider,21
2373,severe,10
2374,sexual,4
2375,shape,19
2376,sharing,27
2377,shop,8
2378,significance,30
2379,significantly,43
2380,simple,32
2381,simply,17
2382,simulation,29
2383,simulator,5
2384,single,43
2385,site,10
2386,sitting,2
2387,sky,3
2388,slowly,3
2389,smaili,2
2390,small,19
2391,smaller,22
2392,smart_city,13
2393,smartphone,4
2394,smartphones,6
2395,sn,2
2396,social_medium,31
2397,social_network,13
2398,social_networking,9
2399,socialization,3
2400,society,27
2401,sold,18
2402,sole,4
2403,solid,10
2404,solidify,2
2405,solve,20
2406,sony,3
2407,soon,8
2408,sort,9
2409,sound,9
2410,source,38
2411,sparked,4
2412,spatial,14
2413,speak,4
2414,spear,4
2415,specialist,7
2416,speech,6
2417,sponsorship,3
2418,spreading,6
2419,spy,2
2420,stack,5
2421,stand,22
2422,standardized,8
2423,standing,11
2424,star,5
2425,start,28
2426,started,14
2427,static,13
2428,steal,15
2429,stealing,11
2430,stem,4
2431,stepping,3
2432,stevenson,5
2433,stolen,13
2434,store,42
2435,stored,36
2436,storefront,2
2437,story,13
2438,strain,2
2439,strategic,17
2440,stream,12
2441,stress,3
2442,strike,3
2443,stringent,10
2444,student,13
2445,studying,4
2446,subject,31
2447,subscription,3
2448,subsequently,24
2449,substantial,16
2450,successful,32
2451,suffers,3
2452,suit,9
2453,superimposed,3
2454,surgery,4
2455,surpass,6
2456,surpassing,2
2457,surroundings,6
2458,susceptible,18
2459,sustain,6
2460,sway,7
2461,sybil_attack,9
2462,synthesized,3
2463,tactic,8
2464,taken,28
2465,taking,22
2466,talk,9
2467,tampered,6
2468,targeting,10
2469,tax_evasion,2
2470,team,17
2471,telecommunication,5
2472,tends,7
2473,territory,6
2474,terrorist,2
2475,testing,31
2476,text,22
2477,theme,17
2478,theoretical,22
2479,thing,22
2480,thousand,13
2481,threshold,21
2482,tight,2
2483,tightly,4
2484,timeline,6
2485,tom,5
2486,took,17
2487,tour,3
2488,traced,8
2489,tracked,11
2490,tradability,3
2491,trademark,5
2492,traffic,9
2493,train,15
2494,transferring,16
2495,transformative,16
2496,travel,13
2497,treatment,7
2498,tremendous,2
2499,trouble,2
2500,ubiquitous,7
2501,ultimately,17
2502,unauthorized,15
2503,unavailable,3
2504,uncharted,2
2505,unchecked,2
2506,undergone,7
2507,underground,3
2508,undermine,5
2509,undermining,4
2510,understand,26
2511,undoubtedly,5
2512,unfair,4
2513,unfamiliar,3
2514,uninterrupted,2
2515,unit,25
2516,universally,5
2517,universe,26
2518,unlawful,3
2519,unless,9
2520,unlike,26
2521,unlocks,4
2522,unreasonable,4
2523,unregulated,9
2524,untraceable,2
2525,upgrade,9
2526,upheld,2
2527,upward,2
2528,use_case,19
2529,user_experience,37
2530,utilization,20
2531,utilized,31
2532,utilizing,33
2533,utopian,2
2534,variety,26
2535,various,60
2536,vast,26
2537,vendor,5
2538,versatility,5
2539,verse,9
2540,version,36
2541,victim,12
2542,video,25
2543,viewing,3
2544,violent,3
2545,virtual_currency,19
2546,virtual_reality_augmented_reality,26
2547,virtual_space,33
2548,virtually,22
2549,visit,7
2550,visitor,4
2551,vista,3
2552,visual,24
2553,visually,10
2554,visuals,6
2555,voice,9
2556,von,2
2557,wage,3
2558,wang,25
2559,war,3
2560,washing,2
2561,wave,10
2562,weaken,2
2563,website,15
2564,weight,14
2565,wellbeing,2
2566,wide,20
2567,widely,24
2568,widely_used,20
2569,widening,3
2570,window,5
2571,witness,3
2572,word,26
2573,worker,8
2574,working,30
2575,worldwide,15
2576,worst,6
2577,wouldn,2
2578,yang,11
2579,younger,3
2580,zuckerberg,7
2581,accelerated,9
2582,access_control,17
2583,add,24
2584,adding,14
2585,addition,50
2586,aggregated,11
2587,aggregation,9
2588,alert,8
2589,allocate,4
2590,apis,9
2591,appearance,13
2592,artificial_neural,5
2593,attribute_set,4
2594,australian,5
2595,automated,26
2596,bed,2
2597,behavioural,5
2598,belong,8
2599,calling,9
2600,capable,20
2601,captured,14
2602,case_study,18
2603,chain,36
2604,checked,6
2605,classify,17
2606,cloned,3
2607,cloning,4
2608,collaborative,20
2609,collect,17
2610,collected,24
2611,communicates,2
2612,comprehensively,13
2613,confidence,13
2614,connecting,10
2615,consists,28
2616,content_creation,9
2617,continuous,17
2618,cover,17
2619,covered,8
2620,cross_chain,11
2621,daily,14
2622,database,22
2623,datasets,17
2624,decided,7
2625,deep_learning,16
2626,dependence,7
2627,depicted,17
2628,deploy,15
2629,determined,23
2630,direct,27
2631,disable,2
2632,discovered,13
2633,downloaded,4
2634,earlier,14
2635,emerging,40
2636,empowered,10
2637,enhancement,16
2638,enters,4
2639,envisage,2
2640,event_emitted,3
2641,exhibition,10
2642,extend,18
2643,extended,17
2644,extracted,11
2645,falchuk,3
2646,fashion,19
2647,federated_learning,11
2648,filled,3
2649,filtering,8
2650,footprint,7
2651,functionality,26
2652,future_work,18
2653,generic,5
2654,ghantous,2
2655,goerli,2
2656,going,10
2657,gradient_boosting,4
2658,griffith,3
2659,handled,6
2660,hardhat,3
2661,hold,34
2662,identified,36
2663,identify,44
2664,iii,32
2665,illegitimate,2
2666,illustrated,24
2667,imitation,4
2668,incorporated,12
2669,increasing,43
2670,index_term,17
2671,initiate,14
2672,instance,44
2673,instruction,8
2674,international_conference,17
2675,intrusion,5
2676,invisible,2
2677,kang,2
2678,lay,9
2679,layered,12
2680,leakage,17
2681,lim,4
2682,linear_regression,5
2683,list,32
2684,loaded,2
2685,local,23
2686,local_model,3
2687,maintained,9
2688,map,25
2689,mature,9
2690,measured,25
2691,metadata,18
2692,mint,10
2693,minting,11
2694,mislead,4
2695,moving,20
2696,networking,15
2697,newly,8
2698,noise,11
2699,noisy,4
2700,notification,4
2701,notify,3
2702,offered,26
2703,openzeppelin,3
2704,outcome,28
2705,pandemic,14
2706,paper_proposes,11
2707,parallel,19
2708,pattern,34
2709,performed,34
2710,personalised,3
2711,pertaining,4
2712,perturbation,2
2713,phase,29
2714,pinata,2
2715,prediction,20
2716,predictive,12
2717,prevents,19
2718,previously,24
2719,privacy_preservation,6
2720,privacy_risk,6
2721,problematic,9
2722,processed,17
2723,produced,17
2724,propose,27
2725,publicly,21
2726,purchasing,18
2727,random,20
2728,random_forest,6
2729,recommended,15
2730,reconstruction,8
2731,regardless,18
2732,regression,8
2733,relatively,32
2734,relay,5
2735,removal,7
2736,removed,7
2737,reproducible,2
2738,request,28
2739,score,20
2740,script,5
2741,sdk,4
2742,second,39
2743,section_present,15
2744,secured,12
2745,selected,24
2746,sensory,9
2747,similarity,13
2748,simplicity,9
2749,slightly,11
2750,smart_contract_function,8
2751,ssl,4
2752,synced,2
2753,task,38
2754,testbed,3
2755,tokenid,4
2756,tokenuri,2
2757,transformed,15
2758,transport,5
2759,truong,4
2760,upcoming,6
2761,upload,7
2762,url,6
2763,useful,22
2764,user_interact,19
2765,utilises,6
2766,varying,16
2767,verbal,4
2768,verifies,14
2769,viewed,19
2770,vii,17
2771,violation,15
2772,visibility,8
2773,wallet_address,7
2774,workflow,10
2775,zelenyanszki,2
2776,acceptable,10
2777,activation,8
2778,adhering,5
2779,adjusted,9
2780,adv,2
2781,ali,8
2782,allocation,7
2783,alternative,25
2784,analytical,12
2785,analyzed,20
2786,applicability,15
2787,applying,25
2788,approximately,18
2789,arm,7
2790,articulated,2
2791,assessed,7
2792,assessing,15
2793,assessment,27
2794,assisted,7
2795,assumed,9
2796,attribute,32
2797,attribute_performs,2
2798,augmented_reality_virtual_reality,14
2799,authentic,12
2800,authentication_phase,3
2801,authentication_scheme,6
2802,authority,26
2803,avatar_authentication,5
2804,avatar_generation,6
2805,avert,4
2806,bandwidth,10
2807,bci,3
2808,benchmarked,2
2809,big_data,13
2810,bio,3
2811,biometric,10
2812,birthday,3
2813,bottleneck,10
2814,brain,7
2815,breached,5
2816,buying,12
2817,canetti,2
2818,carrying,6
2819,censorship,3
2820,centralization,10
2821,centralized_authority,11
2822,centre,11
2823,centricity,3
2824,chameleon,2
2825,charge,7
2826,clarity,7
2827,clear,30
2828,clearly,13
2829,closely,20
2830,coherence,2
2831,coin,21
2832,college,11
2833,collision,4
2834,commences,5
2835,comparative_analysis,10
2836,compatibility,14
2837,competency,3
2838,complete,33
2839,completing,9
2840,completion,9
2841,compounded,2
2842,computational,20
2843,computational_cost,5
2844,computational_efficiency,9
2845,concealed,3
2846,confidential,8
2847,configuration,6
2848,confront,3
2849,consecutively,2
2850,consensus_mechanism,19
2851,consequently,23
2852,considers,8
2853,consortium,6
2854,constrained,12
2855,construction,26
2856,consumption,18
2857,containing,15
2858,contractbased,3
2859,cooperative,3
2860,coordination,4
2861,corroborate,2
2862,corroborates,3
2863,corrupt,5
2864,covid,14
2865,credential,15
2866,cryptosystem,3
2867,dapps,9
2868,data_integrity,16
2869,date_current,12
2870,date_publication,13
2871,decrypt,12
2872,decryption,14
2873,decrypts,3
2874,dedicated,11
2875,deemed,7
2876,deepika,2
2877,defines,11
2878,delf,6
2879,delineated,6
2880,demonstrates,22
2881,demonstrating,16
2882,denote,12
2883,denoting,2
2884,dependency,11
2885,dependent,16
2886,deploys,4
2887,derive,11
2888,derived,24
2889,derives,3
2890,desktop,5
2891,determine,26
2892,developmental,4
2893,devised,9
2894,dictionary,4
2895,differentiate,7
2896,diffie,4
2897,digital_object,18
2898,directly,33
2899,disclosure,7
2900,disproportionate,2
2901,distinct,30
2902,dolev,2
2903,drawing,11
2904,ecc,5
2905,ecdhp,2
2906,ecdlp,2
2907,efficacy,11
2908,electronics,6
2909,eliminating,12
2910,elliptic,2
2911,elucidated,3
2912,emerged,26
2913,emotionally,3
2914,emphasized,7
2915,employed,27
2916,empowering,11
2917,encompass,12
2918,encompasses,19
2919,encryption_decryption,7
2920,encrypts,5
2921,engineering,32
2922,enhancing_security,14
2923,ensures,35
2924,enumerated,4
2925,enumerates,2
2926,ephemeral,3
2927,equation,17
2928,eradicate,2
2929,erode,3
2930,eth,11
2931,evaluating,19
2932,exceedingly,2
2933,executes,8
2934,executing,10
2935,execution_time,8
2936,exert,2
2937,existent,2
2938,existing_solution,10
2939,expenditure,7
2940,explained,16
2941,extractor,3
2942,fabricating,2
2943,feasibility,13
2944,flow,26
2945,focal,4
2946,forth,5
2947,fostering,14
2948,foundational,11
2949,fresh,12
2950,friendliness,2
2951,functioning,14
2952,future_direction,12
2953,fuzzy,5
2954,ganache,3
2955,gas_fee,6
2956,generates_random,4
2957,growing,31
2958,hellman,4
2959,heterogeneity,3
2960,himachal,2
2961,hybrid,17
2962,hyper,9
2963,ide,4
2964,identifier,26
2965,illustrates,17
2966,immersion,8
2967,immersiveness,4
2968,immutability,19
2969,immutable,18
2970,impede,2
2971,impersonation_attack,5
2972,impervious,2
2973,importantly,6
2974,imported,4
2975,improves,17
2976,incentive_mechanism,5
2977,incorporate,15
2978,incorporating,20
2979,incur,3
2980,incurring,3
2981,incurs,5
2982,independently,13
2983,ineffective,6
2984,inequality,6
2985,infeasible,2
2986,informal,8
2987,inherent,17
2988,initialization,9
2989,initialized,3
2990,initializing,3
2991,initially,26
2992,initiation,3
2993,innovation,41
2994,inquiry,4
2995,inspired,15
2996,institute,19
2997,integrated,35
2998,intelligent,18
2999,intensive,17
3000,inter,11
3001,interacts,3
3002,intersection,9
3003,intra,5
3004,invoking,7
3005,involvement,18
3006,jebri,2
3007,june,13
3008,kim,15
3009,krawczyk,2
3010,kumar,10
3011,lab,9
3012,lastly,13
3013,lately,3
3014,ledger,26
3015,leveraged,7
3016,lightweight,13
3017,linden,6
3018,linked,25
3019,lock,8
3020,login,8
3021,managed,18
3022,manchester,2
3023,manually,5
3024,manufacturing,12
3025,manuscript,13
3026,matching,7
3027,mathematics,6
3028,maximize,12
3029,maximum,17
3030,member,26
3031,metamask,7
3032,metashard,2
3033,metric,22
3034,multifaceted,12
3035,neal,3
3036,near_future,9
3037,nguyen,5
3038,ning,3
3039,nonce,10
3040,notably,17
3041,obstructs,2
3042,obtains,6
3043,october,18
3044,offload,2
3045,onboarding,5
3046,opaque,3
3047,open_source,13
3048,operates,20
3049,operational,20
3050,optimization,18
3051,oracle,11
3052,outlined,17
3053,paradox,2
3054,partitioned,3
3055,passive,5
3056,paving_way,8
3057,perfect,10
3058,performs,16
3059,peril,4
3060,permissioned,4
3061,permitted,12
3062,personalized,20
3063,pfs,2
3064,physical_reality,11
3065,policy,25
3066,polynomial,9
3067,practicality,5
3068,pradesh,2
3069,prepares,7
3070,prevented,8
3071,probabilistic,8
3072,proceed,7
3073,proceeds,7
3074,prohibit,2
3075,promising,31
3076,propagated,3
3077,propagates,2
3078,proposed_solution,12
3079,pseudo_identity,2
3080,psychologically,2
3081,public_channel,3
3082,publishes,4
3083,pwi,2
3084,quantum,11
3085,query,15
3086,querying,4
3087,ram,10
3088,ramification,3
3089,random_nonce,2
3090,random_number,7
3091,raspberry,2
3092,receiving,13
3093,reception,2
3094,recipient,9
3095,recover,8
3096,recovers,2
3097,redistribution,5
3098,register,15
3099,registration,14
3100,rejected,6
3101,reliability,22
3102,remained,7
3103,remix,4
3104,ren,6
3105,render,12
3106,rep,3
3107,replay,5
3108,replicate,12
3109,republication,5
3110,resilience,17
3111,resists,4
3112,respectively,31
3113,responsiveness,3
3114,restricting,3
3115,retrieval,5
3116,retrieve,13
3117,retrieves,7
3118,returned,10
3119,reused,4
3120,revised,11
3121,revocation,5
3122,revoke,4
3123,revoked,2
3124,revoking,3
3125,reward,21
3126,rigorous,8
3127,rigorously,2
3128,riyadh,3
3129,robustness,14
3130,ror,2
3131,ryu,5
3132,satisfy,18
3133,saudi_arabia,4
3134,scalability,30
3135,scale,28
3136,science,34
3137,science_fiction,16
3138,seamless,28
3139,search,22
3140,secret_sharing,5
3141,section_iii,11
3142,secure_efficient,11
3143,secure_transparent,13
3144,selects,8
3145,semantic,10
3146,senior_member,8
3147,september,11
3148,session,12
3149,session_key,5
3150,seven,11
3151,shard,4
3152,sharding,6
3153,short,24
3154,showcasing,14
3155,simulate,9
3156,simulates,3
3157,single_point,14
3158,singular,8
3159,smart_device,6
3160,societal,11
3161,spatiotemporality,3
3162,specification,12
3163,spends,3
3164,spent,8
3165,split,14
3166,storing,21
3167,struggling,3
3168,studied,17
3169,subsection,14
3170,substantiate,3
3171,succeed,7
3172,suggested,15
3173,suited,10
3174,sun,4
3175,superior,10
3176,surpasses,2
3177,surveyed,5
3178,sustainability,17
3179,symbiotic,2
3180,symmetric_encryption,6
3181,tan,6
3182,tangible,16
3183,technological,32
3184,telemedicine,4
3185,temporal,17
3186,temporary,4
3187,thakur,2
3188,theorem,8
3189,throughput,16
3190,timestamps,7
3191,timing,4
3192,trace,10
3193,trajectory,7
3194,transcript,2
3195,transmits,9
3196,transmitted,9
3197,triangle,2
3198,triggered,9
3199,truffle,2
3200,unattainable,2
3201,underpins,2
3202,unfolds,2
3203,unique_identifier,11
3204,unknown,21
3205,unlinkability,2
3206,unlocking,9
3207,utilize,23
3208,utilizes,29
3209,validators,6
3210,variant,11
3211,vector,23
3212,wearable_device,4
3213,win,5
3214,winning,4
3215,work_supported,21
3216,yadav,2
3217,yao,4
3218,yield,14
3219,accordance,6
3220,accountant,2
3221,accounting,10
3222,adapt,22
3223,adapting,8
3224,adopts,6
3225,agree,8
3226,akin,7
3227,alternate,3
3228,amid,2
3229,analysing,5
3230,answer,13
3231,anybody,3
3232,apart,12
3233,appear,18
3234,argue,11
3235,argues,4
3236,arguing,4
3237,arises,10
3238,ask,11
3239,asked,4
3240,asks,2
3241,assurance,7
3242,attitude,5
3243,attracted,16
3244,attribution,16
3245,auction,13
3246,audience,14
3247,audit,16
3248,audited,4
3249,auditing,5
3250,auditor,4
3251,background,16
3252,balanced,9
3253,barrier,18
3254,begun,6
3255,beneficial,8
3256,bina,2
3257,binance,8
3258,board,7
3259,bookkeeping,2
3260,boom,3
3261,boost,16
3262,born,3
3263,bought,10
3264,breakthrough,6
3265,bring,14
3266,broad,20
3267,broader,26
3268,buy_sell,11
3269,buying_selling,12
3270,came,9
3271,capital,14
3272,capitalized,2
3273,careful,8
3274,categorizes,7
3275,chance,17
3276,chohan,4
3277,choo,3
3278,christie,3
3279,claim,18
3280,clue,3
3281,collectible,17
3282,comfortable,6
3283,commonly,14
3284,commonly_used,11
3285,communicating,6
3286,concluded,8
3287,concluding,11
3288,constitute,10
3289,consultant,2
3290,consulting,2
3291,contest,4
3292,continue,28
3293,contrast,25
3294,correlation,15
3295,course,9
3296,court,9
3297,creative_common,11
3298,criterion,25
3299,criticism,3
3300,crypto_wallet,9
3301,cryptopunks,6
3302,dapp,11
3303,date,27
3304,decrease,18
3305,defining,15
3306,demographic,9
3307,depression,3
3308,depth,21
3309,desire,5
3310,differ,14
3311,dig,3
3312,digital_art,16
3313,digitalized,2
3314,dilemma,4
3315,dimensional,22
3316,discussing,11
3317,dissatisfaction,2
3318,double,9
3319,dowling,2
3320,duality,3
3321,dubious,6
3322,economically,5
3323,edged,2
3324,edward,2
3325,emerge,16
3326,employee,8
3327,engaged,16
3328,entered,8
3329,entering,12
3330,expanded,13
3331,expectation,16
3332,experienced,18
3333,explanation,17
3334,explicitly,10
3335,exploded,2
3336,exploration,18
3337,exploratory,3
3338,exponential,6
3339,fabricated,2
3340,facing,9
3341,failed,7
3342,familiar,8
3343,family,5
3344,fast,19
3345,february,15
3346,federation,3
3347,felt,4
3348,female,5
3349,film,4
3350,finance_industry,2
3351,financial_service,14
3352,food,7
3353,forget,3
3354,freely,14
3355,fungibility,5
3356,fused,4
3357,gained,20
3358,game_item,11
3359,gameplay,6
3360,gender,8
3361,goodwill,2
3362,gray,2
3363,grows,9
3364,gucci,8
3365,hack,11
3366,half,10
3367,happen,7
3368,happened,6
3369,happening,7
3370,hear,4
3371,helpful,7
3372,higher,37
3373,hoped,5
3374,household,3
3375,hype,9
3376,idealistic,2
3377,identifiable,5
3378,ifrs,2
3379,impacted,7
3380,implementing,25
3381,import,6
3382,inadequate,9
3383,income,17
3384,increased,41
3385,indonesia,3
3386,influenced,10
3387,innovator,4
3388,intangible_asset,3
3389,intended,20
3390,interesting,11
3391,internally,3
3392,interview,8
3393,interviewee,2
3394,issued,15
3395,jakarta,3
3396,joined,3
3397,joining,2
3398,journal,16
3399,land,23
3400,larger,25
3401,lee,13
3402,lei,3
3403,liability,6
3404,licence,5
3405,lifetime,4
3406,literature_review,17
3407,locally,8
3408,loophole,3
3409,luxury,4
3410,mainstream,10
3411,male,6
3412,manager,12
3413,managing,25
3414,march,8
3415,max,7
3416,measurable,2
3417,measurement,13
3418,membership,10
3419,mentioning,9
3420,minority,3
3421,month,16
3422,mystery,3
3423,narrow,3
3424,newer,4
3425,nft_marketplace,16
3426,niche,8
3427,numerical,9
3428,nusantara,2
3429,observation,16
3430,occasion,5
3431,offline,14
3432,older,9
3433,omar,5
3434,ongoing,21
3435,open_access,16
3436,oversee,4
3437,owning,10
3438,painting,7
3439,passed,5
3440,patel,3
3441,patent,5
3442,pc,5
3443,penetrate,2
3444,pictured,2
3445,pleasure,2
3446,portion,12
3447,positive,27
3448,predominantly,14
3449,prefer,11
3450,previous_study,10
3451,pro,6
3452,proposes,16
3453,prosperity,3
3454,prosperous,4
3455,purchased,10
3456,pure,2
3457,putri,2
3458,qinglin,2
3459,qualified,3
3460,qualitative,12
3461,questioned,4
3462,rarity,7
3463,reaction,11
3464,readily,8
3465,readiness,3
3466,really,6
3467,reasonable,13
3468,recent,32
3469,recognize,18
3470,recognized,15
3471,recorded_blockchain,10
3472,referencing,3
3473,refrain,2
3474,regarded,9
3475,registering,3
3476,regulator,17
3477,relation,22
3478,released,14
3479,releasing,2
3480,reliably,6
3481,renowned,6
3482,represented,33
3483,resembles,10
3484,responded,2
3485,respondent,5
3486,responds,2
3487,responsive,6
3488,resulted,9
3489,reviewed,18
3490,rewarding,4
3491,rich,18
3492,savvy,2
3493,scarcity,12
3494,semistructured,2
3495,senior,6
3496,series,17
3497,showcased,5
3498,singh,5
3499,skill,18
3500,slowdown,2
3501,snow_crash,7
3502,starting,9
3503,steadily,3
3504,style,14
3505,subjective,5
3506,substance,3
3507,suffer,6
3508,suggestion,7
3509,surrounding,18
3510,sword,3
3511,tax,6
3512,technological_innovation,11
3513,technologically,3
3514,thirty,2
3515,total_number,13
3516,tough,4
3517,transact,12
3518,trend,37
3519,truly,9
3520,unclear,9
3521,understandable,6
3522,understood,8
3523,uniqueness,18
3524,unstable,4
3525,unstructured,5
3526,uphold,8
3527,usefulness,4
3528,visa,4
3529,volume,30
3530,watch,4
3531,willing,9
3532,willingness,5
3533,workforce,2
3534,wrote,3
3535,young,6
3536,youth,4
3537,absolute,8
3538,acceleration,3
3539,accountability,18
3540,accuracy,23
3541,acknowledging,9
3542,adaptability,10
3543,addressed,26
3544,adherence,3
3545,adjusting,4
3546,adopted,21
3547,adoption,29
3548,aes,4
3549,ahead,12
3550,aiming,17
3551,alien,2
3552,aligns,11
3553,alpha,4
3554,altering,5
3555,altogether,4
3556,analyzes,6
3557,anomalous,7
3558,ape,6
3559,appealing,7
3560,appearing,4
3561,append,4
3562,array,19
3563,artifact,8
3564,artificially,2
3565,assesses,4
3566,assigning,6
3567,associate,13
3568,attained,2
3569,auctioned,2
3570,augmentation,6
3571,authenticate,15
3572,aware,17
3573,backdoor,4
3574,bear,9
3575,beeple,2
3576,believing,2
3577,ber,2
3578,bera,2
3579,biased,4
3580,blend,11
3581,blended,4
3582,bored,2
3583,bot,10
3584,browser,6
3585,calculated,17
3586,campus,4
3587,capturing,8
3588,cat,4
3589,center,21
3590,chrome,2
3591,classical,6
3592,closer,6
3593,club,5
3594,cnns,3
3595,col,2
3596,color,6
3597,column,7
3598,compared_traditional,12
3599,comparing,15
3600,complement,6
3601,complementary,2
3602,complexity,38
3603,composition,4
3604,compression,2
3605,computer_vision,7
3606,conscious,2
3607,contributes,15
3608,converted,13
3609,convolutional_neural,8
3610,coordinating,7
3611,cornerstone,7
3612,correct,17
3613,correctly,15
3614,covariance,2
3615,cps,3
3616,craft,5
3617,crafted,4
3618,cryptanalysis,2
3619,cryptokitties,3
3620,curation,10
3621,dao,15
3622,data_sharing,13
3623,decentralized_storage,8
3624,decode,3
3625,decrypted,5
3626,default,4
3627,degrade,2
3628,denominator,3
3629,denoted,16
3630,density,7
3631,dependability,2
3632,describing,6
3633,detects,4
3634,determines,11
3635,determining,14
3636,deviation,11
3637,differential,5
3638,digital_content,19
3639,digital_medium,3
3640,disciplinary,2
3641,discourse,11
3642,discriminator,3
3643,distance,12
3644,distinguish,19
3645,distinguishing,11
3646,distortion,3
3647,divided,23
3648,division,6
3649,dorsey,2
3650,double_spending,5
3651,editor,9
3652,educating,7
3653,eip,4
3654,embed,6
3655,empowerment,7
3656,enabled,28
3657,encapsulate,4
3658,encapsulated,4
3659,encrypted_data,9
3660,encrypting,7
3661,encryption_algorithm,3
3662,end_function,3
3663,engineered,3
3664,ensuring_secure,12
3665,equally,10
3666,erc_standard,6
3667,establishes,10
3668,exactly,7
3669,excellent,6
3670,excels,2
3671,exponentially,3
3672,exposure,14
3673,extension,11
3674,faculty,5
3675,faster,14
3676,fidelity,6
3677,fiercely,2
3678,fintech,11
3679,flatten,2
3680,flowchart,3
3681,fog,5
3682,fold,4
3683,follows_section,13
3684,fool,2
3685,formula,11
3686,formulation,7
3687,fortify,3
3688,fractional,4
3689,frequency,18
3690,gan,4
3691,gans,4
3692,gauge,6
3693,gaussian,5
3694,generative,6
3695,generative_adversarial,4
3696,gleaned,3
3697,graph,16
3698,grayscale,2
3699,hashing,11
3700,hide,4
3701,high_level,20
3702,hit,6
3703,holder,11
3704,ideal,22
3705,ideally,6
3706,illumination,2
3707,image_processing,3
3708,imagery,2
3709,imperative,15
3710,implying,4
3711,index,10
3712,indicated,18
3713,indicating,22
3714,indicative,5
3715,indicator,17
3716,indistinguishable,6
3717,indivisible,5
3718,inference,9
3719,informative,5
3720,informed,17
3721,infused,3
3722,innovative_solution,8
3723,intensity,8
3724,intermediate,5
3725,interpret,7
3726,invariant,2
3727,inverse,3
3728,iteratively,3
3729,jack,2
3730,jeon,2
3731,july,10
3732,justifies,2
3733,keeping,14
3734,kept,13
3735,larva,2
3736,leak,4
3737,lesser,4
3738,licensed,9
3739,likeness,3
3740,limiting,10
3741,linear,15
3742,loading,5
3743,log,15
3744,log10,2
3745,losing,7
3746,lower,36
3747,machine_learning_model,8
3748,maliciously,6
3749,mandate,5
3750,manifest,2
3751,manipulating,2
3752,manner,27
3753,masking,3
3754,match,14
3755,mathematical,11
3756,maximization,3
3757,maximizing,5
3758,median,5
3759,methodical,3
3760,min,6
3761,minimize,8
3762,minimizes,5
3763,minting_nft,8
3764,minute,8
3765,mitigated,5
3766,mixture,2
3767,modeling,16
3768,moment,8
3769,monetizing,7
3770,multiplexing,3
3771,nearest,7
3772,necessitates,12
3773,neighbor,7
3774,neighboring,4
3775,neural_network,11
3776,novelty,11
3777,nuance,5
3778,nuanced,10
3779,obfuscation,3
3780,occurred,8
3781,offchain,6
3782,opacity,2
3783,opened,9
3784,optimal,18
3785,optimize,13
3786,optimized,10
3787,otp,2
3788,overcome,22
3789,panoramic,2
3790,paper_organized,17
3791,pca,2
3792,pdf,3
3793,peak,11
3794,percent,4
3795,percentage,7
3796,perceptual,2
3797,performing,18
3798,persistently,3
3799,pixel,3
3800,play_pivotal,10
3801,poisoning,4
3802,position,19
3803,post,23
3804,precise,11
3805,precision,10
3806,predictability,4
3807,predictable,3
3808,preferred,11
3809,primitive,8
3810,prioritize,6
3811,produce,27
3812,programmability,2
3813,promoted,5
3814,proofing,2
3815,proposal,12
3816,proposed_approach,6
3817,publication,21
3818,punk,2
3819,quotient,2
3820,randomness,5
3821,rare,8
3822,rarible,3
3823,rate,30
3824,ratio,11
3825,rearranged,2
3826,receiver,10
3827,recent_study,9
3828,reconstruct,4
3829,recreating,2
3830,red,8
3831,referring,10
3832,regard,14
3833,reinforcing,5
3834,remainder,10
3835,remaining,11
3836,removing,10
3837,rendering,13
3838,reshape,7
3839,resistant,13
3840,resolution,11
3841,resonate,6
3842,rest,15
3843,reverse,6
3844,reversing,2
3845,risk_associated,13
3846,round,8
3847,route,5
3848,row,7
3849,sample,20
3850,saved,5
3851,schematic,6
3852,sec,3
3853,seed,4
3854,select,16
3855,seller,7
3856,semantics,2
3857,sender,15
3858,serve,30
3859,sha,5
3860,shed,11
3861,shift,21
3862,shocked,2
3863,shot,3
3864,signal,11
3865,simulating,11
3866,skilled,5
3867,smith,5
3868,smooth,12
3869,span,8
3870,specified,19
3871,speed,17
3872,spending,11
3873,square,9
3874,squared,3
3875,stabilize,3
3876,state_end,3
3877,statistical,12
3878,stay,9
3879,strength,15
3880,structural,7
3881,substantially,7
3882,substituted,3
3883,substituting,3
3884,subtle,5
3885,suggest,17
3886,sum,14
3887,summarizes,8
3888,super,4
3889,superiority,4
3890,supply_chain,17
3891,sync,4
3892,synergy,4
3893,synthesis,5
3894,synthetic,7
3895,tamper,14
3896,tandem,7
3897,tell,7
3898,telling,3
3899,thoroughly,14
3900,thwart,2
3901,trained,15
3902,training_process,8
3903,transform,19
3904,transformation,21
3905,transition,19
3906,translation,6
3907,transmitting,3
3908,treating,2
3909,trustworthiness,15
3910,trustworthy,25
3911,turing,6
3912,tweet,5
3913,typically,27
3914,underlining,2
3915,unpredictability,2
3916,unpredictable,6
3917,uploaded,8
3918,variance,10
3919,vgg,3
3920,viewpoint,7
3921,weighted,9
3922,white,5
3923,width,2
3924,wrong,9
3925,wrongly,2
3926,xor,3
3927,yacht,3
3928,abuse,13
3929,accuracy_precision,2
3930,achieved,25
3931,actualization,2
3932,advertise,2
3933,amidst,3
3934,anomaly,11
3935,app,13
3936,attempted,7
3937,averaging,2
3938,bar,4
3939,boosting,2
3940,categorical,2
3941,centered,8
3942,central_authority,12
3943,classifier,6
3944,classifying,9
3945,cleaning,6
3946,compliance,19
3947,compliant,10
3948,computational_resource,10
3949,conform,3
3950,confusion_matrix,6
3951,contact,9
3952,contrary,7
3953,convenience,11
3954,corporate,10
3955,counter,12
3956,credible,3
3957,customize,6
3958,dataset,17
3959,decentralized_governance,8
3960,delete,6
3961,digitalization,9
3962,duration,13
3963,electrical,8
3964,employment,9
3965,encoded,10
3966,encoding,8
3967,entangled,2
3968,entirety,2
3969,environmental,16
3970,estate,4
3971,expressed,18
3972,falsely,3
3973,fixed,18
3974,forming,14
3975,formulated,6
3976,fraud_detection,8
3977,fraudsters,3
3978,furniture,2
3979,gdp,6
3980,geographical,8
3981,gpu,8
3982,grasp,5
3983,guidance,10
3984,gupta,2
3985,harmful,11
3986,healthy,2
3987,helped,6
3988,highlighted,19
3989,hitting,2
3990,id,10
3991,immediately,10
3992,immutable_record,8
3993,impersonator,2
3994,initiated,7
3995,inperson,2
3996,inspection,4
3997,integrate,24
3998,intertwined,4
3999,investment_opportunity,9
4000,iran,2
4001,knn,2
4002,label,9
4003,layout,3
4004,leasing,6
4005,legally,9
4006,lighting,3
4007,little,13
4008,lowest,9
4009,maintains,14
4010,marginal,4
4011,matplotlib,2
4012,matrix,15
4013,memory,17
4014,metaverse_real_estate,4
4015,meticulous,9
4016,middleman,6
4017,missing,9
4018,near,10
4019,neighborhood,3
4020,noted,16
4021,numeric,2
4022,numpy,2
4023,occurring,8
4024,organized,13
4025,outperformed,7
4026,overfitting,3
4027,panda,3
4028,pathak,2
4029,performance_metric,7
4030,planning,14
4031,polytechnic,4
4032,precision_recall,5
4033,prefix,3
4034,preprocessed,3
4035,preprocessing,6
4036,promoting,18
4037,proper,18
4038,proved,7
4039,purely,6
4040,python,8
4041,rajesh,2
4042,recall_score,3
4043,recorded,23
4044,recovery,9
4045,reduced,22
4046,regularization,2
4047,renter,4
4048,residential,2
4049,responsibility,14
4050,scikit,3
4051,seaborn,2
4052,segmented,2
4053,sequential,5
4054,showed,14
4055,simulated,17
4056,smoother,3
4057,sphere,3
4058,str,2
4059,subset,12
4060,svm,4
4061,tesla,2
4062,thanks,10
4063,transformer,4
4064,transparently,7
4065,useless,2
4066,view,27
4067,virtual_real_estate,20
4068,visualization,18
4069,wealth,10
4070,abnormality,2
4071,absence,17
4072,abu_dhabi,4
4073,accelerating,7
4074,accepts,4
4075,accuracy_rate,6
4076,achieving,19
4077,acknowledged,3
4078,acknowledges,6
4079,acquired,11
4080,acquiring,7
4081,actively,21
4082,adaboost,2
4083,adapts,4
4084,adequately,8
4085,administrator,5
4086,adobe,3
4087,aggregate,9
4088,agile,3
4089,aibased,2
4090,aiding,4
4091,aimed,12
4092,airline,2
4093,alarm,2
4094,alerting,2
4095,alternatively,4
4096,ambiguity,8
4097,amplifies,4
4098,amplify,5
4099,analytics,13
4100,angle,6
4101,ann,2
4102,anomaly_detection,5
4103,anonymously,5
4104,answering,4
4105,anticipated,10
4106,antivirus,2
4107,antonio,2
4108,apple,7
4109,applicable,19
4110,appropriately,9
4111,april,11
4112,architect,3
4113,architectural,8
4114,arrive,7
4115,assaulted,2
4116,assigned,14
4117,assigns,7
4118,assist,18
4119,assistant,10
4120,attached,7
4121,attacked,5
4122,attending,5
4123,attractive,10
4124,attributed,11
4125,auc,2
4126,authenticated,10
4127,authentication_method,4
4128,authenticator,3
4129,auto,3
4130,autoencoders,3
4131,automate,14
4132,automates,4
4133,automatic,14
4134,automotive,2
4135,availability,20
4136,bag,2
4137,balancing,8
4138,band,3
4139,baseline,4
4140,bell,4
4141,billboard,2
4142,biological,5
4143,blacklisted,2
4144,brainwave,2
4145,branch,9
4146,briefly,9
4147,broadly,9
4148,bug,5
4149,bypass,6
4150,capitalize,3
4151,casey,2
4152,categorization,5
4153,categorize,4
4154,cater,5
4155,causing,10
4156,centric,9
4157,chan,4
4158,chief,2
4159,city,12
4160,civil,5
4161,claimed,7
4162,clothing,12
4163,cluster,10
4164,clustering,12
4165,cnn,5
4166,coexist,4
4167,collaborating,6
4168,collaboratively,5
4169,collectively,11
4170,commercially,4
4171,committing,3
4172,communication_channel,10
4173,compatible,14
4174,compensate,8
4175,complicate,2
4176,compress,3
4177,compressed,4
4178,computational_complexity,8
4179,computing_power,12
4180,conceptualize,2
4181,concrete,5
4182,confirm,13
4183,confusion,5
4184,connects,8
4185,consist,12
4186,consistency,17
4187,consistently,11
4188,content_creator,9
4189,continuity,4
4190,continuously,16
4191,contributing,17
4192,controller,5
4193,convenient,10
4194,converge,4
4195,conversational,6
4196,convert,13
4197,cook,2
4198,copyrighted,2
4199,coupled,9
4200,coverage,8
4201,credibility,11
4202,current_state,14
4203,cyberattack,5
4204,cyberbullying,7
4205,cybersecurity_measure,8
4206,da,2
4207,dae,2
4208,data_collected,14
4209,data_flow,8
4210,deceptive,6
4211,decision_tree,4
4212,decisionmaking,5
4213,decoder,2
4214,deepak,2
4215,degrading,3
4216,deliver,8
4217,delta,2
4218,delving,2
4219,demanding,3
4220,destination,9
4221,diagnostic,2
4222,diagram,8
4223,dictate,3
4224,digital_realm,14
4225,dimensionality,3
4226,ding,2
4227,directed,13
4228,disadvantage,6
4229,discern,7
4230,discriminative,2
4231,discusses,12
4232,disney,2
4233,disrupting,3
4234,disruption,7
4235,distinguished,4
4236,distinguishes,5
4237,district,2
4238,diverse_range,10
4239,diversity,13
4240,divulging,2
4241,dizziness,2
4242,dnn,2
4243,document,20
4244,documented,9
4245,dqn,2
4246,drawback,9
4247,drop,8
4248,dual,11
4249,dubai,3
4250,dynamic_nature,6
4251,dynamically,8
4252,earliest,3
4253,eavesdrop,2
4254,echo,4
4255,edge_computing,10
4256,elevate,4
4257,elevating,5
4258,elevation,2
4259,eliminate,11
4260,eliminates,10
4261,email,11
4262,embrace,10
4263,emergence,26
4264,emirate,7
4265,emotion,5
4266,emotive,2
4267,enabler,4
4268,enablers,7
4269,enabling_technology,6
4270,encoder,3
4271,encoders,2
4272,encounter,11
4273,endpoint,5
4274,english,5
4275,enrich,2
4276,enriches,2
4277,enriching,8
4278,enrollment,2
4279,ensemble,3
4280,enterprise,14
4281,envisions,3
4282,epic,4
4283,essentially,13
4284,establishment,18
4285,evade,3
4286,evidenced,2
4287,exact,8
4288,examine,22
4289,examined,22
4290,exceeding,4
4291,excel,6
4292,exception,9
4293,exclusively,11
4294,executive,3
4295,exemplified,6
4296,exemplifies,7
4297,expansive,7
4298,expertise,13
4299,explainable,6
4300,exposing,8
4301,extensively,10
4302,facial_expression,5
4303,facial_feature,3
4304,facial_recognition,7
4305,fail,16
4306,falling,3
4307,false_negative,5
4308,false_positive,5
4309,feature_extraction,5
4310,federated,4
4311,feed,5
4312,feedback,13
4313,filed,2
4314,filter,9
4315,finding,30
4316,fine,10
4317,finger,2
4318,fix,6
4319,flagged,4
4320,flawed,3
4321,flexibility,15
4322,fluctuation,9
4323,force,15
4324,forensic,3
4325,forging,2
4326,frr,2
4327,fusion,12
4328,gait,2
4329,gathered,10
4330,gaze,3
4331,generalized,8
4332,geometry,3
4333,gesture,5
4334,glove,5
4335,gps,3
4336,granted,11
4337,grid,3
4338,grouping,4
4339,guided,5
4340,haptic,5
4341,haptics,2
4342,hard,17
4343,heart,3
4344,heterogeneous,7
4345,hierarchical,7
4346,high_quality,11
4347,high_speed,9
4348,hinder,7
4349,hologram,2
4350,home,13
4351,horizon,12
4352,hospital,5
4353,identity_verification,12
4354,illegally,4
4355,illustration,12
4356,illustrator,2
4357,imbalance,3
4358,imbalanced,2
4359,imitating,2
4360,immense,9
4361,immerse,7
4362,immerses,4
4363,impersonating,2
4364,implementable,2
4365,inability,2
4366,inaccuracy,2
4367,inaccurate,7
4368,inactivity,2
4369,inadvertently,4
4370,inconsistency,6
4371,inconsistent,3
4372,incorrectly,2
4373,increasing_number,8
4374,indian,2
4375,induce,2
4376,inducing,2
4377,inefficient,4
4378,inevitable,9
4379,infrared,2
4380,insecure,7
4381,insider,5
4382,installed,4
4383,interactive_experience,6
4384,interested,20
4385,interior,3
4386,interoperable,12
4387,intervention,13
4388,intrinsically,3
4389,intruder,4
4390,intrusion_detection,6
4391,intrusive,3
4392,intuitive,8
4393,invasive,5
4394,investigates,9
4395,investigating,11
4396,invisibility,2
4397,inward,3
4398,iris,3
4399,irregularity,2
4400,isolates,2
4401,isolating,2
4402,isolation,3
4403,jiang,4
4404,joystick,2
4405,kaggle,4
4406,khalifa,3
4407,khan,5
4408,korea,5
4409,labeled,6
4410,large_scale,16
4411,largest,12
4412,lasting,3
4413,latest,17
4414,lawsuit,2
4415,laying,8
4416,leap,5
4417,learns,4
4418,leaving,8
4419,legal_regulation,8
4420,legitimacy,13
4421,lego,2
4422,lens,8
4423,lesson_learned,5
4424,licensing,5
4425,lifecycle,3
4426,lifelike,3
4427,limb,2
4428,linking,4
4429,lip,2
4430,liveness,4
4431,locale,2
4432,logistic_regression,4
4433,london,6
4434,lost,14
4435,low_latency,8
4436,lstm,8
4437,magnified,2
4438,manages,8
4439,manual,13
4440,margin,3
4441,marketing,16
4442,measuring,6
4443,mec,2
4444,mental_health,9
4445,merges,4
4446,metaverse_cyberspace,2
4447,metaverserelated,2
4448,metaversespecific,2
4449,micro,5
4450,microphone,2
4451,minister,2
4452,minted,16
4453,mirror,12
4454,misinformation,9
4455,mitigation,11
4456,mitm,2
4457,mlp,2
4458,mobile_device,8
4459,mobility,3
4460,modality,4
4461,mohamed,2
4462,monetization,10
4463,monetize,11
4464,motif,4
4465,motivate,5
4466,motivated,7
4467,mounted,5
4468,mouth,5
4469,multidimensional,6
4470,multifactor,5
4471,multimodal,4
4472,mutual_authentication,4
4473,nascent,7
4474,negative,13
4475,negatively,6
4476,network_traffic,3
4477,neural,5
4478,nftbased,2
4479,nifty,3
4480,nike,8
4481,npc,4
4482,obscure,2
4483,occlusion,2
4484,oculus,6
4485,official,14
4486,officially,5
4487,open_challenge,4
4488,opposite,3
4489,opt,4
4490,optical,4
4491,optimizing,11
4492,optional,2
4493,orientation,4
4494,outlier,3
4495,outlining,5
4496,outperforms,5
4497,overflow,3
4498,owns,12
4499,packet,5
4500,panic,2
4501,paradigm,21
4502,paramount,13
4503,partition,5
4504,paul,2
4505,perceived,10
4506,perceptron,2
4507,periodic,5
4508,permanently,6
4509,persist,6
4510,persona,6
4511,personalization,9
4512,phone,13
4513,physiological,2
4514,pinpointing,2
4515,pivotal,11
4516,placed,6
4517,plagiarism,5
4518,plane,3
4519,plausible,4
4520,playable,3
4521,pocket,2
4522,pointed,2
4523,poised,9
4524,poorly,5
4525,port,2
4526,portable,4
4527,possibly,7
4528,posture,4
4529,powered,23
4530,precedes,2
4531,prediction_accuracy,4
4532,predicts,6
4533,preference,18
4534,preparation,8
4535,prepare,9
4536,prescription,3
4537,preservation,4
4538,president,2
4539,pressing,8
4540,pretrained,4
4541,preview,4
4542,principal,4
4543,prioritizing,3
4544,privacy_policy,4
4545,proactive,11
4546,probe,2
4547,processing_nlp,7
4548,productivity,6
4549,prompt,5
4550,promptly,7
4551,proof_ownership,9
4552,protects,11
4553,provenance,14
4554,publisher,4
4555,quantum_computing,11
4556,quantum_resistant,4
4557,quest,8
4558,ranging,12
4559,ranking,8
4560,rapidly_evolving,15
4561,raymond,2
4562,reader,9
4563,realizing,6
4564,reason,23
4565,recognizes,3
4566,reconstructs,4
4567,recurrent,5
4568,reduction,16
4569,reentrancy,5
4570,refine,6
4571,refined,6
4572,reflected,12
4573,reflection,8
4574,reflects,12
4575,regulated,16
4576,reinforcement_learning,7
4577,reject,8
4578,rejection,5
4579,relates,7
4580,relevance,15
4581,remarkable,8
4582,repeated,9
4583,replacing,6
4584,replica,6
4585,replication,8
4586,repudiation,5
4587,research_direction,5
4588,reshaping,6
4589,residence,2
4590,resnet,3
4591,restrict,8
4592,retina,2
4593,reuse,8
4594,reviewing,4
4595,revolutionize,11
4596,revolutionized,6
4597,revolutionizes,2
4598,revolve,2
4599,rewarded,8
4600,rnn,4
4601,rnns,2
4602,roblox,13
4603,roc,2
4604,safely,6
4605,sampling,12
4606,san,3
4607,sandbox,18
4608,saving,5
4609,scaling,11
4610,scanner,2
4611,scene,8
4612,scopus,6
4613,sdn,3
4614,seemingly,7
4615,selecting,13
4616,sens,3
4617,sensing,4
4618,sensitivity,3
4619,separating,3
4620,separation,6
4621,sequence,15
4622,shaping,15
4623,shielding,3
4624,short_term,10
4625,sim,7
4626,simplify,2
4627,skin,5
4628,sliding,2
4629,smartwatches,2
4630,solved,7
4631,sourced,5
4632,south_korea,8
4633,spatiotemporal,2
4634,speaking,5
4635,specifically_designed,7
4636,spectrum,11
4637,spoof,2
4638,spoofing,7
4639,stability,13
4640,stalking,3
4641,standardize,2
4642,stimulus,2
4643,storytelling,3
4644,strictly,6
4645,stride,3
4646,sub,8
4647,subfield,2
4648,sufficient,17
4649,suggesting,12
4650,supervised,5
4651,supervised_learning,4
4652,supervision,18
4653,surface,5
4654,survey,20
4655,susceptibility,3
4656,sustainable,20
4657,swapping,6
4658,switch,5
4659,symbol,9
4660,synchronization,8
4661,systematically,8
4662,tablet,2
4663,tackle,10
4664,tackling,6
4665,tactile,2
4666,taxonomy,9
4667,technological_advancement,11
4668,teleport,4
4669,tempering,2
4670,tested,17
4671,texas,4
4672,textual,4
4673,texture,4
4674,theta,3
4675,threat_mitigation,2
4676,tim,2
4677,time_series,5
4678,tourism,10
4679,tracing,7
4680,trained_model,5
4681,trait,6
4682,transactional,13
4683,transcending,2
4684,transitioning,7
4685,translate,8
4686,tree,10
4687,trillion,13
4688,triplet,2
4689,tuned,4
4690,tuning,5
4691,uae,3
4692,ubiquity,3
4693,ultra,3
4694,unaddressed,2
4695,uncertainty,17
4696,underexplored,2
4697,underflow,2
4698,undergoes,4
4699,undermines,4
4700,undertaking,3
4701,undetected,2
4702,uneven,3
4703,unified,13
4704,uniform,9
4705,unique_characteristic,9
4706,uniquely,9
4707,united_arab,7
4708,united_state,10
4709,unity,7
4710,universality,3
4711,unlabeled,2
4712,unreadable,2
4713,unseen,4
4714,unsupervised,3
4715,unusual,6
4716,urban,6
4717,usa,18
4718,usability,7
4719,user_friendly,10
4720,usernames,2
4721,usual,2
4722,vagueness,2
4723,validate,21
4724,validated,17
4725,validating,13
4726,valuable_insight,8
4727,valuation,9
4728,vehicle,7
4729,vein,3
4730,venture,9
4731,verify_authenticity,7
4732,verifying,19
4733,vertical,7
4734,vice,2
4735,video_game,10
4736,viii,6
4737,violate,4
4738,virtual_good,16
4739,virtue,2
4740,visible,6
4741,vitality,2
4742,voltage,2
4743,voting,18
4744,walk,3
4745,walking,2
4746,wall,5
4747,warrant,5
4748,wearable,12
4749,wearing,3
4750,weather,5
4751,weighting,3
4752,wen,3
4753,wireless,8
4754,workplace,9
4755,workroom,3
4756,workspace,3
4757,worth_noting,8
4758,xai,4
4759,xgboost,3
4760,yes,9
4761,yielding,5
4762,yilmaz,3
4763,zero_trust,5
4764,abadi,2
4765,abandonment,2
4766,abdullah,2
4767,abi,2
4768,abusive,3
4769,academia,12
4770,accountable,5
4771,acquires,2
4772,adam,3
4773,addiction,8
4774,adequate,6
4775,adhere,7
4776,adjust,5
4777,adjustment,11
4778,administrative,3
4779,advanced_cryptographic,3
4780,advocated,2
4781,aforementioned,10
4782,agnostic,2
4783,agriculture,2
4784,ahmad,6
4785,aka,2
4786,algorithmic,8
4787,alignment,5
4788,alike,5
4789,alleged,2
4790,alleviates,3
4791,alongside,11
4792,altered,7
4793,ample,6
4794,analogous,2
4795,analogy,2
4796,annual,5
4797,anon,2
4798,anonymization,2
4799,anti_money_laundering,8
4800,antisocial,4
4801,apache,2
4802,api,8
4803,approval,9
4804,approved,12
4805,arbitration,2
4806,assertion,5
4807,assumption,14
4808,atmosphere,3
4809,atomic_swap,3
4810,australia,5
4811,awan,2
4812,bad_mouthing,2
4813,ball,3
4814,banerjee,4
4815,batch,9
4816,bathurst,2
4817,beacon,2
4818,behalf,9
4819,believe,15
4820,belonging,10
4821,bep,2
4822,best_practice,7
4823,betting,4
4824,bft,4
4825,bias,15
4826,blind,4
4827,blockchainbased,7
4828,blog,5
4829,borrowing,5
4830,branded,4
4831,btcgs,2
4832,buhalis,3
4833,builder,2
4834,burrow,2
4835,byzantine,3
4836,byzantine_fault,4
4837,car,6
4838,career,4
4839,casino,3
4840,casual,3
4841,categorizing,5
4842,cautious,3
4843,cdn,3
4844,certainty,5
4845,chain_smart_contract,5
4846,chang,3
4847,charitable,3
4848,charity,2
4849,charles_sturt,3
4850,cheng,7
4851,chinese,5
4852,christodoulou,2
4853,chronological,4
4854,circular,3
4855,circulation,7
4856,cite,2
4857,citizen,9
4858,clearing,3
4859,closed,8
4860,cloud_server,6
4861,cognition,3
4862,cognitive,7
4863,coherent,4
4864,cohesive,6
4865,collector,8
4866,commercialize,2
4867,comms,2
4868,communal,2
4869,compensated,3
4870,competition,8
4871,comply,8
4872,composed,13
4873,compound,2
4874,comprehensible,2
4875,comprehension,4
4876,comprise,4
4877,computational_overhead,8
4878,computational_task,2
4879,conceived,4
4880,concentrated,3
4881,conditional,3
4882,congestion,8
4883,conjunction,8
4884,consensus_algorithm,10
4885,consolidation,4
4886,constructing,8
4887,consumed,5
4888,contemporary,13
4889,contingent,3
4890,contributor,5
4891,conventionally,2
4892,converting,4
4893,correctness,6
4894,correspondingly,3
4895,cosmos,4
4896,council,6
4897,countering,6
4898,coupling,3
4899,creative,13
4900,cross_metaverse,4
4901,crossplatform,3
4902,crowdfunding,3
4903,cryptographically,6
4904,cryptos,2
4905,currency,24
4906,custodial,4
4907,custody,3
4908,datum,2
4909,dec,4
4910,decentraland,16
4911,decentraland_sandbox,10
4912,decentralizing,2
4913,decide,8
4914,defi,20
4915,defi_protocol,6
4916,deficit,2
4917,delegated,5
4918,delivers,3
4919,democratic,4
4920,democratization,3
4921,democratized,2
4922,democratizes,2
4923,dependable,3
4924,deposit,9
4925,descriptive,7
4926,desired,9
4927,dfinity,2
4928,did,22
4929,digital_artifact,4
4930,dionisio,2
4931,director,2
4932,discarded,3
4933,disconnect,3
4934,discourage,2
4935,disorder,2
4936,dispersed,5
4937,disproportionately,3
4938,dissemination,9
4939,distant,5
4940,distribute,6
4941,distributed_ledger,17
4942,distributes,5
4943,dive,4
4944,divide,7
4945,dividing,8
4946,dns,3
4947,dpos,2
4948,dream,3
4949,dropped,3
4950,duan,2
4951,dwivedi,5
4952,earth,3
4953,eased,2
4954,eavesdropping,2
4955,ecological,5
4956,edge_server,3
4957,edition,4
4958,embodiment,5
4959,emerges,6
4960,empathy,3
4961,empowers,6
4962,emulation,2
4963,en,3
4964,enclosed,2
4965,encourages,8
4966,encouraging,10
4967,energy,16
4968,energy_consumption,7
4969,enforce,14
4970,enforcing,5
4971,engineer,8
4972,enriched,3
4973,enthusiast,6
4974,entrepreneur,5
4975,entrepreneurship,4
4976,entropy,6
4977,eos,3
4978,equitable,10
4979,equity,10
4980,erc,8
4981,erc20,2
4982,erc721,4
4983,erc_token,3
4984,evaluates,9
4985,exacerbates,2
4986,existed,3
4987,expecting,2
4988,experiential,4
4989,expiry,2
4990,extending,9
4991,extent,12
4992,facilitating,19
4993,failing,4
4994,falsifying,2
4995,familiarity,3
4996,farming,4
4997,fault,3
4998,faulty,3
4999,feng,3
5000,fetch,7
5001,fiat,7
5002,filecoin,2
5003,filippi,2
5004,forecast,12
5005,fps,3
5006,fraction,6
5007,fractional_ownership,6
5008,fragmentation,4
5009,fragmented,5
5010,frame,14
5011,frey,2
5012,friction,4
5013,fueled,2
5014,fulfill,6
5015,fulfilled,3
5016,functional,12
5017,fundamentally,7
5018,funding,13
5019,fundraising,3
5020,fungible,12
5021,fusing,4
5022,gambler,3
5023,gamification,4
5024,gartner,3
5025,gateway,9
5026,generalizability,4
5027,generated_content,7
5028,generative_ai,5
5029,geographically,3
5030,github,5
5031,governs,3
5032,granular,2
5033,groundwork,9
5034,guan,4
5035,guaranteed,12
5036,guidi,3
5037,han,2
5038,harmonious,3
5039,harnessed,3
5040,hasan,4
5041,hashed,7
5042,heavy,5
5043,hereinafter,2
5044,hesitation,2
5045,hierarchy,7
5046,high_throughput,5
5047,highvalue,2
5048,hinders,4
5049,historical,15
5050,holistic,13
5051,hong,8
5052,hook,2
5053,hop,4
5054,hosted,9
5055,hosting,5
5056,huawei,2
5057,hub,8
5058,hurdle,8
5059,huynh,2
5060,hyperledger,6
5061,hypothesis,12
5062,ibc,3
5063,ibrar,2
5064,idealized,2
5065,idle,3
5066,immediate,9
5067,immersing,3
5068,immutably,2
5069,importing,3
5070,incentivize,5
5071,incentivizes,3
5072,incentivizing,3
5073,inclusivity,9
5074,incurred,4
5075,independence,5
5076,indication,7
5077,induced,2
5078,inflation,8
5079,influx,2
5080,inhabit,2
5081,inherently,11
5082,insightful,3
5083,install,2
5084,instant,8
5085,instructor,3
5086,instrument,15
5087,interchangeable,4
5088,interpretation,11
5089,intrinsic,7
5090,invade,2
5091,inventor,3
5092,ion,2
5093,island,2
5094,isolated,8
5095,jointly,11
5096,jones,4
5097,joshi,3
5098,kid,2
5099,king,7
5100,kingdom,7
5101,kong,6
5102,korean,6
5103,kuru,3
5104,leaf,8
5105,league,4
5106,legend,2
5107,lending,11
5108,lesson,6
5109,lidar,2
5110,lin,8
5111,listing,4
5112,literacy,6
5113,liu,15
5114,load,11
5115,logged,4
5116,logging,6
5117,logic,19
5118,logins,3
5119,longer,16
5120,loop,9
5121,loose,2
5122,lottery,2
5123,lowering,2
5124,macro,4
5125,magnitude,7
5126,mainnet,3
5127,mana,6
5128,materialize,2
5129,meaningful,8
5130,mechanic,10
5131,mell,2
5132,mere,5
5133,meta_environment,2
5134,middleware,2
5135,milestone,4
5136,mindset,2
5137,minecraft,5
5138,minimizing,14
5139,mistake,6
5140,mit,3
5141,mitigates,7
5142,mobile_edge,3
5143,moderating,5
5144,moderation,4
5145,moral,9
5146,morris,2
5147,msbc_ctrust,2
5148,muhammad,2
5149,multisensory,3
5150,multiuser,3
5151,multiverse,3
5152,municipal,2
5153,mutually,10
5154,myriad,7
5155,naming,2
5156,native,12
5157,naturally,7
5158,navigating,9
5159,necessarily,7
5160,needham,2
5161,neutral,2
5162,nonetheless,9
5163,notary,2
5164,nov,3
5165,nsw,3
5166,occasionally,3
5167,offloading,2
5168,offs,5
5169,ontology,2
5170,orange,5
5171,ordered,3
5172,organizational,9
5173,oriented,18
5174,origin,10
5175,originally,4
5176,overarching,5
5177,overcoming,8
5178,overseeing,4
5179,owned,16
5180,ownership_traceability,2
5181,p2p,6
5182,paired,3
5183,palmer,2
5184,parcel,5
5185,participatory,6
5186,passively,2
5187,pave,6
5188,pbft,4
5189,peerto,2
5190,periodically,5
5191,permissionless,3
5192,pertinent,9
5193,phenomenon,12
5194,philosophy,3
5195,photon,2
5196,phrase,5
5197,pipeline,6
5198,po,9
5199,poa,3
5200,point_failure,3
5201,policing,3
5202,policymakers,9
5203,polygon,5
5204,pool,16
5205,pooling,4
5206,portfolio,4
5207,powerful,14
5208,practical_application,9
5209,pragma,2
5210,predefined,6
5211,presentation,5
5212,prevalence,7
5213,prioritization,4
5214,prioritized,3
5215,prioritizes,3
5216,prize,2
5217,proactively,5
5218,procedural,4
5219,production,23
5220,promised,3
5221,proof_stake,10
5222,proportional,7
5223,protective,4
5224,prototype,8
5225,prototyping,2
5226,provider,25
5227,proving,6
5228,provision,11
5229,provisioned,2
5230,pseudonymity,2
5231,pushing,6
5232,qoe,3
5233,qos,2
5234,quantitative,12
5235,quasi,2
5236,queue,2
5237,radiance,2
5238,rajawat,3
5239,ramp,2
5240,randomized,2
5241,reached,15
5242,realization,6
5243,realize,13
5244,recent_advance,5
5245,recognizing,11
5246,recreation,2
5247,recruit,2
5248,recurring,5
5249,redefine,8
5250,ref,4
5251,referred,18
5252,refinement,6
5253,reflecting,8
5254,regulatory_compliance,8
5255,relational,4
5256,relaying,2
5257,reliant,3
5258,remark,6
5259,rent,4
5260,rental,6
5261,repository,8
5262,representative,14
5263,resale,4
5264,reset,4
5265,resolved,10
5266,resource_allocation,10
5267,resource_provider,2
5268,responsibly,2
5269,retains,4
5270,revenue,13
5271,richer,4
5272,richness,3
5273,roadmap,8
5274,robotic,2
5275,robotics,4
5276,rooted,8
5277,sake,4
5278,sand,6
5279,satisfaction,10
5280,sch,3
5281,selection,20
5282,selective,2
5283,self_executing,10
5284,sep,3
5285,separate,17
5286,seriously,5
5287,serving,9
5288,setapprovalforall,2
5289,settled,5
5290,severity,5
5291,shenzhen,3
5292,shifting,10
5293,ship,5
5294,shoe,3
5295,shut,4
5296,sidechain,6
5297,silo,6
5298,simplifies,7
5299,simplifying,3
5300,simultaneous,4
5301,skepticism,3
5302,slow,9
5303,sluggish,2
5304,smarter,3
5305,snapshot,4
5306,software_update,2
5307,sol,5
5308,solana,5
5309,somebody,2
5310,somnium,5
5311,song,4
5312,sovereign,3
5313,sovereignty,6
5314,spdx,2
5315,specifies,3
5316,spend,11
5317,splitting,2
5318,sport,11
5319,spread,14
5320,ssi,5
5321,staff,8
5322,standard_erc,4
5323,standardization,7
5324,standardizes,2
5325,startup,3
5326,statistic,10
5327,steady,2
5328,steep,3
5329,stop,7
5330,streaming,5
5331,streamline,6
5332,streamlined,5
5333,streamlines,4
5334,submit,10
5335,sudden,4
5336,supporter,2
5337,sustained,7
5338,sustaining,3
5339,swap,6
5340,switching,3
5341,sybil,3
5342,synchronized,7
5343,synchronous,3
5344,synopsis,2
5345,systematic,10
5346,tackled,4
5347,talent,2
5348,tamperproof,2
5349,tap,2
5350,tapestry,3
5351,temporarily,2
5352,tendency,4
5353,tendermint,2
5354,tension,3
5355,termed,6
5356,terminal,2
5357,thematic,7
5358,theoretically,10
5359,thinking,9
5360,threatens,4
5361,thrives,2
5362,throttled,2
5363,timelock,2
5364,timeout,3
5365,timestamping,2
5366,title,8
5367,token_holder,3
5368,token_standard,2
5369,tokenization,8
5370,tokenize,4
5371,tokenized,9
5372,tokenizing,3
5373,tokenomics,2
5374,tolerance,5
5375,tolerant,3
5376,tolerates,2
5377,topology,4
5378,tort,2
5379,tps,4
5380,tradable,6
5381,trail,2
5382,transforms,8
5383,transitioned,3
5384,translated,5
5385,treasury,5
5386,treat,3
5387,trivial,3
5388,tron,2
5389,trust_agreement,2
5390,trust_management,3
5391,trusted_execution,4
5392,trustlessness,2
5393,tseng,3
5394,tutorial,3
5395,twin,8
5396,ugc,3
5397,uis,2
5398,unbiased,3
5399,underline,3
5400,underpin,5
5401,underpinning,7
5402,underway,2
5403,united,8
5404,universal,10
5405,unlimited,8
5406,unparalleled,3
5407,unprecedented,9
5408,unresolved,6
5409,untested,2
5410,unveiling,2
5411,upadhyay,3
5412,usable,2
5413,utility,19
5414,vacuum,3
5415,valued,10
5416,van,10
5417,var,2
5418,varies,6
5419,vault,3
5420,vechain,2
5421,verification_process,11
5422,versatile,6
5423,vertex,2
5424,viable,6
5425,vibrant,9
5426,vice_versa,7
5427,vidal,4
5428,viewer,6
5429,virtual_entity,5
5430,virtual_land,15
5431,virtual_replica,3
5432,virtuality,6
5433,virtualization,2
5434,volunteer,2
5435,vortex,3
5436,vote,13
5437,voted,2
5438,w3c,2
5439,waiting,5
5440,warcraft,5
5441,whitepaper,3
5442,widespread_adoption,9
5443,wiki,2
5444,wish,9
5445,withdrawal,4
5446,wonder,2
5447,wood,6
5448,workload,3
5449,worsen,2
5450,xyz,2
5451,yaqoob,5
5452,zerotrust,2
5453,zhao,8
5454,zhou,5
5455,zhu,5
5456,zkps,3
5457,accumulation,8
5458,adverse,3
5459,afterward,5
5460,analysed,4
5461,applicable_creative,3
5462,arbitrary,6
5463,article_governed,3
5464,asd,2
5465,assignment,3
5466,assistance,8
5467,battlefield,2
5468,benchmark,8
5469,brilliant,2
5470,carefully,7
5471,chat,7
5472,chatbots,4
5473,circumstance,14
5474,cold,4
5475,common_license,3
5476,communicated,5
5477,condition_wiley,3
5478,confirms,9
5479,congress,2
5480,constructor,3
5481,consume,7
5482,controversial,4
5483,coronavirus,2
5484,correction,2
5485,correspondence,6
5486,counted,4
5487,crypto_exchange,3
5488,deception,6
5489,deletion,4
5490,determination,10
5491,dialog,2
5492,disease,3
5493,downloaded_charles,5
5494,eligibility,4
5495,epidemic,2
5496,ersoy,2
5497,express,8
5498,extraordinary,3
5499,fifth,6
5500,gasprice,2
5501,hololens,2
5502,htc,4
5503,hybridization,2
5504,incoming,2
5505,inspiration,6
5506,interestingly,3
5507,inventory,7
5508,invitation,2
5509,iomt,2
5510,irrelevant,6
5511,john,4
5512,joint,11
5513,justice,8
5514,library_term,3
5515,localized,2
5516,logistics,4
5517,mainchain,2
5518,mask,5
5519,met,14
5520,mission,3
5521,modeled,2
5522,newblock,2
5523,office,15
5524,omitting,3
5525,oneself,3
5526,online_library,3
5527,orcid,2
5528,originality,5
5529,outbreak,2
5530,overlooked,8
5531,params,4
5532,piece,15
5533,positively,9
5534,precisely,8
5535,printed,2
5536,prominent,17
5537,promotional,3
5538,proquest,2
5539,quarantine,2
5540,realized,7
5541,representational,2
5542,requested,7
5543,retrieving,2
5544,returning,5
5545,rfidan,2
5546,rift,3
5547,rtx,3
5548,rule_use,3
5549,schema,2
5550,scholar,9
5551,seized,3
5552,shifted,3
5553,simpler,2
5554,sixth,3
5555,socialize,8
5556,son,4
5557,stamp,3
5558,striking,3
5559,sturt_university,5
5560,success,22
5561,swarm,3
5562,swiftly,6
5563,synchronize,5
5564,synchronizing,4
5565,tel,2
5566,turkey,2
5567,unreal,4
5568,vertically,2
5569,visited,3
5570,vive,3
5571,vocational,2
5572,warehouse,2
5573,wiley,4
5574,wiley_online,3
5575,wileyonlinelibrary,2
5576,x00,2
5577,acc,2
5578,accompanied,3
5579,adept,3
5580,advisable,4
5581,allocated,5
5582,allocates,3
5583,anchor,3
5584,anchored,2
5585,anchoring,2
5586,anti,10
5587,arg,2
5588,ascending,2
5589,ascertain,6
5590,augmenting,3
5591,beihang_university,3
5592,beijing,6
5593,beijing_china,6
5594,bolster,6
5595,broadening,2
5596,burden,8
5597,calculates,9
5598,chained,2
5599,chainlink,4
5600,chainmaker,2
5601,choosing,7
5602,ciphertexts,5
5603,cleverly,3
5604,coefficient,8
5605,collateral,5
5606,collusion,3
5607,committee,3
5608,comprised,2
5609,comprising,5
5610,computation_result,4
5611,consecutive,5
5612,correlate,5
5613,courtesy,2
5614,cryptographic_algorithm,5
5615,deficiency,5
5616,delegating,2
5617,deliberately,4
5618,deny,5
5619,discrepancy,9
5620,distinctly,2
5621,duty,3
5622,dynamism,3
5623,elaborate,5
5624,elevated,3
5625,elgamal,2
5626,enacting,2
5627,equipped,8
5628,erroneous,2
5629,escalates,2
5630,exhibited,7
5631,fabric,8
5632,fairer,2
5633,faithfully,4
5634,fault_tolerance,3
5635,final_result,3
5636,flawless,3
5637,formation,8
5638,formulate,5
5639,forwarding,4
5640,genesis,4
5641,genuineness,2
5642,glean,2
5643,hallmark,4
5644,homomorphic,3
5645,implicate,2
5646,imposes,2
5647,incapable,2
5648,incorporation,7
5649,increment,3
5650,indispensability,2
5651,initiating,3
5652,installation,4
5653,instruct,3
5654,interpolation,2
5655,irrespective,4
5656,jin,4
5657,keygen,3
5658,laboratory,7
5659,lai,2
5660,lattice_based,3
5661,launching,3
5662,longevity,3
5663,lowlatency,2
5664,maintenance,11
5665,malicious_node,4
5666,marginally,2
5667,marked,6
5668,merchant,2
5669,milieu,2
5670,ministry,8
5671,monopoly,3
5672,necessitating,7
5673,openness,6
5674,opted,2
5675,opts,2
5676,originating,4
5677,outsourced,3
5678,outsourcing,4
5679,outsourcing_computation,2
5680,peng,2
5681,permitting,2
5682,pki,4
5683,plaintexts,2
5684,plethora,2
5685,polkadot,4
5686,ported,3
5687,positioning,8
5688,predetermined,8
5689,predominant,4
5690,premise,7
5691,processor,6
5692,proportion,8
5693,punitive,2
5694,quad,2
5695,quorum,2
5696,radio,3
5697,ran,4
5698,rationale,6
5699,recalculate,2
5700,redundant,2
5701,registered,12
5702,repeat,4
5703,requisite,2
5704,restricts,3
5705,retained,7
5706,satisfactory,5
5707,satisfied,4
5708,satisfies,5
5709,satisfying,7
5710,satoshi,5
5711,scheduling,4
5712,sequence_diagram,5
5713,settlement,7
5714,shen,7
5715,sig,4
5716,signifies,6
5717,ski,3
5718,smallest,4
5719,sparse,3
5720,stable,14
5721,station,3
5722,stipulated,2
5723,subjected,9
5724,submits,7
5725,submitted,7
5726,substrate,2
5727,supply,11
5728,surge,10
5729,synchronizes,2
5730,tasked,2
5731,tee,3
5732,txt,2
5733,uploading,8
5734,validates,4
5735,veracity,2
5736,wan,2
5737,zhongguancun,2
5738,accomplished,5
5739,adheres,8
5740,administration,9
5741,artistic,5
5742,astounding,2
5743,auditable,4
5744,authorization,8
5745,battle,5
5746,budapest,3
5747,cell,4
5748,centralised,6
5749,contributed,11
5750,cryptovoxels,2
5751,dealing,11
5752,decentralisation,3
5753,deleted,5
5754,desirable,6
5755,detailing,3
5756,develops,6
5757,ecology,3
5758,endeavour,2
5759,excellence,6
5760,faith,3
5761,forefront,5
5762,founded,6
5763,frictionless,2
5764,fuel,5
5765,goyal,2
5766,ill,3
5767,informatics,3
5768,inspire,2
5769,institutional,9
5770,interconnectedness,3
5771,judgment,5
5772,lessen,4
5773,letting,2
5774,malaysia,4
5775,monetise,4
5776,obsolete,4
5777,pace,7
5778,pfe,2
5779,pinpoint,2
5780,premium,7
5781,prioritise,2
5782,prioritises,2
5783,privacyenhancing,2
5784,product_service,13
5785,reap,3
5786,renting,3
5787,restore,4
5788,ring,7
5789,romania,2
5790,tenet,2
5791,unauthorised,3
5792,unauthorised_access,2
5793,undue,2
5794,utilisation,3
5795,utilising,3
5796,vrchat,3
5797,weighing,2
5798,wellknown,2
5799,wider,12
5800,zolt,2
5801,abrupt,2
5802,accentuates,2
5803,acknowledge,6
5804,advent,10
5805,advocate,9
5806,affiliated,3
5807,affiliation,2
5808,affinity,3
5809,affirming,2
5810,affirms,2
5811,agricultural,3
5812,aid,11
5813,albeit,7
5814,align,12
5815,allocating,4
5816,amalgamation,3
5817,amenable,2
5818,arbiter,2
5819,arbitrator,2
5820,arrangement,4
5821,aspires,3
5822,assign,4
5823,assuming,4
5824,backdrop,2
5825,badruddoja,3
5826,benchmarking,2
5827,benevolence,3
5828,binomial,2
5829,bolstering,4
5830,breakdown,5
5831,bulk,2
5832,burgeoning,8
5833,capitalizes,2
5834,capitalizing,3
5835,centrality,2
5836,champion,2
5837,characterize,2
5838,characterizes,3
5839,cheaper,5
5840,clause,3
5841,cohort,2
5842,commenced,2
5843,commendable,2
5844,commonplace,3
5845,compact,4
5846,comparative,8
5847,comparatively,4
5848,competence,2
5849,complemented,3
5850,composite,3
5851,concurrently,7
5852,confronted,3
5853,confronts,3
5854,congruent,3
5855,connectivity,10
5856,constituted,3
5857,continually,5
5858,contrasted,3
5859,contrasting,4
5860,cooperate,4
5861,counteract,3
5862,critically,6
5863,culmination,2
5864,cumulative,6
5865,decay,2
5866,defending,4
5867,delineate,2
5868,delineates,5
5869,demanded,4
5870,depict,3
5871,designates,2
5872,determinant,2
5873,deterministic,3
5874,devising,2
5875,devoid,2
5876,differentiates,3
5877,disagreement,6
5878,discrete,4
5879,disparate,2
5880,distinctive,10
5881,diversified,5
5882,downside,2
5883,economics,13
5884,elimination,4
5885,elucidate,4
5886,elucidates,4
5887,elucidating,4
5888,embarked,2
5889,embarking,2
5890,emit_event,3
5891,emitted,3
5892,encapsulates,7
5893,encapsulating,2
5894,enforced,6
5895,engages,4
5896,enlightening,2
5897,ensuing,2
5898,erratic,3
5899,escalating,2
5900,essence,7
5901,exhibit,12
5902,expanse,3
5903,expediency,2
5904,experimentation,5
5905,explaining,6
5906,extraction,7
5907,extrapolates,2
5908,facet,7
5909,factoring,2
5910,fastest,3
5911,favorably,2
5912,fetched,5
5913,flourishing,3
5914,fluid,4
5915,fore,2
5916,foreach,2
5917,formidable,4
5918,fortified,2
5919,fortifying,2
5920,fraught,2
5921,fulfilling,6
5922,gai,2
5923,garnered,7
5924,gas_consumption,4
5925,gas_price,7
5926,gauged,2
5927,gauging,2
5928,grounded,9
5929,harmonized,2
5930,harness,5
5931,hinge,2
5932,historically,2
5933,honestly,2
5934,honoring,2
5935,illuminate,3
5936,impartial,3
5937,impartiality,2
5938,informational,3
5939,input_parameter,5
5940,instrumental,6
5941,interacted,4
5942,interdependency,2
5943,interference,4
5944,interplay,6
5945,interval,5
5946,intriguing,6
5947,intriguingly,2
5948,invocation,2
5949,islam,3
5950,iterative,3
5951,judiciously,2
5952,kamran,2
5953,keccak256,2
5954,lacking,6
5955,lodged,2
5956,manoj,2
5957,marriage,2
5958,mathematically,3
5959,mbps,2
5960,mediated,4
5961,merely,12
5962,metaversal,3
5963,meter,2
5964,methodically,2
5965,meticulously,6
5966,migration,4
5967,misclassification,2
5968,mishra,2
5969,moderator,4
5970,modest,5
5971,mourtzis,3
5972,multitude,6
5973,nexus,3
5974,noncommercial,3
5975,nontrivial,2
5976,normalized,7
5977,noteworthy,6
5978,nrf,3
5979,objectively,4
5980,occupied,3
5981,operability,3
5982,orchestrated,2
5983,organically,4
5984,organisation,7
5985,pakistan,2
5986,participated,4
5987,payload,3
5988,pervasive,4
5989,pivot,4
5990,pivoted,2
5991,posit,5
5992,possesses,8
5993,postulate,3
5994,praise,2
5995,predicated,4
5996,predictor,3
5997,preset,2
5998,properly,13
5999,proposition,4
6000,pt1,2
6001,punishment,4
6002,pursuit,4
6003,quandary,2
6004,quantified,3
6005,quantifies,3
6006,quantify,2
6007,quicker,3
6008,quintessential,3
6009,rating,7
6010,reasonably,3
6011,reassesses,2
6012,redress,2
6013,reflective,2
6014,reinforce,2
6015,reinforces,2
6016,relied,3
6017,repercussion,4
6018,repetitive,2
6019,replete,3
6020,reshaped,2
6021,resolving,7
6022,restructuring,2
6023,resultant,2
6024,retrieved,8
6025,salient,2
6026,saud,3
6027,saw,4
6028,scaled,4
6029,scrutinizing,3
6030,secondary,8
6031,seo,2
6032,sizeable,3
6033,spam,2
6034,spanning,6
6035,stopped,6
6036,successive,2
6037,suddenly,4
6038,suitability,4
6039,summation,2
6040,swift,3
6041,symbolized,2
6042,tactical,5
6043,tai,2
6044,termination,3
6045,testament,3
6046,tie,3
6047,timeframe,3
6048,touch,7
6049,transferability,2
6050,tri,3
6051,trust_value,2
6052,trusting,2
6053,truth,9
6054,tune,3
6055,turning,4
6056,uint256,2
6057,underpinned,4
6058,unnecessary,5
6059,unravel,4
6060,untrustworthy,4
6061,unveils,2
6062,variability,5
6063,viability,9
6064,volatile,10
6065,voter,2
6066,vpn,2
6067,weight_assigned,2
6068,accept,9
6069,argument,8
6070,associating,2
6071,belongs,6
6072,buterin,5
6073,cipher,2
6074,circulating,3
6075,claim_transaction,2
6076,consuming,6
6077,contradict,3
6078,corrupted,3
6079,deanonymization,2
6080,distinguishable,2
6081,dominant,8
6082,dress,5
6083,dts,6
6084,fork,2
6085,forked,2
6086,forking,4
6087,hiding,4
6088,illustrative,2
6089,indirectly,3
6090,intuitively,3
6091,invalidated,2
6092,invoke,7
6093,key_generation,4
6094,laptop,3
6095,longest,4
6096,meant,5
6097,merkle_tree,2
6098,monero,3
6099,obfuscate,2
6100,onchain,4
6101,organized_follows,2
6102,originates,7
6103,pass,4
6104,prof,4
6105,prover,2
6106,scientific,12
6107,snark,3
6108,specify,8
6109,statistically,5
6110,successor,2
6111,succinct,2
6112,transfer_transaction,5
6113,txc,2
6114,verifier,5
6115,yan,2
6116,adversely,2
6117,afforded,2
6118,analytic,3
6119,appeal,10
6120,argued,7
6121,attraction,4
6122,border,8
6123,borderless,4
6124,bright,2
6125,certainly,5
6126,clarify,3
6127,coded,5
6128,completeness,5
6129,constitutes,8
6130,consumer_protection,5
6131,continuing,4
6132,converging,2
6133,corruption,3
6134,deterred,2
6135,digital_real_estate,3
6136,discovery,7
6137,distancing,2
6138,distinction,11
6139,doubt,8
6140,dramatic,2
6141,east,3
6142,emergent,4
6143,emphasise,3
6144,enforceability,2
6145,enforceable,4
6146,extracting,8
6147,figuring,2
6148,fitting,2
6149,gatekeeper,2
6150,greatest,5
6151,hassan,2
6152,horizontal,4
6153,illuminates,4
6154,illustrating,5
6155,impactful,2
6156,incredibly,5
6157,incremental,2
6158,interpreted,6
6159,interpretive,2
6160,interquartile,2
6161,intervene,3
6162,invested,10
6163,judicial,2
6164,lease,4
6165,left,11
6166,legality,9
6167,legislative,6
6168,lex,2
6169,linearity,2
6170,maturity,3
6171,merged,6
6172,mica,2
6173,misclassifications,2
6174,misinterpretation,3
6175,new_revenue,5
6176,nonlinear,5
6177,obvious,6
6178,ordinal,2
6179,perfectly,6
6180,personally,4
6181,plenty,2
6182,possessing,7
6183,priced,3
6184,privately,4
6185,profitability,2
6186,pursued,3
6187,pushed,3
6188,qualify,2
6189,rank,6
6190,regime,3
6191,roughly,6
6192,sandbox_decentraland,4
6193,separated,6
6194,signify,3
6195,socially,6
6196,socio_economic,5
6197,spot,5
6198,standardscaler,2
6199,statute,2
6200,statutory,2
6201,supplied,4
6202,suspension,2
6203,term_condition,5
6204,terminology,4
6205,trial,9
6206,unanticipated,2
6207,uncertain,3
6208,unexpected,5
6209,utilise,2
6210,vastly,2
6211,venue,6
6212,yielded,8
6213,accessory,6
6214,achievement,9
6215,advocating,3
6216,alleviate,7
6217,alleviating,3
6218,aspiration,2
6219,axie_infinity,8
6220,bayc,3
6221,blurring,6
6222,breed,2
6223,celebrity,5
6224,certification,6
6225,certify,3
6226,clarifying,3
6227,clearer,2
6228,colorado,2
6229,compensation,6
6230,constrain,2
6231,creature,3
6232,dappradar,2
6233,daunting,2
6234,decentralizes,2
6235,deciding,6
6236,democratizing,2
6237,demystifying,2
6238,depicting,3
6239,differs,3
6240,embedding,6
6241,environmental_impact,5
6242,equip,4
6243,equipping,2
6244,excluded,8
6245,excluding,6
6246,explainability,2
6247,expressing,4
6248,fertile,2
6249,financial_institution,8
6250,floor,3
6251,fueling,2
6252,gamer,2
6253,gated,2
6254,groundbreaking,2
6255,harris,2
6256,haven,6
6257,hindering,4
6258,immune,2
6259,incentivized,3
6260,lighter,3
6261,livelihood,3
6262,motivating,3
6263,musician,3
6264,nist,4
6265,openai,3
6266,openly,2
6267,opensource,2
6268,p2e,4
6269,patching,2
6270,peaked,3
6271,placing,7
6272,potent,4
6273,prominence,8
6274,recognizable,2
6275,redefined,2
6276,replaced,9
6277,revenue_stream,2
6278,scarce,4
6279,scrutinize,2
6280,scrutiny,6
6281,sensation,3
6282,shall,7
6283,source_code,4
6284,stricter,2
6285,tailor,4
6286,taste,2
6287,thriving,7
6288,trading_volume,7
6289,transferable,5
6290,tricked,3
6291,unforeseen,4
6292,unintended,2
6293,unlock,8
6294,vip,2
6295,volatility,7
6296,weapon,5
6297,abbreviation,5
6298,anonymity_privacy,2
6299,anticipation,3
6300,apt,2
6301,arising,7
6302,atomicity,2
6303,automobile,2
6304,broadcasting,3
6305,bulletin,3
6306,circle,5
6307,classifies,2
6308,click,3
6309,clicking,3
6310,conference_paper,5
6311,corp,2
6312,dealt,2
6313,discord,2
6314,domestic,5
6315,eco,4
6316,everydays,2
6317,exclude,6
6318,flash,5
6319,foreign,3
6320,homepage,2
6321,inaccessibility,2
6322,infringe,2
6323,infringed,2
6324,invasion,8
6325,issuance,7
6326,issuing,7
6327,jae,2
6328,jpeg,2
6329,legacy,5
6330,looked,7
6331,maker,8
6332,mapped,6
6333,ment,5
6334,mike,2
6335,monkey,2
6336,motor,2
6337,nftrelated,2
6338,noninterchangeable,2
6339,notice,6
6340,permanence,2
6341,posting,2
6342,preceding,3
6343,preparing,4
6344,pretend,3
6345,professor,4
6346,quantitatively,2
6347,rehman,2
6348,reproduction,6
6349,revise,4
6350,ronin,4
6351,rpc,3
6352,searching,4
6353,smart_contract_address,5
6354,speculation,9
6355,strengthened,4
6356,subdivided,2
6357,supplier,4
6358,tricking,2
6359,twitter,9
6360,upgraded,5
6361,usdc,4
6362,validator,4
6363,violated,5
6364,winkelmann,2
6365,won,6
6366,york,4
6367,absent,4
6368,accumulated,7
6369,accumulating,4
6370,accustomed,2
6371,ago,5
6372,ance,2
6373,announce,2
6374,apparent,5
6375,appreciation,2
6376,asking,2
6377,banker,3
6378,bankruptcy,4
6379,beat,3
6380,bitcoins,4
6381,booming,3
6382,british,5
6383,brown,2
6384,cao,4
6385,cap,5
6386,catch,3
6387,celebrate,2
6388,century,5
6389,chainalysis,3
6390,chatting,4
6391,cialdini,2
6392,collapse,2
6393,complicit,2
6394,complicity,2
6395,covert,3
6396,criminological,2
6397,criminology,2
6398,crypto_project,2
6399,cutting_edge,10
6400,dearth,2
6401,declared,4
6402,deed,3
6403,defence,5
6404,deposited,4
6405,dex,5
6406,dichotomy,3
6407,diminished,3
6408,directing,2
6409,doesn,6
6410,drain,2
6411,dramatically,6
6412,draw,12
6413,dressed,2
6414,dropping,2
6415,dumped,2
6416,elon,2
6417,embodied,3
6418,encouraged,3
6419,entrant,2
6420,european,7
6421,excitement,3
6422,fade,2
6423,favour,6
6424,flip,3
6425,fomo,3
6426,foreseeable,3
6427,forever,4
6428,fragile,2
6429,framing,2
6430,fulfil,4
6431,gone,2
6432,grauer,2
6433,greedy,3
6434,grey,4
6435,hour,9
6436,illicit_activity,5
6437,impression,4
6438,impulse,2
6439,incredible,2
6440,inflated,3
6441,ing,2
6442,innocent,3
6443,instability,3
6444,intricately,2
6445,joy,3
6446,justified,6
6447,kethineni,2
6448,knowing,8
6449,kozinets,2
6450,late,5
6451,learned,5
6452,lender,2
6453,lived,2
6454,loosely,2
6455,lucrative,3
6456,malley,2
6457,manipulative,2
6458,manning,2
6459,manoeuvre,2
6460,manufacturer,4
6461,mar,4
6462,market_capitalization,4
6463,market_manipulation,5
6464,mediate,3
6465,meme,4
6466,men,2
6467,methodological,8
6468,mind,7
6469,murphy,2
6470,musk,2
6471,mutate,2
6472,newest,3
6473,night,2
6474,normalization,6
6475,normative,3
6476,observer,4
6477,obviously,3
6478,organizer,2
6479,outright,2
6480,outweigh,2
6481,overlap,7
6482,oxford,4
6483,pathway,5
6484,payoff,2
6485,permutation,3
6486,persuaded,2
6487,persuasive,2
6488,pile,2
6489,playground,3
6490,police,3
6491,ponzi_scheme,5
6492,populated,3
6493,programme,5
6494,psycho,3
6495,pull,3
6496,purported,2
6497,purview,3
6498,quick,7
6499,quote,2
6500,racist,2
6501,rationality,2
6502,recourse,4
6503,reddit,2
6504,reddy,4
6505,redistribute,2
6506,reid,2
6507,repeatedly,5
6508,research_question,8
6509,resort,2
6510,restitution,2
6511,risky,6
6512,roll,2
6513,ross,2
6514,routine,6
6515,rug,2
6516,sanctioned,3
6517,saturation,2
6518,shadow,4
6519,silver,6
6520,simon,2
6521,socialising,2
6522,sociocultural,2
6523,sociology,2
6524,soft,5
6525,solo,2
6526,speculative,6
6527,sprawling,2
6528,stanley,2
6529,staying,5
6530,stephenson,4
6531,stock,7
6532,strongly,6
6533,succeeds,3
6534,surely,2
6535,suspicion,3
6536,tail,3
6537,tale,3
6538,techno,4
6539,telegram,2
6540,thomas,2
6541,thrown,3
6542,tidy,2
6543,tolerated,2
6544,tone,2
6545,tongue,2
6546,trader,9
6547,trying,8
6548,twice,4
6549,unlikely,3
6550,unwitting,2
6551,upside,2
6552,vanish,2
6553,visibly,2
6554,wanted,2
6555,watching,4
6556,week,7
6557,went,5
6558,west,3
6559,wild,2
6560,worthless,2
6561,woven,2
6562,writer,5
6563,zealand,2
6564,zone,3
6565,accelerate,6
6566,accommodate,6
6567,acknowledgement,8
6568,acute,2
6569,algebraic,2
6570,allure,3
6571,anticipating,3
6572,arithmetic,5
6573,asserts,2
6574,asymmetric_cryptography,2
6575,attribute_key,2
6576,avant,2
6577,bennett,3
6578,brassard,2
6579,broadens,2
6580,ca,2
6581,certificate_authority,4
6582,compelling,2
6583,conceptualized,5
6584,confluence,2
6585,convinced,2
6586,craig,4
6587,crucial_role,5
6588,curie,2
6589,derivation,4
6590,digest,2
6591,discarding,2
6592,discerning,3
6593,disclosing,2
6594,easing,2
6595,embody,2
6596,embracing,6
6597,encode,3
6598,encodes,5
6599,eve,3
6600,evolutionary,2
6601,exceeds,7
6602,expedite,3
6603,funded,8
6604,garde,2
6605,gate,5
6606,gpus,3
6607,guiding,5
6608,harnessing,5
6609,impediment,3
6610,indispensable,3
6611,inevitably,7
6612,infrastructural,3
6613,italian,2
6614,italy,3
6615,iteration,9
6616,johri,3
6617,manageable,2
6618,marie,2
6619,matched,3
6620,modulus,2
6621,mouse,2
6622,multiparty,3
6623,national_university,5
6624,navigation,4
6625,odowska,2
6626,originated,3
6627,padding,2
6628,phased,2
6629,phe,2
6630,pillar,8
6631,pioneering,6
6632,plaintext,4
6633,polarization,2
6634,post_quantum,3
6635,practitioner,5
6636,pronounced,3
6637,puzzle,3
6638,respectful,2
6639,revolving,2
6640,rigor,2
6641,robert,2
6642,safekeeping,2
6643,segment,4
6644,seminal,3
6645,shorter,2
6646,silently,2
6647,simplified,6
6648,slower,3
6649,snarks,2
6650,solves,2
6651,string,7
6652,subgroup,3
6653,substitution,2
6654,suite,3
6655,symbiosis,3
6656,symmetric,4
6657,synthesizing,2
6658,terrain,3
6659,ukraine,3
6660,unaltered,2
6661,unaware,2
6662,uncovering,2
6663,underpinnings,3
6664,underscored,6
6665,unexplored,2
6666,upholding,3
6667,vetted,2
6668,volodymyr,2
6669,withstand,4
6670,abac,2
6671,admission,3
6672,alphanumeric,2
6673,aml,6
6674,behavioral_intention,2
6675,california,6
6676,captivating,5
6677,ccpa,3
6678,conferencing,4
6679,conveniently,2
6680,crisis,6
6681,decreased,2
6682,discover,6
6683,disinformation,4
6684,durable,2
6685,educator,3
6686,footage,2
6687,foresee,3
6688,good_service,10
6689,governmental,5
6690,harmed,3
6691,instructional,2
6692,interwoven,2
6693,magic,2
6694,multiplatform,2
6695,nlp,4
6696,onset,2
6697,penetration,2
6698,positioned,5
6699,scan,6
6700,settle,4
6701,shortcoming,7
6702,spotting,2
6703,stance,3
6704,sufficiently,5
6705,teacher,2
6706,teaching,3
6707,told,2
6708,unwanted,2
6709,vague,5
6710,virus,3
6711,accomplish,4
6712,arena,5
6713,auditability,3
6714,bitcoin_network,3
6715,bounded,2
6716,buzzword,2
6717,caller,4
6718,cardano,3
6719,central_bank,4
6720,comprehending,3
6721,dai,3
6722,dated,2
6723,disposal,2
6724,dlt,5
6725,drastically,2
6726,embryonic,2
6727,enacted,2
6728,experimented,2
6729,externally,2
6730,farm,2
6731,function_called,3
6732,graphical,4
6733,haya,3
6734,hedge,4
6735,hedging,2
6736,inception,2
6737,linkage,4
6738,logically,2
6739,parent,4
6740,permissioned_blockchain,3
6741,privileged,7
6742,producer,6
6743,programmed,2
6744,redundancy,2
6745,refunded,2
6746,registry,3
6747,scattered,4
6748,speculating,2
6749,spof,2
6750,stamped,3
6751,straightforward,6
6752,transmit,2
6753,utc,2
6754,vitalik,3
6755,web1,3
6756,web2,5
6757,zheng,4
6758,adopter,5
6759,aligning,4
6760,booking,2
6761,carbon,3
6762,climate,5
6763,conflicting,3
6764,continual,3
6765,deepen,3
6766,differentiation,2
6767,disparity,3
6768,dominated,3
6769,eager,2
6770,emerald,3
6771,emission,2
6772,enthusiastic,3
6773,excessive,5
6774,experimenting,5
6775,festival,3
6776,financially,5
6777,gadekallu,2
6778,hotel,2
6779,hwang,3
6780,innovate,7
6781,interpersonal,4
6782,jan,2
6783,limitededition,2
6784,machinery,4
6785,merchandise,2
6786,metaphor,3
6787,minimise,2
6788,minimising,3
6789,musical,3
6790,navigated,2
6791,ngo,2
6792,offset,3
6793,optimising,2
6794,packing,2
6795,partnership,5
6796,prioritising,4
6797,renewable,3
6798,respected,3
6799,retention,6
6800,retreat,2
6801,showroom,3
6802,social_responsibility,2
6803,specialised,4
6804,taxation,4
6805,teamwork,2
6806,therapy,2
6807,thoughtfully,3
6808,threaten,4
6809,ticketing,4
6810,titled,4
6811,toxic,2
6812,transportation,4
6813,unethical,2
6814,virtual_workplace,2
6815,waste,2
6816,widen,2
6817,analyzer,3
6818,asserted,4
6819,assume_adversary,3
6820,atse,2
6821,avispa,2
6822,backends,2
6823,ban,4
6824,cation,2
6825,chattopadhyay,2
6826,checker,2
6827,decisional,2
6828,freshness,2
6829,goggles,3
6830,guessing,4
6831,hlpsl,2
6832,hlpsl2if,2
6833,inconvenient,3
6834,initializes,3
6835,lifelogging,2
6836,logical,8
6837,login_authentication,2
6838,null,3
6839,ofmc,2
6840,parency,2
6841,replay_mitm,2
6842,reply,3
6843,responding,5
6844,searcher,3
6845,telecom,2
6846,translator,3
6847,triangular,2
6848,unfortunately,6
6849,uploads,2
6850,abundant,3
6851,aggregating,4
6852,archive,4
6853,arose,2
6854,atomic,4
6855,attacking,3
6856,black,8
6857,chao,2
6858,cheap,3
6859,convolution,2
6860,convolutional,3
6861,crawler,2
6862,deviate,2
6863,differentiated,4
6864,diving,2
6865,etherscan,2
6866,exhibiting,5
6867,explorer,5
6868,fellow,3
6869,finegrained,3
6870,gnn,2
6871,gradient,5
6872,grained,3
6873,granularity,3
6874,hoboken,2
6875,hopping,2
6876,hui,2
6877,individually,5
6878,inferring,2
6879,insurance,4
6880,invariance,2
6881,largescale,2
6882,launder,3
6883,learnt,2
6884,metacom,2
6885,mined,2
6886,minter,2
6887,mixing,3
6888,ordinary,2
6889,parsing,2
6890,passing,4
6891,pot,2
6892,province,3
6893,relu,2
6894,rename,2
6895,repetition,3
6896,residual,5
6897,revival,2
6898,runtime,4
6899,sage,2
6900,subordinate,2
6901,swan,2
6902,tag,2
6903,uniswap,5
6904,unsecured,2
6905,vanishing,3
6906,vehicular,2
6907,visualize,6
6908,xue,2
6909,yue,2
6910,accumulate,2
6911,attache,2
6912,attendance,2
6913,bai,2
6914,bind,2
6915,blue,6
6916,broadcast,6
6917,celebration,2
6918,deriving,2
6919,diminishes,3
6920,dot,2
6921,eligible,4
6922,empowered_metaverse,4
6923,garner,2
6924,geo,2
6925,histogram,2
6926,human_identity,2
6927,humanity,6
6928,imeta,2
6929,inactive,2
6930,ith,4
6931,labelled,2
6932,modelled,2
6933,motivates,4
6934,niyato,3
6935,palm,3
6936,passport,2
6937,pioneer,3
6938,pound,2
6939,projection,4
6940,ranked,5
6941,receipt,2
6942,retaining,5
6943,robot,4
6944,scoring,6
6945,severely,2
6946,sigmoid,2
6947,sta,3
6948,summarizing,3
6949,sup,3
6950,tional,3
6951,toolkit,3
6952,tradi,2
6953,transacting,4
6954,trilemma,2
6955,usdt,4
6956,abe,2
6957,abe_scheme,2
6958,access_policy,4
6959,admin,2
6960,advantageous,7
6961,ato,2
6962,attribute_based_encryption,2
6963,axis,2
6964,benefiting,2
6965,bold,3
6966,boolean,5
6967,certified,2
6968,closest,2
6969,completes,3
6970,consumes,3
6971,contrarily,2
6972,converges,2
6973,cpabe,2
6974,curious,4
6975,decides,2
6976,decoding,2
6977,definite,2
6978,denied,2
6979,dis,4
6980,downloading,3
6981,encountering,3
6982,extensible,2
6983,fang,4
6984,haidian,2
6985,hair,2
6986,hsieh,3
6987,inefficiency,5
6988,iri,2
6989,kyber,3
6990,lattice,2
6991,letter,3
6992,linearly,2
6993,maple,2
6994,markup,2
6995,noticeable,2
6996,notifies,2
6997,overwhelming,2
6998,pack,2
6999,pan,3
7000,pertains,3
7001,photorealistic,2
7002,predicate,2
7003,prevailing,2
7004,proliferation,5
7005,rau,2
7006,readable,2
7007,rejecting,3
7008,resides,2
7009,resisting,2
7010,rounded,2
7011,sin,2
7012,skewed,2
7013,specifying,4
7014,strategically,3
7015,tand,2
7016,tester,2
7017,theoretic,2
7018,timer,3
7019,union,6
7020,upper,6
7021,velocity,3
7022,whilst,4
7023,commercialization,4
7024,exacerbated,3
7025,houda,2
7026,ibn,2
7027,journal_article,4
7028,self_sovereign_identity,4
7029,standalone,2
7030,synergistic,4
7031,tencent,7
7032,untampered,2
7033,academy,2
7034,affordability,4
7035,africa,3
7036,annually,3
7037,appraisal,3
7038,authenticating,3
7039,authorizing,2
7040,chart,5
7041,clip,2
7042,compete,5
7043,competitiveness,4
7044,contractual,5
7045,corrected,2
7046,debut,3
7047,denyer,2
7048,devalue,3
7049,disability,2
7050,discipline,6
7051,electricity,6
7052,exclusion,8
7053,financial_innovation,4
7054,geographic,3
7055,greek,3
7056,gross,3
7057,heritage,2
7058,hospitality,2
7059,imposing,2
7060,informs,3
7061,intersect,3
7062,jayaraman,3
7063,kevin,2
7064,kuwait,3
7065,leadership,3
7066,manufacture,3
7067,metaomnicity,2
7068,moher,2
7069,north,4
7070,organizing,2
7071,outdoor,2
7072,perpetual,2
7073,photograph,4
7074,prisma,4
7075,regional,6
7076,remotely,4
7077,remuneration,2
7078,resident,6
7079,scholarly,4
7080,socio,4
7081,switzerland,5
7082,systematic_literature,3
7083,systematic_review,5
7084,tranfield,2
7085,tricco,2
7086,unrelated,4
7087,woman,3
7088,xplore,4
7089,adidas,3
7090,album,2
7091,alliance,4
7092,ambition,4
7093,amusement,2
7094,averse,4
7095,bounce,2
7096,branding,4
7097,charging,2
7098,clock,2
7099,clouding,2
7100,cohesion,2
7101,commission,5
7102,compensating,2
7103,continuation,2
7104,continuum,3
7105,convention,4
7106,convey,4
7107,crossover,2
7108,crossroad,2
7109,customer_loyalty,2
7110,detrimental,4
7111,digitized,4
7112,distinctiveness,3
7113,dominate,3
7114,donation,3
7115,enormous,4
7116,entice,2
7117,environmentally,3
7118,essay,3
7119,eventual,2
7120,exchangeable,2
7121,faceted,2
7122,faisal,2
7123,favorable,2
7124,forerunner,2
7125,founder,4
7126,fractionalized,2
7127,friendly,2
7128,fruition,2
7129,fun,3
7130,fundraiser,2
7131,gave,3
7132,genre,3
7133,green,6
7134,headline,3
7135,heard,3
7136,imperfect,3
7137,indivisibility,2
7138,interchangeably,3
7139,interconnect,2
7140,interoperation,2
7141,intrigued,2
7142,knit,2
7143,landowner,2
7144,lawyer,4
7145,leisure,4
7146,leon,2
7147,litigation,2
7148,louis,2
7149,monthly,6
7150,mount,2
7151,multilingual,2
7152,musamih,4
7153,nba,3
7154,passionately,2
7155,patron,2
7156,paved,2
7157,pet,3
7158,piracy,2
7159,plasma,3
7160,precedent,3
7161,prop,3
7162,ray,3
7163,replicability,3
7164,resemblance,2
7165,road,4
7166,routing,2
7167,rush,2
7168,sporting,2
7169,stimulating,2
7170,storyline,3
7171,studio,2
7172,thirteen,2
7173,tomorrow,3
7174,transcend,4
7175,ultimate,6
7176,undertake,2
7177,universiti,2
7178,unsolved,2
7179,ups,2
7180,vuitton,2
7181,warner,2
7182,wildcard,2
7183,worthy,2
7184,african,4
7185,amplified,5
7186,atm,2
7187,attachment,3
7188,banknote,2
7189,bond,4
7190,cleenewerck,3
7191,combating,5
7192,confiscation,2
7193,convertible,4
7194,costlier,2
7195,cyberthreats,2
7196,disguise,3
7197,euro,3
7198,evasion,2
7199,facilitation,3
7200,fiat_currency,9
7201,financial_sector,4
7202,frozen,2
7203,immersed,4
7204,impose,6
7205,intensified,2
7206,interrelated,5
7207,islamic,2
7208,islamic_finance,2
7209,katterbauer,3
7210,kwon,2
7211,laundering,2
7212,mckinsey,2
7213,oil,3
7214,overnight,2
7215,pegged,4
7216,permanent,4
7217,personnel,2
7218,posited,3
7219,republic,4
7220,shariah,2
7221,stablecoins,6
7222,supervisory,2
7223,syed,5
7224,tender,3
7225,thank,6
7226,totally,3
7227,trafficking,2
7228,wilson,3
7229,yuan,4
7230,accounted,4
7231,aggressive,2
7232,ally,3
7233,ax,4
7234,barely,3
7235,chaos,2
7236,civilization,2
7237,clean,2
7238,clustered,2
7239,coalition,2
7240,confronting,2
7241,contour,3
7242,controllable,3
7243,coordinate,2
7244,correlated,4
7245,critic,3
7246,cultivate,3
7247,declining,2
7248,delineating,3
7249,destroyed,2
7250,digit,3
7251,downward,2
7252,elite,4
7253,ended,3
7254,ending,2
7255,enjoyment,2
7256,enthusiasm,3
7257,evidently,2
7258,export,2
7259,fight,3
7260,financialization,2
7261,guild,3
7262,happiness,3
7263,happy,2
7264,hottest,3
7265,hunter,2
7266,incomplete,5
7267,insignificant,2
7268,intellectual,4
7269,interdependent,3
7270,json,4
7271,logarithm,3
7272,matthew,4
7273,maturing,2
7274,mediates,2
7275,net,7
7276,owing,3
7277,panorama,2
7278,philosopher,2
7279,planet,4
7280,playability,2
7281,played,5
7282,plotted,2
7283,plugins,2
7284,poly,3
7285,prerequisite,2
7286,prison,2
7287,productive,2
7288,quantization,2
7289,quartile,2
7290,rq1,4
7291,rq2,3
7292,rq3,3
7293,sid,2
7294,slope,2
7295,solicited,2
7296,subvert,2
7297,summed,2
7298,survival,2
7299,survive,2
7300,tier,3
7301,upgrading,2
7302,utilitarian,2
7303,weaving,2
7304,western,2
7305,williams,2
7306,withdrawn,2
7307,worked,4
7308,accomplishment,2
7309,acyclic,2
7310,anal,2
7311,anymore,2
7312,anytime,2
7313,arxiv,2
7314,asymmetry,3
7315,axies,2
7316,bidding,2
7317,bourlakis,2
7318,btc,4
7319,cai,3
7320,causal,3
7321,conf,2
7322,dance,2
7323,dancer,2
7324,definitely,3
7325,demonstration,3
7326,dexs,3
7327,diem,2
7328,diminishing,2
7329,drill,2
7330,drl,2
7331,economist,2
7332,environ,2
7333,estimating,3
7334,fed,3
7335,fuse,2
7336,germany,2
7337,header,7
7338,ico,3
7339,imagine,4
7340,inhabited,3
7341,interpretability,2
7342,kernel,4
7343,labor,5
7344,leung,2
7345,mediator,5
7346,metal,4
7347,miao,2
7348,minded,2
7349,moderated,2
7350,moore,2
7351,nat,2
7352,netherlands,2
7353,neuron,3
7354,notorious,2
7355,online_available,4
7356,papagiannidis,3
7357,perez,2
7358,precious,3
7359,precondition,2
7360,proc,2
7361,prom,3
7362,reconfiguration,2
7363,renamed,2
7364,retailing,2
7365,sailing,2
7366,saunders,2
7367,selfish,2
7368,ser,2
7369,shandong,2
7370,siam,2
7371,sims,2
7372,slide,2
7373,soldier,2
7374,spawned,2
7375,spotlight,2
7376,stochastic,3
7377,strive,4
7378,summarised,4
7379,supplement,2
7380,symmetry,3
7381,symp,2
7382,tao,2
7383,tiny,2
7384,tournament,2
7385,tradeoff,2
7386,traffic_generated,2
7387,visiting,5
7388,wal,2
7389,wallace,3
7390,workshop,2
7391,accenture,3
7392,advertiser,2
7393,bandara,2
7394,coordinator,2
7395,data_provenance,2
7396,enroll,2
7397,grade,3
7398,handed,2
7399,hesitant,2
7400,hoc,3
7401,instructs,2
7402,llm,2
7403,marketer,3
7404,mid,3
7405,onboarded,2
7406,package,4
7407,pre_trained,5
7408,proficient,2
7409,proportionally,4
7410,quantized,2
7411,sbom,2
7412,undertaken,5
7413,utmost,4
7414,worry,4
7415,aesthetic,5
7416,akkus,2
7417,animation,5
7418,bibliographic,2
7419,bibliometric,3
7420,carrier,2
7421,conservative,3
7422,delegation,3
7423,digital_creator,3
7424,ergonomics,2
7425,fernandez,2
7426,formal_analysis,9
7427,fortune,3
7428,funding_acquisition,7
7429,hollensen,2
7430,labour,2
7431,modelling,6
7432,project_administration,11
7433,refuse,2
7434,seidel,2
7435,sheet,4
7436,spreadsheet,2
7437,standpoint,2
7438,street,6
7439,structuring,2
7440,systemic,2
7441,taylor,6
7442,undergo,4
7443,actionable,2
7444,affective,2
7445,amending,2
7446,ana,3
7447,appendix,4
7448,appreciate,2
7449,aren,3
7450,attach,3
7451,belk,4
7452,canvas,2
7453,castro,2
7454,categorised,4
7455,citing,2
7456,clarkson,2
7457,cli,2
7458,collapsing,2
7459,colleague,3
7460,competent,3
7461,confusing,2
7462,connective,2
7463,connor,2
7464,contextual,3
7465,controversy,2
7466,couldn,2
7467,crashed,3
7468,crawford,3
7469,crea,2
7470,derstand,2
7471,derstanding,3
7472,devel,2
7473,didn,2
7474,diffusion,3
7475,directive,2
7476,disagree,2
7477,discretion,2
7478,dividuals,2
7479,ences,2
7480,eration,2
7481,everybody,2
7482,exam,2
7483,expectancy,3
7484,experi,2
7485,explanatory,2
7486,explode,3
7487,fashioned,3
7488,fell,5
7489,freeze,2
7490,gadalla,2
7491,gence,3
7492,glaser,2
7493,gy,2
7494,hasn,2
7495,hedonic,2
7496,inductive,2
7497,innova,2
7498,intelli,3
7499,interdependence,2
7500,jeopardise,3
7501,ketplaces,2
7502,kugler,2
7503,larly,2
7504,longitudinal,3
7505,lysis,2
7506,malhotra,3
7507,mate,2
7508,matures,2
7509,maybe,3
7510,momentum,3
7511,motivational,2
7512,nefarious,2
7513,nificant,3
7514,noticed,5
7515,occupy,3
7516,oecd,3
7517,opment,2
7518,opposed,4
7519,organisational,2
7520,outlet,2
7521,paschen,3
7522,pected,2
7523,pension,2
7524,perceives,2
7525,performer,2
7526,practical_implication,7
7527,purposive,3
7528,pursuing,5
7529,quarter,3
7530,ranged,3
7531,realise,2
7532,regu,2
7533,renewed,2
7534,researching,2
7535,rose,2
7536,saying,2
7537,scary,3
7538,seeing,3
7539,sented,2
7540,sharma,5
7541,snippet,2
7542,soul,2
7543,standardised,4
7544,stark,2
7545,stating,5
7546,sticking,2
7547,strauss,2
7548,stroke,2
7549,sustainable_development,6
7550,synonym,3
7551,technolo,2
7552,thread,2
7553,tion,4
7554,tions,4
7555,tor,5
7556,touched,2
7557,ture,2
7558,urquhart,2
7559,vi,2
7560,voicing,2
7561,voluntary,2
7562,ward,4
7563,weren,2
7564,witnessed,2
7565,youtube,3
7566,zallio,2
7567,account_takeover,2
7568,citizenship,2
7569,complaint,3
7570,consumer_right,2
7571,dire,2
7572,dsa,2
7573,fiscal,2
7574,habitual,2
7575,hamdan,2
7576,infinity,3
7577,obliged,2
7578,paragraph,3
7579,reasoning,2
7580,regulates,2
7581,respectable,2
7582,systematization,2
7583,tribunal,2
7584,violating,2
7585,alluring,3
7586,arguably,2
7587,authorship,2
7588,ave,3
7589,derivative,3
7590,disaster,2
7591,discernment,2
7592,ecommerce,2
7593,federal,4
7594,foreseen,2
7595,fulfillment,2
7596,influential,6
7597,invention,2
7598,ip,2
7599,literary,2
7600,logo,2
7601,modifier,3
7602,overstated,2
7603,pointer,2
7604,prevail,3
7605,principled,2
7606,publish,5
7607,reproduced,2
7608,safeguarded,2
7609,sought,4
7610,submission,4
7611,surged,2
7612,treated,2
7613,urge,2
7614,watermark,2
7615,attractiveness,2
7616,augments,4
7617,confidence_interval,4
7618,contender,2
7619,cuttingedge,2
7620,decent,2
7621,descent,2
7622,encompassed,2
7623,epoch,4
7624,exacerbate,4
7625,exceeded,4
7626,forecasted,2
7627,grown,2
7628,homogeneity,2
7629,hyperparameter,2
7630,hyperparameters,3
7631,impressive,2
7632,insider_trading,3
7633,latent,3
7634,mumbai,2
7635,partitioning,3
7636,paucity,2
7637,probable,3
7638,rightful,2
7639,scored,4
7640,smoothly,2
7641,stemming,3
7642,subsample,2
7643,tip,2
7644,transcendence,3
7645,unequal,2
7646,accepting,2
7647,alteration,4
7648,anonymized,2
7649,bidirectional,4
7650,compulsive,2
7651,cultivating,2
7652,debugging,2
7653,decreasing,2
7654,dense,2
7655,dong,2
7656,dropout,2
7657,effortlessly,2
7658,enforces,2
7659,exceptional,2
7660,floating_point,3
7661,gang,2
7662,generalization,2
7663,hate,2
7664,hazardous,3
7665,heavier,2
7666,inappropriate,2
7667,inclusiveness,3
7668,inferior,2
7669,intentionally,2
7670,justification,2
7671,kera,2
7672,linguistic,3
7673,lstms,2
7674,minimization,3
7675,modal,2
7676,multilayer,2
7677,nlp_model,2
7678,odd,2
7679,offending,2
7680,orderly,2
7681,oversees,2
7682,reactive,2
7683,relayed,2
7684,reportedly,3
7685,softmax,3
7686,stimulate,2
7687,suffering,2
7688,tiered,2
7689,uncommon,2
7690,uncover,3
7691,understandability,2
7692,violence,2
7693,warning,2
7694,welfare,3
7695,witnessing,2
7696,abr,2
7697,assumes,2
7698,authored,2
7699,development_attribute,2
7700,eprint,2
7701,hiring,2
7702,jianwei,2
7703,liao,3
7704,locked,4
7705,locking,4
7706,m23016,2
7707,qnrc001,2
7708,robustly,3
7709,terminated,2
7710,u21b2021,2
7711,unaffected,3
7712,uri,4
7713,yizhong,2
7714,aggregator,3
7715,american,6
7716,assemble,2
7717,backend,4
7718,cached,2
7719,chose,4
7720,cid,2
7721,coingecko,2
7722,corpus,4
7723,crack,2
7724,decen,2
7725,declaring,2
7726,diagnose,2
7727,executable,3
7728,flow_analysis,2
7729,fragment,3
7730,guest,4
7731,har,2
7732,hsbc,4
7733,indexing,2
7734,infura,2
7735,inputting,2
7736,intend,2
7737,interchange,2
7738,invaluable,4
7739,keai,2
7740,kit,2
7741,market_cap,2
7742,organize,3
7743,overseen,2
7744,pointing,4
7745,rebranded,2
7746,sentence,2
7747,sso,2
7748,tuples,2
7749,unreliable,3
7750,creatives,2
7751,cse,2
7752,desk,3
7753,dominance,4
7754,fantastic,2
7755,furnish,2
7756,ibm,2
7757,lecture,3
7758,multinational,2
7759,propaganda,2
7760,sai,2
7761,sect,2
7762,surfaced,2
7763,temperament,2
7764,agarwal,2
7765,ahmed,2
7766,analyse,3
7767,anonymisation,2
7768,approximation,2
7769,assisting,3
7770,augment,2
7771,bin,2
7772,categorising,2
7773,centred,2
7774,checklist,3
7775,cited,4
7776,compilation,2
7777,concentrating,2
7778,configured,3
7779,conveyed,2
7780,cubic,2
7781,decision_maker,3
7782,drew,2
7783,einstein,2
7784,embraced,4
7785,emphasised,3
7786,emphasising,4
7787,exhaustive,2
7788,generalised,2
7789,heuristic,2
7790,homogeneous,2
7791,illness,2
7792,integrative,3
7793,managerial,2
7794,maximisation,2
7795,maximising,2
7796,minimised,2
7797,mohammed,3
7798,multiplicity,2
7799,nick,2
7800,onion,2
7801,optimisation,2
7802,optimum,2
7803,outperform,2
7804,pertain,2
7805,plus,2
7806,prioritisation,2
7807,privacy_anonymity,3
7808,rated,2
7809,reciprocal,2
7810,recognise,2
7811,recognised,3
7812,reviewed_publication,3
7813,scrutinised,2
7814,summarise,4
7815,summarises,2
7816,triple,2
7817,utilised,3
7818,visualisation,3
7819,visualise,4
7820,zhan,2
7821,acknowl,2
7822,affordances,2
7823,altcoins,3
7824,averses,2
7825,bang,2
7826,banned,3
7827,benefited,3
7828,breidbach,2
7829,burst,2
7830,canada,2
7831,castronova,2
7832,cess,2
7833,chandra,3
7834,chip,2
7835,collectability,2
7836,collectable,2
7837,dealer,3
7838,dystopia,2
7839,earnings,2
7840,edgement,2
7841,ernments,2
7842,explains,3
7843,forthcoming,3
7844,gent,2
7845,gov,3
7846,hero,3
7847,hofstetter,2
7848,ically,2
7849,imaginary,2
7850,imagined,2
7851,ings,2
7852,intimacy,2
7853,leg,2
7854,lessee,2
7855,libertarian,2
7856,ludlow,2
7857,mohan,2
7858,murray,2
7859,ness,4
7860,overlapping,2
7861,perplexing,2
7862,philip,2
7863,preferably,2
7864,prestige,2
7865,rmb,2
7866,russell,2
7867,salvador,3
7868,staggering,2
7869,stephen,2
7870,stranger,2
7871,striving,3
7872,sumer,2
7873,tar,3
7874,teleported,2
7875,trump,2
7876,tween,4
7877,asia,3
7878,confident,3
7879,cronbach_alpha,3
7880,informant,2
7881,level_digital,2
7882,path_coefficient,3
7883,pls,2
7884,questionnaire,3
7885,sem,2
7886,southeast,3
7887,universitas,2
7888,assembly,3
7889,avail,2
7890,blocking,3
7891,chatgpt,5
7892,estimation,2
7893,info,2
7894,situational,2
7895,usb,2
7896,announcing,3
7897,arbitrum,4
7898,avalanche,3
7899,award,2
7900,blender,2
7901,cancellation,2
7902,compile,2
7903,crosschain,2
7904,emitting,2
7905,expiration,2
7906,interconnection,4
7907,ipns,2
7908,khaled,2
7909,mirroring,4
7910,nft_dts,2
7911,optimism,3
7912,original_owner,2
7913,persists,2
7914,raja,2
7915,readability,2
7916,rendered,4
7917,rented,3
7918,reside,3
7919,revert,3
7920,rollups,3
7921,salah,2
7922,sc,3
7923,sharp,3
7924,sidechains,2
7925,situated,3
7926,spike,2
7927,szabo,2
7928,wrapped,2
7929,zaman,2
7930,badge,2
7931,closing,4
7932,depended,2
7933,elaborated,3
7934,equips,2
7935,exemplifying,2
7936,fluctuate,2
7937,honesty,2
7938,imposed,2
7939,platinum,2
7940,proliferate,2
7941,reversion,2
7942,unknowingly,2
7943,vigilant,2
7944,advisory,2
7945,algo,2
7946,america,3
7947,anonymised,2
7948,banning,2
7949,bartlett,2
7950,braun,2
7951,bution,2
7952,cbdc,2
7953,cbdcs,2
7954,centrally,2
7955,cft,2
7956,chase,3
7957,clan,2
7958,clarke,3
7959,collapsed,2
7960,complementing,2
7961,conceptually,3
7962,concurrent,3
7963,contentious,2
7964,contri,2
7965,cope,3
7966,cre,2
7967,critique,2
7968,deciphering,2
7969,dominantly,2
7970,downturn,3
7971,drug,3
7972,editing_writing,4
7973,elizabeth,2
7974,england,2
7975,ernment,2
7976,europe,4
7977,financ,2
7978,forecasting,5
7979,ftx,2
7980,gox,2
7981,graphically,3
7982,harbour,2
7983,headquartered,2
7984,icos,2
7985,ideology,2
7986,imminent,2
7987,informing,3
7988,intense,3
7989,isaac,2
7990,issuer,2
7991,latin,3
7992,lightning,2
7993,longterm,2
7994,makarov,2
7995,mastercard,2
7996,mavis,2
7997,mismanagement,2
7998,mixer,2
7999,nested,2
8000,nology,3
8001,ogies,2
8002,original_draft,4
8003,outdated,2
8004,pancakeswap,2
8005,pilot,2
8006,poll,2
8007,pository,2
8008,poten,2
8009,pri,3
8010,prolific,2
8011,pur,2
8012,quadrigacx,2
8013,rarely,2
8014,rater,2
8015,raters,2
8016,rebranding,2
8017,relatedly,2
8018,remittance,2
8019,reviewer,2
8020,rial,2
8021,rithms,2
8022,schoar,2
8023,scoping_review,2
8024,sherman,2
8025,shortfall,2
8026,sion,2
8027,sized,2
8028,stablecoin,3
8029,supplementary,2
8030,sushiswap,2
8031,synonymous,2
8032,tang,2
8033,technically,2
8034,technol,2
8035,technolog,2
8036,terrorism,2
8037,tether,2
8038,thematically,2
8039,tively,2
8040,tornado_cash,2
8041,transcends,2
8042,umbrella,2
8043,ust,2
8044,vious,2
8045,continues_evolve,2
8046,regularly,3
8047,coinmarketcap,3
8048,complying,2
8049,contradiction,2
8050,dantu,2
8051,denton,2
8052,featuring,3
8053,fulfills,2
8054,h98230,2
8055,hamper,2
8056,kritagya,2
8057,lyzing,2
8058,serial,2
8059,synchronously,3
8060,unraveling,2
8061,unsuccessful,2
8062,arrival,2
8063,alphabet,2
8064,announcement,2
8065,assuring,2
8066,chu,3
8067,consisted,2
8068,copied,4
8069,dashed,2
8070,econometric,2
8071,enduring,3
8072,enj,2
8073,enjin,2
8074,exploding,2
8075,fellowship,2
8076,fluctuates,2
8077,gamified,3
8078,hill,2
8079,holographic,2
8080,indirect_effect,2
8081,japan,4
8082,kolmogorov,2
8083,morgan,2
8084,normality,2
8085,outlook,3
8086,resembling,2
8087,return_volume,2
8088,science_foundation,2
8089,shock,2
8090,smirnov,2
8091,spain,2
8092,spurring,2
8093,unrealistic,4
8094,vietnam,2
8095,asian,2
8096,breadth,2
8097,citation,2
8098,digital_payment,3
8099,empirically,2
8100,extant,2
8101,giovanni,2
8102,graduate,2
8103,indexed,2
8104,meaningfully,2
8105,quadrant,2
8106,scholarship,2
8107,slr,2
8108,terahertz,2
8109,text_mining,4
8110,yellow,3
8111,campbell,2
8112,commentary,2
8113,commu,2
8114,comprehensibility,2
8115,fac,2
8116,formance,2
8117,friendship,2
8118,gratitude,2
8119,htt,2
8120,iden,2
8121,lationships,2
8122,love,2
8123,mance,2
8124,mart,2
8125,michienzi,2
8126,nez,2
8127,nities,2
8128,nomic,2
8129,perfor,2
8130,plat,2
8131,prada,2
8132,recruited,2
8133,sectional,2
8134,shin,2
8135,srmr,2
8136,streamlining,2
8137,structural_equation,2
8138,stu,2
8139,ternal,2
8140,vation,2
8141,wei,2
8142,bnp,2
8143,father,2
8144,france,2
8145,goldman,2
8146,illusion,2
8147,paribas,2
8148,sachs,2
8149,thailand,2
8150,underdeveloped,2
8151,categorisation,2
8152,clearest,2
8153,damaged,2
8154,debt,2
8155,dialogue,2
8156,envisioning,2
8157,forgotten,2
8158,intermediation,2
8159,mood,2
8160,mozumder,2
8161,replaces,2
8162,shelf,2
8163,stratified,2
8164,surveyed_work,2
8165,undeniably,2
8166,financial_supervision,2
8167,g20,2
8168,summit,2
8169,disrupted,2
8170,ediz,2
8171,ego,2
8172,kaya,2
8173,mediating,2
8174,ict,2
8175,trustable,2
8176,workstation,2
8177,behavioural_pattern,2
8178,directional,2
8179,assured,2
8180,poison,2
8181,constructive,2
8182,ethnicity,2
8183,loneliness,2
8184,motive,2
8185,reader_referred,2
