source,target,relation,weight,evidence,count,provenance_category,provenance_note,submission_caution
T6,TH_SCAM,topic-identifies-emerging-threat,19.17,,,interpretive_mapping,interpretive topic-to-threat mapping for author review,"Requires author-team review/approval; describe as conceptual synthesis, not direct LDA output."
T6,TH_WALLET,topic-identifies-emerging-threat,19.17,,,interpretive_mapping,interpretive topic-to-threat mapping for author review,"Requires author-team review/approval; describe as conceptual synthesis, not direct LDA output."
T6,TH_DEFI,topic-identifies-emerging-threat,19.17,,,interpretive_mapping,interpretive topic-to-threat mapping for author review,"Requires author-team review/approval; describe as conceptual synthesis, not direct LDA output."
T2,TH_IDENTITY,topic-identifies-emerging-threat,18.53,,,interpretive_mapping,interpretive topic-to-threat mapping for author review,"Requires author-team review/approval; describe as conceptual synthesis, not direct LDA output."
T2,TH_CYBER,topic-identifies-emerging-threat,18.53,,,interpretive_mapping,interpretive topic-to-threat mapping for author review,"Requires author-team review/approval; describe as conceptual synthesis, not direct LDA output."
T2,TH_PRIVACY,topic-identifies-emerging-threat,18.53,,,interpretive_mapping,interpretive topic-to-threat mapping for author review,"Requires author-team review/approval; describe as conceptual synthesis, not direct LDA output."
T1,TH_GOVERNANCE,topic-identifies-emerging-threat,16.3,,,interpretive_mapping,interpretive topic-to-threat mapping for author review,"Requires author-team review/approval; describe as conceptual synthesis, not direct LDA output."
T1,TH_DEFI,topic-identifies-emerging-threat,16.3,,,interpretive_mapping,interpretive topic-to-threat mapping for author review,"Requires author-team review/approval; describe as conceptual synthesis, not direct LDA output."
T1,TH_NFT,topic-identifies-emerging-threat,16.3,,,interpretive_mapping,interpretive topic-to-threat mapping for author review,"Requires author-team review/approval; describe as conceptual synthesis, not direct LDA output."
T7,TH_IDENTITY,topic-identifies-emerging-threat,13.64,,,interpretive_mapping,interpretive topic-to-threat mapping for author review,"Requires author-team review/approval; describe as conceptual synthesis, not direct LDA output."
T7,TH_PRIVACY,topic-identifies-emerging-threat,13.64,,,interpretive_mapping,interpretive topic-to-threat mapping for author review,"Requires author-team review/approval; describe as conceptual synthesis, not direct LDA output."
T7,TH_CYBER,topic-identifies-emerging-threat,13.64,,,interpretive_mapping,interpretive topic-to-threat mapping for author review,"Requires author-team review/approval; describe as conceptual synthesis, not direct LDA output."
T5,TH_NFT,topic-identifies-emerging-threat,13.37,,,interpretive_mapping,interpretive topic-to-threat mapping for author review,"Requires author-team review/approval; describe as conceptual synthesis, not direct LDA output."
T5,TH_SCAM,topic-identifies-emerging-threat,13.37,,,interpretive_mapping,interpretive topic-to-threat mapping for author review,"Requires author-team review/approval; describe as conceptual synthesis, not direct LDA output."
T5,TH_GOVERNANCE,topic-identifies-emerging-threat,13.37,,,interpretive_mapping,interpretive topic-to-threat mapping for author review,"Requires author-team review/approval; describe as conceptual synthesis, not direct LDA output."
T3,TH_WALLET,topic-identifies-emerging-threat,9.65,,,interpretive_mapping,interpretive topic-to-threat mapping for author review,"Requires author-team review/approval; describe as conceptual synthesis, not direct LDA output."
T3,TH_DEFI,topic-identifies-emerging-threat,9.65,,,interpretive_mapping,interpretive topic-to-threat mapping for author review,"Requires author-team review/approval; describe as conceptual synthesis, not direct LDA output."
T3,TH_PAYMENT,topic-identifies-emerging-threat,9.65,,,interpretive_mapping,interpretive topic-to-threat mapping for author review,"Requires author-team review/approval; describe as conceptual synthesis, not direct LDA output."
T4,TH_PAYMENT,topic-identifies-emerging-threat,9.34,,,interpretive_mapping,interpretive topic-to-threat mapping for author review,"Requires author-team review/approval; describe as conceptual synthesis, not direct LDA output."
T4,TH_PRIVACY,topic-identifies-emerging-threat,9.34,,,interpretive_mapping,interpretive topic-to-threat mapping for author review,"Requires author-team review/approval; describe as conceptual synthesis, not direct LDA output."
T4,TH_SCAM,topic-identifies-emerging-threat,9.34,,,interpretive_mapping,interpretive topic-to-threat mapping for author review,"Requires author-team review/approval; describe as conceptual synthesis, not direct LDA output."
TH_SCAM,LY_OPPORTUNITY,threat-operates-through-layer,2.0,,,interpretive_mapping,interpretive conceptual mapping for author review,"Requires author-team review/approval; describe as conceptual synthesis, not direct LDA output."
TH_SCAM,SG_SCAM,modelled-by-signal,2.0,,,interpretive_mapping,interpretive threat-to-signal mapping for author review,"Requires author-team review/approval; describe as conceptual synthesis, not direct LDA output."
TH_SCAM,IN_SCAM_MONITOR,intervention-point,2.0,,,interpretive_mapping,interpretive threat-to-intervention mapping for author review,"Requires author-team review/approval; describe as conceptual synthesis, not direct LDA output."
TH_SCAM,IN_EVIDENCE,intervention-point,2.0,,,interpretive_mapping,interpretive threat-to-intervention mapping for author review,"Requires author-team review/approval; describe as conceptual synthesis, not direct LDA output."
TH_SCAM,IN_MARKETPLACE,intervention-point,2.0,,,interpretive_mapping,interpretive threat-to-intervention mapping for author review,"Requires author-team review/approval; describe as conceptual synthesis, not direct LDA output."
TH_IDENTITY,LY_IDENTITY,threat-operates-through-layer,2.0,,,interpretive_mapping,interpretive conceptual mapping for author review,"Requires author-team review/approval; describe as conceptual synthesis, not direct LDA output."
TH_IDENTITY,SG_AVATAR,modelled-by-signal,2.0,,,interpretive_mapping,interpretive threat-to-signal mapping for author review,"Requires author-team review/approval; describe as conceptual synthesis, not direct LDA output."
TH_IDENTITY,IN_ONBOARDING,intervention-point,2.0,,,interpretive_mapping,interpretive threat-to-intervention mapping for author review,"Requires author-team review/approval; describe as conceptual synthesis, not direct LDA output."
TH_IDENTITY,IN_ACCESS,intervention-point,2.0,,,interpretive_mapping,interpretive threat-to-intervention mapping for author review,"Requires author-team review/approval; describe as conceptual synthesis, not direct LDA output."
TH_IDENTITY,IN_EVIDENCE,intervention-point,2.0,,,interpretive_mapping,interpretive threat-to-intervention mapping for author review,"Requires author-team review/approval; describe as conceptual synthesis, not direct LDA output."
TH_NFT,LY_ASSET,threat-operates-through-layer,2.0,,,interpretive_mapping,interpretive conceptual mapping for author review,"Requires author-team review/approval; describe as conceptual synthesis, not direct LDA output."
TH_NFT,SG_NFT,modelled-by-signal,2.0,,,interpretive_mapping,interpretive threat-to-signal mapping for author review,"Requires author-team review/approval; describe as conceptual synthesis, not direct LDA output."
TH_NFT,IN_PROVENANCE,intervention-point,2.0,,,interpretive_mapping,interpretive threat-to-intervention mapping for author review,"Requires author-team review/approval; describe as conceptual synthesis, not direct LDA output."
TH_NFT,IN_MARKETPLACE,intervention-point,2.0,,,interpretive_mapping,interpretive threat-to-intervention mapping for author review,"Requires author-team review/approval; describe as conceptual synthesis, not direct LDA output."
TH_NFT,IN_VALUATION,intervention-point,2.0,,,interpretive_mapping,interpretive threat-to-intervention mapping for author review,"Requires author-team review/approval; describe as conceptual synthesis, not direct LDA output."
TH_WALLET,LY_TRANSACTION,threat-operates-through-layer,2.0,,,interpretive_mapping,interpretive conceptual mapping for author review,"Requires author-team review/approval; describe as conceptual synthesis, not direct LDA output."
TH_WALLET,SG_WALLET,modelled-by-signal,2.0,,,interpretive_mapping,interpretive threat-to-signal mapping for author review,"Requires author-team review/approval; describe as conceptual synthesis, not direct LDA output."
TH_WALLET,IN_CHAIN_ANALYTICS,intervention-point,2.0,,,interpretive_mapping,interpretive threat-to-intervention mapping for author review,"Requires author-team review/approval; describe as conceptual synthesis, not direct LDA output."
TH_WALLET,IN_OFFRAMP,intervention-point,2.0,,,interpretive_mapping,interpretive threat-to-intervention mapping for author review,"Requires author-team review/approval; describe as conceptual synthesis, not direct LDA output."
TH_WALLET,IN_EVIDENCE,intervention-point,2.0,,,interpretive_mapping,interpretive threat-to-intervention mapping for author review,"Requires author-team review/approval; describe as conceptual synthesis, not direct LDA output."
TH_DEFI,LY_GOVERNANCE,threat-operates-through-layer,2.0,,,interpretive_mapping,interpretive conceptual mapping for author review,"Requires author-team review/approval; describe as conceptual synthesis, not direct LDA output."
TH_DEFI,SG_CONTRACT,modelled-by-signal,2.0,,,interpretive_mapping,interpretive threat-to-signal mapping for author review,"Requires author-team review/approval; describe as conceptual synthesis, not direct LDA output."
TH_DEFI,IN_GOVERNANCE_AUDIT,intervention-point,2.0,,,interpretive_mapping,interpretive threat-to-intervention mapping for author review,"Requires author-team review/approval; describe as conceptual synthesis, not direct LDA output."
TH_DEFI,IN_CHAIN_ANALYTICS,intervention-point,2.0,,,interpretive_mapping,interpretive threat-to-intervention mapping for author review,"Requires author-team review/approval; describe as conceptual synthesis, not direct LDA output."
TH_DEFI,IN_PROVENANCE,intervention-point,2.0,,,interpretive_mapping,interpretive threat-to-intervention mapping for author review,"Requires author-team review/approval; describe as conceptual synthesis, not direct LDA output."
TH_PRIVACY,LY_IDENTITY,threat-operates-through-layer,2.0,,,interpretive_mapping,interpretive conceptual mapping for author review,"Requires author-team review/approval; describe as conceptual synthesis, not direct LDA output."
TH_PRIVACY,SG_PRIVACY,modelled-by-signal,2.0,,,interpretive_mapping,interpretive threat-to-signal mapping for author review,"Requires author-team review/approval; describe as conceptual synthesis, not direct LDA output."
TH_PRIVACY,IN_ACCESS,intervention-point,2.0,,,interpretive_mapping,interpretive threat-to-intervention mapping for author review,"Requires author-team review/approval; describe as conceptual synthesis, not direct LDA output."
TH_PRIVACY,IN_PRIVACY_BY_DESIGN,intervention-point,2.0,,,interpretive_mapping,interpretive threat-to-intervention mapping for author review,"Requires author-team review/approval; describe as conceptual synthesis, not direct LDA output."
TH_PRIVACY,IN_EVIDENCE,intervention-point,2.0,,,interpretive_mapping,interpretive threat-to-intervention mapping for author review,"Requires author-team review/approval; describe as conceptual synthesis, not direct LDA output."
TH_PAYMENT,LY_TRANSACTION,threat-operates-through-layer,2.0,,,interpretive_mapping,interpretive conceptual mapping for author review,"Requires author-team review/approval; describe as conceptual synthesis, not direct LDA output."
TH_PAYMENT,SG_PAYMENT,modelled-by-signal,2.0,,,interpretive_mapping,interpretive threat-to-signal mapping for author review,"Requires author-team review/approval; describe as conceptual synthesis, not direct LDA output."
TH_PAYMENT,IN_PAYMENT_CONTROLS,intervention-point,2.0,,,interpretive_mapping,interpretive threat-to-intervention mapping for author review,"Requires author-team review/approval; describe as conceptual synthesis, not direct LDA output."
TH_PAYMENT,IN_CHAIN_ANALYTICS,intervention-point,2.0,,,interpretive_mapping,interpretive threat-to-intervention mapping for author review,"Requires author-team review/approval; describe as conceptual synthesis, not direct LDA output."
TH_PAYMENT,IN_OFFRAMP,intervention-point,2.0,,,interpretive_mapping,interpretive threat-to-intervention mapping for author review,"Requires author-team review/approval; describe as conceptual synthesis, not direct LDA output."
TH_CYBER,LY_PLATFORM,threat-operates-through-layer,2.0,,,interpretive_mapping,interpretive conceptual mapping for author review,"Requires author-team review/approval; describe as conceptual synthesis, not direct LDA output."
TH_CYBER,SG_CYBER,modelled-by-signal,2.0,,,interpretive_mapping,interpretive threat-to-signal mapping for author review,"Requires author-team review/approval; describe as conceptual synthesis, not direct LDA output."
TH_CYBER,IN_PLATFORM_SECURITY,intervention-point,2.0,,,interpretive_mapping,interpretive threat-to-intervention mapping for author review,"Requires author-team review/approval; describe as conceptual synthesis, not direct LDA output."
TH_CYBER,IN_ACCESS,intervention-point,2.0,,,interpretive_mapping,interpretive threat-to-intervention mapping for author review,"Requires author-team review/approval; describe as conceptual synthesis, not direct LDA output."
TH_CYBER,IN_EVIDENCE,intervention-point,2.0,,,interpretive_mapping,interpretive threat-to-intervention mapping for author review,"Requires author-team review/approval; describe as conceptual synthesis, not direct LDA output."
TH_GOVERNANCE,LY_GOVERNANCE,threat-operates-through-layer,2.0,,,interpretive_mapping,interpretive conceptual mapping for author review,"Requires author-team review/approval; describe as conceptual synthesis, not direct LDA output."
TH_GOVERNANCE,SG_GOVERNANCE,modelled-by-signal,2.0,,,interpretive_mapping,interpretive threat-to-signal mapping for author review,"Requires author-team review/approval; describe as conceptual synthesis, not direct LDA output."
TH_GOVERNANCE,IN_GOVERNANCE_AUDIT,intervention-point,2.0,,,interpretive_mapping,interpretive threat-to-intervention mapping for author review,"Requires author-team review/approval; describe as conceptual synthesis, not direct LDA output."
TH_GOVERNANCE,IN_OFFRAMP,intervention-point,2.0,,,interpretive_mapping,interpretive threat-to-intervention mapping for author review,"Requires author-team review/approval; describe as conceptual synthesis, not direct LDA output."
TH_GOVERNANCE,IN_EVIDENCE,intervention-point,2.0,,,interpretive_mapping,interpretive threat-to-intervention mapping for author review,"Requires author-team review/approval; describe as conceptual synthesis, not direct LDA output."
LY_PLATFORM,LY_DETECTION,feeds-detection-and-intervention,1.2,,,interpretive_mapping,interpretive framework mapping for author review,"Requires author-team review/approval; describe as conceptual synthesis, not direct LDA output."
LY_IDENTITY,LY_DETECTION,feeds-detection-and-intervention,1.2,,,interpretive_mapping,interpretive framework mapping for author review,"Requires author-team review/approval; describe as conceptual synthesis, not direct LDA output."
LY_ASSET,LY_DETECTION,feeds-detection-and-intervention,1.2,,,interpretive_mapping,interpretive framework mapping for author review,"Requires author-team review/approval; describe as conceptual synthesis, not direct LDA output."
LY_TRANSACTION,LY_DETECTION,feeds-detection-and-intervention,1.2,,,interpretive_mapping,interpretive framework mapping for author review,"Requires author-team review/approval; describe as conceptual synthesis, not direct LDA output."
LY_GOVERNANCE,LY_DETECTION,feeds-detection-and-intervention,1.2,,,interpretive_mapping,interpretive framework mapping for author review,"Requires author-team review/approval; describe as conceptual synthesis, not direct LDA output."
LY_OPPORTUNITY,LY_DETECTION,feeds-detection-and-intervention,1.2,,,interpretive_mapping,interpretive framework mapping for author review,"Requires author-team review/approval; describe as conceptual synthesis, not direct LDA output."
LY_DETECTION,LY_DETECTION,feeds-detection-and-intervention,1.2,,,interpretive_mapping,interpretive framework mapping for author review,"Requires author-team review/approval; describe as conceptual synthesis, not direct LDA output."
SG_SCAM,LY_DETECTION,analytical-signal,1.2,,,interpretive_mapping,interpretive signal-to-detection mapping for author review,"Requires author-team review/approval; describe as conceptual synthesis, not direct LDA output."
SG_AVATAR,LY_DETECTION,analytical-signal,1.2,,,interpretive_mapping,interpretive signal-to-detection mapping for author review,"Requires author-team review/approval; describe as conceptual synthesis, not direct LDA output."
SG_NFT,LY_DETECTION,analytical-signal,1.2,,,interpretive_mapping,interpretive signal-to-detection mapping for author review,"Requires author-team review/approval; describe as conceptual synthesis, not direct LDA output."
SG_WALLET,LY_DETECTION,analytical-signal,1.2,,,interpretive_mapping,interpretive signal-to-detection mapping for author review,"Requires author-team review/approval; describe as conceptual synthesis, not direct LDA output."
SG_CONTRACT,LY_DETECTION,analytical-signal,1.2,,,interpretive_mapping,interpretive signal-to-detection mapping for author review,"Requires author-team review/approval; describe as conceptual synthesis, not direct LDA output."
SG_PRIVACY,LY_DETECTION,analytical-signal,1.2,,,interpretive_mapping,interpretive signal-to-detection mapping for author review,"Requires author-team review/approval; describe as conceptual synthesis, not direct LDA output."
SG_PAYMENT,LY_DETECTION,analytical-signal,1.2,,,interpretive_mapping,interpretive signal-to-detection mapping for author review,"Requires author-team review/approval; describe as conceptual synthesis, not direct LDA output."
SG_CYBER,LY_DETECTION,analytical-signal,1.2,,,interpretive_mapping,interpretive signal-to-detection mapping for author review,"Requires author-team review/approval; describe as conceptual synthesis, not direct LDA output."
SG_GOVERNANCE,LY_DETECTION,analytical-signal,1.2,,,interpretive_mapping,interpretive signal-to-detection mapping for author review,"Requires author-team review/approval; describe as conceptual synthesis, not direct LDA output."
LY_DETECTION,IN_SCAM_MONITOR,converted-into-control,1.0,,,interpretive_mapping,interpretive control/intervention mapping for author review,"Requires author-team review/approval; describe as conceptual synthesis, not direct LDA output."
LY_DETECTION,IN_ONBOARDING,converted-into-control,1.0,,,interpretive_mapping,interpretive control/intervention mapping for author review,"Requires author-team review/approval; describe as conceptual synthesis, not direct LDA output."
LY_DETECTION,IN_ACCESS,converted-into-control,1.0,,,interpretive_mapping,interpretive control/intervention mapping for author review,"Requires author-team review/approval; describe as conceptual synthesis, not direct LDA output."
LY_DETECTION,IN_PLATFORM_SECURITY,converted-into-control,1.0,,,interpretive_mapping,interpretive control/intervention mapping for author review,"Requires author-team review/approval; describe as conceptual synthesis, not direct LDA output."
LY_DETECTION,IN_PROVENANCE,converted-into-control,1.0,,,interpretive_mapping,interpretive control/intervention mapping for author review,"Requires author-team review/approval; describe as conceptual synthesis, not direct LDA output."
LY_DETECTION,IN_MARKETPLACE,converted-into-control,1.0,,,interpretive_mapping,interpretive control/intervention mapping for author review,"Requires author-team review/approval; describe as conceptual synthesis, not direct LDA output."
LY_DETECTION,IN_VALUATION,converted-into-control,1.0,,,interpretive_mapping,interpretive control/intervention mapping for author review,"Requires author-team review/approval; describe as conceptual synthesis, not direct LDA output."
LY_DETECTION,IN_CHAIN_ANALYTICS,converted-into-control,1.0,,,interpretive_mapping,interpretive control/intervention mapping for author review,"Requires author-team review/approval; describe as conceptual synthesis, not direct LDA output."
LY_DETECTION,IN_PAYMENT_CONTROLS,converted-into-control,1.0,,,interpretive_mapping,interpretive control/intervention mapping for author review,"Requires author-team review/approval; describe as conceptual synthesis, not direct LDA output."
LY_DETECTION,IN_GOVERNANCE_AUDIT,converted-into-control,1.0,,,interpretive_mapping,interpretive control/intervention mapping for author review,"Requires author-team review/approval; describe as conceptual synthesis, not direct LDA output."
LY_DETECTION,IN_OFFRAMP,converted-into-control,1.0,,,interpretive_mapping,interpretive control/intervention mapping for author review,"Requires author-team review/approval; describe as conceptual synthesis, not direct LDA output."
LY_DETECTION,IN_EVIDENCE,converted-into-control,1.0,,,interpretive_mapping,interpretive control/intervention mapping for author review,"Requires author-team review/approval; describe as conceptual synthesis, not direct LDA output."
LY_DETECTION,IN_PRIVACY_BY_DESIGN,converted-into-control,1.0,,,interpretive_mapping,interpretive control/intervention mapping for author review,"Requires author-team review/approval; describe as conceptual synthesis, not direct LDA output."
DOC_D001,DIM_metaverse_platform_features,document-supports-evidence-dimension,2.4148,243 keyword/evidence hits for Metaverse platform features,243,rule_generated,rule-generated document evidence edge,"Reproducible from keyword/evidence-count rules; use as supporting audit signal, not as a standalone literature claim."
DOC_D001,DIM_crypto_ecosystem_features,document-supports-evidence-dimension,1.2154,37 keyword/evidence hits for Cryptocurrency ecosystem features,37,rule_generated,rule-generated document evidence edge,"Reproducible from keyword/evidence-count rules; use as supporting audit signal, not as a standalone literature claim."
DOC_D001,DIM_financial_crime_opportunities,document-supports-evidence-dimension,1.2678,46 keyword/evidence hits for Financial crime opportunities,46,rule_generated,rule-generated document evidence edge,"Reproducible from keyword/evidence-count rules; use as supporting audit signal, not as a standalone literature claim."
DOC_D001,DIM_modelling_analysis_intervention,document-supports-evidence-dimension,1.2504,"43 keyword/evidence hits for Modelling, analysis, and intervention",43,rule_generated,rule-generated document evidence edge,"Reproducible from keyword/evidence-count rules; use as supporting audit signal, not as a standalone literature claim."
DOC_D001,TH_SCAM,document-indicates-threat,14.0,13 keyword matches in title/evidence excerpts,13,rule_generated,rule-generated document threat edge,"Reproducible from keyword/evidence-count rules; use as supporting audit signal, not as a standalone literature claim."
DOC_D001,TH_IDENTITY,document-indicates-threat,7.0,6 keyword matches in title/evidence excerpts,6,rule_generated,rule-generated document threat edge,"Reproducible from keyword/evidence-count rules; use as supporting audit signal, not as a standalone literature claim."
DOC_D001,TH_CYBER,document-indicates-threat,6.0,5 keyword matches in title/evidence excerpts,5,rule_generated,rule-generated document threat edge,"Reproducible from keyword/evidence-count rules; use as supporting audit signal, not as a standalone literature claim."
DOC_D002,DIM_metaverse_platform_features,document-supports-evidence-dimension,3.4571,422 keyword/evidence hits for Metaverse platform features,422,rule_generated,rule-generated document evidence edge,"Reproducible from keyword/evidence-count rules; use as supporting audit signal, not as a standalone literature claim."
DOC_D002,DIM_crypto_ecosystem_features,document-supports-evidence-dimension,1.2445,42 keyword/evidence hits for Cryptocurrency ecosystem features,42,rule_generated,rule-generated document evidence edge,"Reproducible from keyword/evidence-count rules; use as supporting audit signal, not as a standalone literature claim."
DOC_D002,DIM_financial_crime_opportunities,document-supports-evidence-dimension,1.524,90 keyword/evidence hits for Financial crime opportunities,90,rule_generated,rule-generated document evidence edge,"Reproducible from keyword/evidence-count rules; use as supporting audit signal, not as a standalone literature claim."
DOC_D002,DIM_modelling_analysis_intervention,document-supports-evidence-dimension,1.2096,"36 keyword/evidence hits for Modelling, analysis, and intervention",36,rule_generated,rule-generated document evidence edge,"Reproducible from keyword/evidence-count rules; use as supporting audit signal, not as a standalone literature claim."
DOC_D002,TH_CYBER,document-indicates-threat,5.0,4 keyword matches in title/evidence excerpts,4,rule_generated,rule-generated document threat edge,"Reproducible from keyword/evidence-count rules; use as supporting audit signal, not as a standalone literature claim."
DOC_D002,TH_NFT,document-indicates-threat,5.0,4 keyword matches in title/evidence excerpts,4,rule_generated,rule-generated document threat edge,"Reproducible from keyword/evidence-count rules; use as supporting audit signal, not as a standalone literature claim."
DOC_D002,TH_SCAM,document-indicates-threat,5.0,4 keyword matches in title/evidence excerpts,4,rule_generated,rule-generated document threat edge,"Reproducible from keyword/evidence-count rules; use as supporting audit signal, not as a standalone literature claim."
DOC_D003,DIM_metaverse_platform_features,document-supports-evidence-dimension,1.1106,19 keyword/evidence hits for Metaverse platform features,19,rule_generated,rule-generated document evidence edge,"Reproducible from keyword/evidence-count rules; use as supporting audit signal, not as a standalone literature claim."
DOC_D003,DIM_crypto_ecosystem_features,document-supports-evidence-dimension,1.4309,74 keyword/evidence hits for Cryptocurrency ecosystem features,74,rule_generated,rule-generated document evidence edge,"Reproducible from keyword/evidence-count rules; use as supporting audit signal, not as a standalone literature claim."
DOC_D003,DIM_modelling_analysis_intervention,document-supports-evidence-dimension,1.0408,"7 keyword/evidence hits for Modelling, analysis, and intervention",7,rule_generated,rule-generated document evidence edge,"Reproducible from keyword/evidence-count rules; use as supporting audit signal, not as a standalone literature claim."
DOC_D003,TH_WALLET,document-indicates-threat,7.0,6 keyword matches in title/evidence excerpts,6,rule_generated,rule-generated document threat edge,"Reproducible from keyword/evidence-count rules; use as supporting audit signal, not as a standalone literature claim."
DOC_D003,TH_DEFI,document-indicates-threat,5.0,4 keyword matches in title/evidence excerpts,4,rule_generated,rule-generated document threat edge,"Reproducible from keyword/evidence-count rules; use as supporting audit signal, not as a standalone literature claim."
DOC_D003,TH_PAYMENT,document-indicates-threat,3.0,2 keyword matches in title/evidence excerpts,2,rule_generated,rule-generated document threat edge,"Reproducible from keyword/evidence-count rules; use as supporting audit signal, not as a standalone literature claim."
DOC_D004,DIM_metaverse_platform_features,document-supports-evidence-dimension,1.3668,63 keyword/evidence hits for Metaverse platform features,63,rule_generated,rule-generated document evidence edge,"Reproducible from keyword/evidence-count rules; use as supporting audit signal, not as a standalone literature claim."
DOC_D004,DIM_crypto_ecosystem_features,document-supports-evidence-dimension,1.5007,86 keyword/evidence hits for Cryptocurrency ecosystem features,86,rule_generated,rule-generated document evidence edge,"Reproducible from keyword/evidence-count rules; use as supporting audit signal, not as a standalone literature claim."
DOC_D004,DIM_financial_crime_opportunities,document-supports-evidence-dimension,1.0349,6 keyword/evidence hits for Financial crime opportunities,6,rule_generated,rule-generated document evidence edge,"Reproducible from keyword/evidence-count rules; use as supporting audit signal, not as a standalone literature claim."
DOC_D004,DIM_modelling_analysis_intervention,document-supports-evidence-dimension,1.3843,"66 keyword/evidence hits for Modelling, analysis, and intervention",66,rule_generated,rule-generated document evidence edge,"Reproducible from keyword/evidence-count rules; use as supporting audit signal, not as a standalone literature claim."
DOC_D004,TH_WALLET,document-indicates-threat,10.0,9 keyword matches in title/evidence excerpts,9,rule_generated,rule-generated document threat edge,"Reproducible from keyword/evidence-count rules; use as supporting audit signal, not as a standalone literature claim."
DOC_D004,TH_SCAM,document-indicates-threat,4.0,3 keyword matches in title/evidence excerpts,3,rule_generated,rule-generated document threat edge,"Reproducible from keyword/evidence-count rules; use as supporting audit signal, not as a standalone literature claim."
DOC_D004,TH_CYBER,document-indicates-threat,3.0,2 keyword matches in title/evidence excerpts,2,rule_generated,rule-generated document threat edge,"Reproducible from keyword/evidence-count rules; use as supporting audit signal, not as a standalone literature claim."
DOC_D005,DIM_metaverse_platform_features,document-supports-evidence-dimension,2.1936,205 keyword/evidence hits for Metaverse platform features,205,rule_generated,rule-generated document evidence edge,"Reproducible from keyword/evidence-count rules; use as supporting audit signal, not as a standalone literature claim."
DOC_D005,DIM_crypto_ecosystem_features,document-supports-evidence-dimension,1.623,107 keyword/evidence hits for Cryptocurrency ecosystem features,107,rule_generated,rule-generated document evidence edge,"Reproducible from keyword/evidence-count rules; use as supporting audit signal, not as a standalone literature claim."
DOC_D005,DIM_financial_crime_opportunities,document-supports-evidence-dimension,1.0233,4 keyword/evidence hits for Financial crime opportunities,4,rule_generated,rule-generated document evidence edge,"Reproducible from keyword/evidence-count rules; use as supporting audit signal, not as a standalone literature claim."
DOC_D005,DIM_modelling_analysis_intervention,document-supports-evidence-dimension,1.1805,"31 keyword/evidence hits for Modelling, analysis, and intervention",31,rule_generated,rule-generated document evidence edge,"Reproducible from keyword/evidence-count rules; use as supporting audit signal, not as a standalone literature claim."
DOC_D005,TH_IDENTITY,document-indicates-threat,5.0,4 keyword matches in title/evidence excerpts,4,rule_generated,rule-generated document threat edge,"Reproducible from keyword/evidence-count rules; use as supporting audit signal, not as a standalone literature claim."
DOC_D005,TH_DEFI,document-indicates-threat,3.0,2 keyword matches in title/evidence excerpts,2,rule_generated,rule-generated document threat edge,"Reproducible from keyword/evidence-count rules; use as supporting audit signal, not as a standalone literature claim."
DOC_D005,TH_CYBER,document-indicates-threat,2.0,1 keyword matches in title/evidence excerpts,1,rule_generated,rule-generated document threat edge,"Reproducible from keyword/evidence-count rules; use as supporting audit signal, not as a standalone literature claim."
DOC_D006,DIM_metaverse_platform_features,document-supports-evidence-dimension,2.3683,235 keyword/evidence hits for Metaverse platform features,235,rule_generated,rule-generated document evidence edge,"Reproducible from keyword/evidence-count rules; use as supporting audit signal, not as a standalone literature claim."
DOC_D006,DIM_crypto_ecosystem_features,document-supports-evidence-dimension,1.0873,15 keyword/evidence hits for Cryptocurrency ecosystem features,15,rule_generated,rule-generated document evidence edge,"Reproducible from keyword/evidence-count rules; use as supporting audit signal, not as a standalone literature claim."
DOC_D006,DIM_modelling_analysis_intervention,document-supports-evidence-dimension,1.2504,"43 keyword/evidence hits for Modelling, analysis, and intervention",43,rule_generated,rule-generated document evidence edge,"Reproducible from keyword/evidence-count rules; use as supporting audit signal, not as a standalone literature claim."
DOC_D006,TH_IDENTITY,document-indicates-threat,5.0,4 keyword matches in title/evidence excerpts,4,rule_generated,rule-generated document threat edge,"Reproducible from keyword/evidence-count rules; use as supporting audit signal, not as a standalone literature claim."
DOC_D006,TH_NFT,document-indicates-threat,5.0,4 keyword matches in title/evidence excerpts,4,rule_generated,rule-generated document threat edge,"Reproducible from keyword/evidence-count rules; use as supporting audit signal, not as a standalone literature claim."
DOC_D006,TH_WALLET,document-indicates-threat,4.0,3 keyword matches in title/evidence excerpts,3,rule_generated,rule-generated document threat edge,"Reproducible from keyword/evidence-count rules; use as supporting audit signal, not as a standalone literature claim."
DOC_D007,DIM_metaverse_platform_features,document-supports-evidence-dimension,2.5255,262 keyword/evidence hits for Metaverse platform features,262,rule_generated,rule-generated document evidence edge,"Reproducible from keyword/evidence-count rules; use as supporting audit signal, not as a standalone literature claim."
DOC_D007,DIM_crypto_ecosystem_features,document-supports-evidence-dimension,1.262,45 keyword/evidence hits for Cryptocurrency ecosystem features,45,rule_generated,rule-generated document evidence edge,"Reproducible from keyword/evidence-count rules; use as supporting audit signal, not as a standalone literature claim."
DOC_D007,DIM_financial_crime_opportunities,document-supports-evidence-dimension,1.1572,27 keyword/evidence hits for Financial crime opportunities,27,rule_generated,rule-generated document evidence edge,"Reproducible from keyword/evidence-count rules; use as supporting audit signal, not as a standalone literature claim."
DOC_D007,DIM_modelling_analysis_intervention,document-supports-evidence-dimension,1.1863,"32 keyword/evidence hits for Modelling, analysis, and intervention",32,rule_generated,rule-generated document evidence edge,"Reproducible from keyword/evidence-count rules; use as supporting audit signal, not as a standalone literature claim."
DOC_D007,TH_NFT,document-indicates-threat,9.0,8 keyword matches in title/evidence excerpts,8,rule_generated,rule-generated document threat edge,"Reproducible from keyword/evidence-count rules; use as supporting audit signal, not as a standalone literature claim."
DOC_D007,TH_SCAM,document-indicates-threat,7.0,6 keyword matches in title/evidence excerpts,6,rule_generated,rule-generated document threat edge,"Reproducible from keyword/evidence-count rules; use as supporting audit signal, not as a standalone literature claim."
DOC_D007,TH_IDENTITY,document-indicates-threat,6.0,5 keyword matches in title/evidence excerpts,5,rule_generated,rule-generated document threat edge,"Reproducible from keyword/evidence-count rules; use as supporting audit signal, not as a standalone literature claim."
DOC_D008,DIM_metaverse_platform_features,document-supports-evidence-dimension,1.984,169 keyword/evidence hits for Metaverse platform features,169,rule_generated,rule-generated document evidence edge,"Reproducible from keyword/evidence-count rules; use as supporting audit signal, not as a standalone literature claim."
DOC_D008,DIM_crypto_ecosystem_features,document-supports-evidence-dimension,1.8501,146 keyword/evidence hits for Cryptocurrency ecosystem features,146,rule_generated,rule-generated document evidence edge,"Reproducible from keyword/evidence-count rules; use as supporting audit signal, not as a standalone literature claim."
DOC_D008,DIM_financial_crime_opportunities,document-supports-evidence-dimension,1.0524,9 keyword/evidence hits for Financial crime opportunities,9,rule_generated,rule-generated document evidence edge,"Reproducible from keyword/evidence-count rules; use as supporting audit signal, not as a standalone literature claim."
DOC_D008,DIM_modelling_analysis_intervention,document-supports-evidence-dimension,1.2911,"50 keyword/evidence hits for Modelling, analysis, and intervention",50,rule_generated,rule-generated document evidence edge,"Reproducible from keyword/evidence-count rules; use as supporting audit signal, not as a standalone literature claim."
DOC_D008,TH_NFT,document-indicates-threat,8.0,7 keyword matches in title/evidence excerpts,7,rule_generated,rule-generated document threat edge,"Reproducible from keyword/evidence-count rules; use as supporting audit signal, not as a standalone literature claim."
DOC_D008,TH_CYBER,document-indicates-threat,3.0,2 keyword matches in title/evidence excerpts,2,rule_generated,rule-generated document threat edge,"Reproducible from keyword/evidence-count rules; use as supporting audit signal, not as a standalone literature claim."
DOC_D008,TH_DEFI,document-indicates-threat,3.0,2 keyword matches in title/evidence excerpts,2,rule_generated,rule-generated document threat edge,"Reproducible from keyword/evidence-count rules; use as supporting audit signal, not as a standalone literature claim."
DOC_D009,DIM_metaverse_platform_features,document-supports-evidence-dimension,9.0,1374 keyword/evidence hits for Metaverse platform features,1374,rule_generated,rule-generated document evidence edge,"Reproducible from keyword/evidence-count rules; use as supporting audit signal, not as a standalone literature claim."
DOC_D009,DIM_crypto_ecosystem_features,document-supports-evidence-dimension,2.1994,206 keyword/evidence hits for Cryptocurrency ecosystem features,206,rule_generated,rule-generated document evidence edge,"Reproducible from keyword/evidence-count rules; use as supporting audit signal, not as a standalone literature claim."
DOC_D009,DIM_financial_crime_opportunities,document-supports-evidence-dimension,1.5298,91 keyword/evidence hits for Financial crime opportunities,91,rule_generated,rule-generated document evidence edge,"Reproducible from keyword/evidence-count rules; use as supporting audit signal, not as a standalone literature claim."
DOC_D009,DIM_modelling_analysis_intervention,document-supports-evidence-dimension,4.1849,"547 keyword/evidence hits for Modelling, analysis, and intervention",547,rule_generated,rule-generated document evidence edge,"Reproducible from keyword/evidence-count rules; use as supporting audit signal, not as a standalone literature claim."
DOC_D009,TH_CYBER,document-indicates-threat,9.0,8 keyword matches in title/evidence excerpts,8,rule_generated,rule-generated document threat edge,"Reproducible from keyword/evidence-count rules; use as supporting audit signal, not as a standalone literature claim."
DOC_D009,TH_NFT,document-indicates-threat,6.0,5 keyword matches in title/evidence excerpts,5,rule_generated,rule-generated document threat edge,"Reproducible from keyword/evidence-count rules; use as supporting audit signal, not as a standalone literature claim."
DOC_D009,TH_DEFI,document-indicates-threat,3.0,2 keyword matches in title/evidence excerpts,2,rule_generated,rule-generated document threat edge,"Reproducible from keyword/evidence-count rules; use as supporting audit signal, not as a standalone literature claim."
DOC_D009,TH_CYBER,high-evidence-anchor,4.0,High evidence score: 2218,,rule_generated,rule/scoring-generated high-evidence flag,"Reproducible from keyword/evidence-count rules; use as supporting audit signal, not as a standalone literature claim."
DOC_D010,DIM_metaverse_platform_features,document-supports-evidence-dimension,7.9811,1199 keyword/evidence hits for Metaverse platform features,1199,rule_generated,rule-generated document evidence edge,"Reproducible from keyword/evidence-count rules; use as supporting audit signal, not as a standalone literature claim."
DOC_D010,DIM_crypto_ecosystem_features,document-supports-evidence-dimension,6.5895,960 keyword/evidence hits for Cryptocurrency ecosystem features,960,rule_generated,rule-generated document evidence edge,"Reproducible from keyword/evidence-count rules; use as supporting audit signal, not as a standalone literature claim."
DOC_D010,DIM_financial_crime_opportunities,document-supports-evidence-dimension,1.2038,35 keyword/evidence hits for Financial crime opportunities,35,rule_generated,rule-generated document evidence edge,"Reproducible from keyword/evidence-count rules; use as supporting audit signal, not as a standalone literature claim."
DOC_D010,DIM_modelling_analysis_intervention,document-supports-evidence-dimension,2.7758,"305 keyword/evidence hits for Modelling, analysis, and intervention",305,rule_generated,rule-generated document evidence edge,"Reproducible from keyword/evidence-count rules; use as supporting audit signal, not as a standalone literature claim."
DOC_D010,TH_DEFI,document-indicates-threat,5.0,4 keyword matches in title/evidence excerpts,4,rule_generated,rule-generated document threat edge,"Reproducible from keyword/evidence-count rules; use as supporting audit signal, not as a standalone literature claim."
DOC_D010,TH_CYBER,document-indicates-threat,4.0,3 keyword matches in title/evidence excerpts,3,rule_generated,rule-generated document threat edge,"Reproducible from keyword/evidence-count rules; use as supporting audit signal, not as a standalone literature claim."
DOC_D010,TH_NFT,document-indicates-threat,4.0,3 keyword matches in title/evidence excerpts,3,rule_generated,rule-generated document threat edge,"Reproducible from keyword/evidence-count rules; use as supporting audit signal, not as a standalone literature claim."
DOC_D010,TH_DEFI,high-evidence-anchor,4.0,High evidence score: 2499,,rule_generated,rule/scoring-generated high-evidence flag,"Reproducible from keyword/evidence-count rules; use as supporting audit signal, not as a standalone literature claim."
DOC_D011,DIM_metaverse_platform_features,document-supports-evidence-dimension,1.6987,120 keyword/evidence hits for Metaverse platform features,120,rule_generated,rule-generated document evidence edge,"Reproducible from keyword/evidence-count rules; use as supporting audit signal, not as a standalone literature claim."
DOC_D011,DIM_crypto_ecosystem_features,document-supports-evidence-dimension,2.4381,247 keyword/evidence hits for Cryptocurrency ecosystem features,247,rule_generated,rule-generated document evidence edge,"Reproducible from keyword/evidence-count rules; use as supporting audit signal, not as a standalone literature claim."
DOC_D011,DIM_financial_crime_opportunities,document-supports-evidence-dimension,1.0058,1 keyword/evidence hits for Financial crime opportunities,1,rule_generated,rule-generated document evidence edge,"Reproducible from keyword/evidence-count rules; use as supporting audit signal, not as a standalone literature claim."
DOC_D011,DIM_modelling_analysis_intervention,document-supports-evidence-dimension,1.2329,"40 keyword/evidence hits for Modelling, analysis, and intervention",40,rule_generated,rule-generated document evidence edge,"Reproducible from keyword/evidence-count rules; use as supporting audit signal, not as a standalone literature claim."
DOC_D011,TH_DEFI,document-indicates-threat,7.0,6 keyword matches in title/evidence excerpts,6,rule_generated,rule-generated document threat edge,"Reproducible from keyword/evidence-count rules; use as supporting audit signal, not as a standalone literature claim."
DOC_D011,TH_IDENTITY,document-indicates-threat,4.0,3 keyword matches in title/evidence excerpts,3,rule_generated,rule-generated document threat edge,"Reproducible from keyword/evidence-count rules; use as supporting audit signal, not as a standalone literature claim."
DOC_D011,TH_PRIVACY,document-indicates-threat,4.0,3 keyword matches in title/evidence excerpts,3,rule_generated,rule-generated document threat edge,"Reproducible from keyword/evidence-count rules; use as supporting audit signal, not as a standalone literature claim."
DOC_D012,DIM_metaverse_platform_features,document-supports-evidence-dimension,2.1004,189 keyword/evidence hits for Metaverse platform features,189,rule_generated,rule-generated document evidence edge,"Reproducible from keyword/evidence-count rules; use as supporting audit signal, not as a standalone literature claim."
DOC_D012,DIM_crypto_ecosystem_features,document-supports-evidence-dimension,2.6303,280 keyword/evidence hits for Cryptocurrency ecosystem features,280,rule_generated,rule-generated document evidence edge,"Reproducible from keyword/evidence-count rules; use as supporting audit signal, not as a standalone literature claim."
DOC_D012,DIM_financial_crime_opportunities,document-supports-evidence-dimension,1.0116,2 keyword/evidence hits for Financial crime opportunities,2,rule_generated,rule-generated document evidence edge,"Reproducible from keyword/evidence-count rules; use as supporting audit signal, not as a standalone literature claim."
DOC_D012,DIM_modelling_analysis_intervention,document-supports-evidence-dimension,1.6812,"117 keyword/evidence hits for Modelling, analysis, and intervention",117,rule_generated,rule-generated document evidence edge,"Reproducible from keyword/evidence-count rules; use as supporting audit signal, not as a standalone literature claim."
DOC_D012,TH_PAYMENT,document-indicates-threat,12.0,11 keyword matches in title/evidence excerpts,11,rule_generated,rule-generated document threat edge,"Reproducible from keyword/evidence-count rules; use as supporting audit signal, not as a standalone literature claim."
DOC_D012,TH_IDENTITY,document-indicates-threat,6.0,5 keyword matches in title/evidence excerpts,5,rule_generated,rule-generated document threat edge,"Reproducible from keyword/evidence-count rules; use as supporting audit signal, not as a standalone literature claim."
DOC_D012,TH_DEFI,document-indicates-threat,3.0,2 keyword matches in title/evidence excerpts,2,rule_generated,rule-generated document threat edge,"Reproducible from keyword/evidence-count rules; use as supporting audit signal, not as a standalone literature claim."
DOC_D013,DIM_metaverse_platform_features,document-supports-evidence-dimension,1.7162,123 keyword/evidence hits for Metaverse platform features,123,rule_generated,rule-generated document evidence edge,"Reproducible from keyword/evidence-count rules; use as supporting audit signal, not as a standalone literature claim."
DOC_D013,DIM_crypto_ecosystem_features,document-supports-evidence-dimension,2.5197,261 keyword/evidence hits for Cryptocurrency ecosystem features,261,rule_generated,rule-generated document evidence edge,"Reproducible from keyword/evidence-count rules; use as supporting audit signal, not as a standalone literature claim."
DOC_D013,DIM_financial_crime_opportunities,document-supports-evidence-dimension,1.0116,2 keyword/evidence hits for Financial crime opportunities,2,rule_generated,rule-generated document evidence edge,"Reproducible from keyword/evidence-count rules; use as supporting audit signal, not as a standalone literature claim."
DOC_D013,DIM_modelling_analysis_intervention,document-supports-evidence-dimension,1.0524,"9 keyword/evidence hits for Modelling, analysis, and intervention",9,rule_generated,rule-generated document evidence edge,"Reproducible from keyword/evidence-count rules; use as supporting audit signal, not as a standalone literature claim."
DOC_D013,TH_PRIVACY,document-indicates-threat,4.0,3 keyword matches in title/evidence excerpts,3,rule_generated,rule-generated document threat edge,"Reproducible from keyword/evidence-count rules; use as supporting audit signal, not as a standalone literature claim."
DOC_D013,TH_WALLET,document-indicates-threat,4.0,3 keyword matches in title/evidence excerpts,3,rule_generated,rule-generated document threat edge,"Reproducible from keyword/evidence-count rules; use as supporting audit signal, not as a standalone literature claim."
DOC_D013,TH_DEFI,document-indicates-threat,3.0,2 keyword matches in title/evidence excerpts,2,rule_generated,rule-generated document threat edge,"Reproducible from keyword/evidence-count rules; use as supporting audit signal, not as a standalone literature claim."
DOC_D014,DIM_metaverse_platform_features,document-supports-evidence-dimension,1.3843,66 keyword/evidence hits for Metaverse platform features,66,rule_generated,rule-generated document evidence edge,"Reproducible from keyword/evidence-count rules; use as supporting audit signal, not as a standalone literature claim."
DOC_D014,DIM_crypto_ecosystem_features,document-supports-evidence-dimension,1.3959,68 keyword/evidence hits for Cryptocurrency ecosystem features,68,rule_generated,rule-generated document evidence edge,"Reproducible from keyword/evidence-count rules; use as supporting audit signal, not as a standalone literature claim."
DOC_D014,DIM_financial_crime_opportunities,document-supports-evidence-dimension,1.0058,1 keyword/evidence hits for Financial crime opportunities,1,rule_generated,rule-generated document evidence edge,"Reproducible from keyword/evidence-count rules; use as supporting audit signal, not as a standalone literature claim."
DOC_D014,DIM_modelling_analysis_intervention,document-supports-evidence-dimension,1.1514,"26 keyword/evidence hits for Modelling, analysis, and intervention",26,rule_generated,rule-generated document evidence edge,"Reproducible from keyword/evidence-count rules; use as supporting audit signal, not as a standalone literature claim."
DOC_D014,TH_CYBER,document-indicates-threat,4.0,3 keyword matches in title/evidence excerpts,3,rule_generated,rule-generated document threat edge,"Reproducible from keyword/evidence-count rules; use as supporting audit signal, not as a standalone literature claim."
DOC_D014,TH_WALLET,document-indicates-threat,3.0,2 keyword matches in title/evidence excerpts,2,rule_generated,rule-generated document threat edge,"Reproducible from keyword/evidence-count rules; use as supporting audit signal, not as a standalone literature claim."
DOC_D014,TH_PRIVACY,document-indicates-threat,2.0,1 keyword matches in title/evidence excerpts,1,rule_generated,rule-generated document threat edge,"Reproducible from keyword/evidence-count rules; use as supporting audit signal, not as a standalone literature claim."
DOC_D015,DIM_metaverse_platform_features,document-supports-evidence-dimension,2.0015,172 keyword/evidence hits for Metaverse platform features,172,rule_generated,rule-generated document evidence edge,"Reproducible from keyword/evidence-count rules; use as supporting audit signal, not as a standalone literature claim."
DOC_D015,DIM_crypto_ecosystem_features,document-supports-evidence-dimension,1.6929,119 keyword/evidence hits for Cryptocurrency ecosystem features,119,rule_generated,rule-generated document evidence edge,"Reproducible from keyword/evidence-count rules; use as supporting audit signal, not as a standalone literature claim."
DOC_D015,DIM_financial_crime_opportunities,document-supports-evidence-dimension,1.0582,10 keyword/evidence hits for Financial crime opportunities,10,rule_generated,rule-generated document evidence edge,"Reproducible from keyword/evidence-count rules; use as supporting audit signal, not as a standalone literature claim."
DOC_D015,DIM_modelling_analysis_intervention,document-supports-evidence-dimension,1.1164,"20 keyword/evidence hits for Modelling, analysis, and intervention",20,rule_generated,rule-generated document evidence edge,"Reproducible from keyword/evidence-count rules; use as supporting audit signal, not as a standalone literature claim."
DOC_D015,TH_CYBER,document-indicates-threat,4.0,3 keyword matches in title/evidence excerpts,3,rule_generated,rule-generated document threat edge,"Reproducible from keyword/evidence-count rules; use as supporting audit signal, not as a standalone literature claim."
DOC_D015,TH_DEFI,document-indicates-threat,3.0,2 keyword matches in title/evidence excerpts,2,rule_generated,rule-generated document threat edge,"Reproducible from keyword/evidence-count rules; use as supporting audit signal, not as a standalone literature claim."
DOC_D015,TH_WALLET,document-indicates-threat,3.0,2 keyword matches in title/evidence excerpts,2,rule_generated,rule-generated document threat edge,"Reproducible from keyword/evidence-count rules; use as supporting audit signal, not as a standalone literature claim."
DOC_D016,DIM_metaverse_platform_features,document-supports-evidence-dimension,1.9491,163 keyword/evidence hits for Metaverse platform features,163,rule_generated,rule-generated document evidence edge,"Reproducible from keyword/evidence-count rules; use as supporting audit signal, not as a standalone literature claim."
DOC_D016,DIM_crypto_ecosystem_features,document-supports-evidence-dimension,1.5531,95 keyword/evidence hits for Cryptocurrency ecosystem features,95,rule_generated,rule-generated document evidence edge,"Reproducible from keyword/evidence-count rules; use as supporting audit signal, not as a standalone literature claim."
DOC_D016,DIM_financial_crime_opportunities,document-supports-evidence-dimension,1.0349,6 keyword/evidence hits for Financial crime opportunities,6,rule_generated,rule-generated document evidence edge,"Reproducible from keyword/evidence-count rules; use as supporting audit signal, not as a standalone literature claim."
DOC_D016,DIM_modelling_analysis_intervention,document-supports-evidence-dimension,1.4949,"85 keyword/evidence hits for Modelling, analysis, and intervention",85,rule_generated,rule-generated document evidence edge,"Reproducible from keyword/evidence-count rules; use as supporting audit signal, not as a standalone literature claim."
DOC_D016,TH_DEFI,document-indicates-threat,6.0,5 keyword matches in title/evidence excerpts,5,rule_generated,rule-generated document threat edge,"Reproducible from keyword/evidence-count rules; use as supporting audit signal, not as a standalone literature claim."
DOC_D016,TH_CYBER,document-indicates-threat,4.0,3 keyword matches in title/evidence excerpts,3,rule_generated,rule-generated document threat edge,"Reproducible from keyword/evidence-count rules; use as supporting audit signal, not as a standalone literature claim."
DOC_D016,TH_GOVERNANCE,document-indicates-threat,4.0,3 keyword matches in title/evidence excerpts,3,rule_generated,rule-generated document threat edge,"Reproducible from keyword/evidence-count rules; use as supporting audit signal, not as a standalone literature claim."
DOC_D017,DIM_metaverse_platform_features,document-supports-evidence-dimension,3.2183,381 keyword/evidence hits for Metaverse platform features,381,rule_generated,rule-generated document evidence edge,"Reproducible from keyword/evidence-count rules; use as supporting audit signal, not as a standalone literature claim."
DOC_D017,DIM_crypto_ecosystem_features,document-supports-evidence-dimension,1.6346,109 keyword/evidence hits for Cryptocurrency ecosystem features,109,rule_generated,rule-generated document evidence edge,"Reproducible from keyword/evidence-count rules; use as supporting audit signal, not as a standalone literature claim."
DOC_D017,DIM_financial_crime_opportunities,document-supports-evidence-dimension,1.0466,8 keyword/evidence hits for Financial crime opportunities,8,rule_generated,rule-generated document evidence edge,"Reproducible from keyword/evidence-count rules; use as supporting audit signal, not as a standalone literature claim."
DOC_D017,DIM_modelling_analysis_intervention,document-supports-evidence-dimension,1.7103,"122 keyword/evidence hits for Modelling, analysis, and intervention",122,rule_generated,rule-generated document evidence edge,"Reproducible from keyword/evidence-count rules; use as supporting audit signal, not as a standalone literature claim."
DOC_D017,TH_DEFI,document-indicates-threat,8.0,7 keyword matches in title/evidence excerpts,7,rule_generated,rule-generated document threat edge,"Reproducible from keyword/evidence-count rules; use as supporting audit signal, not as a standalone literature claim."
DOC_D017,TH_NFT,document-indicates-threat,7.0,6 keyword matches in title/evidence excerpts,6,rule_generated,rule-generated document threat edge,"Reproducible from keyword/evidence-count rules; use as supporting audit signal, not as a standalone literature claim."
DOC_D017,TH_GOVERNANCE,document-indicates-threat,6.0,5 keyword matches in title/evidence excerpts,5,rule_generated,rule-generated document threat edge,"Reproducible from keyword/evidence-count rules; use as supporting audit signal, not as a standalone literature claim."
DOC_D018,DIM_metaverse_platform_features,document-supports-evidence-dimension,1.2678,46 keyword/evidence hits for Metaverse platform features,46,rule_generated,rule-generated document evidence edge,"Reproducible from keyword/evidence-count rules; use as supporting audit signal, not as a standalone literature claim."
DOC_D018,DIM_crypto_ecosystem_features,document-supports-evidence-dimension,2.0015,172 keyword/evidence hits for Cryptocurrency ecosystem features,172,rule_generated,rule-generated document evidence edge,"Reproducible from keyword/evidence-count rules; use as supporting audit signal, not as a standalone literature claim."
DOC_D018,DIM_financial_crime_opportunities,document-supports-evidence-dimension,2.1295,194 keyword/evidence hits for Financial crime opportunities,194,rule_generated,rule-generated document evidence edge,"Reproducible from keyword/evidence-count rules; use as supporting audit signal, not as a standalone literature claim."
DOC_D018,DIM_modelling_analysis_intervention,document-supports-evidence-dimension,1.1456,"25 keyword/evidence hits for Modelling, analysis, and intervention",25,rule_generated,rule-generated document evidence edge,"Reproducible from keyword/evidence-count rules; use as supporting audit signal, not as a standalone literature claim."
DOC_D018,TH_SCAM,document-indicates-threat,10.0,9 keyword matches in title/evidence excerpts,9,rule_generated,rule-generated document threat edge,"Reproducible from keyword/evidence-count rules; use as supporting audit signal, not as a standalone literature claim."
DOC_D018,TH_WALLET,document-indicates-threat,8.0,7 keyword matches in title/evidence excerpts,7,rule_generated,rule-generated document threat edge,"Reproducible from keyword/evidence-count rules; use as supporting audit signal, not as a standalone literature claim."
DOC_D019,DIM_metaverse_platform_features,document-supports-evidence-dimension,1.1747,30 keyword/evidence hits for Metaverse platform features,30,rule_generated,rule-generated document evidence edge,"Reproducible from keyword/evidence-count rules; use as supporting audit signal, not as a standalone literature claim."
DOC_D019,DIM_crypto_ecosystem_features,document-supports-evidence-dimension,1.9083,156 keyword/evidence hits for Cryptocurrency ecosystem features,156,rule_generated,rule-generated document evidence edge,"Reproducible from keyword/evidence-count rules; use as supporting audit signal, not as a standalone literature claim."
DOC_D019,DIM_modelling_analysis_intervention,document-supports-evidence-dimension,1.2387,"41 keyword/evidence hits for Modelling, analysis, and intervention",41,rule_generated,rule-generated document evidence edge,"Reproducible from keyword/evidence-count rules; use as supporting audit signal, not as a standalone literature claim."
DOC_D019,TH_DEFI,document-indicates-threat,10.0,9 keyword matches in title/evidence excerpts,9,rule_generated,rule-generated document threat edge,"Reproducible from keyword/evidence-count rules; use as supporting audit signal, not as a standalone literature claim."
DOC_D019,TH_GOVERNANCE,document-indicates-threat,5.0,4 keyword matches in title/evidence excerpts,4,rule_generated,rule-generated document threat edge,"Reproducible from keyword/evidence-count rules; use as supporting audit signal, not as a standalone literature claim."
DOC_D019,TH_CYBER,document-indicates-threat,2.0,1 keyword matches in title/evidence excerpts,1,rule_generated,rule-generated document threat edge,"Reproducible from keyword/evidence-count rules; use as supporting audit signal, not as a standalone literature claim."
DOC_D020,DIM_metaverse_platform_features,document-supports-evidence-dimension,2.1528,198 keyword/evidence hits for Metaverse platform features,198,rule_generated,rule-generated document evidence edge,"Reproducible from keyword/evidence-count rules; use as supporting audit signal, not as a standalone literature claim."
DOC_D020,DIM_crypto_ecosystem_features,document-supports-evidence-dimension,1.1164,20 keyword/evidence hits for Cryptocurrency ecosystem features,20,rule_generated,rule-generated document evidence edge,"Reproducible from keyword/evidence-count rules; use as supporting audit signal, not as a standalone literature claim."
DOC_D020,DIM_financial_crime_opportunities,document-supports-evidence-dimension,1.0116,2 keyword/evidence hits for Financial crime opportunities,2,rule_generated,rule-generated document evidence edge,"Reproducible from keyword/evidence-count rules; use as supporting audit signal, not as a standalone literature claim."
DOC_D020,DIM_modelling_analysis_intervention,document-supports-evidence-dimension,1.1805,"31 keyword/evidence hits for Modelling, analysis, and intervention",31,rule_generated,rule-generated document evidence edge,"Reproducible from keyword/evidence-count rules; use as supporting audit signal, not as a standalone literature claim."
DOC_D020,TH_NFT,document-indicates-threat,4.0,3 keyword matches in title/evidence excerpts,3,rule_generated,rule-generated document threat edge,"Reproducible from keyword/evidence-count rules; use as supporting audit signal, not as a standalone literature claim."
DOC_D020,TH_WALLET,document-indicates-threat,3.0,2 keyword matches in title/evidence excerpts,2,rule_generated,rule-generated document threat edge,"Reproducible from keyword/evidence-count rules; use as supporting audit signal, not as a standalone literature claim."
DOC_D020,TH_CYBER,document-indicates-threat,2.0,1 keyword matches in title/evidence excerpts,1,rule_generated,rule-generated document threat edge,"Reproducible from keyword/evidence-count rules; use as supporting audit signal, not as a standalone literature claim."
DOC_D021,DIM_metaverse_platform_features,document-supports-evidence-dimension,2.1761,202 keyword/evidence hits for Metaverse platform features,202,rule_generated,rule-generated document evidence edge,"Reproducible from keyword/evidence-count rules; use as supporting audit signal, not as a standalone literature claim."
DOC_D021,DIM_crypto_ecosystem_features,document-supports-evidence-dimension,1.3959,68 keyword/evidence hits for Cryptocurrency ecosystem features,68,rule_generated,rule-generated document evidence edge,"Reproducible from keyword/evidence-count rules; use as supporting audit signal, not as a standalone literature claim."
DOC_D021,DIM_financial_crime_opportunities,document-supports-evidence-dimension,1.0175,3 keyword/evidence hits for Financial crime opportunities,3,rule_generated,rule-generated document evidence edge,"Reproducible from keyword/evidence-count rules; use as supporting audit signal, not as a standalone literature claim."
DOC_D021,DIM_modelling_analysis_intervention,document-supports-evidence-dimension,1.0291,"5 keyword/evidence hits for Modelling, analysis, and intervention",5,rule_generated,rule-generated document evidence edge,"Reproducible from keyword/evidence-count rules; use as supporting audit signal, not as a standalone literature claim."
DOC_D021,TH_IDENTITY,document-indicates-threat,20.0,19 keyword matches in title/evidence excerpts,19,rule_generated,rule-generated document threat edge,"Reproducible from keyword/evidence-count rules; use as supporting audit signal, not as a standalone literature claim."
DOC_D021,TH_CYBER,document-indicates-threat,2.0,1 keyword matches in title/evidence excerpts,1,rule_generated,rule-generated document threat edge,"Reproducible from keyword/evidence-count rules; use as supporting audit signal, not as a standalone literature claim."
DOC_D022,DIM_metaverse_platform_features,document-supports-evidence-dimension,1.1689,29 keyword/evidence hits for Metaverse platform features,29,rule_generated,rule-generated document evidence edge,"Reproducible from keyword/evidence-count rules; use as supporting audit signal, not as a standalone literature claim."
DOC_D022,DIM_crypto_ecosystem_features,document-supports-evidence-dimension,2.5546,267 keyword/evidence hits for Cryptocurrency ecosystem features,267,rule_generated,rule-generated document evidence edge,"Reproducible from keyword/evidence-count rules; use as supporting audit signal, not as a standalone literature claim."
DOC_D022,DIM_financial_crime_opportunities,document-supports-evidence-dimension,1.0524,9 keyword/evidence hits for Financial crime opportunities,9,rule_generated,rule-generated document evidence edge,"Reproducible from keyword/evidence-count rules; use as supporting audit signal, not as a standalone literature claim."
DOC_D022,DIM_modelling_analysis_intervention,document-supports-evidence-dimension,1.6812,"117 keyword/evidence hits for Modelling, analysis, and intervention",117,rule_generated,rule-generated document evidence edge,"Reproducible from keyword/evidence-count rules; use as supporting audit signal, not as a standalone literature claim."
DOC_D022,TH_DEFI,document-indicates-threat,7.0,6 keyword matches in title/evidence excerpts,6,rule_generated,rule-generated document threat edge,"Reproducible from keyword/evidence-count rules; use as supporting audit signal, not as a standalone literature claim."
DOC_D022,TH_CYBER,document-indicates-threat,3.0,2 keyword matches in title/evidence excerpts,2,rule_generated,rule-generated document threat edge,"Reproducible from keyword/evidence-count rules; use as supporting audit signal, not as a standalone literature claim."
DOC_D022,TH_NFT,document-indicates-threat,2.0,1 keyword matches in title/evidence excerpts,1,rule_generated,rule-generated document threat edge,"Reproducible from keyword/evidence-count rules; use as supporting audit signal, not as a standalone literature claim."
DOC_D023,DIM_metaverse_platform_features,document-supports-evidence-dimension,1.7278,125 keyword/evidence hits for Metaverse platform features,125,rule_generated,rule-generated document evidence edge,"Reproducible from keyword/evidence-count rules; use as supporting audit signal, not as a standalone literature claim."
DOC_D023,DIM_crypto_ecosystem_features,document-supports-evidence-dimension,2.1121,191 keyword/evidence hits for Cryptocurrency ecosystem features,191,rule_generated,rule-generated document evidence edge,"Reproducible from keyword/evidence-count rules; use as supporting audit signal, not as a standalone literature claim."
DOC_D023,DIM_financial_crime_opportunities,document-supports-evidence-dimension,1.0291,5 keyword/evidence hits for Financial crime opportunities,5,rule_generated,rule-generated document evidence edge,"Reproducible from keyword/evidence-count rules; use as supporting audit signal, not as a standalone literature claim."
DOC_D023,DIM_modelling_analysis_intervention,document-supports-evidence-dimension,1.2445,"42 keyword/evidence hits for Modelling, analysis, and intervention",42,rule_generated,rule-generated document evidence edge,"Reproducible from keyword/evidence-count rules; use as supporting audit signal, not as a standalone literature claim."
DOC_D023,TH_DEFI,document-indicates-threat,9.0,8 keyword matches in title/evidence excerpts,8,rule_generated,rule-generated document threat edge,"Reproducible from keyword/evidence-count rules; use as supporting audit signal, not as a standalone literature claim."
DOC_D023,TH_NFT,document-indicates-threat,6.0,5 keyword matches in title/evidence excerpts,5,rule_generated,rule-generated document threat edge,"Reproducible from keyword/evidence-count rules; use as supporting audit signal, not as a standalone literature claim."
DOC_D023,TH_IDENTITY,document-indicates-threat,5.0,4 keyword matches in title/evidence excerpts,4,rule_generated,rule-generated document threat edge,"Reproducible from keyword/evidence-count rules; use as supporting audit signal, not as a standalone literature claim."
DOC_D024,DIM_metaverse_platform_features,document-supports-evidence-dimension,1.7103,122 keyword/evidence hits for Metaverse platform features,122,rule_generated,rule-generated document evidence edge,"Reproducible from keyword/evidence-count rules; use as supporting audit signal, not as a standalone literature claim."
DOC_D024,DIM_crypto_ecosystem_features,document-supports-evidence-dimension,1.3261,56 keyword/evidence hits for Cryptocurrency ecosystem features,56,rule_generated,rule-generated document evidence edge,"Reproducible from keyword/evidence-count rules; use as supporting audit signal, not as a standalone literature claim."
DOC_D024,DIM_modelling_analysis_intervention,document-supports-evidence-dimension,1.099,"17 keyword/evidence hits for Modelling, analysis, and intervention",17,rule_generated,rule-generated document evidence edge,"Reproducible from keyword/evidence-count rules; use as supporting audit signal, not as a standalone literature claim."
DOC_D024,TH_CYBER,document-indicates-threat,3.0,2 keyword matches in title/evidence excerpts,2,rule_generated,rule-generated document threat edge,"Reproducible from keyword/evidence-count rules; use as supporting audit signal, not as a standalone literature claim."
DOC_D024,TH_PRIVACY,document-indicates-threat,3.0,2 keyword matches in title/evidence excerpts,2,rule_generated,rule-generated document threat edge,"Reproducible from keyword/evidence-count rules; use as supporting audit signal, not as a standalone literature claim."
DOC_D024,TH_DEFI,document-indicates-threat,2.0,1 keyword matches in title/evidence excerpts,1,rule_generated,rule-generated document threat edge,"Reproducible from keyword/evidence-count rules; use as supporting audit signal, not as a standalone literature claim."
DOC_D025,DIM_metaverse_platform_features,document-supports-evidence-dimension,2.5138,260 keyword/evidence hits for Metaverse platform features,260,rule_generated,rule-generated document evidence edge,"Reproducible from keyword/evidence-count rules; use as supporting audit signal, not as a standalone literature claim."
DOC_D025,DIM_crypto_ecosystem_features,document-supports-evidence-dimension,1.559,96 keyword/evidence hits for Cryptocurrency ecosystem features,96,rule_generated,rule-generated document evidence edge,"Reproducible from keyword/evidence-count rules; use as supporting audit signal, not as a standalone literature claim."
DOC_D025,DIM_financial_crime_opportunities,document-supports-evidence-dimension,1.1223,21 keyword/evidence hits for Financial crime opportunities,21,rule_generated,rule-generated document evidence edge,"Reproducible from keyword/evidence-count rules; use as supporting audit signal, not as a standalone literature claim."
DOC_D025,DIM_modelling_analysis_intervention,document-supports-evidence-dimension,1.6463,"111 keyword/evidence hits for Modelling, analysis, and intervention",111,rule_generated,rule-generated document evidence edge,"Reproducible from keyword/evidence-count rules; use as supporting audit signal, not as a standalone literature claim."
DOC_D025,TH_NFT,document-indicates-threat,7.0,6 keyword matches in title/evidence excerpts,6,rule_generated,rule-generated document threat edge,"Reproducible from keyword/evidence-count rules; use as supporting audit signal, not as a standalone literature claim."
DOC_D025,TH_CYBER,document-indicates-threat,6.0,5 keyword matches in title/evidence excerpts,5,rule_generated,rule-generated document threat edge,"Reproducible from keyword/evidence-count rules; use as supporting audit signal, not as a standalone literature claim."
DOC_D025,TH_IDENTITY,document-indicates-threat,4.0,3 keyword matches in title/evidence excerpts,3,rule_generated,rule-generated document threat edge,"Reproducible from keyword/evidence-count rules; use as supporting audit signal, not as a standalone literature claim."
DOC_D026,DIM_metaverse_platform_features,document-supports-evidence-dimension,2.7001,292 keyword/evidence hits for Metaverse platform features,292,rule_generated,rule-generated document evidence edge,"Reproducible from keyword/evidence-count rules; use as supporting audit signal, not as a standalone literature claim."
DOC_D026,DIM_crypto_ecosystem_features,document-supports-evidence-dimension,1.4658,80 keyword/evidence hits for Cryptocurrency ecosystem features,80,rule_generated,rule-generated document evidence edge,"Reproducible from keyword/evidence-count rules; use as supporting audit signal, not as a standalone literature claim."
DOC_D026,DIM_financial_crime_opportunities,document-supports-evidence-dimension,1.0582,10 keyword/evidence hits for Financial crime opportunities,10,rule_generated,rule-generated document evidence edge,"Reproducible from keyword/evidence-count rules; use as supporting audit signal, not as a standalone literature claim."
DOC_D026,DIM_modelling_analysis_intervention,document-supports-evidence-dimension,1.1106,"19 keyword/evidence hits for Modelling, analysis, and intervention",19,rule_generated,rule-generated document evidence edge,"Reproducible from keyword/evidence-count rules; use as supporting audit signal, not as a standalone literature claim."
DOC_D026,TH_NFT,document-indicates-threat,21.0,20 keyword matches in title/evidence excerpts,20,rule_generated,rule-generated document threat edge,"Reproducible from keyword/evidence-count rules; use as supporting audit signal, not as a standalone literature claim."
DOC_D026,TH_GOVERNANCE,document-indicates-threat,5.0,4 keyword matches in title/evidence excerpts,4,rule_generated,rule-generated document threat edge,"Reproducible from keyword/evidence-count rules; use as supporting audit signal, not as a standalone literature claim."
DOC_D026,TH_DEFI,document-indicates-threat,3.0,2 keyword matches in title/evidence excerpts,2,rule_generated,rule-generated document threat edge,"Reproducible from keyword/evidence-count rules; use as supporting audit signal, not as a standalone literature claim."
DOC_D027,DIM_metaverse_platform_features,document-supports-evidence-dimension,3.0844,358 keyword/evidence hits for Metaverse platform features,358,rule_generated,rule-generated document evidence edge,"Reproducible from keyword/evidence-count rules; use as supporting audit signal, not as a standalone literature claim."
DOC_D027,DIM_crypto_ecosystem_features,document-supports-evidence-dimension,1.4658,80 keyword/evidence hits for Cryptocurrency ecosystem features,80,rule_generated,rule-generated document evidence edge,"Reproducible from keyword/evidence-count rules; use as supporting audit signal, not as a standalone literature claim."
DOC_D027,DIM_financial_crime_opportunities,document-supports-evidence-dimension,1.0699,12 keyword/evidence hits for Financial crime opportunities,12,rule_generated,rule-generated document evidence edge,"Reproducible from keyword/evidence-count rules; use as supporting audit signal, not as a standalone literature claim."
DOC_D027,DIM_modelling_analysis_intervention,document-supports-evidence-dimension,1.2504,"43 keyword/evidence hits for Modelling, analysis, and intervention",43,rule_generated,rule-generated document evidence edge,"Reproducible from keyword/evidence-count rules; use as supporting audit signal, not as a standalone literature claim."
DOC_D027,TH_NFT,document-indicates-threat,19.0,18 keyword matches in title/evidence excerpts,18,rule_generated,rule-generated document threat edge,"Reproducible from keyword/evidence-count rules; use as supporting audit signal, not as a standalone literature claim."
DOC_D027,TH_GOVERNANCE,document-indicates-threat,4.0,3 keyword matches in title/evidence excerpts,3,rule_generated,rule-generated document threat edge,"Reproducible from keyword/evidence-count rules; use as supporting audit signal, not as a standalone literature claim."
DOC_D027,TH_WALLET,document-indicates-threat,4.0,3 keyword matches in title/evidence excerpts,3,rule_generated,rule-generated document threat edge,"Reproducible from keyword/evidence-count rules; use as supporting audit signal, not as a standalone literature claim."
DOC_D028,DIM_metaverse_platform_features,document-supports-evidence-dimension,1.4833,83 keyword/evidence hits for Metaverse platform features,83,rule_generated,rule-generated document evidence edge,"Reproducible from keyword/evidence-count rules; use as supporting audit signal, not as a standalone literature claim."
DOC_D028,DIM_crypto_ecosystem_features,document-supports-evidence-dimension,1.4774,82 keyword/evidence hits for Cryptocurrency ecosystem features,82,rule_generated,rule-generated document evidence edge,"Reproducible from keyword/evidence-count rules; use as supporting audit signal, not as a standalone literature claim."
DOC_D028,DIM_financial_crime_opportunities,document-supports-evidence-dimension,1.559,96 keyword/evidence hits for Financial crime opportunities,96,rule_generated,rule-generated document evidence edge,"Reproducible from keyword/evidence-count rules; use as supporting audit signal, not as a standalone literature claim."
DOC_D028,DIM_modelling_analysis_intervention,document-supports-evidence-dimension,1.262,"45 keyword/evidence hits for Modelling, analysis, and intervention",45,rule_generated,rule-generated document evidence edge,"Reproducible from keyword/evidence-count rules; use as supporting audit signal, not as a standalone literature claim."
DOC_D028,TH_SCAM,document-indicates-threat,5.0,4 keyword matches in title/evidence excerpts,4,rule_generated,rule-generated document threat edge,"Reproducible from keyword/evidence-count rules; use as supporting audit signal, not as a standalone literature claim."
DOC_D028,TH_WALLET,document-indicates-threat,4.0,3 keyword matches in title/evidence excerpts,3,rule_generated,rule-generated document threat edge,"Reproducible from keyword/evidence-count rules; use as supporting audit signal, not as a standalone literature claim."
DOC_D028,TH_IDENTITY,document-indicates-threat,2.0,1 keyword matches in title/evidence excerpts,1,rule_generated,rule-generated document threat edge,"Reproducible from keyword/evidence-count rules; use as supporting audit signal, not as a standalone literature claim."
DOC_D029,DIM_metaverse_platform_features,document-supports-evidence-dimension,1.2329,40 keyword/evidence hits for Metaverse platform features,40,rule_generated,rule-generated document evidence edge,"Reproducible from keyword/evidence-count rules; use as supporting audit signal, not as a standalone literature claim."
DOC_D029,DIM_crypto_ecosystem_features,document-supports-evidence-dimension,1.4716,81 keyword/evidence hits for Cryptocurrency ecosystem features,81,rule_generated,rule-generated document evidence edge,"Reproducible from keyword/evidence-count rules; use as supporting audit signal, not as a standalone literature claim."
DOC_D029,DIM_financial_crime_opportunities,document-supports-evidence-dimension,1.0058,1 keyword/evidence hits for Financial crime opportunities,1,rule_generated,rule-generated document evidence edge,"Reproducible from keyword/evidence-count rules; use as supporting audit signal, not as a standalone literature claim."
DOC_D029,DIM_modelling_analysis_intervention,document-supports-evidence-dimension,1.0291,"5 keyword/evidence hits for Modelling, analysis, and intervention",5,rule_generated,rule-generated document evidence edge,"Reproducible from keyword/evidence-count rules; use as supporting audit signal, not as a standalone literature claim."
DOC_D029,TH_NFT,document-indicates-threat,13.0,12 keyword matches in title/evidence excerpts,12,rule_generated,rule-generated document threat edge,"Reproducible from keyword/evidence-count rules; use as supporting audit signal, not as a standalone literature claim."
DOC_D029,TH_WALLET,document-indicates-threat,3.0,2 keyword matches in title/evidence excerpts,2,rule_generated,rule-generated document threat edge,"Reproducible from keyword/evidence-count rules; use as supporting audit signal, not as a standalone literature claim."
DOC_D029,TH_CYBER,document-indicates-threat,2.0,1 keyword matches in title/evidence excerpts,1,rule_generated,rule-generated document threat edge,"Reproducible from keyword/evidence-count rules; use as supporting audit signal, not as a standalone literature claim."
DOC_D030,DIM_metaverse_platform_features,document-supports-evidence-dimension,3.5095,431 keyword/evidence hits for Metaverse platform features,431,rule_generated,rule-generated document evidence edge,"Reproducible from keyword/evidence-count rules; use as supporting audit signal, not as a standalone literature claim."
DOC_D030,DIM_crypto_ecosystem_features,document-supports-evidence-dimension,2.4905,256 keyword/evidence hits for Cryptocurrency ecosystem features,256,rule_generated,rule-generated document evidence edge,"Reproducible from keyword/evidence-count rules; use as supporting audit signal, not as a standalone literature claim."
DOC_D030,DIM_financial_crime_opportunities,document-supports-evidence-dimension,1.0349,6 keyword/evidence hits for Financial crime opportunities,6,rule_generated,rule-generated document evidence edge,"Reproducible from keyword/evidence-count rules; use as supporting audit signal, not as a standalone literature claim."
DOC_D030,DIM_modelling_analysis_intervention,document-supports-evidence-dimension,1.6754,"116 keyword/evidence hits for Modelling, analysis, and intervention",116,rule_generated,rule-generated document evidence edge,"Reproducible from keyword/evidence-count rules; use as supporting audit signal, not as a standalone literature claim."
DOC_D030,TH_CYBER,document-indicates-threat,4.0,3 keyword matches in title/evidence excerpts,3,rule_generated,rule-generated document threat edge,"Reproducible from keyword/evidence-count rules; use as supporting audit signal, not as a standalone literature claim."
DOC_D030,TH_PRIVACY,document-indicates-threat,4.0,3 keyword matches in title/evidence excerpts,3,rule_generated,rule-generated document threat edge,"Reproducible from keyword/evidence-count rules; use as supporting audit signal, not as a standalone literature claim."
DOC_D030,TH_IDENTITY,document-indicates-threat,2.0,1 keyword matches in title/evidence excerpts,1,rule_generated,rule-generated document threat edge,"Reproducible from keyword/evidence-count rules; use as supporting audit signal, not as a standalone literature claim."
DOC_D031,DIM_metaverse_platform_features,document-supports-evidence-dimension,1.6812,117 keyword/evidence hits for Metaverse platform features,117,rule_generated,rule-generated document evidence edge,"Reproducible from keyword/evidence-count rules; use as supporting audit signal, not as a standalone literature claim."
DOC_D031,DIM_crypto_ecosystem_features,document-supports-evidence-dimension,1.0291,5 keyword/evidence hits for Cryptocurrency ecosystem features,5,rule_generated,rule-generated document evidence edge,"Reproducible from keyword/evidence-count rules; use as supporting audit signal, not as a standalone literature claim."
DOC_D031,DIM_financial_crime_opportunities,document-supports-evidence-dimension,1.2038,35 keyword/evidence hits for Financial crime opportunities,35,rule_generated,rule-generated document evidence edge,"Reproducible from keyword/evidence-count rules; use as supporting audit signal, not as a standalone literature claim."
DOC_D031,DIM_modelling_analysis_intervention,document-supports-evidence-dimension,1.1223,"21 keyword/evidence hits for Modelling, analysis, and intervention",21,rule_generated,rule-generated document evidence edge,"Reproducible from keyword/evidence-count rules; use as supporting audit signal, not as a standalone literature claim."
DOC_D031,TH_IDENTITY,document-indicates-threat,6.0,5 keyword matches in title/evidence excerpts,5,rule_generated,rule-generated document threat edge,"Reproducible from keyword/evidence-count rules; use as supporting audit signal, not as a standalone literature claim."
DOC_D031,TH_SCAM,document-indicates-threat,5.0,4 keyword matches in title/evidence excerpts,4,rule_generated,rule-generated document threat edge,"Reproducible from keyword/evidence-count rules; use as supporting audit signal, not as a standalone literature claim."
DOC_D031,TH_GOVERNANCE,document-indicates-threat,4.0,3 keyword matches in title/evidence excerpts,3,rule_generated,rule-generated document threat edge,"Reproducible from keyword/evidence-count rules; use as supporting audit signal, not as a standalone literature claim."
DOC_D032,DIM_metaverse_platform_features,document-supports-evidence-dimension,1.9956,171 keyword/evidence hits for Metaverse platform features,171,rule_generated,rule-generated document evidence edge,"Reproducible from keyword/evidence-count rules; use as supporting audit signal, not as a standalone literature claim."
DOC_D032,DIM_crypto_ecosystem_features,document-supports-evidence-dimension,1.099,17 keyword/evidence hits for Cryptocurrency ecosystem features,17,rule_generated,rule-generated document evidence edge,"Reproducible from keyword/evidence-count rules; use as supporting audit signal, not as a standalone literature claim."
DOC_D032,DIM_financial_crime_opportunities,document-supports-evidence-dimension,1.0116,2 keyword/evidence hits for Financial crime opportunities,2,rule_generated,rule-generated document evidence edge,"Reproducible from keyword/evidence-count rules; use as supporting audit signal, not as a standalone literature claim."
DOC_D032,DIM_modelling_analysis_intervention,document-supports-evidence-dimension,1.0524,"9 keyword/evidence hits for Modelling, analysis, and intervention",9,rule_generated,rule-generated document evidence edge,"Reproducible from keyword/evidence-count rules; use as supporting audit signal, not as a standalone literature claim."
DOC_D032,TH_GOVERNANCE,document-indicates-threat,7.0,6 keyword matches in title/evidence excerpts,6,rule_generated,rule-generated document threat edge,"Reproducible from keyword/evidence-count rules; use as supporting audit signal, not as a standalone literature claim."
DOC_D032,TH_NFT,document-indicates-threat,7.0,6 keyword matches in title/evidence excerpts,6,rule_generated,rule-generated document threat edge,"Reproducible from keyword/evidence-count rules; use as supporting audit signal, not as a standalone literature claim."
DOC_D032,TH_DEFI,document-indicates-threat,4.0,3 keyword matches in title/evidence excerpts,3,rule_generated,rule-generated document threat edge,"Reproducible from keyword/evidence-count rules; use as supporting audit signal, not as a standalone literature claim."
DOC_D033,DIM_metaverse_platform_features,document-supports-evidence-dimension,1.4192,72 keyword/evidence hits for Metaverse platform features,72,rule_generated,rule-generated document evidence edge,"Reproducible from keyword/evidence-count rules; use as supporting audit signal, not as a standalone literature claim."
DOC_D033,DIM_crypto_ecosystem_features,document-supports-evidence-dimension,1.6346,109 keyword/evidence hits for Cryptocurrency ecosystem features,109,rule_generated,rule-generated document evidence edge,"Reproducible from keyword/evidence-count rules; use as supporting audit signal, not as a standalone literature claim."
DOC_D033,DIM_financial_crime_opportunities,document-supports-evidence-dimension,1.6055,104 keyword/evidence hits for Financial crime opportunities,104,rule_generated,rule-generated document evidence edge,"Reproducible from keyword/evidence-count rules; use as supporting audit signal, not as a standalone literature claim."
DOC_D033,DIM_modelling_analysis_intervention,document-supports-evidence-dimension,1.7918,"136 keyword/evidence hits for Modelling, analysis, and intervention",136,rule_generated,rule-generated document evidence edge,"Reproducible from keyword/evidence-count rules; use as supporting audit signal, not as a standalone literature claim."
DOC_D033,TH_SCAM,document-indicates-threat,7.0,6 keyword matches in title/evidence excerpts,6,rule_generated,rule-generated document threat edge,"Reproducible from keyword/evidence-count rules; use as supporting audit signal, not as a standalone literature claim."
DOC_D033,TH_WALLET,document-indicates-threat,6.0,5 keyword matches in title/evidence excerpts,5,rule_generated,rule-generated document threat edge,"Reproducible from keyword/evidence-count rules; use as supporting audit signal, not as a standalone literature claim."
DOC_D033,TH_GOVERNANCE,document-indicates-threat,5.0,4 keyword matches in title/evidence excerpts,4,rule_generated,rule-generated document threat edge,"Reproducible from keyword/evidence-count rules; use as supporting audit signal, not as a standalone literature claim."
DOC_D034,DIM_metaverse_platform_features,document-supports-evidence-dimension,3.556,439 keyword/evidence hits for Metaverse platform features,439,rule_generated,rule-generated document evidence edge,"Reproducible from keyword/evidence-count rules; use as supporting audit signal, not as a standalone literature claim."
DOC_D034,DIM_crypto_ecosystem_features,document-supports-evidence-dimension,1.8734,150 keyword/evidence hits for Cryptocurrency ecosystem features,150,rule_generated,rule-generated document evidence edge,"Reproducible from keyword/evidence-count rules; use as supporting audit signal, not as a standalone literature claim."
DOC_D034,DIM_financial_crime_opportunities,document-supports-evidence-dimension,1.0116,2 keyword/evidence hits for Financial crime opportunities,2,rule_generated,rule-generated document evidence edge,"Reproducible from keyword/evidence-count rules; use as supporting audit signal, not as a standalone literature claim."
DOC_D034,DIM_modelling_analysis_intervention,document-supports-evidence-dimension,1.4076,"70 keyword/evidence hits for Modelling, analysis, and intervention",70,rule_generated,rule-generated document evidence edge,"Reproducible from keyword/evidence-count rules; use as supporting audit signal, not as a standalone literature claim."
DOC_D034,TH_WALLET,document-indicates-threat,9.0,8 keyword matches in title/evidence excerpts,8,rule_generated,rule-generated document threat edge,"Reproducible from keyword/evidence-count rules; use as supporting audit signal, not as a standalone literature claim."
DOC_D034,TH_PRIVACY,document-indicates-threat,4.0,3 keyword matches in title/evidence excerpts,3,rule_generated,rule-generated document threat edge,"Reproducible from keyword/evidence-count rules; use as supporting audit signal, not as a standalone literature claim."
DOC_D034,TH_IDENTITY,document-indicates-threat,3.0,2 keyword matches in title/evidence excerpts,2,rule_generated,rule-generated document threat edge,"Reproducible from keyword/evidence-count rules; use as supporting audit signal, not as a standalone literature claim."
DOC_D035,DIM_metaverse_platform_features,document-supports-evidence-dimension,2.0247,176 keyword/evidence hits for Metaverse platform features,176,rule_generated,rule-generated document evidence edge,"Reproducible from keyword/evidence-count rules; use as supporting audit signal, not as a standalone literature claim."
DOC_D035,DIM_crypto_ecosystem_features,document-supports-evidence-dimension,1.8617,148 keyword/evidence hits for Cryptocurrency ecosystem features,148,rule_generated,rule-generated document evidence edge,"Reproducible from keyword/evidence-count rules; use as supporting audit signal, not as a standalone literature claim."
DOC_D035,DIM_financial_crime_opportunities,document-supports-evidence-dimension,1.0058,1 keyword/evidence hits for Financial crime opportunities,1,rule_generated,rule-generated document evidence edge,"Reproducible from keyword/evidence-count rules; use as supporting audit signal, not as a standalone literature claim."
DOC_D035,DIM_modelling_analysis_intervention,document-supports-evidence-dimension,2.1354,"195 keyword/evidence hits for Modelling, analysis, and intervention",195,rule_generated,rule-generated document evidence edge,"Reproducible from keyword/evidence-count rules; use as supporting audit signal, not as a standalone literature claim."
DOC_D035,TH_DEFI,document-indicates-threat,13.0,12 keyword matches in title/evidence excerpts,12,rule_generated,rule-generated document threat edge,"Reproducible from keyword/evidence-count rules; use as supporting audit signal, not as a standalone literature claim."
DOC_D035,TH_GOVERNANCE,document-indicates-threat,7.0,6 keyword matches in title/evidence excerpts,6,rule_generated,rule-generated document threat edge,"Reproducible from keyword/evidence-count rules; use as supporting audit signal, not as a standalone literature claim."
DOC_D035,TH_CYBER,document-indicates-threat,2.0,1 keyword matches in title/evidence excerpts,1,rule_generated,rule-generated document threat edge,"Reproducible from keyword/evidence-count rules; use as supporting audit signal, not as a standalone literature claim."
DOC_D036,DIM_metaverse_platform_features,document-supports-evidence-dimension,1.3377,58 keyword/evidence hits for Metaverse platform features,58,rule_generated,rule-generated document evidence edge,"Reproducible from keyword/evidence-count rules; use as supporting audit signal, not as a standalone literature claim."
DOC_D036,DIM_crypto_ecosystem_features,document-supports-evidence-dimension,1.4367,75 keyword/evidence hits for Cryptocurrency ecosystem features,75,rule_generated,rule-generated document evidence edge,"Reproducible from keyword/evidence-count rules; use as supporting audit signal, not as a standalone literature claim."
DOC_D036,DIM_modelling_analysis_intervention,document-supports-evidence-dimension,1.1223,"21 keyword/evidence hits for Modelling, analysis, and intervention",21,rule_generated,rule-generated document evidence edge,"Reproducible from keyword/evidence-count rules; use as supporting audit signal, not as a standalone literature claim."
DOC_D036,TH_DEFI,document-indicates-threat,5.0,4 keyword matches in title/evidence excerpts,4,rule_generated,rule-generated document threat edge,"Reproducible from keyword/evidence-count rules; use as supporting audit signal, not as a standalone literature claim."
DOC_D036,TH_CYBER,document-indicates-threat,4.0,3 keyword matches in title/evidence excerpts,3,rule_generated,rule-generated document threat edge,"Reproducible from keyword/evidence-count rules; use as supporting audit signal, not as a standalone literature claim."
DOC_D036,TH_PRIVACY,document-indicates-threat,2.0,1 keyword matches in title/evidence excerpts,1,rule_generated,rule-generated document threat edge,"Reproducible from keyword/evidence-count rules; use as supporting audit signal, not as a standalone literature claim."
DOC_D037,DIM_metaverse_platform_features,document-supports-evidence-dimension,1.6172,106 keyword/evidence hits for Metaverse platform features,106,rule_generated,rule-generated document evidence edge,"Reproducible from keyword/evidence-count rules; use as supporting audit signal, not as a standalone literature claim."
DOC_D037,DIM_crypto_ecosystem_features,document-supports-evidence-dimension,1.2213,38 keyword/evidence hits for Cryptocurrency ecosystem features,38,rule_generated,rule-generated document evidence edge,"Reproducible from keyword/evidence-count rules; use as supporting audit signal, not as a standalone literature claim."
DOC_D037,DIM_modelling_analysis_intervention,document-supports-evidence-dimension,1.0349,"6 keyword/evidence hits for Modelling, analysis, and intervention",6,rule_generated,rule-generated document evidence edge,"Reproducible from keyword/evidence-count rules; use as supporting audit signal, not as a standalone literature claim."
DOC_D037,TH_DEFI,document-indicates-threat,6.0,5 keyword matches in title/evidence excerpts,5,rule_generated,rule-generated document threat edge,"Reproducible from keyword/evidence-count rules; use as supporting audit signal, not as a standalone literature claim."
DOC_D037,TH_NFT,document-indicates-threat,5.0,4 keyword matches in title/evidence excerpts,4,rule_generated,rule-generated document threat edge,"Reproducible from keyword/evidence-count rules; use as supporting audit signal, not as a standalone literature claim."
DOC_D037,TH_CYBER,document-indicates-threat,2.0,1 keyword matches in title/evidence excerpts,1,rule_generated,rule-generated document threat edge,"Reproducible from keyword/evidence-count rules; use as supporting audit signal, not as a standalone literature claim."
DOC_D038,DIM_metaverse_platform_features,document-supports-evidence-dimension,1.8326,143 keyword/evidence hits for Metaverse platform features,143,rule_generated,rule-generated document evidence edge,"Reproducible from keyword/evidence-count rules; use as supporting audit signal, not as a standalone literature claim."
DOC_D038,DIM_crypto_ecosystem_features,document-supports-evidence-dimension,1.2213,38 keyword/evidence hits for Cryptocurrency ecosystem features,38,rule_generated,rule-generated document evidence edge,"Reproducible from keyword/evidence-count rules; use as supporting audit signal, not as a standalone literature claim."
DOC_D038,DIM_modelling_analysis_intervention,document-supports-evidence-dimension,1.0466,"8 keyword/evidence hits for Modelling, analysis, and intervention",8,rule_generated,rule-generated document evidence edge,"Reproducible from keyword/evidence-count rules; use as supporting audit signal, not as a standalone literature claim."
DOC_D038,TH_NFT,document-indicates-threat,5.0,4 keyword matches in title/evidence excerpts,4,rule_generated,rule-generated document threat edge,"Reproducible from keyword/evidence-count rules; use as supporting audit signal, not as a standalone literature claim."
DOC_D038,TH_CYBER,document-indicates-threat,4.0,3 keyword matches in title/evidence excerpts,3,rule_generated,rule-generated document threat edge,"Reproducible from keyword/evidence-count rules; use as supporting audit signal, not as a standalone literature claim."
DOC_D038,TH_DEFI,document-indicates-threat,4.0,3 keyword matches in title/evidence excerpts,3,rule_generated,rule-generated document threat edge,"Reproducible from keyword/evidence-count rules; use as supporting audit signal, not as a standalone literature claim."
DOC_D039,DIM_metaverse_platform_features,document-supports-evidence-dimension,2.0888,187 keyword/evidence hits for Metaverse platform features,187,rule_generated,rule-generated document evidence edge,"Reproducible from keyword/evidence-count rules; use as supporting audit signal, not as a standalone literature claim."
DOC_D039,DIM_crypto_ecosystem_features,document-supports-evidence-dimension,1.7977,137 keyword/evidence hits for Cryptocurrency ecosystem features,137,rule_generated,rule-generated document evidence edge,"Reproducible from keyword/evidence-count rules; use as supporting audit signal, not as a standalone literature claim."
DOC_D039,DIM_financial_crime_opportunities,document-supports-evidence-dimension,1.0582,10 keyword/evidence hits for Financial crime opportunities,10,rule_generated,rule-generated document evidence edge,"Reproducible from keyword/evidence-count rules; use as supporting audit signal, not as a standalone literature claim."
DOC_D039,DIM_modelling_analysis_intervention,document-supports-evidence-dimension,1.9432,"162 keyword/evidence hits for Modelling, analysis, and intervention",162,rule_generated,rule-generated document evidence edge,"Reproducible from keyword/evidence-count rules; use as supporting audit signal, not as a standalone literature claim."
DOC_D039,TH_WALLET,document-indicates-threat,5.0,4 keyword matches in title/evidence excerpts,4,rule_generated,rule-generated document threat edge,"Reproducible from keyword/evidence-count rules; use as supporting audit signal, not as a standalone literature claim."
DOC_D039,TH_CYBER,document-indicates-threat,2.0,1 keyword matches in title/evidence excerpts,1,rule_generated,rule-generated document threat edge,"Reproducible from keyword/evidence-count rules; use as supporting audit signal, not as a standalone literature claim."
DOC_D039,TH_IDENTITY,document-indicates-threat,2.0,1 keyword matches in title/evidence excerpts,1,rule_generated,rule-generated document threat edge,"Reproducible from keyword/evidence-count rules; use as supporting audit signal, not as a standalone literature claim."
DOC_D040,DIM_metaverse_platform_features,document-supports-evidence-dimension,2.6477,283 keyword/evidence hits for Metaverse platform features,283,rule_generated,rule-generated document evidence edge,"Reproducible from keyword/evidence-count rules; use as supporting audit signal, not as a standalone literature claim."
DOC_D040,DIM_crypto_ecosystem_features,document-supports-evidence-dimension,1.3785,65 keyword/evidence hits for Cryptocurrency ecosystem features,65,rule_generated,rule-generated document evidence edge,"Reproducible from keyword/evidence-count rules; use as supporting audit signal, not as a standalone literature claim."
DOC_D040,DIM_financial_crime_opportunities,document-supports-evidence-dimension,1.0757,13 keyword/evidence hits for Financial crime opportunities,13,rule_generated,rule-generated document evidence edge,"Reproducible from keyword/evidence-count rules; use as supporting audit signal, not as a standalone literature claim."
DOC_D040,DIM_modelling_analysis_intervention,document-supports-evidence-dimension,1.0058,"1 keyword/evidence hits for Modelling, analysis, and intervention",1,rule_generated,rule-generated document evidence edge,"Reproducible from keyword/evidence-count rules; use as supporting audit signal, not as a standalone literature claim."
DOC_D040,TH_NFT,document-indicates-threat,9.0,8 keyword matches in title/evidence excerpts,8,rule_generated,rule-generated document threat edge,"Reproducible from keyword/evidence-count rules; use as supporting audit signal, not as a standalone literature claim."
DOC_D040,TH_WALLET,document-indicates-threat,6.0,5 keyword matches in title/evidence excerpts,5,rule_generated,rule-generated document threat edge,"Reproducible from keyword/evidence-count rules; use as supporting audit signal, not as a standalone literature claim."
DOC_D040,TH_CYBER,document-indicates-threat,2.0,1 keyword matches in title/evidence excerpts,1,rule_generated,rule-generated document threat edge,"Reproducible from keyword/evidence-count rules; use as supporting audit signal, not as a standalone literature claim."
DOC_D041,DIM_metaverse_platform_features,document-supports-evidence-dimension,2.4265,245 keyword/evidence hits for Metaverse platform features,245,rule_generated,rule-generated document evidence edge,"Reproducible from keyword/evidence-count rules; use as supporting audit signal, not as a standalone literature claim."
DOC_D041,DIM_crypto_ecosystem_features,document-supports-evidence-dimension,1.3028,52 keyword/evidence hits for Cryptocurrency ecosystem features,52,rule_generated,rule-generated document evidence edge,"Reproducible from keyword/evidence-count rules; use as supporting audit signal, not as a standalone literature claim."
DOC_D041,DIM_financial_crime_opportunities,document-supports-evidence-dimension,1.0349,6 keyword/evidence hits for Financial crime opportunities,6,rule_generated,rule-generated document evidence edge,"Reproducible from keyword/evidence-count rules; use as supporting audit signal, not as a standalone literature claim."
DOC_D041,DIM_modelling_analysis_intervention,document-supports-evidence-dimension,1.099,"17 keyword/evidence hits for Modelling, analysis, and intervention",17,rule_generated,rule-generated document evidence edge,"Reproducible from keyword/evidence-count rules; use as supporting audit signal, not as a standalone literature claim."
DOC_D041,TH_IDENTITY,document-indicates-threat,8.0,7 keyword matches in title/evidence excerpts,7,rule_generated,rule-generated document threat edge,"Reproducible from keyword/evidence-count rules; use as supporting audit signal, not as a standalone literature claim."
DOC_D041,TH_CYBER,document-indicates-threat,5.0,4 keyword matches in title/evidence excerpts,4,rule_generated,rule-generated document threat edge,"Reproducible from keyword/evidence-count rules; use as supporting audit signal, not as a standalone literature claim."
DOC_D041,TH_NFT,document-indicates-threat,4.0,3 keyword matches in title/evidence excerpts,3,rule_generated,rule-generated document threat edge,"Reproducible from keyword/evidence-count rules; use as supporting audit signal, not as a standalone literature claim."
DOC_D042,DIM_metaverse_platform_features,document-supports-evidence-dimension,3.6667,458 keyword/evidence hits for Metaverse platform features,458,rule_generated,rule-generated document evidence edge,"Reproducible from keyword/evidence-count rules; use as supporting audit signal, not as a standalone literature claim."
DOC_D042,DIM_crypto_ecosystem_features,document-supports-evidence-dimension,3.0553,353 keyword/evidence hits for Cryptocurrency ecosystem features,353,rule_generated,rule-generated document evidence edge,"Reproducible from keyword/evidence-count rules; use as supporting audit signal, not as a standalone literature claim."
DOC_D042,DIM_modelling_analysis_intervention,document-supports-evidence-dimension,1.4425,"76 keyword/evidence hits for Modelling, analysis, and intervention",76,rule_generated,rule-generated document evidence edge,"Reproducible from keyword/evidence-count rules; use as supporting audit signal, not as a standalone literature claim."
DOC_D042,TH_NFT,document-indicates-threat,13.0,12 keyword matches in title/evidence excerpts,12,rule_generated,rule-generated document threat edge,"Reproducible from keyword/evidence-count rules; use as supporting audit signal, not as a standalone literature claim."
DOC_D042,TH_WALLET,document-indicates-threat,9.0,8 keyword matches in title/evidence excerpts,8,rule_generated,rule-generated document threat edge,"Reproducible from keyword/evidence-count rules; use as supporting audit signal, not as a standalone literature claim."
DOC_D042,TH_DEFI,document-indicates-threat,7.0,6 keyword matches in title/evidence excerpts,6,rule_generated,rule-generated document threat edge,"Reproducible from keyword/evidence-count rules; use as supporting audit signal, not as a standalone literature claim."
DOC_D043,DIM_metaverse_platform_features,document-supports-evidence-dimension,2.6419,282 keyword/evidence hits for Metaverse platform features,282,rule_generated,rule-generated document evidence edge,"Reproducible from keyword/evidence-count rules; use as supporting audit signal, not as a standalone literature claim."
DOC_D043,DIM_crypto_ecosystem_features,document-supports-evidence-dimension,2.3159,226 keyword/evidence hits for Cryptocurrency ecosystem features,226,rule_generated,rule-generated document evidence edge,"Reproducible from keyword/evidence-count rules; use as supporting audit signal, not as a standalone literature claim."
DOC_D043,DIM_financial_crime_opportunities,document-supports-evidence-dimension,1.0466,8 keyword/evidence hits for Financial crime opportunities,8,rule_generated,rule-generated document evidence edge,"Reproducible from keyword/evidence-count rules; use as supporting audit signal, not as a standalone literature claim."
DOC_D043,DIM_modelling_analysis_intervention,document-supports-evidence-dimension,1.3959,"68 keyword/evidence hits for Modelling, analysis, and intervention",68,rule_generated,rule-generated document evidence edge,"Reproducible from keyword/evidence-count rules; use as supporting audit signal, not as a standalone literature claim."
DOC_D043,TH_NFT,document-indicates-threat,15.0,14 keyword matches in title/evidence excerpts,14,rule_generated,rule-generated document threat edge,"Reproducible from keyword/evidence-count rules; use as supporting audit signal, not as a standalone literature claim."
DOC_D043,TH_IDENTITY,document-indicates-threat,3.0,2 keyword matches in title/evidence excerpts,2,rule_generated,rule-generated document threat edge,"Reproducible from keyword/evidence-count rules; use as supporting audit signal, not as a standalone literature claim."
DOC_D043,TH_PRIVACY,document-indicates-threat,3.0,2 keyword matches in title/evidence excerpts,2,rule_generated,rule-generated document threat edge,"Reproducible from keyword/evidence-count rules; use as supporting audit signal, not as a standalone literature claim."
DOC_D044,DIM_metaverse_platform_features,document-supports-evidence-dimension,1.4017,69 keyword/evidence hits for Metaverse platform features,69,rule_generated,rule-generated document evidence edge,"Reproducible from keyword/evidence-count rules; use as supporting audit signal, not as a standalone literature claim."
DOC_D044,DIM_crypto_ecosystem_features,document-supports-evidence-dimension,1.4483,77 keyword/evidence hits for Cryptocurrency ecosystem features,77,rule_generated,rule-generated document evidence edge,"Reproducible from keyword/evidence-count rules; use as supporting audit signal, not as a standalone literature claim."
DOC_D044,DIM_financial_crime_opportunities,document-supports-evidence-dimension,1.0349,6 keyword/evidence hits for Financial crime opportunities,6,rule_generated,rule-generated document evidence edge,"Reproducible from keyword/evidence-count rules; use as supporting audit signal, not as a standalone literature claim."
DOC_D044,DIM_modelling_analysis_intervention,document-supports-evidence-dimension,1.0757,"13 keyword/evidence hits for Modelling, analysis, and intervention",13,rule_generated,rule-generated document evidence edge,"Reproducible from keyword/evidence-count rules; use as supporting audit signal, not as a standalone literature claim."
DOC_D044,TH_WALLET,document-indicates-threat,9.0,8 keyword matches in title/evidence excerpts,8,rule_generated,rule-generated document threat edge,"Reproducible from keyword/evidence-count rules; use as supporting audit signal, not as a standalone literature claim."
DOC_D044,TH_CYBER,document-indicates-threat,3.0,2 keyword matches in title/evidence excerpts,2,rule_generated,rule-generated document threat edge,"Reproducible from keyword/evidence-count rules; use as supporting audit signal, not as a standalone literature claim."
DOC_D044,TH_GOVERNANCE,document-indicates-threat,3.0,2 keyword matches in title/evidence excerpts,2,rule_generated,rule-generated document threat edge,"Reproducible from keyword/evidence-count rules; use as supporting audit signal, not as a standalone literature claim."
DOC_D045,DIM_metaverse_platform_features,document-supports-evidence-dimension,2.0364,178 keyword/evidence hits for Metaverse platform features,178,rule_generated,rule-generated document evidence edge,"Reproducible from keyword/evidence-count rules; use as supporting audit signal, not as a standalone literature claim."
DOC_D045,DIM_crypto_ecosystem_features,document-supports-evidence-dimension,4.2664,561 keyword/evidence hits for Cryptocurrency ecosystem features,561,rule_generated,rule-generated document evidence edge,"Reproducible from keyword/evidence-count rules; use as supporting audit signal, not as a standalone literature claim."
DOC_D045,DIM_financial_crime_opportunities,document-supports-evidence-dimension,3.1601,371 keyword/evidence hits for Financial crime opportunities,371,rule_generated,rule-generated document evidence edge,"Reproducible from keyword/evidence-count rules; use as supporting audit signal, not as a standalone literature claim."
DOC_D045,DIM_modelling_analysis_intervention,document-supports-evidence-dimension,2.4381,"247 keyword/evidence hits for Modelling, analysis, and intervention",247,rule_generated,rule-generated document evidence edge,"Reproducible from keyword/evidence-count rules; use as supporting audit signal, not as a standalone literature claim."
DOC_D045,TH_PRIVACY,document-indicates-threat,11.0,10 keyword matches in title/evidence excerpts,10,rule_generated,rule-generated document threat edge,"Reproducible from keyword/evidence-count rules; use as supporting audit signal, not as a standalone literature claim."
DOC_D045,TH_WALLET,document-indicates-threat,6.0,5 keyword matches in title/evidence excerpts,5,rule_generated,rule-generated document threat edge,"Reproducible from keyword/evidence-count rules; use as supporting audit signal, not as a standalone literature claim."
DOC_D045,TH_DEFI,document-indicates-threat,4.0,3 keyword matches in title/evidence excerpts,3,rule_generated,rule-generated document threat edge,"Reproducible from keyword/evidence-count rules; use as supporting audit signal, not as a standalone literature claim."
DOC_D046,DIM_metaverse_platform_features,document-supports-evidence-dimension,1.8035,138 keyword/evidence hits for Metaverse platform features,138,rule_generated,rule-generated document evidence edge,"Reproducible from keyword/evidence-count rules; use as supporting audit signal, not as a standalone literature claim."
DOC_D046,DIM_crypto_ecosystem_features,document-supports-evidence-dimension,2.2285,211 keyword/evidence hits for Cryptocurrency ecosystem features,211,rule_generated,rule-generated document evidence edge,"Reproducible from keyword/evidence-count rules; use as supporting audit signal, not as a standalone literature claim."
DOC_D046,DIM_modelling_analysis_intervention,document-supports-evidence-dimension,1.099,"17 keyword/evidence hits for Modelling, analysis, and intervention",17,rule_generated,rule-generated document evidence edge,"Reproducible from keyword/evidence-count rules; use as supporting audit signal, not as a standalone literature claim."
DOC_D046,TH_DEFI,document-indicates-threat,17.0,16 keyword matches in title/evidence excerpts,16,rule_generated,rule-generated document threat edge,"Reproducible from keyword/evidence-count rules; use as supporting audit signal, not as a standalone literature claim."
DOC_D046,TH_NFT,document-indicates-threat,11.0,10 keyword matches in title/evidence excerpts,10,rule_generated,rule-generated document threat edge,"Reproducible from keyword/evidence-count rules; use as supporting audit signal, not as a standalone literature claim."
DOC_D046,TH_WALLET,document-indicates-threat,7.0,6 keyword matches in title/evidence excerpts,6,rule_generated,rule-generated document threat edge,"Reproducible from keyword/evidence-count rules; use as supporting audit signal, not as a standalone literature claim."
DOC_D047,DIM_metaverse_platform_features,document-supports-evidence-dimension,1.2911,50 keyword/evidence hits for Metaverse platform features,50,rule_generated,rule-generated document evidence edge,"Reproducible from keyword/evidence-count rules; use as supporting audit signal, not as a standalone literature claim."
DOC_D047,DIM_crypto_ecosystem_features,document-supports-evidence-dimension,1.6463,111 keyword/evidence hits for Cryptocurrency ecosystem features,111,rule_generated,rule-generated document evidence edge,"Reproducible from keyword/evidence-count rules; use as supporting audit signal, not as a standalone literature claim."
DOC_D047,DIM_financial_crime_opportunities,document-supports-evidence-dimension,1.0349,6 keyword/evidence hits for Financial crime opportunities,6,rule_generated,rule-generated document evidence edge,"Reproducible from keyword/evidence-count rules; use as supporting audit signal, not as a standalone literature claim."
DOC_D047,DIM_modelling_analysis_intervention,document-supports-evidence-dimension,1.1223,"21 keyword/evidence hits for Modelling, analysis, and intervention",21,rule_generated,rule-generated document evidence edge,"Reproducible from keyword/evidence-count rules; use as supporting audit signal, not as a standalone literature claim."
DOC_D047,TH_CYBER,document-indicates-threat,3.0,2 keyword matches in title/evidence excerpts,2,rule_generated,rule-generated document threat edge,"Reproducible from keyword/evidence-count rules; use as supporting audit signal, not as a standalone literature claim."
DOC_D047,TH_NFT,document-indicates-threat,3.0,2 keyword matches in title/evidence excerpts,2,rule_generated,rule-generated document threat edge,"Reproducible from keyword/evidence-count rules; use as supporting audit signal, not as a standalone literature claim."
DOC_D047,TH_SCAM,document-indicates-threat,2.0,1 keyword matches in title/evidence excerpts,1,rule_generated,rule-generated document threat edge,"Reproducible from keyword/evidence-count rules; use as supporting audit signal, not as a standalone literature claim."
DOC_D048,DIM_metaverse_platform_features,document-supports-evidence-dimension,4.5167,604 keyword/evidence hits for Metaverse platform features,604,rule_generated,rule-generated document evidence edge,"Reproducible from keyword/evidence-count rules; use as supporting audit signal, not as a standalone literature claim."
DOC_D048,DIM_crypto_ecosystem_features,document-supports-evidence-dimension,2.4498,249 keyword/evidence hits for Cryptocurrency ecosystem features,249,rule_generated,rule-generated document evidence edge,"Reproducible from keyword/evidence-count rules; use as supporting audit signal, not as a standalone literature claim."
DOC_D048,DIM_financial_crime_opportunities,document-supports-evidence-dimension,1.1106,19 keyword/evidence hits for Financial crime opportunities,19,rule_generated,rule-generated document evidence edge,"Reproducible from keyword/evidence-count rules; use as supporting audit signal, not as a standalone literature claim."
DOC_D048,DIM_modelling_analysis_intervention,document-supports-evidence-dimension,1.3901,"67 keyword/evidence hits for Modelling, analysis, and intervention",67,rule_generated,rule-generated document evidence edge,"Reproducible from keyword/evidence-count rules; use as supporting audit signal, not as a standalone literature claim."
DOC_D048,TH_DEFI,document-indicates-threat,14.0,13 keyword matches in title/evidence excerpts,13,rule_generated,rule-generated document threat edge,"Reproducible from keyword/evidence-count rules; use as supporting audit signal, not as a standalone literature claim."
DOC_D048,TH_NFT,document-indicates-threat,10.0,9 keyword matches in title/evidence excerpts,9,rule_generated,rule-generated document threat edge,"Reproducible from keyword/evidence-count rules; use as supporting audit signal, not as a standalone literature claim."
DOC_D048,TH_GOVERNANCE,document-indicates-threat,2.0,1 keyword matches in title/evidence excerpts,1,rule_generated,rule-generated document threat edge,"Reproducible from keyword/evidence-count rules; use as supporting audit signal, not as a standalone literature claim."
DOC_D049,DIM_metaverse_platform_features,document-supports-evidence-dimension,2.2868,221 keyword/evidence hits for Metaverse platform features,221,rule_generated,rule-generated document evidence edge,"Reproducible from keyword/evidence-count rules; use as supporting audit signal, not as a standalone literature claim."
DOC_D049,DIM_crypto_ecosystem_features,document-supports-evidence-dimension,1.4774,82 keyword/evidence hits for Cryptocurrency ecosystem features,82,rule_generated,rule-generated document evidence edge,"Reproducible from keyword/evidence-count rules; use as supporting audit signal, not as a standalone literature claim."
DOC_D049,DIM_financial_crime_opportunities,document-supports-evidence-dimension,1.0757,13 keyword/evidence hits for Financial crime opportunities,13,rule_generated,rule-generated document evidence edge,"Reproducible from keyword/evidence-count rules; use as supporting audit signal, not as a standalone literature claim."
DOC_D049,DIM_modelling_analysis_intervention,document-supports-evidence-dimension,1.5182,"89 keyword/evidence hits for Modelling, analysis, and intervention",89,rule_generated,rule-generated document evidence edge,"Reproducible from keyword/evidence-count rules; use as supporting audit signal, not as a standalone literature claim."
DOC_D049,TH_PAYMENT,document-indicates-threat,4.0,3 keyword matches in title/evidence excerpts,3,rule_generated,rule-generated document threat edge,"Reproducible from keyword/evidence-count rules; use as supporting audit signal, not as a standalone literature claim."
DOC_D049,TH_WALLET,document-indicates-threat,4.0,3 keyword matches in title/evidence excerpts,3,rule_generated,rule-generated document threat edge,"Reproducible from keyword/evidence-count rules; use as supporting audit signal, not as a standalone literature claim."
DOC_D049,TH_CYBER,document-indicates-threat,3.0,2 keyword matches in title/evidence excerpts,2,rule_generated,rule-generated document threat edge,"Reproducible from keyword/evidence-count rules; use as supporting audit signal, not as a standalone literature claim."
DOC_D050,DIM_metaverse_platform_features,document-supports-evidence-dimension,2.083,186 keyword/evidence hits for Metaverse platform features,186,rule_generated,rule-generated document evidence edge,"Reproducible from keyword/evidence-count rules; use as supporting audit signal, not as a standalone literature claim."
DOC_D050,DIM_crypto_ecosystem_features,document-supports-evidence-dimension,1.2911,50 keyword/evidence hits for Cryptocurrency ecosystem features,50,rule_generated,rule-generated document evidence edge,"Reproducible from keyword/evidence-count rules; use as supporting audit signal, not as a standalone literature claim."
DOC_D050,DIM_financial_crime_opportunities,document-supports-evidence-dimension,1.0466,8 keyword/evidence hits for Financial crime opportunities,8,rule_generated,rule-generated document evidence edge,"Reproducible from keyword/evidence-count rules; use as supporting audit signal, not as a standalone literature claim."
DOC_D050,DIM_modelling_analysis_intervention,document-supports-evidence-dimension,1.0466,"8 keyword/evidence hits for Modelling, analysis, and intervention",8,rule_generated,rule-generated document evidence edge,"Reproducible from keyword/evidence-count rules; use as supporting audit signal, not as a standalone literature claim."
DOC_D050,TH_NFT,document-indicates-threat,4.0,3 keyword matches in title/evidence excerpts,3,rule_generated,rule-generated document threat edge,"Reproducible from keyword/evidence-count rules; use as supporting audit signal, not as a standalone literature claim."
DOC_D050,TH_DEFI,document-indicates-threat,3.0,2 keyword matches in title/evidence excerpts,2,rule_generated,rule-generated document threat edge,"Reproducible from keyword/evidence-count rules; use as supporting audit signal, not as a standalone literature claim."
DOC_D050,TH_SCAM,document-indicates-threat,3.0,2 keyword matches in title/evidence excerpts,2,rule_generated,rule-generated document threat edge,"Reproducible from keyword/evidence-count rules; use as supporting audit signal, not as a standalone literature claim."
DOC_D051,DIM_metaverse_platform_features,document-supports-evidence-dimension,1.2562,44 keyword/evidence hits for Metaverse platform features,44,rule_generated,rule-generated document evidence edge,"Reproducible from keyword/evidence-count rules; use as supporting audit signal, not as a standalone literature claim."
DOC_D051,DIM_crypto_ecosystem_features,document-supports-evidence-dimension,2.5022,258 keyword/evidence hits for Cryptocurrency ecosystem features,258,rule_generated,rule-generated document evidence edge,"Reproducible from keyword/evidence-count rules; use as supporting audit signal, not as a standalone literature claim."
DOC_D051,DIM_financial_crime_opportunities,document-supports-evidence-dimension,1.0582,10 keyword/evidence hits for Financial crime opportunities,10,rule_generated,rule-generated document evidence edge,"Reproducible from keyword/evidence-count rules; use as supporting audit signal, not as a standalone literature claim."
DOC_D051,DIM_modelling_analysis_intervention,document-supports-evidence-dimension,1.5007,"86 keyword/evidence hits for Modelling, analysis, and intervention",86,rule_generated,rule-generated document evidence edge,"Reproducible from keyword/evidence-count rules; use as supporting audit signal, not as a standalone literature claim."
DOC_D051,TH_SCAM,document-indicates-threat,7.0,6 keyword matches in title/evidence excerpts,6,rule_generated,rule-generated document threat edge,"Reproducible from keyword/evidence-count rules; use as supporting audit signal, not as a standalone literature claim."
DOC_D051,TH_DEFI,document-indicates-threat,6.0,5 keyword matches in title/evidence excerpts,5,rule_generated,rule-generated document threat edge,"Reproducible from keyword/evidence-count rules; use as supporting audit signal, not as a standalone literature claim."
DOC_D051,TH_CYBER,document-indicates-threat,3.0,2 keyword matches in title/evidence excerpts,2,rule_generated,rule-generated document threat edge,"Reproducible from keyword/evidence-count rules; use as supporting audit signal, not as a standalone literature claim."
DOC_D052,DIM_metaverse_platform_features,document-supports-evidence-dimension,3.0029,344 keyword/evidence hits for Metaverse platform features,344,rule_generated,rule-generated document evidence edge,"Reproducible from keyword/evidence-count rules; use as supporting audit signal, not as a standalone literature claim."
DOC_D052,DIM_crypto_ecosystem_features,document-supports-evidence-dimension,1.6114,105 keyword/evidence hits for Cryptocurrency ecosystem features,105,rule_generated,rule-generated document evidence edge,"Reproducible from keyword/evidence-count rules; use as supporting audit signal, not as a standalone literature claim."
DOC_D052,DIM_financial_crime_opportunities,document-supports-evidence-dimension,1.0175,3 keyword/evidence hits for Financial crime opportunities,3,rule_generated,rule-generated document evidence edge,"Reproducible from keyword/evidence-count rules; use as supporting audit signal, not as a standalone literature claim."
DOC_D052,DIM_modelling_analysis_intervention,document-supports-evidence-dimension,1.3785,"65 keyword/evidence hits for Modelling, analysis, and intervention",65,rule_generated,rule-generated document evidence edge,"Reproducible from keyword/evidence-count rules; use as supporting audit signal, not as a standalone literature claim."
DOC_D052,TH_DEFI,document-indicates-threat,3.0,2 keyword matches in title/evidence excerpts,2,rule_generated,rule-generated document threat edge,"Reproducible from keyword/evidence-count rules; use as supporting audit signal, not as a standalone literature claim."
DOC_D052,TH_NFT,document-indicates-threat,3.0,2 keyword matches in title/evidence excerpts,2,rule_generated,rule-generated document threat edge,"Reproducible from keyword/evidence-count rules; use as supporting audit signal, not as a standalone literature claim."
DOC_D052,TH_CYBER,document-indicates-threat,2.0,1 keyword matches in title/evidence excerpts,1,rule_generated,rule-generated document threat edge,"Reproducible from keyword/evidence-count rules; use as supporting audit signal, not as a standalone literature claim."
DOC_D053,DIM_metaverse_platform_features,document-supports-evidence-dimension,2.5488,266 keyword/evidence hits for Metaverse platform features,266,rule_generated,rule-generated document evidence edge,"Reproducible from keyword/evidence-count rules; use as supporting audit signal, not as a standalone literature claim."
DOC_D053,DIM_crypto_ecosystem_features,document-supports-evidence-dimension,1.6346,109 keyword/evidence hits for Cryptocurrency ecosystem features,109,rule_generated,rule-generated document evidence edge,"Reproducible from keyword/evidence-count rules; use as supporting audit signal, not as a standalone literature claim."
DOC_D053,DIM_financial_crime_opportunities,document-supports-evidence-dimension,1.0116,2 keyword/evidence hits for Financial crime opportunities,2,rule_generated,rule-generated document evidence edge,"Reproducible from keyword/evidence-count rules; use as supporting audit signal, not as a standalone literature claim."
DOC_D053,DIM_modelling_analysis_intervention,document-supports-evidence-dimension,1.0757,"13 keyword/evidence hits for Modelling, analysis, and intervention",13,rule_generated,rule-generated document evidence edge,"Reproducible from keyword/evidence-count rules; use as supporting audit signal, not as a standalone literature claim."
DOC_D053,TH_WALLET,document-indicates-threat,11.0,10 keyword matches in title/evidence excerpts,10,rule_generated,rule-generated document threat edge,"Reproducible from keyword/evidence-count rules; use as supporting audit signal, not as a standalone literature claim."
DOC_D053,TH_NFT,document-indicates-threat,9.0,8 keyword matches in title/evidence excerpts,8,rule_generated,rule-generated document threat edge,"Reproducible from keyword/evidence-count rules; use as supporting audit signal, not as a standalone literature claim."
DOC_D053,TH_DEFI,document-indicates-threat,8.0,7 keyword matches in title/evidence excerpts,7,rule_generated,rule-generated document threat edge,"Reproducible from keyword/evidence-count rules; use as supporting audit signal, not as a standalone literature claim."
DOC_D054,DIM_metaverse_platform_features,document-supports-evidence-dimension,1.6754,116 keyword/evidence hits for Metaverse platform features,116,rule_generated,rule-generated document evidence edge,"Reproducible from keyword/evidence-count rules; use as supporting audit signal, not as a standalone literature claim."
DOC_D054,DIM_crypto_ecosystem_features,document-supports-evidence-dimension,4.4643,595 keyword/evidence hits for Cryptocurrency ecosystem features,595,rule_generated,rule-generated document evidence edge,"Reproducible from keyword/evidence-count rules; use as supporting audit signal, not as a standalone literature claim."
DOC_D054,DIM_financial_crime_opportunities,document-supports-evidence-dimension,1.0932,16 keyword/evidence hits for Financial crime opportunities,16,rule_generated,rule-generated document evidence edge,"Reproducible from keyword/evidence-count rules; use as supporting audit signal, not as a standalone literature claim."
DOC_D054,DIM_modelling_analysis_intervention,document-supports-evidence-dimension,1.7453,"128 keyword/evidence hits for Modelling, analysis, and intervention",128,rule_generated,rule-generated document evidence edge,"Reproducible from keyword/evidence-count rules; use as supporting audit signal, not as a standalone literature claim."
DOC_D054,TH_WALLET,document-indicates-threat,18.0,17 keyword matches in title/evidence excerpts,17,rule_generated,rule-generated document threat edge,"Reproducible from keyword/evidence-count rules; use as supporting audit signal, not as a standalone literature claim."
DOC_D054,TH_DEFI,document-indicates-threat,4.0,3 keyword matches in title/evidence excerpts,3,rule_generated,rule-generated document threat edge,"Reproducible from keyword/evidence-count rules; use as supporting audit signal, not as a standalone literature claim."
DOC_D054,TH_GOVERNANCE,document-indicates-threat,4.0,3 keyword matches in title/evidence excerpts,3,rule_generated,rule-generated document threat edge,"Reproducible from keyword/evidence-count rules; use as supporting audit signal, not as a standalone literature claim."
DOC_D055,DIM_metaverse_platform_features,document-supports-evidence-dimension,1.8908,153 keyword/evidence hits for Metaverse platform features,153,rule_generated,rule-generated document evidence edge,"Reproducible from keyword/evidence-count rules; use as supporting audit signal, not as a standalone literature claim."
DOC_D055,DIM_crypto_ecosystem_features,document-supports-evidence-dimension,1.2562,44 keyword/evidence hits for Cryptocurrency ecosystem features,44,rule_generated,rule-generated document evidence edge,"Reproducible from keyword/evidence-count rules; use as supporting audit signal, not as a standalone literature claim."
DOC_D055,DIM_financial_crime_opportunities,document-supports-evidence-dimension,1.1048,18 keyword/evidence hits for Financial crime opportunities,18,rule_generated,rule-generated document evidence edge,"Reproducible from keyword/evidence-count rules; use as supporting audit signal, not as a standalone literature claim."
DOC_D055,DIM_modelling_analysis_intervention,document-supports-evidence-dimension,1.1747,"30 keyword/evidence hits for Modelling, analysis, and intervention",30,rule_generated,rule-generated document evidence edge,"Reproducible from keyword/evidence-count rules; use as supporting audit signal, not as a standalone literature claim."
DOC_D055,TH_SCAM,document-indicates-threat,3.0,2 keyword matches in title/evidence excerpts,2,rule_generated,rule-generated document threat edge,"Reproducible from keyword/evidence-count rules; use as supporting audit signal, not as a standalone literature claim."
DOC_D055,TH_WALLET,document-indicates-threat,3.0,2 keyword matches in title/evidence excerpts,2,rule_generated,rule-generated document threat edge,"Reproducible from keyword/evidence-count rules; use as supporting audit signal, not as a standalone literature claim."
DOC_D055,TH_DEFI,document-indicates-threat,2.0,1 keyword matches in title/evidence excerpts,1,rule_generated,rule-generated document threat edge,"Reproducible from keyword/evidence-count rules; use as supporting audit signal, not as a standalone literature claim."
DOC_D056,DIM_metaverse_platform_features,document-supports-evidence-dimension,2.4323,246 keyword/evidence hits for Metaverse platform features,246,rule_generated,rule-generated document evidence edge,"Reproducible from keyword/evidence-count rules; use as supporting audit signal, not as a standalone literature claim."
DOC_D056,DIM_crypto_ecosystem_features,document-supports-evidence-dimension,1.1863,32 keyword/evidence hits for Cryptocurrency ecosystem features,32,rule_generated,rule-generated document evidence edge,"Reproducible from keyword/evidence-count rules; use as supporting audit signal, not as a standalone literature claim."
DOC_D056,DIM_modelling_analysis_intervention,document-supports-evidence-dimension,1.2504,"43 keyword/evidence hits for Modelling, analysis, and intervention",43,rule_generated,rule-generated document evidence edge,"Reproducible from keyword/evidence-count rules; use as supporting audit signal, not as a standalone literature claim."
DOC_D056,TH_NFT,document-indicates-threat,5.0,4 keyword matches in title/evidence excerpts,4,rule_generated,rule-generated document threat edge,"Reproducible from keyword/evidence-count rules; use as supporting audit signal, not as a standalone literature claim."
DOC_D056,TH_DEFI,document-indicates-threat,3.0,2 keyword matches in title/evidence excerpts,2,rule_generated,rule-generated document threat edge,"Reproducible from keyword/evidence-count rules; use as supporting audit signal, not as a standalone literature claim."
DOC_D056,TH_CYBER,document-indicates-threat,2.0,1 keyword matches in title/evidence excerpts,1,rule_generated,rule-generated document threat edge,"Reproducible from keyword/evidence-count rules; use as supporting audit signal, not as a standalone literature claim."
DOC_D057,DIM_metaverse_platform_features,document-supports-evidence-dimension,2.1587,199 keyword/evidence hits for Metaverse platform features,199,rule_generated,rule-generated document evidence edge,"Reproducible from keyword/evidence-count rules; use as supporting audit signal, not as a standalone literature claim."
DOC_D057,DIM_crypto_ecosystem_features,document-supports-evidence-dimension,2.409,242 keyword/evidence hits for Cryptocurrency ecosystem features,242,rule_generated,rule-generated document evidence edge,"Reproducible from keyword/evidence-count rules; use as supporting audit signal, not as a standalone literature claim."
DOC_D057,DIM_financial_crime_opportunities,document-supports-evidence-dimension,1.0233,4 keyword/evidence hits for Financial crime opportunities,4,rule_generated,rule-generated document evidence edge,"Reproducible from keyword/evidence-count rules; use as supporting audit signal, not as a standalone literature claim."
DOC_D057,DIM_modelling_analysis_intervention,document-supports-evidence-dimension,1.9432,"162 keyword/evidence hits for Modelling, analysis, and intervention",162,rule_generated,rule-generated document evidence edge,"Reproducible from keyword/evidence-count rules; use as supporting audit signal, not as a standalone literature claim."
DOC_D057,TH_PAYMENT,document-indicates-threat,6.0,5 keyword matches in title/evidence excerpts,5,rule_generated,rule-generated document threat edge,"Reproducible from keyword/evidence-count rules; use as supporting audit signal, not as a standalone literature claim."
DOC_D057,TH_CYBER,document-indicates-threat,4.0,3 keyword matches in title/evidence excerpts,3,rule_generated,rule-generated document threat edge,"Reproducible from keyword/evidence-count rules; use as supporting audit signal, not as a standalone literature claim."
DOC_D057,TH_DEFI,document-indicates-threat,4.0,3 keyword matches in title/evidence excerpts,3,rule_generated,rule-generated document threat edge,"Reproducible from keyword/evidence-count rules; use as supporting audit signal, not as a standalone literature claim."
DOC_D058,DIM_metaverse_platform_features,document-supports-evidence-dimension,3.9403,505 keyword/evidence hits for Metaverse platform features,505,rule_generated,rule-generated document evidence edge,"Reproducible from keyword/evidence-count rules; use as supporting audit signal, not as a standalone literature claim."
DOC_D058,DIM_crypto_ecosystem_features,document-supports-evidence-dimension,1.5415,93 keyword/evidence hits for Cryptocurrency ecosystem features,93,rule_generated,rule-generated document evidence edge,"Reproducible from keyword/evidence-count rules; use as supporting audit signal, not as a standalone literature claim."
DOC_D058,DIM_modelling_analysis_intervention,document-supports-evidence-dimension,2.3683,"235 keyword/evidence hits for Modelling, analysis, and intervention",235,rule_generated,rule-generated document evidence edge,"Reproducible from keyword/evidence-count rules; use as supporting audit signal, not as a standalone literature claim."
DOC_D058,TH_PAYMENT,document-indicates-threat,7.0,6 keyword matches in title/evidence excerpts,6,rule_generated,rule-generated document threat edge,"Reproducible from keyword/evidence-count rules; use as supporting audit signal, not as a standalone literature claim."
DOC_D058,TH_CYBER,document-indicates-threat,3.0,2 keyword matches in title/evidence excerpts,2,rule_generated,rule-generated document threat edge,"Reproducible from keyword/evidence-count rules; use as supporting audit signal, not as a standalone literature claim."
DOC_D058,TH_DEFI,document-indicates-threat,2.0,1 keyword matches in title/evidence excerpts,1,rule_generated,rule-generated document threat edge,"Reproducible from keyword/evidence-count rules; use as supporting audit signal, not as a standalone literature claim."
DOC_D059,DIM_metaverse_platform_features,document-supports-evidence-dimension,6.8457,1004 keyword/evidence hits for Metaverse platform features,1004,rule_generated,rule-generated document evidence edge,"Reproducible from keyword/evidence-count rules; use as supporting audit signal, not as a standalone literature claim."
DOC_D059,DIM_crypto_ecosystem_features,document-supports-evidence-dimension,2.6769,288 keyword/evidence hits for Cryptocurrency ecosystem features,288,rule_generated,rule-generated document evidence edge,"Reproducible from keyword/evidence-count rules; use as supporting audit signal, not as a standalone literature claim."
DOC_D059,DIM_financial_crime_opportunities,document-supports-evidence-dimension,1.4425,76 keyword/evidence hits for Financial crime opportunities,76,rule_generated,rule-generated document evidence edge,"Reproducible from keyword/evidence-count rules; use as supporting audit signal, not as a standalone literature claim."
DOC_D059,DIM_modelling_analysis_intervention,document-supports-evidence-dimension,2.147,"197 keyword/evidence hits for Modelling, analysis, and intervention",197,rule_generated,rule-generated document evidence edge,"Reproducible from keyword/evidence-count rules; use as supporting audit signal, not as a standalone literature claim."
DOC_D059,TH_CYBER,document-indicates-threat,3.0,2 keyword matches in title/evidence excerpts,2,rule_generated,rule-generated document threat edge,"Reproducible from keyword/evidence-count rules; use as supporting audit signal, not as a standalone literature claim."
DOC_D059,TH_PRIVACY,document-indicates-threat,3.0,2 keyword matches in title/evidence excerpts,2,rule_generated,rule-generated document threat edge,"Reproducible from keyword/evidence-count rules; use as supporting audit signal, not as a standalone literature claim."
DOC_D059,TH_WALLET,document-indicates-threat,3.0,2 keyword matches in title/evidence excerpts,2,rule_generated,rule-generated document threat edge,"Reproducible from keyword/evidence-count rules; use as supporting audit signal, not as a standalone literature claim."
DOC_D059,TH_CYBER,high-evidence-anchor,4.0,High evidence score: 1565,,rule_generated,rule/scoring-generated high-evidence flag,"Reproducible from keyword/evidence-count rules; use as supporting audit signal, not as a standalone literature claim."
